1926	10	12	CL	BO	7	1	SA		25	1426	1275	0	−	46	58
1926	10	16	AR	BO	5	0	SA	CL	2	1999	1273	0	0	3	58
1926	10	23	PY	BO	6	1	SA	CL	7	1731	1266	+1	0	17	58
1926	10	28	UY	BO	6	0	SA	CL	1	2016	1265	0	0	1	58
1927	10	30	AR	BO	7	1	SA	PE	2	1962	1263	0	0	4	58
1927	11	06	UY	BO	9	0	SA	PE	1	2041	1262	0	0	1	59
1927	11	13	PE	BO	3	2	SA		4	1592	1258	0	0	30	59
1930	07	17	YU	BO	4	0	WC	UY	11	1653	1247	+1	0	25	62
1930	07	20	BR	BO	4	0	WC	UY	3	1874	1244	0	0	9	62
1938	08	08	BO	EC	1	1	BG	CO	3	1247	1297	0	−	84	76
1938	08	11	BO	VE	3	1	BG	CO	34	1281	1265	+4	−7	80	83
1938	08	14	PE	BO	3	0	BG	CO	8	1635	1273	0	−1	35	81
1938	08	16	CO	BO	1	2	BG		-31	1345	1304	−3	+6	66	75
1938	08	22	BO	EC	2	1	BG	CO	22	1326	1318	+6	−2	69	71
1945	01	18	AR	BO	4	0	SA	CL	1	2089	1325	0	0	1	77
1945	01	24	CL	BO	5	0	SA		11	1608	1314	+1	0	42	77
1945	01	28	BR	BO	2	0	SA	CL	2	1915	1312	0	−1	8	78
1945	02	11	BO	EC	0	0	SA	CL	-5	1307	1240	0	0	78	90
1945	02	15	UY	BO	2	0	SA	CL	2	1902	1305	0	−1	9	79
1945	02	21	BO	CO	3	3	SA	CL	4	1309	1354	+1	−2	78	70
1946	01	16	BR	BO	3	0	SA	AR	2	1978	1307	0	−1	4	76
1946	01	19	AR	BO	7	1	SA		1	2042	1306	0	0	2	76
1946	01	26	PY	BO	4	2	SA	AR	6	1731	1300	0	−4	16	80
1946	01	29	UY	BO	5	0	SA	AR	4	1869	1296	0	0	11	80
1946	02	08	CL	BO	4	1	SA	AR	10	1671	1286	+2	−4	25	84
1947	11	30	EC	BO	2	2	SA		-2	1208	1288	0	+1	94	86
1947	12	04	AR	BO	7	0	SA	EC	1	2096	1287	0	0	1	86
1947	12	09	UY	BO	3	0	SA	EC	3	1864	1284	+2	−1	9	88
1947	12	13	BO	CO	0	0	SA	EC	12	1296	1461	+3	0	85	59
1947	12	18	PY	BO	3	1	SA	EC	4	1810	1292	0	−1	15	86
1947	12	27	PE	BO	2	0	SA	EC	9	1646	1283	+2	−2	33	88
1947	12	30	CL	BO	4	3	SA	EC	4	1703	1279	+1	−2	23	90
1948	01	05	BO	VE	2	2	BG	PE	0	1279	1281	0	0	91	89
1949	04	06	BO	CL	3	2	SA	BR	46	1325	1657	+14	−7	79	31
1949	04	10	BR	BO	10	1	SA		2	1952	1323	0	−2	5	81
1949	04	17	BO	UY	3	2	SA	BR	48	1371	1822	+6	−4	75	13
1949	04	25	BO	EC	2	0	SA	BR	21	1392	1183	+4	−2	71	100
1949	04	27	PE	BO	3	0	SA	BR	17	1660	1375	+2	−4	29	75
1949	04	30	PY	BO	7	0	SA	BR	7	1865	1368	0	0	10	75
1949	05	06	BO	CO	4	0	SA	BR	44	1412	1305	+7	−7	68	85
1950	02	26	BO	CL	2	0	WQ		41	1453	1598	+4	−3	65	36
1950	03	12	CL	BO	5	0	F		8	1606	1445	+1	0	36	65
1950	07	02	UY	BO	8	0	WC	BR	22	1759	1423	+4	−3	14	68
1953	02	22	PE	BO	0	1	SA		-46	1716	1469	−3	+8	20	65
1953	02	25	UY	BO	2	0	SA	PE	7	1863	1462	−1	0	12	65
1953	03	01	BR	BO	8	1	SA	PE	4	2061	1458	0	0	3	65
1953	03	08	BO	EC	1	1	SA	PE	-12	1446	1287	−4	+2	69	97
1953	03	16	PY	BO	2	1	SA	PE	4	1856	1442	0	−2	11	72
1953	03	28	BO	CL	2	2	SA	PE	18	1460	1733	+6	+1	66	17
1957	06	06	PY	BO	5	2	CPC		6	1732	1454	0	−1	19	75
1957	06	13	PY	BO	0	1	CPC		-27	1705	1481	−5	+5	24	70
1957	08	18	BO	PY	3	3	CPC		7	1488	1757	+3	0	67	18
1957	08	21	BO	PY	2	1	CPC		22	1510	1735	+6	−2	61	20
1957	09	22	CL	BO	2	1	WQ		6	1734	1504	0	−2	21	64
1957	09	29	BO	CL	3	0	WQ		48	1552	1686	+8	−7	56	28
1957	10	06	BO	AR	2	0	WQ		56	1608	2041	+11	−1	45	2
1957	10	27	AR	BO	4	0	WQ		3	2060	1605	0	−1	2	47
1959	03	08	UY	BO	7	0	SA	AR	16	1928	1589	+1	−5	6	49
1959	03	11	AR	BO	2	0	SA		5	1939	1584	0	−1	4	50
1959	03	15	PY	BO	5	0	SA	AR	24	1807	1560	+1	−4	16	54
1959	03	21	BR	BO	4	2	SA	AR	3	2130	1557	0	−1	1	55
1959	03	26	CL	BO	5	2	SA	AR	33	1679	1524	+5	−5	34	60
1959	03	29	BO	PE	0	0	SA	AR	16	1540	1779	+2	−1	58	16
1961	07	15	BO	UY	1	1	WQ		14	1554	1926	+2	−1	54	9
1961	07	30	UY	BO	2	1	WQ		2	1928	1552	0	0	9	54
1962	08	10	BO	PY	3	1	CPC		23	1575	1632	+3	−3	50	40
1962	08	12	BO	PY	3	2	CPC		13	1588	1619	+4	−1	46	41
1963	02	17	PY	BO	3	0	CPC		17	1636	1571	+1	−5	41	53
1963	02	19	PY	BO	5	1	CPC		16	1652	1555	+3	−2	38	55
1963	03	10	BO	EC	4	4	SA		-19	1536	1340	−5	+2	60	104
1963	03	17	BO	CO	2	1	SA		13	1549	1440	+1	−5	59	84
1963	03	21	BO	PE	3	2	SA		31	1580	1698	+11	−4	48	28
1963	03	24	BO	PY	2	0	SA		45	1625	1704	+5	−5	43	27
1963	03	28	BO	AR	3	2	SA		41	1666	1950	+9	−2	34	5
1963	03	31	BO	BR	5	4	SA		41	1707	1988	+8	−1	26	2
1965	07	25	PY	BO	2	0	WQ		15	1810	1692	+2	−3	17	32
1965	08	17	AR	BO	4	1	WQ		7	1990	1685	0	−1	2	33
1965	08	22	BO	PY	2	1	WQ		21	1706	1782	+5	−3	28	19
1965	08	29	BO	AR	1	2	WQ		-10	1696	2000	−3	+1	31	1
1967	01	17	UY	BO	4	0	SA		18	1861	1678	+2	−4	11	34
1967	01	22	AR	BO	1	0	SA	UY	7	2009	1671	0	−2	3	36
1967	01	25	PY	BO	1	0	SA	UY	23	1718	1648	+2	−2	28	38
1967	01	28	VE	BO	3	0	SA	UY	75	1414	1573	+10	−11	94	49
1967	02	01	BO	CL	0	0	SA	UY	13	1586	1751	+2	−2	47	23
1969	07	27	BO	AR	3	1	WQ		46	1632	1847	+5	−3	45	12
1969	08	10	BO	PE	2	1	WQ		18	1650	1675	+4	−4	41	35
1969	08	17	PE	BO	3	0	WQ		23	1698	1627	+5	−5	30	46
1969	08	24	AR	BO	1	0	WQ		6	1829	1621	+2	0	13	46
1971	08	15	BO	CL	3	4	F		-10	1611	1735	−2	+3	45	26
1972	06	11	PE	BO	3	0	BRI	BR	27	1724	1584	+5	−4	29	53
1972	06	18	BO	YU	1	1	BRI	BR	13	1597	1841	+2	−1	51	13
1972	06	21	BO	VE	2	2	BRI	BR	-12	1585	1369	−2	+2	53	102
1972	06	25	PY	BO	6	1	BRI	BR	21	1785	1564	+2	−1	22	54
1973	03	24	PE	BO	2	0	SCR		9	1707	1555	+2	−1	29	57
1973	03	31	BO	PY	1	1	F		3	1558	1773	+1	0	56	24
1973	04	29	BO	EC	3	3	F		-5	1553	1449	−2	+3	58	72
1973	05	06	EC	BO	0	0	F		0	1449	1553	+1	0	71	58
1973	05	27	BR	BO	5	0	F		1	2143	1552	0	+1	1	57
1973	07	15	BO	PE	2	0	SCR		27	1579	1692	+3	−4	54	32
1973	07	24	CL	BO	3	0	PVC		10	1746	1569	0	−1	27	55
1973	09	02	BO	PY	1	2	WQ		-14	1555	1783	−3	+1	58	22
1973	09	09	AR	BO	4	0	WQ		7	1868	1548	+1	0	13	58
1973	09	23	BO	AR	0	1	WQ		-9	1539	1878	−1	+2	59	11
1973	09	30	PY	BO	4	0	WQ		9	1791	1530	+1	−2	22	62
1975	06	27	BO	AR	1	2	SVC		-6	1524	1865	−3	0	62	13
1975	07	07	BO	PY	1	2	F		-6	1518	1770	−2	+1	64	22
1975	07	09	BO	EC	1	0	F		6	1524	1470	+2	−4	62	76
1975	07	20	BO	CL	2	1	CA		31	1555	1681	+9	−4	53	33
1975	07	27	BO	PE	0	1	CA		-24	1531	1686	−6	+7	59	31
1975	08	07	PE	BO	3	1	CA		14	1700	1517	+1	−6	29	65
1975	08	13	CL	BO	4	0	CA		17	1698	1500	+2	−4	31	66
1977	02	06	BO	PY	0	1	CPC		-12	1488	1689	−3	+3	69	33
1977	02	09	BO	PY	2	2	CPC		4	1492	1685	0	−2	69	35
1977	02	27	BO	UY	1	0	WQ		25	1517	1662	+8	−2	61	36
1977	03	06	VE	BO	1	3	WQ		-26	1350	1543	−6	+3	103	58
1977	03	13	BO	VE	2	0	WQ		9	1552	1341	+2	−2	56	105
1977	03	27	UY	BO	2	2	WQ		-11	1656	1563	−2	+1	38	55
1977	06	12	BO	PL	1	2	F		-3	1560	1943	−2	0	55	7
1977	07	14	BR	BO	8	0	WQ	CO	5	2072	1555	+1	−2	2	56
1977	07	17	PE	BO	5	0	WQ	CO	20	1771	1535	+2	−5	22	60
1977	10	29	HU	BO	6	0	WQ		5	1907	1530	+2	−1	10	62
1977	11	30	BO	HU	2	3	WQ		-7	1523	1916	−2	+1	64	9
1979	07	10	BO	PY	3	1	CPC		29	1552	1693	+5	−5	59	31
1979	07	12	BO	PY	1	1	F		1	1553	1692	0	0	59	31
1979	07	18	BO	AR	2	1	CA		45	1598	2004	+8	−3	51	5
1979	07	26	BO	BR	2	1	CA		46	1644	2100	+10	0	40	1
1979	08	01	PY	BO	2	0	CPC		13	1705	1631	0	−4	31	44
1979	08	08	AR	BO	3	0	CA		6	1998	1625	0	+1	5	43
1979	08	16	BR	BO	2	0	CA		2	2114	1623	0	0	1	43
1980	07	02	BO	PL	0	1	F		-5	1618	1932	−2	+2	48	8
1980	08	26	BO	PY	1	1	CPC		3	1621	1779	+1	−1	47	21
1980	08	28	BO	PY	1	3	F		-13	1608	1792	−4	+2	50	20
1980	09	18	PY	BO	2	1	CPC		5	1797	1603	0	+1	21	49
1980	11	09	BO	UY	1	3	F		-18	1585	1660	−4	+3	49	38
1980	11	30	BO	FI	3	0	F		7	1592	1426	+1	−3	47	86
1980	12	04	BO	FI	2	2	F		-6	1586	1432	−1	+3	48	83
1980	12	11	UY	BO	5	0	F		10	1680	1576	+2	−4	32	52
1981	01	25	BO	CS	2	1	F		16	1592	1888	+5	0	47	13
1981	01	29	BO	CS	2	5	F		-9	1583	1897	−1	0	48	13
1981	02	01	BO	BG	1	3	F		-15	1568	1705	−6	0	54	31
1981	02	15	BO	VE	3	0	WQ		9	1577	1335	+3	−1	51	103
1981	02	22	BO	BR	1	2	WQ		-4	1573	2052	−3	0	54	2
1981	03	15	VE	BO	1	0	WQ		28	1363	1545	+4	−4	99	58
1981	03	22	BR	BO	3	1	WQ		2	2055	1543	0	−1	2	59
1983	07	19	BO	CL	1	2	F		-8	1535	1711	−2	0	63	32
1983	08	03	BO	PY	2	1	F		12	1547	1706	+3	−2	61	33
1983	08	05	BO	PY	1	3	F		-12	1535	1718	−3	+3	64	30
1983	08	14	BO	CO	0	1	CA		-29	1506	1611	−4	+6	68	44
1983	08	21	BO	PE	1	1	CA		8	1514	1714	+2	−2	66	32
1983	08	24	CL	BO	4	2	F		4	1757	1510	+1	0	25	66
1983	08	31	CO	BO	2	2	CA		-12	1588	1522	0	0	45	66
1983	09	04	PE	BO	2	1	CA		8	1721	1514	+4	0	30	66
1985	02	03	BO	DD	2	1	F		16	1530	1826	+2	−3	63	19
1985	02	06	BO	UY	0	1	F		-3	1527	1914	0	0	63	6
1985	02	17	PE	BO	3	0	F		8	1649	1519	0	−1	38	65
1985	02	21	EC	BO	3	0	F		11	1557	1508	0	−2	60	68
1985	02	24	VE	BO	5	0	F		21	1403	1487	+1	−8	91	76
1985	04	21	BO	VE	4	1	F		9	1496	1394	+6	0	69	90
1985	05	01	BO	PE	0	0	F		3	1499	1705	0	0	69	32
1985	05	26	BO	PY	1	1	WQ		7	1506	1723	+2	0	68	30
1985	06	02	BO	BR	0	2	WQ		-9	1497	1927	−1	0	69	5
1985	06	09	PY	BO	3	0	WQ		9	1732	1488	0	−4	31	74
1985	06	30	BR	BO	1	1	WQ		-18	1922	1506	0	+5	5	70
1987	06	14	BO	PY	0	2	F		-7	1499	1807	−1	0	71	19
1987	06	23	UY	BO	2	1	F		2	1782	1497	0	−2	23	73
1987	06	28	BO	PY	0	0	CA	AR	18	1515	1803	+4	−2	69	19
1987	07	01	CO	BO	2	0	CA	AR	24	1671	1491	+2	−6	38	75
1989	05	25	BO	PY	3	2	F		15	1506	1789	+2	0	67	22
1989	06	01	PY	BO	2	0	F		3	1792	1503	0	0	22	66
1989	06	08	BO	UY	0	0	F		6	1509	1851	0	0	66	15
1989	06	14	UY	BO	1	0	F		1	1852	1508	0	0	15	66
1989	06	22	BO	CL	0	1	F		-6	1502	1774	−1	+1	66	24
1989	06	27	CL	BO	2	1	F		2	1776	1500	0	−1	24	67
1989	07	04	UY	BO	3	0	CA	BR	13	1819	1487	+2	−1	19	67
1989	07	06	BO	EC	0	0	CA	BR	10	1497	1621	0	0	67	44
1989	07	08	CL	BO	5	0	CA	BR	22	1741	1475	+2	−8	27	75
1989	07	10	AR	BO	0	0	CA	BR	-20	1850	1495	−1	+8	15	67
1989	08	20	BO	PE	2	1	WQ		20	1515	1578	+1	−5	65	54
1989	09	03	BO	UY	2	1	WQ		34	1549	1867	+2	−3	63	14
1989	09	10	PE	BO	1	2	WQ		-26	1538	1575	−6	+8	63	54
1989	09	17	UY	BO	2	0	WQ		6	1873	1569	+2	−1	14	55
1991	06	14	BO	PY	0	1	CPC		-12	1557	1763	−1	+4	55	25
1991	06	16	PY	BO	0	0	CPC		-11	1752	1568	−4	+1	29	54
1991	07	07	BO	UY	1	1	CA	CL	16	1584	1823	+1	−3	54	18
1991	07	09	BR	BO	2	1	CA	CL	5	1957	1579	0	−1	4	55
1991	07	11	BO	CO	0	0	CA	CL	13	1592	1773	+2	−3	53	25
1991	07	13	EC	BO	4	0	CA	CL	40	1682	1552	+7	−5	36	58
1993	01	29	BO	HN	3	1	F		17	1569	1682	+2	−1	61	33
1993	03	03	PY	BO	1	0	CPC		6	1723	1563	0	−1	30	62
1993	03	12	SV	BO	2	2	F		-1	1495	1564	0	+1	79	60
1993	03	14	HN	BO	0	0	F		-6	1708	1570	0	0	32	60
1993	03	16	HN	BO	0	0	F		-6	1702	1576	0	0	32	60
1993	03	31	CL	BO	2	1	F		3	1773	1573	0	0	26	60
1993	05	23	US	BO	0	0	F		-5	1641	1578	−3	+1	42	62
1993	05	27	BO	PY	2	1	CPC		17	1595	1706	+6	−2	56	31
1993	06	06	PE	BO	1	0	F		9	1545	1586	−1	−4	68	60
1993	06	13	BO	CL	1	3	F		-11	1575	1784	−1	+2	61	24
1993	06	17	AR	BO	1	0	CA	EC	4	2014	1571	0	0	1	63
1993	06	20	BO	CO	1	1	CA	EC	15	1586	1799	+2	−2	61	24
1993	06	23	BO	MX	0	0	CA	EC	16	1602	1822	+7	−3	54	19
1993	07	18	VE	BO	1	7	WQ		-28	1348	1630	−6	+10	115	44
1993	07	25	BO	BR	2	0	WQ		47	1677	1905	+12	−4	32	9
1993	08	08	BO	UY	3	1	WQ		33	1710	1781	+1	−2	32	24
1993	08	15	BO	EC	1	0	WQ		14	1724	1697	+2	−2	30	32
1993	08	22	BO	VE	7	0	WQ		5	1729	1329	0	−2	30	119
1993	08	29	BR	BO	6	0	WQ		14	1929	1715	0	0	8	30
1993	09	12	UY	BO	2	1	WQ		10	1815	1705	0	−1	22	31
1993	09	19	EC	BO	1	1	WQ		-2	1634	1707	−2	0	46	31
1994	02	18	US	BO	1	1	JRC		-1	1632	1708	0	0	49	30
1994	02	20	CO	BO	2	0	JRC	US	10	1945	1698	0	−1	5	31
1994	03	26	US	BO	2	2	F		-1	1624	1699	0	−1	50	32
1994	04	07	CO	BO	0	1	F		-18	1921	1717	−2	+2	7	31
1994	04	20	RO	BO	3	0	F		8	1835	1709	0	−1	21	32
1994	05	04	BO	SA	1	0	F	FR	8	1717	1627	+1	−4	31	49
1994	05	11	BO	CM	1	1	FT	GR	-1	1716	1684	−1	0	31	35
1994	05	13	GR	BO	0	0	FT		-4	1700	1720	0	+2	32	29
1994	05	19	IS	BO	1	0	F		11	1588	1709	+3	−1	59	30
1994	05	24	IE	BO	1	0	F		4	1860	1705	+1	0	16	30
1994	06	08	BO	PE	0	0	F		-7	1698	1542	−1	+2	31	67
1994	06	11	BO	CH	0	0	F	CA	5	1703	1873	+1	0	30	13
1994	06	17	DE	BO	1	0	WC	US	9	2018	1694	0	−2	1	32
1994	06	23	BO	KR	0	0	WC	US	-1	1693	1684	0	0	33	34
1994	06	27	ES	BO	3	1	WC	US	22	1910	1671	+1	−5	10	37
1994	09	21	CL	BO	1	2	F		-15	1758	1686	0	+5	27	32
1995	04	03	BO	VE	0	0	F		-8	1678	1364	0	+2	33	116
1995	05	14	BO	PY	1	1	CPC		-3	1675	1700	−1	0	35	31
1995	06	09	PY	BO	0	0	CPC		-5	1695	1680	0	0	32	33
1995	06	18	VE	BO	1	3	F		-7	1357	1687	−1	0	120	33
1995	07	01	PE	BO	4	1	F		18	1591	1669	+2	−1	58	34
1995	07	08	AR	BO	2	1	CA	UY	11	1890	1658	+2	−1	10	35
1995	07	11	BO	US	1	0	CA	UY	28	1686	1676	+3	−2	32	33
1995	07	14	BO	CL	2	2	CA	UY	-1	1685	1676	−1	0	33	34
1995	07	16	UY	BO	2	1	CA		11	1822	1674	+1	−1	21	34
1995	10	25	BO	EC	2	2	F		-3	1671	1672	−1	+1	37	36
1996	02	04	BO	CL	1	1	F		-2	1669	1686	−1	0	38	35
1996	02	11	PE	BO	1	3	F		-16	1567	1685	−2	+3	62	35
1996	02	14	BO	PY	4	1	F		17	1702	1757	+1	−1	34	27
1996	03	07	BO	PE	2	0	F		6	1708	1553	+1	−3	32	65
1996	03	28	CO	BO	4	1	F		7	1868	1701	0	−1	14	33
1996	04	24	AR	BO	3	1	WQ		12	1858	1689	+2	−1	16	34
1996	05	05	BO	SV	1	1	F	US	-4	1685	1536	−2	0	36	71
1996	05	26	CL	BO	2	0	F		10	1727	1675	+1	−2	30	36
1996	06	08	MX	BO	1	0	USC	US	8	1860	1667	0	0	17	36
1996	06	12	US	BO	0	2	USC		-34	1720	1701	−4	+2	31	34
1996	06	15	IE	BO	3	0	USC	US	26	1733	1675	+5	−2	28	36
1996	07	07	BO	VE	6	1	WQ		6	1681	1342	+1	−1	35	119
1996	07	26	PY	BO	2	0	F		7	1781	1674	+1	−1	24	36
1996	09	01	BO	PE	0	0	WQ		-10	1664	1586	−3	+4	39	58
1996	10	08	UY	BO	1	0	WQ		9	1779	1655	0	−2	25	41
1996	11	10	BO	CO	2	2	WQ		9	1664	1908	0	0	40	11
1996	12	15	BO	PY	0	0	WQ		3	1667	1817	+1	−1	38	19
1997	01	12	BO	EC	2	0	WQ		24	1691	1667	+3	−3	35	38
1997	02	02	BO	SK	0	1	F		-13	1678	1698	−1	+2	35	33
1997	02	12	BO	CL	1	1	WQ		-3	1675	1729	−1	0	36	31
1997	03	23	BO	JM	6	0	F		10	1685	1562	+2	0	36	63
1997	04	02	BO	AR	2	1	WQ		23	1708	1808	+3	−4	33	22
1997	06	08	VE	BO	1	1	WQ		12	1367	1696	+2	−4	117	37
1997	06	12	BO	VE	1	0	CA		4	1700	1363	+2	−1	35	118
1997	06	15	BO	PE	2	0	CA		26	1726	1669	+5	−6	28	42
1997	06	18	BO	UY	1	0	CA		17	1743	1686	+1	−3	27	37
1997	06	21	BO	CO	2	1	CA		23	1766	1793	+1	−1	26	22
1997	06	25	BO	MX	3	1	CA		32	1798	1787	+5	−8	21	25
1997	06	29	BO	BR	1	3	CA		-16	1782	2140	−4	0	26	1
1997	07	06	PE	BO	2	1	WQ		20	1706	1762	+3	0	35	25
1997	07	20	BO	UY	1	0	WQ		11	1773	1675	+2	−3	23	42
1997	08	20	CO	BO	3	0	WQ		27	1785	1746	+3	−3	23	26
1997	09	10	PY	BO	2	1	WQ		14	1765	1732	0	−5	25	31
1997	10	12	EC	BO	1	0	WQ		12	1789	1720	+2	−6	22	35
1997	11	16	CL	BO	3	0	WQ		24	1754	1696	+6	−7	25	40
1999	01	24	BO	US	0	0	F		-3	1693	1697	−1	+1	39	38
1999	03	03	BO	JM	0	0	PCC	GT	-2	1691	1651	−1	0	40	48
1999	03	05	GT	BO	0	3	PCC		-24	1541	1715	−5	+3	66	37
1999	03	07	PY	BO	3	0	PCC	GT	19	1834	1696	0	−1	18	38
1999	03	11	MX	BO	2	1	USC	US	8	1876	1688	0	−2	15	41
1999	03	13	GT	BO	2	1	USC	US	22	1534	1666	+3	−2	70	43
1999	04	28	BO	CL	1	1	F		0	1666	1751	0	−1	47	27
1999	06	20	CL	BO	1	0	F		5	1763	1661	+1	−1	23	47
1999	06	29	PY	BO	0	0	CA		-15	1777	1676	0	+3	19	44
1999	07	02	PE	BO	1	0	CA	PY	21	1746	1655	+4	−3	27	47
1999	07	05	BO	JP	1	1	CA	PY	-4	1651	1607	0	+3	47	52
1999	07	25	BO	EG	2	2	CC	MX	1	1652	1669	0	0	47	45
1999	07	27	BO	SA	0	0	CC	MX	3	1655	1687	0	0	47	42
1999	07	29	MX	BO	1	0	CC		7	1879	1648	0	+1	16	46
1999	08	25	BO	VE	0	0	F		-8	1640	1408	−1	0	46	108
1999	11	03	BO	PY	0	0	CPC	AR	7	1647	1801	+1	0	44	20
2000	03	05	BO	HT	9	2	F		6	1653	1418	+1	−1	49	101
2000	03	16	VE	BO	0	0	F		4	1402	1649	+1	0	107	49
2000	03	29	UY	BO	1	0	WQ		10	1744	1639	+1	−1	28	50
2000	04	26	BO	CO	1	1	WQ		1	1640	1754	0	−1	50	25
2000	06	04	AR	BO	1	0	WQ		3	1958	1637	0	0	5	51
2000	06	14	SK	BO	2	0	KRN	JP	19	1716	1618	+1	−3	37	56
2000	06	18	JP	BO	2	0	KRN		15	1660	1603	+2	−1	49	57
2000	06	28	VE	BO	4	2	WQ		40	1428	1563	+10	−3	99	60
2000	07	19	BO	CL	1	0	WQ		24	1587	1703	+3	−7	58	40
2000	07	27	BO	PY	0	0	WQ		6	1593	1798	0	0	58	18
2000	08	16	EC	BO	2	0	WQ		16	1691	1577	+2	−3	40	61
2000	09	03	BR	BO	5	0	WQ		4	2013	1573	+1	0	3	61
2000	09	27	MX	BO	1	0	F	US	4	1843	1569	+1	0	14	61
2000	10	08	BO	PE	1	0	WQ		22	1591	1684	+1	−4	60	41
2000	11	15	BO	UY	0	0	WQ		4	1595	1756	+2	−1	59	28
2001	01	27	JM	BO	3	0	F	US	19	1576	1576	+2	0	60	60
2001	03	27	CO	BO	2	0	WQ		8	1807	1568	+1	0	19	62
2001	04	25	BO	AR	3	3	WQ		15	1583	2004	+1	0	61	3
2001	06	03	BO	VE	5	0	WQ		15	1598	1419	+2	−6	60	99
2001	07	13	UY	BO	1	0	CA	CO	12	1806	1586	+2	−1	23	61
2001	07	16	HN	BO	2	0	CA	CO	30	1688	1556	+7	−3	42	64
2001	07	19	CR	BO	4	0	CA	CO	27	1736	1529	+5	−4	29	68
2001	08	14	CL	BO	2	2	WQ		-12	1645	1541	−3	+2	52	66
2001	09	05	PY	BO	5	1	WQ		9	1803	1532	+2	−1	21	67
2001	10	06	BO	EC	1	5	WQ		-29	1503	1743	−10	+4	78	33
2001	11	07	BO	BR	3	1	WQ		50	1553	1824	+14	−10	64	20
2001	11	14	PE	BO	1	1	WQ		-10	1625	1563	0	+1	51	64
2002	01	31	BR	BO	6	0	F		5	1838	1558	+2	0	15	62
2002	02	13	PY	BO	2	2	F		-6	1720	1564	−1	+1	37	61
2002	03	27	SN	BO	2	1	F		4	1693	1560	+1	−2	41	63
2002	05	16	MX	BO	1	0	F	US	4	1832	1556	+1	−1	16	63
2002	08	21	VE	BO	2	0	F		10	1580	1546	+2	0	61	65
2003	03	19	MX	BO	2	0	F	US	5	1835	1541	0	−1	16	67
2003	06	10	PT	BO	4	0	F		2	1933	1539	0	0	7	68
2003	08	31	BO	PA	3	0	F		7	1546	1396	+1	0	68	108
2003	09	07	UY	BO	5	0	WQ		7	1863	1539	0	−1	15	68
2003	09	10	BO	CO	4	0	WQ		52	1591	1724	+10	−9	58	34
2003	10	11	BO	HN	1	0	F	US	13	1604	1674	+3	−2	55	41
2003	11	15	AR	BO	3	0	WQ		3	2030	1601	0	−1	2	56
2003	11	18	VE	BO	2	1	WQ		13	1643	1588	+3	−6	51	62
2004	03	30	BO	CL	0	2	WQ		-35	1553	1669	−6	+9	67	45
2004	06	01	BO	PY	2	1	WQ		28	1581	1769	+7	−5	62	26
2004	06	05	EC	BO	3	2	WQ		8	1733	1573	+4	−2	29	64
2004	07	06	PE	BO	2	2	CA		-14	1676	1587	−5	+1	43	61
2004	07	09	CO	BO	1	0	CA	PE	11	1814	1576	0	−1	21	62
2004	07	12	BO	VE	1	1	CA	PE	4	1580	1633	0	−2	61	55
2004	09	05	BR	BO	3	1	WQ		3	2011	1577	0	0	2	65
2004	10	09	BO	PE	1	0	WQ		20	1597	1656	+2	−6	63	47
2004	10	12	BO	UY	0	0	WQ		6	1603	1805	+1	0	62	21
2004	11	13	GT	BO	1	0	F	US	9	1631	1594	+1	0	53	63
2004	11	17	CO	BO	1	0	WQ		6	1801	1588	+2	0	23	63
2005	03	26	BO	AR	1	2	WQ		-5	1583	2029	−1	0	66	1
2005	03	29	BO	VE	3	1	WQ		26	1609	1607	+9	−7	57	60
2005	06	04	CL	BO	3	1	WQ		18	1679	1591	+6	−8	44	64
2005	06	08	PY	BO	4	1	WQ		14	1748	1577	+1	−1	31	65
2005	09	03	BO	EC	1	2	WQ		-15	1562	1777	−2	0	66	26
2005	10	09	BO	BR	1	1	WQ		16	1578	2021	+2	−1	64	2
2005	10	12	PE	BO	4	1	WQ		19	1663	1559	+1	−3	52	67
2006	11	15	BO	SV	5	1	F		6	1565	1371	+5	−3	66	111
2007	03	28	ZA	BO	0	1	F		-11	1482	1576	−3	+4	88	65
2007	05	26	BO	IE	1	1	F	US	5	1581	1762	0	−3	66	31
2007	06	20	BO	PY	0	0	CPC		3	1584	1757	+1	0	62	32
2007	06	26	VE	BO	2	2	CA		-11	1639	1595	−4	+2	52	60
2007	06	30	UY	BO	1	0	CA	VE	12	1805	1583	+4	−1	20	62
2007	07	03	BO	PE	2	2	CA	VE	6	1589	1657	+1	−1	61	48
2007	08	22	EC	BO	1	0	F		5	1698	1584	0	−2	42	62
2007	09	12	PE	BO	2	0	F		8	1660	1576	+3	0	46	62
2007	10	13	UY	BO	5	0	WQ		10	1827	1566	+2	−1	16	65
2007	10	17	BO	CO	0	0	WQ		8	1574	1803	+1	−1	64	20
2007	11	17	AR	BO	3	0	WQ		3	2039	1571	0	−2	2	67
2007	11	20	VE	BO	5	3	WQ		15	1670	1556	+4	−4	44	71
2008	02	06	BO	PE	2	1	F		9	1565	1623	+3	−3	69	56
2008	03	26	VE	BO	0	1	F		-15	1655	1580	−2	+5	47	63
2008	06	15	BO	CL	0	2	WQ		-25	1555	1759	−5	+7	68	30
2008	06	18	BO	PY	4	2	WQ		45	1600	1802	+10	−5	58	19
2008	08	06	GT	BO	3	0	F	US	22	1528	1578	+3	−6	81	63
2008	08	20	BO	PA	1	0	F		6	1584	1545	+1	−2	62	71
2008	09	06	EC	BO	3	1	WQ		13	1721	1571	+3	−2	37	63
2008	09	10	BR	BO	0	0	WQ		-18	2014	1589	0	+4	2	59
2008	10	11	BO	PE	3	0	WQ		31	1620	1616	+6	−4	53	54
2008	10	14	BO	UY	2	2	WQ		6	1626	1826	0	−2	53	19
2008	10	22	SV	BO	2	0	F	US	21	1511	1605	+4	−2	87	56
2009	03	11	MX	BO	5	1	F	US	9	1809	1596	+1	0	19	58
2009	03	28	CO	BO	2	0	WQ		11	1760	1585	+6	−2	29	60
2009	04	01	BO	AR	6	1	WQ		69	1654	1927	+10	−2	49	7
2009	06	06	BO	VE	0	1	WQ		-24	1630	1708	−5	+4	54	43
2009	06	10	CL	BO	4	0	WQ		12	1834	1618	+2	0	12	55
2009	09	05	PY	BO	1	0	WQ		7	1786	1611	+1	0	23	57
2009	09	09	BO	EC	1	3	WQ		-29	1582	1753	−5	+6	62	31
2009	10	11	BO	BR	2	1	WQ		37	1619	2111	+7	0	56	1
2009	10	14	PE	BO	1	0	WQ		18	1572	1601	+5	−2	66	58
2010	02	24	MX	BO	5	0	F	US	6	1896	1595	0	−2	8	59
2010	08	11	BO	CO	1	1	F		1	1596	1744	+1	0	60	31
2010	10	07	BO	VE	1	3	F		-15	1581	1711	−8	+1	67	38
2011	03	25	PA	BO	2	0	F		11	1596	1570	+5	−3	58	67
2011	03	28	GT	BO	1	1	F		1	1436	1569	+1	0	104	66
2011	06	04	BO	PY	0	2	F		-10	1559	1788	−5	+2	68	20
2011	06	07	PY	BO	0	0	F		-7	1781	1566	−2	+2	21	65
2011	07	01	AR	BO	1	1	CA		-22	1929	1588	0	+5	6	60
2011	07	07	CR	BO	2	0	CA	AR	32	1673	1556	+6	−9	46	69
2011	07	10	CO	BO	2	0	CA	AR	15	1813	1541	+3	−8	17	77
2011	08	10	BO	PA	1	3	F		-15	1526	1660	−4	+3	81	48
2011	09	02	PE	BO	2	2	F		-8	1771	1534	−1	+6	24	75
2011	09	05	BO	PE	0	0	F		4	1538	1767	+1	0	74	25
2011	10	07	UY	BO	4	2	WQ		3	1966	1535	0	−2	5	76
2011	10	11	BO	CO	1	2	WQ		-12	1523	1796	−3	+3	78	21
2011	11	11	AR	BO	1	1	WQ		-18	1895	1541	−1	+4	8	74
2011	11	15	VE	BO	1	0	WQ		6	1736	1535	0	−3	34	76
2012	02	29	BO	CU	1	0	F		4	1539	1382	−2	0	78	110
2012	06	02	BO	CL	0	2	WQ		-11	1528	1910	−3	0	79	8
2012	06	09	BO	PY	3	1	WQ		44	1572	1765	+11	−8	67	26
2012	08	15	BO	GY	2	0	F		4	1576	1338	+2	0	67	121
2012	09	07	EC	BO	1	0	WQ		5	1815	1571	−1	−1	17	68
2012	10	12	BO	PE	1	1	WQ		3	1574	1726	0	−1	67	34
2012	10	16	BO	UY	4	1	WQ		55	1629	1842	+13	−6	53	16
2012	11	14	BO	CR	1	1	F		-2	1627	1667	−1	0	54	45
2013	02	06	BO	HT	2	1	F		3	1630	1454	+3	−1	49	98
2013	03	22	CO	BO	5	0	WQ		8	1912	1622	0	−2	8	51
2013	03	26	BO	AR	1	1	WQ		14	1636	2016	+1	0	50	4
2013	04	06	BO	BR	0	4	F		-5	1631	2048	0	0	50	3
2013	06	07	BO	VE	1	1	WQ		0	1631	1732	−2	0	52	33
2013	06	11	CL	BO	3	1	WQ		9	1852	1622	+1	−1	15	53
2013	08	14	VE	BO	2	2	F		-5	1706	1627	−3	0	36	54
2013	09	06	PY	BO	4	0	WQ		19	1729	1608	+4	−3	30	57
2013	09	10	BO	EC	1	1	WQ		7	1615	1829	+2	−1	56	19
2013	10	15	PE	BO	1	1	WQ		-11	1712	1626	−2	+1	34	55
2014	05	30	ES	BO	2	0	F		1	2106	1625	0	0	2	53
2014	06	06	GR	BO	2	1	F	US	5	1823	1620	+1	−1	19	55
2014	09	06	EC	BO	4	0	F	US	8	1844	1612	+1	−2	18	57
2014	09	09	MX	BO	1	0	F	US	3	1888	1609	−1	0	13	57
2014	10	14	CL	BO	2	2	F		-9	1974	1618	0	+1	6	59
2014	11	18	BO	VE	3	2	F		9	1627	1674	+3	0	54	42
2015	06	06	AR	BO	5	0	FRC		3	2059	1624	0	0	3	53
2015	06	12	BO	MX	0	0	CA	CL	16	1640	1870	0	−1	53	14
2015	06	15	BO	EC	3	2	CA	CL	37	1677	1786	+6	−3	46	21
2015	06	19	CL	BO	5	0	CA		11	1954	1666	0	−1	7	47
2015	06	25	PE	BO	3	1	CA	CL	28	1785	1638	+4	−5	22	52
2015	09	04	AR	BO	7	0	F	US	3	2072	1635	0	+1	2	51
2015	10	08	BO	UY	0	2	WQ		-19	1616	1891	−5	+1	57	12
2015	10	13	EC	BO	2	0	WQ		7	1881	1609	0	0	15	57
2015	11	12	BO	VE	4	2	WQ		24	1633	1616	+5	−7	52	57
2015	11	17	PY	BO	2	1	WQ		10	1728	1623	+3	−3	34	52
2016	03	24	BO	CO	2	3	WQ		-8	1615	1962	−3	+2	55	5
2016	03	29	AR	BO	2	0	WQ		3	2049	1612	0	0	2	54
2016	05	28	US	BO	4	0	F		8	1752	1604	+2	−2	31	59
2016	06	06	PA	BO	2	1	CA	US	20	1696	1584	+1	−4	41	61
2016	06	10	CL	BO	2	1	CA	US	6	1926	1578	+2	−3	9	62
2016	06	14	AR	BO	3	0	CA	US	5	2083	1573	0	−2	1	64
2016	09	01	BO	PE	2	0	WQ		43	1616	1798	+7	−4	56	21
2016	09	06	CL	BO	0	0	WQ		-18	1991	1634	0	+4	4	52
2016	10	06	BR	BO	5	0	WQ		5	2028	1629	+1	0	2	52
2016	10	11	BO	EC	2	2	WQ		7	1636	1846	+1	0	54	17
2016	11	10	VE	BO	5	0	WQ		25	1697	1611	+5	−3	41	57
2016	11	15	BO	PY	1	0	WQ		21	1632	1702	+4	−2	53	37
2017	03	23	CO	BO	1	0	WQ		4	1929	1628	0	0	9	54
2017	03	28	BO	AR	2	0	WQ		52	1680	2004	+13	−1	42	3
2017	06	02	NI	BO	0	1	F		-4	1316	1684	−3	+1	128	41
2017	06	07	BO	NI	3	2	F		1	1685	1315	+2	0	41	128
2017	08	31	PE	BO	2	1	WQ		7	1861	1678	0	−4	14	45
2017	09	05	BO	CL	1	0	WQ		26	1704	1858	+4	−3	39	14
2017	10	05	BO	BR	0	0	WQ		14	1718	2103	+2	−1	37	2
2017	10	10	UY	BO	4	2	WQ		12	1876	1706	+2	−4	12	39
2018	03	23	CW	BO	1	1	F		8	1274	1698	+3	−3	139	44
2018	03	26	CW	BO	1	0	F		17	1291	1681	+3	−3	135	47
2018	05	28	US	BO	3	0	F		9	1763	1672	+1	0	25	47
2018	06	07	BO	KR	0	0	F	AT	2	1674	1728	0	−1	46	37
2018	06	09	RS	BO	5	1	F	AT	13	1788	1661	+1	−1	22	47
2018	09	10	SA	BO	2	2	F		-1	1585	1662	0	0	61	47
2018	10	13	MM	BO	0	3	F		-2	1064	1664	0	0	183	47
2018	10	16	IR	BO	2	1	F		4	1827	1660	0	−1	18	48
2018	11	16	AE	BO	0	0	F		2	1504	1658	0	+1	80	46
2018	11	20	BO	IQ	0	0	F	AE	-3	1655	1567	0	+2	47	64
2019	03	03	BO	NI	2	2	F		-9	1646	1288	0	0	48	141
2019	03	22	KR	BO	1	0	F		4	1772	1642	+1	−1	26	49
2019	03	26	JP	BO	1	0	F		4	1776	1638	−1	0	28	50
2019	06	02	FR	BO	2	0	F		1	2098	1637	0	−1	2	51
2019	06	14	BR	BO	3	0	CA		3	2137	1634	0	0	1	52
2019	06	18	PE	BO	3	1	CA	BR	19	1837	1615	+3	−1	17	53
2019	06	22	VE	BO	3	1	CA	BR	18	1827	1597	+3	−3	18	57
2019	09	10	EC	BO	3	0	F		7	1736	1590	0	−1	36	58
2019	10	10	VE	BO	4	1	F		5	1808	1585	0	−3	20	61
2019	10	15	BO	HT	3	1	F		10	1595	1546	+3	−4	58	70
2020	10	09	BR	BO	5	0	WQ		3	2084	1592	0	0	2	59
2020	10	13	BO	AR	1	2	WQ		-7	1585	1982	0	+2	60	8
2020	11	12	BO	EC	2	3	WQ		-16	1569	1778	−5	+3	65	27
2020	11	17	PY	BO	2	2	WQ		-14	1769	1583	−4	+2	29	63
2021	03	26	CL	BO	2	1	F		3	1816	1580	+1	0	21	61
2021	03	29	EC	BO	2	1	F		2	1827	1578	+1	0	20	60
2021	06	03	BO	VE	3	1	WQ		40	1618	1762	+10	−7	53	29
2021	06	08	CL	BO	1	1	WQ		-14	1815	1632	−1	+3	19	50
2021	06	14	PY	BO	3	1	CA	BR	23	1794	1609	+5	−7	23	57
2021	06	18	CL	BO	1	0	CA	BR	11	1837	1598	0	−3	18	60
2021	06	24	UY	BO	2	0	CA	BR	11	1919	1587	0	−2	12	62
2021	06	28	AR	BO	4	1	CA	BR	7	2014	1580	−1	−1	6	63
2021	09	02	BO	CO	1	1	WQ		12	1592	1913	+3	−3	61	14
2021	09	05	UY	BO	4	2	WQ		4	1937	1588	0	−1	10	62
2021	09	09	AR	BO	3	0	WQ		2	2079	1586	0	0	3	61
2021	10	07	EC	BO	3	0	WQ		10	1801	1576	+2	−1	24	62
2021	10	10	BO	PE	1	0	WQ		29	1605	1805	+4	−4	59	23
2021	10	14	BO	PY	4	0	WQ		46	1651	1737	+5	−8	52	35
2021	11	05	BO	SV	1	0	F	US	6	1657	1505	+2	0	50	80
2021	11	11	PE	BO	3	0	WQ		14	1815	1643	+1	−4	24	54
2021	11	16	BO	UY	3	0	WQ		50	1693	1847	+8	−3	43	17
2022	01	21	BO	TT	5	0	F		3	1696	1365	0	0	41	111
2022	01	28	VE	BO	4	1	WQ		27	1705	1669	+5	−6	41	47
2022	02	01	BO	CL	2	3	WQ		-19	1650	1803	−4	0	52	28
2022	03	24	CO	BO	3	0	WQ		9	1881	1641	0	−1	14	54
2022	03	29	BO	BR	0	4	WQ		-7	1634	2155	−1	0	55	1
2022	09	24	SN	BO	2	0	F	FR	14	1680	1620	+3	−2	44	58
2022	11	19	PE	BO	1	0	F		3	1850	1617	0	0	17	57
2023	03	24	UZ	BO	1	0	F	SA	11	1586	1606	+1	−2	65	60
2023	03	28	SA	BO	1	2	F		-12	1574	1618	−1	+5	67	56
2023	06	17	EC	BO	1	0	F	US	4	1843	1614	+2	−2	18	58
2023	06	20	BO	CL	0	0	F		0	1614	1707	+1	0	58	41
2023	08	27	BO	PA	1	2	F		-11	1603	1700	−3	+3	61	42
2023	09	08	BR	BO	5	1	WQ		2	2095	1601	0	0	3	61
2023	09	12	BO	AR	0	3	WQ		-5	1596	2157	−1	0	62	1
2023	10	12	BO	EC	1	2	WQ		-11	1585	1878	−2	+1	64	15
2023	10	17	PY	BO	1	0	WQ		9	1712	1576	+4	0	41	63
2023	11	16	BO	PE	2	0	WQ		39	1615	1747	+5	−6	58	33
2023	11	21	UY	BO	3	0	WQ		4	2006	1611	0	−3	7	59
2024	03	22	DZ	BO	3	2	FFS		9	1671	1602	+2	−2	46	62
2024	03	25	BO	AD	1	0	FFS	DZ	2	1604	1113	0	0	63	170
2024	05	31	MX	BO	1	0	F	US	5	1805	1599	+1	−1	21	63
2024	06	12	EC	BO	3	1	F	US	5	1873	1594	0	0	14	62
2024	06	15	CO	BO	3	0	F	US	3	2014	1591	0	0	5	62
2024	06	23	US	BO	2	0	CA		11	1800	1580	0	−4	22	66
2024	06	27	UY	BO	5	0	CA	US	8	2011	1572	+1	0	5	65
2024	07	01	PA	BO	3	1	CA	US	22	1746	1550	+8	−8	31	73
2024	09	05	BO	VE	4	0	WQ		55	1605	1765	+15	−11	59	29
2024	09	10	CL	BO	1	2	WQ		-31	1689	1636	−8	+4	48	55
2024	10	10	BO	CO	1	0	WQ		35	1671	2025	+4	0	51	3
2024	10	15	AR	BO	6	0	WQ		3	2140	1668	0	−1	2	51
2024	11	14	EC	BO	4	0	WQ		11	1877	1657	+1	0	15	51
2024	11	19	BO	PY	2	2	WQ		1	1658	1775	0	+1	51	28
2025	03	20	PE	BO	3	1	WQ		17	1739	1641	+3	−2	38	52
2025	03	25	BO	UY	0	0	WQ		10	1651	1921	0	0	52	10
2025	06	06	VE	BO	2	0	WQ		15	1757	1636	+1	0	34	53
2025	06	10	BO	CL	2	0	WQ		28	1664	1689	+3	−6	51	46
2025	09	04	CO	BO	3	0	WQ		7	1957	1657	0	0	8	52
2025	09	09	BO	BR	1	0	WQ		32	1689	1975	+3	−2	49	7
2025	10	10	BO	JO	1	0	F	TR	8	1697	1625	+3	−2	46	58
2025	10	14	RU	BO	3	0	F		8	1810	1689	+2	−2	24	47
2025	11	14	KR	BO	2	0	F		8	1782	1681	+1	−1	28	48
2025	11	18	JP	BO	3	0	F		5	1878	1676	0	0	16	49
2025	12	21	PE	BO	2	0	F		10	1707	1666	+1	0	44	50
2026	01	18	BO	PA	1	1	F		-1	1665	1743	0	0	51	35
2026	01	25	BO	MX	0	1	F		-8	1657	1852	−3	+1	54	20
2026	03	15	BO	TT	3	0	F		4	1661	1399	+2	0	52	102
2026	03	26	BO	SR	2	1	WQ	MX	9	1670	1431	+1	0	51	91
2026	03	31	IQ	BO	2	1	WQ	MX	25	1607	1645	+5	−5	63	57
2026	06	06	SQ	BO	4	0	F	US	12	1782	1633	+2	−1	27	58
2026	06	10	DZ	BO	4	0	F	US	12	1772	1621	+3	−1	29	59