1924	06	07	AU	CA	3	2	F		8	1570	1592	+2	−	33	28
1924	06	14	AU	CA	0	1	F		-12	1558	1604	−2	−1	35	29
1924	06	23	AU	CA	4	1	F		15	1573	1589	+3	−1	31	29
1924	06	28	AU	CA	0	0	F		-2	1571	1591	−1	0	32	29
1924	07	12	AU	CA	1	4	F		-21	1550	1612	−4	+3	36	26
1924	07	26	AU	CA	1	0	F		9	1559	1603	+1	−2	35	28
1925	06	27	CA	US	1	0	F		10	1613	1679	+3	0	26	23
1925	11	08	US	CA	6	1	F		11	1690	1602	0	−3	24	29
1926	11	06	US	CA	6	2	F		9	1699	1593	+1	−3	22	31
1927	06	25	NZ	CA	2	2	F		-2	1570	1595	0	0	31	29
1927	07	02	NZ	CA	1	2	F		-12	1558	1607	−5	+2	36	27
1927	07	09	NZ	CA	1	0	F		9	1567	1598	+2	0	34	27
1927	07	23	NZ	CA	1	4	F		-21	1546	1619	−4	+1	38	26
1957	06	22	CA	US	5	1	WQ		15	1634	1461	+2	−3	41	74
1957	06	30	MX	CA	3	0	WQ		19	1727	1615	+5	−2	19	43
1957	07	03	MX	CA	2	0	WQ		14	1741	1601	0	−2	19	45
1957	07	06	US	CA	2	3	WQ		-18	1443	1619	−4	+2	78	43
1967	06	13	CA	SQ	2	7	F		-13	1606	1868	−2	+1	44	11
1967	06	21	CA	CU	1	1	OQ		-18	1588	1234	−4	+2	48	128
1967	06	24	CA	CU	1	2	OQ		-37	1551	1271	−8	+4	56	124
1968	10	06	CA	BM	4	0	WQ		13	1564	1373	+1	−5	59	102
1968	10	13	CA	US	4	2	WQ		14	1578	1451	+2	−4	56	78
1968	10	20	BM	CA	0	0	WQ		6	1379	1572	0	−1	101	56
1968	10	26	US	CA	1	0	WQ		21	1471	1551	+6	−3	72	59
1972	08	20	CA	US	3	2	WCQ		10	1561	1455	+4	−1	56	74
1972	08	24	CA	MX	0	1	WCQ		-14	1547	1786	−6	+2	62	22
1972	08	29	US	CA	2	2	WCQ		0	1455	1547	0	0	74	62
1972	09	02	GT	CA	2	2	F		-3	1546	1550	−1	+1	61	60
1972	09	06	MX	CA	2	1	WCQ		5	1796	1545	+1	−1	19	61
1973	08	01	CA	PL	1	3	F		-4	1541	1954	0	0	59	5
1973	08	05	CA	US	0	2	F		-24	1517	1441	−4	+11	63	77
1973	09	28	MT	CA	2	0	F		17	1383	1500	+5	−1	97	64
1973	10	07	LU	CA	0	2	F		-12	1306	1512	−3	0	114	64
1973	11	10	HT	CA	5	1	F		9	1609	1503	+4	0	45	64
1973	11	12	HT	CA	0	1	F		-15	1594	1518	−5	+1	50	63
1974	04	12	BM	CA	0	0	F		2	1334	1516	0	0	109	63
1974	10	09	DD	CA	2	0	F		1	1929	1515	0	−1	7	66
1974	10	31	PL	CA	2	0	F		1	2034	1514	0	0	4	66
1975	01	05	CU	CA	4	0	F		14	1524	1500	+2	−2	64	67
1975	07	06	CA	PL	1	8	F		-3	1497	2048	0	0	67	3
1975	07	09	CA	PL	1	4	F		-2	1495	2050	0	0	67	3
1975	07	29	CA	DD	0	3	F		-7	1488	1845	0	+2	67	15
1975	07	31	CA	DD	1	7	F		-8	1480	1853	−5	0	72	15
1976	09	24	CA	US	1	1	WCQ		-9	1471	1419	−3	+2	74	91
1976	10	10	CA	MX	1	0	WCQ		29	1500	1718	+11	−3	63	28
1976	10	20	US	CA	2	0	WCQ		28	1452	1472	+4	−10	83	73
1976	10	27	MX	CA	0	0	WCQ		-15	1710	1487	0	+6	28	68
1976	12	18	HT	CA	3	0	F		10	1549	1477	+1	−4	56	73
1976	12	22	CA	US	3	0	WCQ	HT	35	1512	1438	+12	−8	62	83
1977	09	11	TT	CA	1	1	F		-2	1477	1514	−1	0	73	65
1977	10	08	SV	CA	2	1	WQC	MX	28	1498	1486	+8	−4	66	69
1977	10	12	CA	SR	2	1	WQC	MX	24	1510	1449	+4	−7	65	80
1977	10	16	CA	GT	2	1	WQC	MX	30	1540	1544	+5	−6	60	57
1977	10	20	CA	HT	1	1	WQC	MX	5	1545	1603	+2	−2	57	47
1977	10	22	MX	CA	3	1	WQC		9	1790	1536	0	−3	21	60
1980	09	15	CA	NZ	4	0	F		10	1546	1460	0	−1	58	81
1980	09	17	CA	NZ	3	0	F		9	1555	1451	0	−1	58	82
1980	10	18	CA	MX	1	1	WCQ		3	1558	1701	0	0	56	31
1980	10	25	US	CA	0	0	WCQ		-3	1507	1561	0	+1	70	55
1980	11	01	CA	US	2	1	WCQ		12	1573	1495	+2	−2	53	72
1980	11	09	HN	CA	2	0	F		13	1529	1560	+6	−3	61	56
1980	11	11	GT	CA	0	1	F		-11	1491	1571	−2	+3	72	53
1980	11	16	MX	CA	1	1	WCQ		-12	1700	1583	−2	+3	31	50
1981	10	12	TT	CA	2	4	F		-13	1424	1596	−3	+3	89	46
1981	10	14	GP	CA	1	2	F		-8	1429	1604	−2	+1	88	45
1981	10	17	AN	CA	1	0	F		17	1240	1587	+7	−3	125	48
1981	11	02	CA	SV	1	0	WQC	HN	23	1610	1532	+2	−7	45	61
1981	11	06	CA	HT	1	1	WQC	HN	-8	1602	1507	0	+1	45	69
1981	11	12	HN	CA	2	1	WQC		17	1636	1585	+1	−3	44	49
1981	11	15	CA	MX	1	1	WQC	HN	6	1591	1658	+1	−1	48	39
1981	11	21	CA	CU	2	2	WQC	HN	-1	1590	1582	0	0	48	52
1983	06	12	CA	SQ	0	2	F		-9	1581	1854	−4	0	51	15
1983	06	16	CA	SQ	0	3	F		-9	1572	1863	−5	+2	56	13
1983	06	19	CA	SQ	0	2	F		-7	1565	1870	−1	0	57	13
1983	12	06	MX	CA	5	0	F		8	1715	1557	0	−2	32	61
1983	12	08	BZ	CA	0	2	F		-4	1113	1561	0	+1	148	60
1983	12	11	HN	CA	3	1	F		10	1594	1551	+4	0	47	60
1983	12	14	HN	CA	1	0	F		6	1600	1545	0	0	47	61
1984	03	28	HT	CA	0	1	F		-10	1439	1555	−2	+2	85	59
1984	05	26	CA	IT	0	2	F		-7	1548	1867	0	+1	60	12
1984	07	30	CA	IQ	1	1	OG	US	7	1555	1620	0	−1	58	42
1984	08	03	CA	CM	3	1	OG	US	64	1619	1646	+16	−8	42	39
1984	10	16	DZ	CA	1	0	F		5	1706	1614	+1	0	33	43
1984	10	21	TN	CA	2	0	F		11	1632	1603	0	0	41	44
1984	10	24	MA	CA	3	2	F		6	1671	1597	0	−1	36	45
1984	10	31	CY	CA	0	0	F		5	1296	1592	+1	−1	115	46
1985	03	08	VC	CA	1	2	F		-8	1406	1600	−3	+1	90	48
1985	03	10	TT	CA	1	2	F		-10	1492	1610	−3	+2	73	46
1985	03	13	JM	CA	1	1	F		6	1264	1604	0	−1	124	47
1985	03	17	JM	CA	0	0	F		6	1270	1598	+2	−1	122	49
1985	03	21	CR	CA	1	0	F		10	1518	1588	+2	0	66	49
1985	03	24	CR	CA	0	0	F		-1	1517	1589	0	0	65	49
1985	04	02	CA	US	2	0	F		10	1599	1571	+1	−3	50	56
1985	04	04	US	CA	1	1	F		-2	1569	1601	−1	0	57	50
1985	04	13	CA	HT	2	0	WQC		12	1613	1407	+4	−2	44	89
1985	04	20	CA	GT	2	1	WQC		14	1627	1533	0	−1	44	61
1985	05	05	GT	CA	1	1	WQC		-2	1554	1629	0	0	58	44
1985	05	08	HT	CA	0	2	WQC		-23	1361	1652	−4	+4	97	40
1985	06	02	CA	GH	2	1	PRS	KR	15	1667	1636	+3	−1	38	43
1985	06	09	IQ	CA	6	1	PRS	KR	35	1649	1632	+3	−6	41	44
1985	08	17	CA	CR	1	1	WQC		-11	1621	1580	−3	+3	44	53
1985	08	25	HN	CA	0	1	WQC		-33	1607	1654	−7	+6	47	39
1985	09	01	CR	CA	0	0	WQC		-2	1578	1656	−1	0	54	39
1985	09	14	CA	HN	2	1	WQC		16	1672	1615	+2	−2	37	45
1986	01	29	CA	PY	0	0	F		0	1672	1779	0	0	34	27
1986	02	02	UY	CA	3	1	MIA	US	11	1874	1661	+3	−3	12	37
1986	02	05	US	CA	0	0	MIA		0	1550	1661	0	0	61	37
1986	04	01	CH	CA	1	0	F		6	1727	1655	0	0	30	36
1986	04	27	MX	CA	3	0	F		5	1852	1650	+2	0	15	36
1986	05	10	CA	WA	2	0	F		17	1667	1790	+2	−4	34	27
1986	05	19	CA	WA	0	3	F		-16	1651	1806	−2	+5	36	22
1986	05	24	CA	EN	0	1	F		-4	1647	1989	0	0	36	2
1986	06	01	FR	CA	1	0	WC	MX	7	2002	1640	0	−3	1	39
1986	06	06	HU	CA	2	0	WC	MX	22	1858	1618	+5	−6	12	45
1986	06	09	SU	CA	2	0	WC	MX	9	2005	1609	0	−2	2	47
1986	08	24	SG	CA	0	1	MRL		-5	1234	1614	0	0	127	45
1986	08	27	CA	KP	0	0	MRL	SG	-3	1611	1537	0	0	45	64
1986	08	31	CN	CA	1	0	MRL	SG	16	1604	1595	+6	−4	48	49
1986	09	04	KP	CA	2	0	MRL	SG	26	1574	1569	+7	−8	55	57
1986	09	06	SG	CA	0	1	MRL		-5	1204	1574	−2	+2	135	55
1987	04	18	BM	CA	0	1	PAQ		-14	1347	1588	−3	+1	99	53
1987	04	25	CA	BM	1	0	PAQ		5	1593	1342	+1	−3	49	102
1987	05	23	CA	US	2	0	OQ		19	1612	1540	+5	−4	46	63
1987	05	30	US	CA	3	0	OQ		32	1572	1580	+6	−9	57	55
1987	09	30	SV	CA	2	1	F		9	1534	1571	+3	−1	65	57
1987	10	02	HN	CA	1	1	F		-4	1616	1575	0	0	46	57
1987	10	06	MX	CA	4	0	F		4	1860	1571	0	0	14	56
1988	02	18	BM	CA	0	0	F		4	1343	1567	0	−3	101	57
1988	03	30	CO	CA	3	0	F		5	1764	1562	+1	−1	26	58
1988	04	05	JM	CA	0	4	F		-10	1276	1572	−4	+3	116	55
1988	04	07	JM	CA	0	0	F		5	1281	1567	+2	−2	114	57
1988	04	12	CA	MX	1	0	F		16	1583	1877	+4	−2	53	12
1988	04	14	CA	MX	1	1	F		5	1588	1872	0	0	53	12
1988	05	19	CA	GR	0	1	F		-11	1577	1671	−1	+2	54	37
1988	05	21	CA	GR	0	3	SMC		-27	1550	1698	−7	+3	61	34
1988	05	25	CA	CL	1	0	SMC		22	1572	1813	+6	−3	55	19
1988	05	28	CA	GR	0	0	SMC		2	1574	1717	0	0	55	32
1988	06	17	CA	CR	0	1	F		-13	1561	1581	−6	+4	59	54
1988	07	15	CA	PL	1	2	F		-7	1554	1775	−3	0	60	25
1988	10	02	TT	CA	1	2	F		-12	1530	1566	−2	+2	62	55
1988	10	09	GT	CA	1	0	WCQ		18	1516	1548	+4	−3	65	58
1988	10	15	CA	GT	3	2	WCQ		13	1561	1503	+2	−4	56	68
1989	04	12	DK	CA	2	0	F		4	1811	1557	−1	−2	20	59
1989	04	14	FO	CA	1	0	F		16	1220	1541	+3	−3	131	62
1989	04	16	FO	CA	0	1	F		-4	1216	1545	−1	0	132	62
1989	06	08	CA	BE	0	2	F		-8	1537	1843	−1	+2	62	16
1989	07	12	CA	BF	3	1	FPG	MA	19	1556	1391	+2	−8	59	97
1989	07	19	CA	CG	2	1	FPG	MA	14	1570	1430	+4	−3	55	83
1990	05	06	CA	US	1	0	NAC		19	1589	1573	+2	−2	49	51
1990	05	13	CA	MX	2	1	NAC		41	1630	1900	+6	−4	43	12
1991	03	14	MX	CA	3	0	NAC	US	18	1887	1612	+2	−5	12	49
1991	03	16	US	CA	2	0	NAC		31	1602	1581	+3	−3	49	52
1991	06	28	HN	CA	4	2	CCH	US	43	1572	1538	+9	−7	54	60
1991	06	30	MX	CA	3	1	CCH	US	10	1879	1528	0	−4	13	64
1991	07	03	CA	JM	3	2	CCH	US	14	1542	1353	+4	−5	60	105
1992	04	02	CA	CN	5	2	F		10	1552	1480	+4	−3	61	77
1992	05	20	CA	SQ	1	3	F		-10	1542	1774	−3	+2	64	24
1992	06	13	CA	HK	3	1	CBS		4	1546	1249	0	−1	64	139
1992	09	03	CA	US	0	2	F		-14	1532	1680	−4	+2	70	34
1992	10	09	US	CA	0	0	F		-6	1674	1538	−1	+2	35	67
1992	10	18	JM	CA	1	1	WQ		0	1443	1538	0	0	92	68
1992	10	25	SV	CA	1	1	WQ		0	1438	1538	0	0	94	68
1992	11	01	CA	JM	1	0	WQ		10	1548	1438	+1	−3	67	94
1992	11	08	CA	SV	2	3	WQ		-30	1518	1492	−5	+4	72	80
1992	11	15	CA	BM	4	2	WQ		13	1531	1377	+4	−6	68	109
1992	12	06	BM	CA	0	0	WQ		3	1380	1528	0	−2	108	70
1993	03	03	US	CA	2	2	F		-6	1680	1534	−1	+2	34	67
1993	03	09	CA	KR	0	2	F		-14	1520	1661	−4	+4	71	38
1993	03	11	CA	KR	2	0	F		17	1537	1644	+5	−5	66	43
1993	03	24	CR	CA	0	1	F		-15	1599	1552	−2	+3	53	64
1993	04	04	HN	CA	2	2	WQ		-13	1699	1565	0	+2	31	61
1993	04	11	CA	SV	2	0	WQ		19	1584	1508	+5	−7	56	78
1993	04	18	CA	HN	3	1	WQ		30	1614	1650	+5	−8	51	41
1993	04	25	MX	CA	4	0	WQ		13	1805	1601	+3	−3	19	54
1993	05	02	SV	CA	1	2	WQ		-19	1471	1620	−4	+5	86	49
1993	05	09	CA	MX	1	2	WQ		-14	1606	1850	−4	+3	53	14
1993	07	11	CA	CR	1	1	CCH	MX	-1	1605	1587	0	0	53	61
1993	07	15	CA	MQ	2	2	CCH	MX	-8	1597	1493	−4	+1	56	84
1993	07	18	MX	CA	8	0	CCH		13	1868	1584	0	−4	14	61
1993	07	31	CA	AU	2	1	WQ		24	1608	1723	+7	−1	54	29
1993	08	15	AU	CA	2	1	WQ		9	1732	1599	0	−2	29	56
1994	06	01	CA	MA	1	1	F		-1	1598	1666	−1	0	58	39
1994	06	05	CA	BR	1	1	F		6	1604	1956	0	0	58	4
1994	06	08	CA	DE	0	2	F		-5	1599	2009	0	0	58	1
1994	06	10	CA	ES	0	2	F		-8	1591	1893	0	+1	58	11
1994	06	12	CA	NL	0	3	F		-5	1586	1990	−2	+1	60	2
1995	01	26	CA	PT	1	1	SKD		7	1593	1859	+3	−1	56	19
1995	05	22	CA	EI	2	0	CAN		21	1614	1656	+5	−2	51	36
1995	05	28	CA	CL	1	2	CAN		-14	1600	1747	−4	0	55	28
1995	06	04	CA	TR	1	3	F		-15	1585	1709	−5	+1	60	31
1995	06	07	CA	TR	0	3	F		-16	1569	1725	−1	+1	61	30
1995	08	01	CA	JM	3	1	CBN		10	1579	1435	+2	−3	62	96
1995	08	03	CA	TT	3	1	CBN		16	1595	1568	+6	−4	56	64
1995	10	11	CL	CA	2	0	F		8	1684	1587	0	−4	34	58
1996	01	10	CA	HN	3	1	CCH	US	38	1625	1555	+10	−9	47	65
1996	01	12	BR	CA	4	1	CCH	US	5	2118	1620	0	−1	1	48
1996	06	05	CA	CR	0	1	F		-14	1606	1570	−5	+2	51	61
1996	08	30	CA	PA	3	1	WQ		8	1614	1363	+3	0	50	116
1996	10	10	CA	CU	2	0	WQ		16	1630	1525	+5	−3	45	71
1996	10	13	CA	CU	2	0	WQ		14	1644	1511	+1	−2	44	73
1996	10	27	PA	CA	0	0	WQ		10	1353	1634	0	−1	119	45
1996	11	03	CA	SV	1	0	WQ		10	1644	1524	+1	−1	44	71
1996	12	15	SV	CA	0	2	WQ		-31	1519	1675	−4	+6	72	37
1997	03	02	MX	CA	4	0	WQ		15	1825	1660	+2	−4	19	40
1997	03	16	US	CA	3	0	WQ		26	1682	1634	+6	−8	37	48
1997	04	06	CA	SV	0	0	WQ		-11	1623	1527	−3	+1	51	70
1997	04	27	CA	JM	0	0	WQ		-9	1614	1561	−3	+3	53	65
1997	06	01	CA	CR	1	0	WQ		17	1631	1642	+5	−2	49	47
1997	08	17	CA	IR	0	1	F		-11	1620	1707	−2	+2	49	35
1997	09	07	JM	CA	1	0	WQ		16	1611	1604	+7	−5	51	54
1997	09	14	SV	CA	4	1	WQ		35	1536	1569	+4	−10	71	63
1997	10	12	CA	MX	2	2	WQ		8	1577	1806	+1	0	61	20
1997	11	09	CA	US	0	3	WQ		-35	1542	1711	−9	+3	68	38
1997	11	16	CR	CA	3	1	WQ		17	1617	1525	+3	−4	51	72
1998	05	18	CA	MK	1	0	F		8	1533	1558	+2	−1	68	62
1999	04	27	EI	CA	1	1	F		-4	1560	1537	−1	+1	64	71
1999	05	29	CA	GT	1	0	F		8	1545	1567	+2	−3	69	63
1999	06	02	CA	GT	2	0	CAN		18	1563	1549	+5	−7	64	69
1999	06	04	CA	IR	0	1	CAN		-11	1552	1764	−3	+4	67	21
1999	06	06	CA	EC	1	2	CAN		-11	1541	1750	−3	+1	69	28
1999	07	09	SA	CA	2	0	F	US	8	1719	1533	+2	−3	34	72
1999	09	02	CA	JM	1	0	F		9	1542	1582	+1	−2	70	58
1999	10	06	CA	CU	0	0	CCQ	US	-1	1541	1533	0	0	67	70
1999	10	08	CA	SV	2	1	CCQ	US	13	1554	1409	+2	−5	65	107
1999	10	10	CA	HT	2	1	CCQ	US	13	1567	1410	+3	−4	63	107
2000	01	08	TT	CA	0	0	F		-3	1580	1570	0	+1	59	62
2000	01	11	BM	CA	0	2	F		-8	1294	1578	−2	+3	133	60
2000	02	13	CA	CR	2	2	CCH	US	5	1583	1640	+1	0	59	49
2000	02	15	CA	KR	0	0	CCH	US	10	1593	1716	+1	−2	58	36
2000	02	20	CA	MX	2	1	CCH	US	42	1635	1850	+7	−2	51	16
2000	02	24	CA	TT	1	0	CCH	US	24	1659	1599	+3	−5	48	58
2000	02	27	CA	CO	2	0	CCH	US	51	1710	1742	+11	−6	37	27
2000	05	27	CA	TT	1	0	F		5	1715	1595	+1	0	36	58
2000	05	30	CA	HN	2	1	F		6	1721	1654	0	−1	37	49
2000	06	04	CU	CA	0	1	WQ		-12	1459	1733	−2	+6	85	31
2000	06	11	CA	CU	0	0	WQ		-16	1717	1475	−4	+3	36	82
2000	07	16	CA	TT	0	2	WQ		-49	1668	1598	−10	+8	46	56
2000	07	23	PA	CA	0	0	WQ		9	1414	1659	+1	−3	104	49
2000	08	15	MX	CA	2	0	WQ		11	1827	1648	0	−2	16	50
2000	09	03	TT	CA	4	0	WQ		29	1659	1619	+5	−7	49	56
2000	10	09	CA	PA	1	0	WQ		6	1625	1395	+1	−1	55	111
2000	11	15	CA	MX	0	0	WQ		7	1632	1837	0	0	54	14
2001	04	24	EG	CA	3	0	LGC		18	1658	1614	+5	−2	47	56
2001	04	26	CA	IR	1	0	LGC	EG	20	1634	1725	+2	−2	54	34
2001	05	31	JP	CA	3	0	CC		16	1804	1618	+3	−1	21	56
2001	06	02	BR	CA	0	0	CC	JP	-20	1971	1638	0	+2	6	53
2001	06	04	CM	CA	2	0	CC	JP	33	1709	1605	+7	−3	36	57
2001	11	14	MT	CA	2	1	F		17	1209	1588	+1	−5	155	59
2002	01	18	CA	HT	2	0	CCH	US	24	1612	1434	+4	−7	54	96
2002	01	22	EC	CA	2	0	CCH	US	31	1707	1581	+4	−6	39	59
2002	01	26	CA	MQ	1	1	CCH	US	-12	1569	1409	−2	+2	61	107
2002	01	30	US	CA	0	0	CCH		-18	1770	1587	−2	+2	26	58
2002	02	02	CA	KR	2	1	CCH	US	35	1622	1698	+5	−7	53	41
2002	05	15	CH	CA	1	3	F		-21	1657	1643	−3	+2	48	49
2002	10	15	SQ	CA	3	1	F		9	1696	1634	+1	−1	39	49
2003	01	18	US	CA	4	0	F		6	1832	1628	0	0	16	50
2003	02	12	LY	CA	2	4	F		-9	1367	1637	−3	0	119	50
2003	03	29	EE	CA	2	1	F		13	1443	1624	+7	−1	95	51
2003	06	01	DE	CA	4	1	F		3	1914	1621	0	−1	9	53
2003	07	12	CA	CR	1	0	CCH	US	35	1656	1736	+6	−9	48	33
2003	07	14	CU	CA	2	0	CCH	US	50	1589	1606	+6	−9	61	57
2003	10	11	FI	CA	3	2	F		5	1710	1601	−1	−1	37	56
2003	11	15	CZ	CA	5	1	F		2	1978	1599	0	−1	6	57
2003	11	18	IE	CA	3	0	F		5	1833	1594	+1	−1	15	58
2004	01	18	BB	CA	0	1	F		-7	1397	1601	−1	+4	110	55
2004	05	30	WA	CA	1	0	F		6	1658	1595	+2	−2	49	60
2004	06	13	CA	BZ	4	0	WQ		3	1598	1128	0	−1	60	169
2004	06	16	CA	BZ	4	0	WQ		3	1601	1125	+2	0	58	169
2004	08	18	CA	GT	0	2	WQ		-40	1561	1618	−9	+6	68	58
2004	09	04	CA	HN	1	1	WQ		2	1563	1692	−1	−1	69	35
2004	09	08	CR	CA	1	0	WQ		12	1625	1551	0	0	57	68
2004	10	09	HN	CA	1	1	WQ		-12	1671	1563	−4	+1	41	67
2004	10	13	CA	CR	1	3	WQ		-31	1532	1687	−5	+9	72	37
2004	11	17	GT	CA	0	1	WQ		-30	1601	1562	−9	+6	62	68
2005	02	09	EI	CA	0	1	F		-11	1495	1573	−2	+1	83	68
2005	03	26	PT	CA	4	1	F		3	1899	1570	−2	0	12	69
2005	07	02	CA	HN	1	2	F		-10	1560	1680	−2	+2	68	47
2005	07	07	CR	CA	1	0	CCH	US	16	1701	1544	+6	−2	38	70
2005	07	09	US	CA	2	0	CCH		6	1881	1538	0	−2	13	72
2005	07	12	CA	CU	2	1	CCH	US	27	1565	1544	+6	−4	66	69
2005	09	03	ES	CA	2	1	F		1	1952	1564	+2	+2	5	65
2005	11	16	LU	CA	0	1	F		-1	981	1565	−1	0	191	67
2006	01	22	US	CA	0	0	F		-8	1833	1573	−1	+1	18	65
2006	03	01	AT	CA	0	2	F		-23	1645	1596	−4	+6	51	58
2006	09	04	CA	JM	1	0	F		8	1604	1621	+4	0	59	54
2006	10	08	JM	CA	2	1	F		7	1611	1597	+2	−2	55	59
2006	11	15	HU	CA	1	0	F		8	1585	1589	+2	−1	60	59
2007	03	25	BM	CA	0	3	F		-5	1171	1594	−2	+1	167	60
2007	06	01	VE	CA	2	2	F		-4	1650	1598	−3	+4	51	55
2007	06	06	CA	CR	2	1	CCH	US	31	1629	1659	+4	−4	52	47
2007	06	09	GP	CA	2	1	CCH	US	41	1418	1588	+10	−8	100	60
2007	06	11	CA	HT	2	0	CCH	US	36	1624	1540	+6	−10	54	75
2007	06	16	CA	GT	3	0	CCH	US	34	1658	1508	+6	−6	48	80
2007	06	21	US	CA	2	1	CCH		10	1819	1648	+1	−2	19	49
2007	08	22	IS	CA	1	1	F		2	1473	1646	+1	−1	89	51
2007	09	12	CA	CR	1	1	F		-3	1643	1648	−2	+2	54	51
2007	11	20	ZA	CA	2	0	F		18	1481	1625	+3	−4	88	56
2008	01	30	MQ	CA	0	1	F		-6	1372	1631	−1	+1	113	55
2008	03	26	EE	CA	2	0	F		20	1419	1611	+3	−2	103	56
2008	05	31	BR	CA	3	2	F	US	1	2086	1610	0	0	1	56
2008	06	04	CA	PA	2	2	F	US	-1	1609	1578	0	+1	55	65
2008	06	15	VC	CA	0	3	WQ		-16	1282	1625	−4	+5	134	52
2008	06	20	CA	VC	4	1	WQ		5	1630	1277	0	0	51	134
2008	08	20	CA	JM	1	1	WQ		-10	1620	1554	−1	+5	51	67
2008	09	06	CA	HN	1	2	WQ		-22	1598	1699	−6	+2	57	42
2008	09	10	MX	CA	2	1	WQ		4	1908	1594	+1	−1	8	58
2008	10	11	HN	CA	3	1	WQ		13	1724	1581	+3	−5	38	63
2008	10	15	CA	MX	2	2	WQ		10	1591	1852	+2	0	61	11
2008	11	19	JM	CA	3	0	WQ		25	1619	1566	+4	−4	55	65
2009	05	30	CY	CA	0	1	F		-12	1530	1578	−5	+1	79	65
2009	06	30	CA	GT	3	0	F	US	11	1589	1422	+2	−2	61	103
2009	07	03	CA	JM	1	0	CCH	US	28	1617	1607	+6	−4	55	57
2009	07	07	CA	SV	1	0	CCH	US	22	1639	1549	+2	−4	53	70
2009	07	10	CA	CR	2	2	CCH	US	9	1648	1754	+4	−1	49	28
2009	07	18	HN	CA	1	0	CCH	US	19	1750	1629	+4	−5	32	54
2009	11	14	MK	CA	3	0	F		16	1571	1613	+5	−1	67	54
2009	11	18	PL	CA	1	0	F		7	1633	1606	0	−2	51	56
2010	01	31	JM	CA	1	0	F		7	1627	1599	0	−2	52	57
2010	05	24	AR	CA	5	0	F		3	1921	1596	0	0	7	57
2010	05	29	VE	CA	1	1	F		-6	1723	1602	−3	0	36	57
2010	09	04	CA	PE	0	2	F		-20	1582	1607	−11	+8	67	56
2010	09	07	CA	HN	2	1	F		10	1592	1679	+7	−4	61	43
2010	10	08	UA	CA	2	2	F		-7	1812	1599	−2	+1	16	59
2011	02	09	GR	CA	1	0	F		4	1752	1595	0	−1	27	59
2011	03	29	CA	BY	1	0	F	TR	11	1606	1625	+4	−3	58	56
2011	06	01	CA	EC	2	2	F		1	1607	1725	0	−1	58	35
2011	06	07	US	CA	2	0	CCH		15	1767	1592	+5	0	24	59
2011	06	11	CA	GP	1	0	CCH	US	18	1610	1469	0	0	59	92
2011	06	14	CA	PA	1	1	CCH	US	4	1614	1666	+1	0	58	46
2011	09	02	CA	LC	4	1	WQ		1	1615	1042	+1	+1	57	182
2011	09	06	PR	CA	0	3	WQ		-4	1006	1619	0	+1	187	56
2011	10	07	LC	CA	0	7	WQ		-5	1010	1624	−1	0	187	56
2011	10	11	CA	PR	0	0	WQ		-19	1605	1030	−4	+2	59	184
2011	11	11	KN	CA	0	0	WQ		15	1196	1590	+7	−4	154	63
2011	11	15	CA	KN	4	0	WQ		4	1594	1192	+2	−2	61	157
2012	02	29	AM	CA	3	1	F	CY	18	1540	1576	+3	−10	77	68
2012	06	03	CA	US	0	0	F		2	1578	1750	+4	−1	64	32
2012	06	08	CU	CA	0	1	WQ		-15	1367	1593	−4	+4	115	60
2012	06	12	CA	HN	0	0	WQ		-4	1589	1618	0	+1	61	56
2012	08	15	CA	TT	2	0	F	US	11	1600	1478	+1	−2	63	92
2012	09	07	CA	PA	1	0	WQ		21	1621	1689	+7	−5	56	39
2012	09	11	PA	CA	2	0	WQ		17	1706	1604	+1	−5	38	60
2012	10	12	CA	CU	3	0	WQ		8	1612	1332	+2	−3	57	124
2012	10	16	HN	CA	8	1	WQ		28	1679	1584	+6	−8	41	64
2013	01	29	US	CA	0	0	F		-7	1763	1591	0	+1	26	61
2013	03	22	JP	CA	2	1	F	QA	4	1825	1587	0	0	18	61
2013	03	25	BY	CA	2	0	F	QA	15	1602	1572	+3	−6	58	67
2013	05	28	CA	CR	0	1	F		-9	1563	1699	−1	+2	67	39
2013	07	07	MQ	CA	1	0	CCH	US	36	1433	1527	+5	−14	102	80
2013	07	11	MX	CA	2	0	CCH	US	12	1823	1515	+2	−5	18	84
2013	07	14	CA	PA	0	0	CCH	US	13	1528	1703	+5	−3	78	37
2013	09	08	CA	MR	0	0	F	ES	-8	1520	1154	−3	+2	83	168
2013	09	10	MR	CA	1	0	F	ES	18	1172	1502	+4	−3	164	86
2013	10	15	AU	CA	3	0	F	EN	8	1720	1494	+4	−3	32	88
2013	11	15	CZ	CA	2	0	F		3	1760	1491	0	−2	25	90
2013	11	19	SI	CA	1	0	F		4	1660	1487	−2	−1	48	90
2014	05	23	BG	CA	1	1	F	AT	-4	1643	1491	−2	0	51	88
2014	05	27	CA	MD	1	1	F	AT	-1	1490	1458	0	0	88	97
2014	09	09	CA	JM	3	1	F		12	1502	1509	+3	−1	83	82
2014	10	14	CO	CA	1	0	F	US	1	2010	1501	0	−1	5	86
2014	11	18	PA	CA	0	0	F		-7	1712	1508	−3	+2	34	84
2015	01	16	IS	CA	2	1	F	US	6	1667	1502	0	−4	49	84
2015	01	19	CA	IS	1	1	F	US	4	1506	1663	+2	0	82	48
2015	03	27	CA	GT	1	0	F	US	11	1517	1527	+4	−3	75	73
2015	03	30	PR	CA	0	3	F		-4	1053	1521	0	+2	185	75
2015	06	11	DM	CA	0	2	WQ		-4	957	1525	0	+2	194	77
2015	06	16	CA	DM	4	0	WQ		2	1527	955	+3	0	73	194
2015	07	08	CA	SV	0	0	CCH	US	-3	1524	1493	−2	0	76	87
2015	07	11	JM	CA	1	0	CCH	US	24	1560	1500	+8	−7	65	84
2015	07	14	CA	CR	0	0	CCH		13	1513	1789	+6	−1	78	22
2015	09	04	CA	BZ	3	0	WQ		5	1518	1175	+1	−1	79	165
2015	09	08	BZ	CA	1	1	WQ		12	1187	1506	+1	0	164	80
2015	10	13	CA	GH	1	1	F	US	4	1510	1659	+2	−1	80	47
2015	11	13	CA	HN	1	0	WQ		15	1525	1513	+5	−4	76	80
2015	11	17	SV	CA	0	0	WQ		-3	1474	1528	−1	0	94	76
2016	02	05	US	CA	1	0	F		3	1766	1525	+2	−1	28	78
2016	03	25	CA	MX	0	3	WQ		-12	1513	1918	−3	+1	82	11
2016	03	29	MX	CA	2	0	WQ		3	1921	1510	+1	+2	10	80
2016	06	03	AZ	CA	1	1	F	AT	3	1389	1507	0	0	112	80
2016	06	07	CA	UZ	2	1	F	AT	14	1521	1650	+3	−2	78	47
2016	09	02	HN	CA	2	1	WQ		14	1541	1507	+5	−1	72	81
2016	09	06	CA	SV	3	1	WQ		15	1522	1400	+2	−3	79	109
2016	10	06	CA	MR	4	0	F	MA	8	1530	1297	+3	−2	76	132
2016	10	11	MA	CA	4	0	F		11	1596	1519	+1	−1	60	77
2016	11	11	KR	CA	2	0	F		3	1780	1516	+2	+1	23	76
2017	01	22	BM	CA	2	4	F		-7	1199	1523	−2	+1	165	77
2017	03	22	SQ	CA	1	1	F		-6	1663	1529	−2	+2	50	75
2017	06	13	CA	CW	2	1	F		2	1531	1224	0	0	76	154
2017	07	03	NI	CA	3	1	F	US	23	1338	1508	+3	−6	123	81
2017	07	07	CA	GF	4	2	CCH	US	26	1534	1370	+7	−9	74	117
2017	07	11	CA	CR	1	1	CCH	US	15	1549	1758	+3	−3	71	28
2017	07	14	CA	HN	0	0	CCH	US	1	1550	1567	0	0	71	68
2017	07	20	JM	CA	2	1	CCH	US	28	1543	1522	+7	−8	73	79
2017	09	02	CA	JM	2	0	F		14	1536	1575	+2	−4	76	67
2017	10	08	SV	CA	1	0	F	US	13	1456	1523	+2	−1	94	75
2018	03	24	CA	NZ	1	0	F	ES	10	1533	1514	+3	−4	74	80
2018	09	09	CA	VI	8	0	CLQ	US	1	1534	721	−1	0	73	216
2018	10	16	CA	DM	5	0	CLQ		2	1536	1029	−1	0	73	188
2018	11	18	KN	CA	0	1	CLQ		-10	1245	1546	−4	+5	150	68
2019	03	24	CA	GF	4	1	CLQ		9	1555	1311	0	−3	68	133
2019	06	10	CA	TT	2	0	F	US	10	1565	1430	+1	−2	65	97
2019	06	15	CA	MQ	4	0	CCH	US	34	1599	1430	+7	−8	58	97
2019	06	19	MX	CA	3	1	CCH	US	15	1852	1584	0	−4	17	61
2019	06	23	CA	CU	7	0	CCH	US	18	1602	1274	+4	−3	57	141
2019	06	29	HT	CA	3	2	CCH	US	27	1599	1575	+9	−8	57	65
2019	09	07	CA	CU	6	0	CLA		8	1583	1266	+4	−2	61	144
2019	09	10	CA	CU	1	0	CLA	KY	6	1589	1260	+2	−2	59	147
2019	10	15	CA	US	2	0	CLA		33	1622	1696	+5	−6	53	43
2019	11	15	US	CA	4	1	CLA		19	1715	1603	+4	−4	40	57
2020	01	07	CA	BB	4	1	F	US	2	1605	1102	0	0	58	181
2020	01	10	CA	BB	4	1	F	US	2	1607	1100	+1	0	57	181
2020	01	15	IS	CA	1	0	F	US	8	1680	1599	+1	−1	44	58
2021	03	25	CA	BM	5	1	WQ	US	11	1610	1280	+4	−1	56	137
2021	03	29	CA	KY	11	0	WQ	US	2	1612	907	0	−1	55	198
2021	06	05	CA	AW	7	0	WQ	US	2	1614	910	0	−1	56	198
2021	06	08	CA	SR	4	0	WQ	US	13	1627	1337	+2	−3	54	125
2021	06	12	HT	CA	0	1	WQ		-22	1543	1649	−5	+6	73	47
2021	06	15	CA	HT	3	0	WQ	US	25	1674	1518	+3	−2	43	75
2021	07	11	CA	MQ	4	1	CCH	US	17	1691	1412	+1	−4	41	101
2021	07	15	CA	HT	4	1	CCH	US	25	1716	1507	+2	−2	39	77
2021	07	18	US	CA	1	0	CCH		12	1821	1704	+1	−1	20	40
2021	07	25	CA	CR	2	0	CCH	US	33	1737	1630	+4	−4	37	49
2021	07	29	MX	CA	2	1	CCH	US	14	1914	1723	+1	−2	14	39
2021	09	02	CA	HN	1	1	WQ		-12	1711	1596	−1	+1	39	60
2021	09	05	US	CA	1	1	WQ		-12	1838	1723	−1	+2	18	37
2021	09	08	CA	SV	3	0	WQ		12	1735	1533	+1	−1	35	74
2021	10	07	MX	CA	1	1	WQ		-13	1881	1748	0	+2	15	33
2021	10	10	JM	CA	0	0	WQ		7	1534	1741	+1	0	74	34
2021	10	13	CA	PA	4	1	WQ		15	1756	1595	+1	−4	33	61
2021	11	12	CA	CR	1	0	WQ		8	1764	1608	+2	−3	30	60
2021	11	16	CA	MX	2	1	WQ		20	1784	1840	+1	−3	28	19
2022	01	27	HN	CA	0	2	WQ		-15	1478	1799	−2	+1	86	27
2022	01	30	CA	US	2	0	WQ		27	1826	1834	+3	−7	24	22
2022	02	02	SV	CA	0	2	WQ		-15	1518	1841	−5	+3	77	21
2022	03	24	CR	CA	1	0	WQ		24	1692	1817	+6	−5	42	26
2022	03	27	CA	JM	4	0	WQ		7	1824	1524	+2	−2	24	76
2022	03	30	PA	CA	1	0	WQ		27	1627	1797	+5	−6	57	28
2022	06	09	CA	CW	4	0	CLA		4	1801	1405	+2	0	28	100
2022	06	13	HN	CA	2	1	CLA		33	1462	1768	+7	−1	86	29
2022	09	23	CA	QA	2	0	F	AT	10	1778	1648	0	−1	30	50
2022	09	27	UY	CA	2	0	F	SK	9	1935	1769	0	+1	11	29
2022	11	11	BH	CA	2	2	F		5	1500	1764	+1	0	80	29
2022	11	17	CA	JP	2	1	F	AE	11	1775	1788	0	−4	29	27
2022	11	23	BE	CA	1	0	WC	QA	13	2019	1762	0	−1	6	29
2022	11	27	HR	CA	4	1	WC	QA	31	1944	1731	+5	−8	9	37
2022	12	01	MA	CA	2	1	WC	QA	20	1869	1711	+2	−2	16	40
2023	03	25	CW	CA	0	2	CLA		-12	1350	1723	−1	0	117	40
2023	03	28	CA	HN	4	1	CLA		9	1732	1472	+1	−2	38	84
2023	06	15	CA	PA	2	0	CNL	US	25	1757	1646	+5	−1	33	52
2023	06	18	US	CA	2	0	CNL		16	1849	1741	+3	−1	18	34
2023	06	27	CA	GP	2	2	CCH		-23	1718	1268	−5	+7	39	144
2023	07	01	CA	GT	0	0	CCH	US	-14	1704	1504	−2	+5	41	79
2023	07	04	CA	CU	4	2	CCH	US	6	1710	1268	+1	−1	40	144
2023	07	09	US	CA	2	2	CCH		-14	1819	1724	−3	+2	24	38
2023	10	13	JP	CA	4	1	F		6	1894	1718	0	−2	14	41
2023	11	18	JM	CA	1	2	CLA		-19	1585	1737	−2	+1	63	37
2023	11	21	CA	JM	2	3	CLA		-32	1705	1617	−6	+6	43	56
2024	03	23	CA	TT	2	0	CAQ	US	10	1715	1417	+5	−1	38	101
2024	06	06	NL	CA	4	0	F		4	1972	1711	0	−1	10	40
2024	06	09	FR	CA	0	0	F		-9	2076	1720	0	+1	2	39
2024	06	20	AR	CA	2	0	CA	US	6	2151	1714	0	0	1	40
2024	06	25	CA	PE	1	0	CA	US	27	1741	1715	+6	−7	33	40
2024	06	29	CA	CL	0	0	CA	US	-1	1740	1723	0	0	32	40
2024	07	05	CA	VE	1	1	CA	US	6	1746	1820	+2	0	31	18
2024	07	09	AR	CA	2	0	CA	US	7	2150	1739	0	−2	1	33
2024	07	13	CA	UY	2	2	CA	US	16	1755	1986	+2	−1	31	7
2024	09	07	US	CA	1	2	F		-13	1733	1768	−2	+1	34	28
2024	09	10	CA	MX	0	0	F	US	1	1769	1792	0	0	28	21
2024	10	15	CA	PA	2	1	F		6	1775	1713	+1	0	29	42
2024	11	15	SR	CA	0	1	CNL		-6	1359	1781	−3	+2	117	29
2024	11	19	CA	SR	3	0	CNL		3	1784	1356	+2	−1	26	121
2025	03	20	MX	CA	2	0	CNL	US	31	1800	1753	+9	−8	24	34
2025	03	23	US	CA	1	2	CNL		-25	1722	1778	−5	+5	40	29
2025	06	07	CA	UA	4	2	CDS		18	1796	1791	+2	−2	27	28
2025	06	10	CA	CI	0	0	CDS		-11	1785	1587	−2	0	29	65
2025	06	17	CA	HN	6	0	CCH		14	1799	1548	+2	−5	27	73
2025	06	21	CA	CW	1	1	CCH	US	-21	1778	1410	−3	+8	30	98
2025	06	24	CA	SV	2	0	CCH	US	6	1784	1362	0	−2	30	119
2025	06	29	CA	GT	1	1	CCH	US	-16	1768	1534	−2	+2	32	75
2025	09	05	RO	CA	0	3	F		-18	1663	1786	−1	+1	51	30
2025	09	09	WA	CA	0	1	F		-11	1724	1797	−2	+2	38	27
2025	10	10	CA	AU	0	1	F		-13	1784	1803	−3	+2	29	26
2025	10	14	CA	CO	0	0	F	US	5	1789	1988	0	0	28	6
2025	11	13	CA	EC	0	0	F		1	1790	1929	+1	0	27	9
2025	11	18	CA	VE	2	0	F	US	12	1802	1715	+1	−3	25	41
2026	01	17	CA	GT	1	0	F	US	3	1805	1526	0	−2	25	79
2026	03	28	CA	IS	2	2	FT		-11	1794	1573	0	+2	25	68
2026	03	31	CA	TN	0	0	FT		-10	1784	1636	0	+3	25	58
2026	06	01	CA	UZ	2	0	F		9	1793	1718	+1	−1	25	40
2026	06	05	CA	IE	1	1	F		-5	1788	1699	0	+2	25	47
2026	06	12	CA	BA	1	1	WC		-21	1767	1616	−8	+5	33	60
2026	06	18	CA	QA	6	0	WC		10	1777	1437	+2	−1	29	91