1910	05	27	AR	CL	3	1	F		0	2012	1400	0	−	2	21
1910	05	29	UY	CL	3	0	MR	AR	5	1846	1395	0	−1	9	22
1910	06	05	AR	CL	5	1	MR		1	2013	1394	0	0	2	22
1910	09	11	CL	AR	0	3	F		-2	1392	1999	+1	0	21	3
1913	09	21	CL	AR	0	2	F		-2	1390	1952	0	0	24	4
1916	07	02	UY	CL	4	0	SA	AR	4	1917	1386	0	0	6	25
1916	07	06	AR	CL	6	1	SA		2	1942	1384	0	0	4	25
1916	07	08	BR	CL	1	1	SA	AR	-23	1887	1407	0	0	7	25
1916	07	12	AR	CL	1	0	F		1	1933	1406	−1	0	6	25
1916	07	14	UY	CL	4	1	F		1	1942	1405	0	0	4	25
1917	09	30	UY	CL	4	0	SA		3	1880	1402	0	0	8	26
1917	10	06	AR	CL	1	0	SA	UY	1	2011	1401	0	0	3	26
1917	10	12	BR	CL	5	0	SA	UY	8	1838	1393	+1	0	9	26
1917	10	21	AR	CL	1	1	F		-10	1976	1403	0	0	3	26
1919	05	11	BR	CL	6	0	SA		5	1836	1398	0	−1	9	28
1919	05	17	UY	CL	2	0	SA	BR	3	1966	1395	0	0	5	28
1919	05	22	AR	CL	4	1	SA	BR	3	1951	1392	0	0	6	28
1920	09	11	CL	BR	0	1	SA		-4	1388	1904	0	0	31	8
1920	09	20	CL	AR	1	1	SA		21	1409	1891	0	0	31	7
1920	09	26	CL	UY	1	2	SA		-2	1407	2034	0	0	31	1
1921	09	25	CL	AR	1	4	F		-3	1404	1917	0	0	34	7
1921	10	02	CL	AR	1	1	F		8	1412	1921	0	0	34	7
1922	09	17	BR	CL	1	1	SA		-23	1816	1435	−2	0	13	40
1922	09	23	UY	CL	2	0	SA	BR	3	2000	1432	0	0	2	40
1922	09	28	AR	CL	4	0	SA	BR	4	1958	1428	0	0	3	40
1922	10	05	PY	CL	3	0	SA	BR	11	1773	1417	0	0	15	40
1922	10	22	AR	CL	1	0	F		1	1926	1416	0	0	5	40
1923	11	25	UY	CL	2	1	F		0	1959	1416	0	0	3	42
1923	12	02	AR	CL	6	0	F		1	1927	1415	−5	0	7	42
1924	10	12	CL	UY	0	1	F		-1	1414	2025	0	0	44	1
1924	10	19	UY	CL	5	0	SA		2	2027	1412	0	0	1	44
1924	10	25	AR	CL	2	0	SA	UY	3	1950	1409	0	0	3	44
1924	11	01	PY	CL	3	1	SA	UY	8	1777	1401	+1	0	16	44
1926	10	12	CL	BO	7	1	SA		25	1426	1275	0	−	46	58
1926	10	17	CL	UY	1	3	SA		-6	1420	1972	0	0	46	4
1926	10	31	CL	AR	1	1	SA		22	1442	1956	+1	0	45	4
1926	11	03	CL	PY	5	1	SA		68	1510	1647	+5	−5	40	25
1927	12	10	CL	UY	2	3	F		-2	1508	2012	0	0	40	1
1928	05	27	PT	CL	4	2	OG	NL	22	1729	1486	0	−3	19	43
1928	06	05	CL	MX	3	1	OG	NL	68	1554	1613	+4	−6	38	27
1928	06	08	NL	CL	2	2	OG		-21	1742	1575	0	+4	17	34
1930	07	16	CL	MX	3	0	WC	UY	49	1624	1502	+7	−4	27	40
1930	07	19	CL	FR	1	0	WC	UY	28	1652	1577	+1	−3	26	34
1930	07	22	AR	CL	3	1	WC	UY	7	2088	1645	0	−1	1	27
1935	01	06	AR	CL	4	1	SA	PE	9	2027	1636	0	−1	3	28
1935	01	18	UY	CL	2	1	SA	PE	6	1975	1630	0	0	4	28
1935	01	26	PE	CL	1	0	SA		28	1513	1602	+4	−7	46	35
1936	12	30	AR	CL	2	1	SA		3	2011	1599	0	0	2	35
1937	01	03	BR	CL	6	4	SA	AR	13	1880	1586	0	−2	10	37
1937	01	10	CL	UY	3	0	SA	AR	78	1664	1869	+14	−7	24	10
1937	01	17	PY	CL	3	2	SA	AR	19	1775	1645	0	−5	14	29
1937	01	21	CL	PE	2	2	SA	AR	-7	1638	1549	−3	+1	32	43
1939	01	15	PY	CL	5	1	SA	PE	34	1770	1604	+1	−4	15	39
1939	01	22	PE	CL	3	1	SA		23	1669	1581	+5	−3	26	42
1939	01	29	UY	CL	3	2	SA	PE	9	1855	1572	0	−1	11	43
1939	02	05	CL	EC	4	1	SA	PE	16	1588	1290	+2	−2	41	76
1939	02	26	CL	PY	4	2	F		16	1604	1692	+2	−2	39	22
1940	03	02	AR	CL	4	1	CPR		2	2111	1602	0	0	1	39
1940	03	09	AR	CL	3	2	CPR		1	2120	1601	0	0	1	39
1940	03	12	UY	CL	3	2	F		2	1851	1599	+1	−1	10	40
1941	01	05	CL	AR	1	2	APR		-3	1596	2082	0	0	42	1
1941	01	09	CL	AR	2	5	APR		-5	1591	2087	−1	0	43	1
1941	02	02	CL	EC	5	0	SA		9	1600	1275	+1	−2	42	81
1941	02	09	CL	PE	1	0	SA		29	1629	1720	+5	0	37	17
1941	02	16	CL	UY	0	2	SA		-20	1609	1924	−3	+2	40	6
1941	03	04	CL	AR	0	1	SA		-5	1604	2107	−1	0	41	1
1942	01	10	UY	CL	6	1	SA		8	1937	1596	0	−2	6	42
1942	01	14	BR	CL	6	1	SA	UY	16	1895	1580	+1	−2	8	44
1942	01	22	PY	CL	2	0	SA	UY	26	1715	1554	+4	−3	18	47
1942	01	31	AR	CL	0	0	SA	UY	-23	2106	1577	0	+3	1	44
1942	02	05	CL	EC	2	1	SA	UY	7	1584	1244	0	0	44	87
1942	02	07	CL	PE	0	0	SA	UY	7	1591	1670	+2	0	42	26
1945	01	14	CL	EC	6	3	SA		6	1597	1238	0	0	43	90
1945	01	24	CL	BO	5	0	SA		11	1608	1314	+1	0	42	77
1945	01	31	CL	CO	2	0	SA		8	1616	1331	0	0	42	75
1945	02	11	CL	AR	1	1	SA		20	1636	2071	+3	−1	39	2
1945	02	18	CL	UY	1	0	SA		36	1672	1866	+12	−2	27	11
1945	02	28	CL	BR	0	1	SA		-14	1658	1953	−5	+1	32	5
1946	01	16	UY	CL	1	0	SA	AR	11	1883	1647	0	−3	11	33
1946	01	19	CL	PY	2	1	SA	AR	33	1680	1725	+9	0	24	16
1946	01	26	AR	CL	3	1	SA		5	2047	1675	0	−1	2	25
1946	02	03	BR	CL	5	1	SA	AR	14	1994	1661	0	−2	4	27
1946	02	08	CL	BO	4	1	SA	AR	10	1671	1286	+2	−4	25	84
1947	12	06	UY	CL	6	0	SA	EC	30	1861	1641	+3	−4	11	34
1947	12	09	CL	PE	2	1	SA	EC	28	1669	1649	+4	−3	30	33
1947	12	11	EC	CL	0	3	SA		-10	1210	1679	−1	+2	95	28
1947	12	16	AR	CL	1	1	SA	EC	-21	2079	1700	0	+4	1	24
1947	12	23	PY	CL	1	0	SA	EC	17	1836	1683	+2	−2	13	26
1947	12	27	CL	CO	4	1	SA	EC	16	1699	1408	+2	−2	24	66
1947	12	30	CL	BO	4	3	SA	EC	4	1703	1279	+1	−2	23	90
1949	04	06	BO	CL	3	2	SA	BR	46	1325	1657	+14	−7	79	31
1949	04	13	BR	CL	2	1	SA		5	1957	1652	0	0	5	32
1949	04	17	CL	EC	1	0	SA	BR	4	1656	1211	+1	0	31	97
1949	04	20	CL	CO	1	1	SA	BR	-16	1640	1397	−2	+5	33	69
1949	04	27	PY	CL	4	2	SA	BR	18	1858	1622	+1	−2	10	34
1949	04	30	PE	CL	3	0	SA	BR	39	1699	1583	+4	−6	25	40
1949	05	08	CL	UY	3	1	SA	BR	56	1639	1720	+7	−8	33	23
1950	02	26	BO	CL	2	0	WQ		41	1453	1598	+4	−3	65	36
1950	03	12	CL	BO	5	0	F		8	1606	1445	+1	0	36	65
1950	04	07	CL	UY	1	5	F		-18	1588	1738	−2	+7	38	16
1950	04	09	CL	UY	2	1	F		11	1599	1727	+1	−5	37	21
1950	06	25	EN	CL	2	0	WC	BR	6	2077	1593	+1	−2	1	39
1950	06	29	ES	CL	2	0	WC	BR	12	1923	1581	0	−2	8	41
1950	07	02	CL	US	5	2	WC	BR	59	1640	1566	+8	−10	33	44
1952	03	16	CL	PA	6	1	PAC		21	1661	1485	+2	−6	30	63
1952	03	26	CL	MX	4	0	PAC		40	1701	1666	+6	−6	24	30
1952	04	02	CL	PE	3	2	PAC		20	1721	1706	+3	−4	21	24
1952	04	13	CL	UY	2	0	PAC		49	1770	1880	+6	−3	16	10
1952	04	20	CL	BR	0	3	PAC		-25	1745	2057	−1	0	17	2
1953	02	25	PY	CL	3	0	SA	PE	31	1881	1714	+3	−3	9	20
1953	03	01	CL	UY	3	2	SA	PE	35	1749	1828	+3	−1	17	13
1953	03	04	PE	CL	0	0	SA		-5	1713	1754	−1	0	21	17
1953	03	19	CL	EC	3	0	SA	PE	6	1760	1280	+1	−1	16	99
1953	03	23	BR	CL	3	2	SA	PE	9	2040	1751	0	−2	3	18
1953	03	28	BO	CL	2	2	SA	PE	18	1460	1733	+6	+1	66	17
1953	05	24	CL	EN	1	2	F		-5	1728	2008	−2	0	19	3
1953	07	12	CL	ES	1	2	F		-9	1719	1879	0	0	21	10
1953	07	26	PE	CL	1	2	PCF		-19	1690	1738	0	+2	23	19
1953	07	28	PE	CL	5	0	PCF		26	1716	1712	+2	−4	21	23
1954	02	14	PY	CL	4	0	WQ		11	1937	1701	+2	−1	6	23
1954	02	21	CL	PY	1	3	WQ		-19	1682	1956	−3	+1	26	5
1954	02	28	CL	BR	0	2	WQ		-15	1667	1985	−2	0	28	4
1954	03	14	BR	CL	1	0	WQ		3	2012	1664	0	−1	3	29
1954	09	17	CL	PE	2	1	PCF		13	1677	1703	+1	0	27	21
1954	09	19	CL	PE	2	4	PCF		-27	1650	1730	−3	+3	30	18
1955	02	27	CL	EC	7	1	SA		6	1656	1269	+1	0	30	111
1955	03	06	CL	PE	5	4	SA		23	1679	1707	+4	−1	26	20
1955	03	13	CL	UY	2	2	SA		13	1692	1962	+3	0	23	6
1955	03	20	CL	PY	5	0	SA		62	1754	1812	+6	−4	17	13
1955	03	30	CL	AR	0	1	SA		-9	1745	2115	−2	0	19	2
1955	09	18	BR	CL	1	1	OHC		-12	1999	1757	−1	+2	4	17
1955	09	20	BR	CL	2	1	OHC		4	2003	1753	0	−2	4	19
1956	01	24	CL	BR	4	1	SA	UY	70	1823	1930	+6	−4	13	7
1956	01	29	AR	CL	2	0	SA	UY	11	2132	1812	0	0	2	13
1956	02	06	UY	CL	2	1	SA		11	1937	1801	+1	0	7	13
1956	02	09	CL	PE	4	3	SA	UY	21	1822	1724	0	−2	13	21
1956	02	12	CL	PY	2	0	SA	UY	34	1856	1756	+4	−2	9	17
1956	03	01	BR	CL	2	1	PAC	MX	17	1994	1839	+1	−1	3	10
1956	03	08	CR	CL	2	1	PAC	MX	33	1749	1806	+4	−3	20	13
1956	03	11	AR	CL	3	0	PAC	MX	17	2075	1789	0	−1	2	14
1956	03	15	CL	PE	2	2	PAC	MX	-1	1788	1772	0	0	14	16
1956	03	17	MX	CL	2	1	PAC		29	1658	1759	+4	−3	32	17
1956	08	26	CL	CS	3	0	F		16	1775	1818	+1	−1	17	12
1957	03	13	BR	CL	4	2	SA	PE	14	2039	1761	0	−1	3	18
1957	03	16	PE	CL	1	0	SA		20	1752	1741	+1	−1	18	19
1957	03	21	CL	CO	3	2	SA	PE	5	1746	1348	0	−1	19	96
1957	03	24	CL	EC	2	2	SA	PE	-22	1724	1274	−1	+5	19	112
1957	03	28	AR	CL	6	2	SA	PE	9	2128	1715	0	−3	2	22
1957	04	01	UY	CL	2	0	SA	PE	16	1953	1699	0	−3	5	24
1957	09	15	CL	BR	1	0	OHC		23	1722	1979	+4	0	21	4
1957	09	18	CL	BR	1	1	OHC		6	1728	1973	0	0	21	4
1957	09	22	CL	BO	2	1	WQ		6	1734	1504	0	−2	21	64
1957	09	29	BO	CL	3	0	WQ		48	1552	1686	+8	−7	56	28
1957	10	13	CL	AR	0	2	WQ		-11	1675	2052	−3	0	31	2
1957	10	20	AR	CL	4	0	WQ		5	2057	1670	0	−1	2	33
1959	03	07	AR	CL	6	1	SA		12	1934	1658	+2	−3	4	38
1959	03	11	PY	CL	2	1	SA	AR	18	1783	1640	+2	−1	16	39
1959	03	15	BR	CL	3	0	SA	AR	5	2127	1635	0	0	1	39
1959	03	21	CL	PE	1	1	SA	AR	11	1646	1795	0	0	39	15
1959	03	26	CL	BO	5	2	SA	AR	33	1679	1524	+5	−5	34	60
1959	04	02	CL	UY	1	0	SA	AR	37	1716	1828	+5	−1	29	12
1959	09	17	BR	CL	7	0	OHC		3	2159	1713	0	−1	1	30
1959	09	20	BR	CL	1	0	OHC		1	2160	1712	0	0	1	30
1959	11	18	CL	AR	4	2	F		22	1734	1974	+4	−1	26	3
1960	03	16	FR	CL	6	0	F		7	1936	1727	0	0	6	27
1960	03	23	WG	CL	2	1	F		4	1870	1723	0	0	11	26
1960	03	30	IE	CL	2	0	F		9	1767	1714	+4	−4	18	30
1960	04	06	CH	CL	4	2	F		17	1573	1697	+4	0	49	30
1960	04	13	BE	CL	1	1	F		-2	1651	1699	0	0	38	30
1960	06	01	CL	UY	2	3	F		-6	1693	1945	−1	+1	33	5
1960	06	05	UY	CL	2	2	F		-8	1937	1701	−1	+1	6	32
1960	06	29	BR	CL	4	0	F		3	2059	1698	0	−1	1	31
1960	07	14	CL	ES	0	4	F		-12	1686	1950	−1	0	33	6
1960	07	17	CL	ES	1	4	F		-10	1676	1960	−1	+1	34	5
1960	12	18	CL	PY	4	1	F		14	1690	1693	0	−3	31	30
1960	12	21	CL	PY	3	1	F		11	1701	1682	+2	−1	29	31
1961	03	19	CL	PE	5	2	F		15	1716	1746	+3	−3	27	24
1961	03	26	CL	WG	3	1	F		18	1734	1861	+1	0	26	11
1961	05	07	CL	BR	1	2	OHC		-6	1728	2083	+1	0	22	1
1961	05	11	CL	BR	0	1	OHC		-6	1722	2089	−1	0	23	1
1961	10	12	CL	UY	2	3	F		-7	1715	1935	0	+1	22	9
1961	11	22	CL	SU	0	1	F		-5	1710	1995	0	0	23	2
1961	12	09	CL	HU	5	1	F		27	1737	1956	+1	−4	22	7
1961	12	13	CL	HU	0	0	F		3	1740	1953	0	0	22	7
1962	05	30	CL	CH	3	1	WC		29	1769	1679	+5	−5	17	30
1962	06	02	CL	IT	2	0	WC		46	1815	1827	+2	0	15	14
1962	06	06	CL	WG	0	2	WC		-46	1769	1957	−2	+2	17	7
1962	06	10	CL	SU	2	1	WC		45	1814	2013	+1	−1	16	3
1962	06	13	CL	BR	2	4	WC		-18	1796	2167	−1	0	17	1
1962	06	16	CL	YU	1	0	WC		36	1832	1932	+1	−3	16	7
1962	11	07	CL	AR	1	1	CDC		1	1833	1954	0	0	16	5
1962	11	21	AR	CL	1	0	CDC		7	1961	1826	0	0	5	16
1963	03	23	UY	CL	3	2	CPD		10	1868	1816	0	0	13	16
1963	07	24	CL	UY	0	0	CPD		-2	1814	1870	0	0	15	12
1964	09	24	AR	CL	5	0	CDC		10	2002	1804	+1	−1	1	15
1964	10	14	CL	AR	1	1	CDC		4	1808	1998	+1	0	15	1
1965	04	15	CL	PE	4	1	PCF		9	1817	1624	0	−4	17	43
1965	04	28	PE	CL	0	1	PCF		-11	1613	1828	−2	+1	44	15
1965	05	09	CL	UY	0	0	CPD		-4	1824	1848	0	0	16	15
1965	05	16	UY	CL	1	1	CPD		-5	1843	1829	0	0	15	16
1965	07	14	AR	CL	1	0	CDC		6	1978	1823	0	−1	3	15
1965	07	21	CL	AR	1	1	CDC		2	1825	1976	0	0	15	3
1965	08	01	CL	CO	7	2	WQ		3	1828	1379	+1	−1	14	97
1965	08	07	CO	CL	2	0	WQ		53	1432	1775	+15	−6	82	20
1965	08	15	EC	CL	2	2	WQ		12	1440	1763	+2	−1	83	21
1965	08	22	CL	EC	3	1	WQ		5	1768	1435	+1	−1	20	84
1965	10	12	CL	EC	2	1	WQ	PE	5	1773	1430	+1	−2	21	87
1966	02	23	CL	SU	0	2	F		-10	1763	2003	−3	+1	26	2
1966	04	17	CL	BR	0	1	OHC		-9	1754	2020	0	0	25	1
1966	04	20	CL	BR	2	1	OHC		22	1776	1998	+3	0	22	1
1966	05	11	MX	CL	1	0	FT		7	1889	1769	0	−2	10	23
1966	05	15	BR	CL	1	1	F		-7	1994	1776	−2	+2	3	21
1966	05	19	BR	CL	1	0	F		3	1999	1773	0	0	2	21
1966	05	22	CL	WA	2	0	F		8	1781	1698	+3	−2	18	31
1966	05	29	CL	MX	0	1	FT		-15	1766	1904	−4	+2	22	8
1966	07	02	DD	CL	5	2	F		15	1738	1751	+1	−3	28	24
1966	07	13	IT	CL	2	0	WC	EN	20	1993	1731	+2	−4	4	28
1966	07	15	CL	KP	1	1	WC	EN	2	1733	1753	0	+1	28	22
1966	07	20	SU	CL	2	1	WC	EN	8	2060	1725	0	0	1	28
1966	11	30	CL	CO	5	2	SAQ		7	1732	1425	0	−3	28	92
1966	12	11	CO	CL	0	0	SAQ		11	1436	1721	+2	0	90	28
1967	01	18	CL	VE	2	0	SA	UY	8	1729	1344	0	−1	28	102
1967	01	22	CL	PY	4	2	SA	UY	38	1767	1695	+8	−3	20	30
1967	01	26	UY	CL	2	2	SA		-13	1851	1780	−1	0	12	20
1967	01	28	AR	CL	2	0	SA	UY	16	2027	1764	0	−1	3	21
1967	02	01	BO	CL	0	0	SA	UY	13	1586	1751	+2	−2	47	23
1967	08	15	CL	AR	1	0	F		14	1765	1984	+3	−2	20	5
1967	09	19	CL	BR	0	1	F		-8	1757	1936	−2	+1	22	8
1967	11	08	CL	AR	3	1	F		20	1777	1949	+2	−1	19	7
1967	12	13	CL	HU	4	5	F		-7	1770	1989	−1	0	19	3
1967	12	17	CL	SU	1	4	F		-13	1757	1974	−1	+1	20	4
1968	08	18	PE	CL	1	2	PCF		-12	1583	1769	−3	+1	53	18
1968	08	21	PE	CL	0	0	PCF		4	1587	1765	+2	0	51	18
1968	08	28	MX	CL	3	1	F		8	1855	1757	+2	−1	14	19
1968	10	23	CL	MX	3	1	F		15	1772	1843	+1	0	19	15
1968	11	27	AR	CL	4	0	CDC		12	1914	1760	0	−1	9	20
1968	12	04	CL	AR	2	1	CDC		17	1777	1897	+1	0	19	9
1968	12	18	CL	WG	2	1	F		14	1791	2012	+1	0	18	2
1969	05	28	CL	AR	1	1	F		0	1791	1888	0	0	18	9
1969	06	08	PY	CL	0	1	F		-12	1743	1803	−1	0	25	18
1969	06	11	AR	CL	2	1	F		5	1893	1798	0	0	9	18
1969	06	15	CO	CL	3	3	F		7	1424	1791	+1	0	87	18
1969	06	22	DD	CL	0	1	F		-15	1853	1806	−1	+1	12	18
1969	06	25	DD	CL	2	1	F		6	1859	1800	+1	−1	11	19
1969	07	06	CL	PY	0	0	F		-4	1796	1747	0	+1	19	24
1969	07	13	CL	UY	0	0	WQ		-3	1793	1846	0	0	19	12
1969	07	27	CL	EC	4	1	WQ		5	1798	1432	0	−2	19	85
1969	08	03	EC	CL	1	1	WQ		13	1445	1785	+4	−1	81	20
1969	08	10	UY	CL	2	0	WQ		17	1865	1768	0	−1	11	21
1970	03	22	BR	CL	5	0	F		5	2022	1763	0	−1	2	23
1970	03	26	BR	CL	2	1	F		2	2024	1761	0	0	2	23
1970	10	04	CL	BR	1	5	F		-5	1756	2178	0	0	22	1
1971	02	02	CL	DD	0	1	F		-9	1747	1915	−2	0	24	7
1971	07	14	CL	PY	3	2	F		7	1754	1726	+1	−3	22	30
1971	07	21	CL	AR	2	2	CDC		0	1754	1853	0	0	22	12
1971	08	04	AR	CL	1	0	CDC		7	1875	1747	0	0	10	22
1971	08	08	PY	CL	2	0	F		12	1740	1735	+4	−4	24	26
1971	08	11	PE	CL	1	0	PCF		10	1756	1725	0	−3	22	29
1971	08	15	BO	CL	3	4	F		-10	1611	1735	−2	+3	45	26
1971	08	18	CL	PE	1	0	PCF		11	1746	1734	+3	−3	23	26
1971	10	27	UY	CL	3	0	CPD		13	1849	1733	+1	−2	12	28
1971	11	03	CL	UY	5	0	CPD		31	1764	1818	+7	−2	21	14
1972	01	26	MX	CL	2	0	F		11	1767	1753	+4	−3	21	25
1972	02	09	HT	CL	1	0	F		12	1602	1741	+4	−2	50	27
1972	05	31	CL	AR	3	4	CDC		-14	1727	1883	−1	+2	29	8
1972	06	14	CL	EC	2	1	BRI	BR	6	1733	1430	+1	0	27	82
1972	06	18	PT	CL	4	1	BRI	BR	25	1859	1708	+2	−5	11	32
1972	06	21	CL	IE	2	1	BRI	BR	13	1721	1569	+4	−1	28	55
1972	06	25	CL	IR	2	1	BRI	BR	17	1738	1657	+1	−4	27	39
1972	08	16	CL	MX	0	2	F		-19	1719	1772	−2	+2	29	24
1972	09	27	AR	CL	2	0	CDC		9	1871	1710	0	−2	11	31
1973	02	14	CL	TI	10	1	F		5	1715	1407	+2	−1	27	89
1973	04	14	HT	CL	1	1	F		0	1614	1715	0	0	44	29
1973	04	24	EC	CL	1	1	F		5	1444	1710	+1	−2	75	31
1973	04	29	PE	CL	2	0	WQ		21	1742	1689	+1	−3	26	34
1973	05	13	CL	PE	2	0	WQ		26	1715	1716	+3	−2	29	28
1973	07	13	AR	CL	5	4	CDC		6	1880	1709	0	−2	11	31
1973	07	18	CL	AR	3	1	CDC		27	1736	1853	+3	−3	27	14
1973	07	24	CL	BO	3	0	PVC		10	1746	1569	0	−1	27	55
1973	08	05	CL	PE	2	1	WQ	UY	16	1762	1668	+1	−1	26	34
1973	09	20	MX	CL	1	2	F		-14	1795	1776	−1	+3	21	23
1973	09	26	SU	CL	0	0	WQ		-12	1897	1788	0	+1	8	22
1974	04	24	HT	CL	0	1	F		-8	1608	1796	−2	0	44	20
1974	04	26	HT	CL	0	0	F		2	1610	1794	+1	0	43	20
1974	05	12	CL	IE	1	2	F		-17	1777	1619	−4	+4	24	42
1974	06	14	WG	CL	1	0	WC		5	2118	1772	0	0	1	23
1974	06	18	CL	DD	1	1	WC	WG	15	1787	1941	+2	−1	21	7
1974	06	22	AU	CL	0	0	WC	WG	10	1676	1777	+1	−1	33	22
1974	11	06	CL	AR	0	2	CDC		-25	1752	1867	−3	+2	25	13
1974	11	20	AR	CL	1	1	CDC		-8	1859	1760	−1	+1	13	24
1974	12	22	CL	PY	1	0	F		8	1768	1766	+2	−1	22	23
1975	06	04	UY	CL	1	0	CPD		13	1717	1755	+2	−2	29	24
1975	06	25	CL	UY	1	3	CPD		-31	1724	1750	−4	+4	29	25
1975	07	17	CL	PE	1	1	CA		-12	1712	1662	0	+2	29	38
1975	07	20	BO	CL	2	1	CA		31	1555	1681	+9	−4	53	33
1975	08	13	CL	BO	4	0	CA		17	1698	1500	+2	−4	31	66
1975	08	20	PE	CL	3	1	CA		27	1727	1671	+1	−5	28	36
1976	10	06	CL	UY	0	0	CPD		-5	1666	1657	0	+3	35	36
1976	10	13	AR	CL	2	0	CDC		6	1901	1660	0	−1	11	37
1977	01	26	CL	PY	4	0	F		15	1675	1667	+1	−2	36	37
1977	01	30	UY	CL	3	0	CPD		19	1699	1656	+4	−1	31	37
1977	02	02	PY	CL	2	0	F		10	1677	1646	0	−2	36	39
1977	02	27	EC	CL	0	1	WQ		-16	1457	1662	−4	+3	79	36
1977	03	06	CL	PE	1	1	WQ		-1	1661	1751	−1	0	37	22
1977	03	20	CL	EC	3	0	WQ		10	1671	1440	+2	−3	35	84
1977	03	26	PE	CL	2	0	WQ		15	1773	1656	+2	−4	21	39
1977	06	15	CL	SQ	2	4	F		-7	1649	1981	−4	+1	41	4
1979	06	13	CL	EC	0	0	F		-7	1642	1447	0	+1	41	81
1979	06	21	EC	CL	2	1	F		13	1460	1629	+5	−3	76	44
1979	07	11	CL	UY	1	0	CPD		13	1642	1666	+3	−1	41	35
1979	07	18	UY	CL	2	1	CPD		10	1676	1632	0	−2	35	44
1979	08	08	VE	CL	1	1	CA		13	1354	1619	+3	−2	102	45
1979	08	15	CO	CL	1	0	CA		21	1602	1598	+5	−5	49	50
1979	08	29	CL	VE	7	0	CA		13	1611	1330	+2	−1	48	106
1979	09	05	CL	CO	2	0	CA		27	1638	1586	+8	−7	40	54
1979	10	17	PE	CL	1	2	CA		-40	1741	1678	−1	+7	23	34
1979	10	24	CL	PE	0	0	CA		-3	1675	1744	0	−1	34	24
1979	11	28	PY	CL	3	0	CA		19	1818	1656	+1	−4	19	39
1979	12	05	CL	PY	1	0	CA		29	1685	1789	+6	−1	33	20
1979	12	11	CL	PY	0	0	CA	AR	7	1692	1782	+1	−1	32	21
1980	06	24	BR	CL	2	1	F		1	2038	1691	0	0	2	33
1980	06	25	CL	UY	2	1	F		6	1697	1644	+1	−1	32	44
1980	08	21	UY	CL	0	0	F		-1	1643	1698	0	0	43	32
1980	09	18	AR	CL	2	2	F		-8	1989	1706	0	+1	4	31
1981	03	10	CL	CO	1	0	F		4	1710	1583	0	−1	30	48
1981	03	14	BR	CL	2	1	F		1	2053	1709	0	0	2	30
1981	03	19	CO	CL	1	2	F		-10	1599	1719	−1	+2	46	28
1981	04	19	CL	PE	3	0	F		12	1731	1694	+2	−1	26	31
1981	04	29	CL	UY	1	2	CPD		-16	1715	1825	−1	+2	28	19
1981	05	24	EC	CL	0	0	WQ		7	1497	1708	0	0	71	28
1981	06	07	PY	CL	0	1	WQ		-27	1711	1735	−3	+2	29	27
1981	06	14	CL	EC	2	0	WQ		7	1742	1482	+1	−3	26	75
1981	06	21	CL	PY	3	0	WQ		22	1764	1689	+3	−3	23	32
1981	07	05	CL	ES	1	1	F		-1	1763	1847	0	0	23	17
1981	07	15	UY	CL	0	0	CPD		-7	1818	1770	−1	0	19	23
1981	08	05	PE	CL	1	2	F		-11	1684	1781	−3	+1	34	22
1981	08	26	CL	BR	0	0	F		5	1786	2089	0	0	22	1
1982	03	23	CL	PE	2	1	F		6	1792	1722	0	0	20	30
1982	03	30	PE	CL	1	0	PCF		14	1736	1778	+1	0	29	20
1982	05	18	CL	RO	2	3	F		-13	1765	1774	−2	+2	22	21
1982	05	21	CL	IE	1	0	F		7	1772	1754	0	−2	22	26
1982	06	17	AT	CL	1	0	WC	ES	18	1937	1754	0	−4	8	25
1982	06	20	WG	CL	4	1	WC	ES	16	2070	1738	0	−3	2	28
1982	06	24	DZ	CL	3	2	WC	ES	35	1713	1703	+6	−4	31	32
1983	04	28	BR	CL	3	2	F		1	2116	1702	0	0	1	33
1983	05	12	CL	AR	2	2	F		4	1706	1938	0	−1	33	9
1983	06	23	AR	CL	1	0	F		3	1941	1703	+1	0	7	31
1983	07	14	CO	CL	2	2	F		0	1587	1703	0	0	49	32
1983	07	19	BO	CL	1	2	F		-8	1535	1711	−2	0	63	32
1983	07	21	PE	CL	0	1	PCF		-21	1726	1732	−2	+5	29	27
1983	07	24	PY	CL	1	0	F		8	1718	1724	+2	−2	31	29
1983	07	28	CL	BR	0	0	F		7	1731	2108	+2	0	27	1
1983	08	03	CL	PE	2	0	PCF		16	1747	1710	0	−3	27	32
1983	08	17	CL	PY	3	2	F		6	1753	1712	+1	−3	26	33
1983	08	24	CL	BO	4	2	F		4	1757	1510	+1	0	25	66
1983	09	01	UY	CL	2	1	CA		15	1813	1742	0	−2	19	27
1983	09	08	CL	VE	5	0	CA		6	1748	1371	0	0	27	93
1983	09	11	CL	UY	2	0	CA		34	1782	1783	+6	−1	21	20
1983	09	21	VE	CL	0	0	CA		18	1382	1764	+3	−3	90	24
1984	06	17	CL	EN	0	0	F		2	1766	1947	0	0	26	4
1984	10	28	CL	MX	1	0	F		7	1773	1769	+2	−1	25	26
1985	02	06	CL	PY	1	0	F		7	1780	1768	+1	−4	25	29
1985	02	08	CL	FI	2	0	F		3	1783	1489	+1	−1	24	74
1985	02	21	CL	CO	1	1	F		-7	1776	1605	−1	+1	25	45
1985	02	24	CL	PE	1	2	F		-16	1760	1665	−4	+1	29	37
1985	03	03	EC	CL	1	1	WQ		6	1563	1754	+2	0	58	29
1985	03	09	PE	CL	1	1	F		-1	1672	1755	0	0	34	29
1985	03	17	CL	EC	6	2	WQ		12	1767	1548	+2	−2	27	60
1985	03	24	CL	UY	2	0	WQ		36	1803	1897	+6	−1	21	7
1985	04	07	UY	CL	2	1	WQ		9	1917	1794	+1	−3	6	24
1985	05	14	AR	CL	2	0	F		8	1892	1786	+2	−2	6	26
1985	05	21	CL	BR	2	1	F		11	1797	1918	+4	0	22	5
1985	06	08	BR	CL	3	1	F		6	1933	1791	+1	−2	4	24
1985	10	09	PY	CL	0	0	F		-1	1724	1792	0	0	32	26
1985	10	17	CL	UY	1	0	F		9	1801	1863	0	−2	24	12
1985	10	19	CL	PY	0	0	F		-4	1797	1741	0	+1	24	30
1985	10	27	CL	PE	4	2	WQ		16	1813	1704	0	0	23	32
1985	11	03	PE	CL	0	1	WQ		-19	1685	1832	−2	+4	34	19
1985	11	10	PY	CL	3	0	WQ		34	1772	1798	+4	−4	27	23
1985	11	17	CL	PY	2	2	WQ		-7	1791	1779	0	0	23	27
1986	05	07	BR	CL	1	1	F		-6	1916	1797	0	+1	5	26
1987	06	19	PE	CL	1	3	F		-13	1632	1810	−2	+3	44	18
1987	06	21	PE	CL	2	0	F		18	1650	1792	+4	−2	40	21
1987	06	24	CL	PE	1	0	F		4	1796	1646	0	−1	21	41
1987	06	30	CL	VE	3	1	CA	AR	6	1802	1368	+1	−1	20	96
1987	07	03	CL	BR	4	0	CA	AR	74	1876	1959	+7	−3	13	4
1987	07	08	CL	CO	2	1	CA	AR	15	1891	1716	+2	−3	11	34
1987	07	12	UY	CL	1	0	CA	AR	30	1854	1861	+2	−3	16	14
1987	12	09	BR	CL	2	1	F		5	1964	1856	+1	−1	4	15
1988	05	23	GR	CL	1	0	SMC	CA	21	1719	1835	+2	−3	32	16
1988	05	25	CA	CL	1	0	SMC		22	1572	1813	+6	−3	55	19
1988	06	01	US	CL	1	1	F		2	1627	1811	0	0	45	19
1988	06	03	US	CL	1	3	F		-11	1616	1822	−2	+1	47	18
1988	06	05	US	CL	0	3	F		-12	1604	1834	−1	+1	48	17
1988	09	13	CL	EC	3	1	F		3	1837	1568	+1	−1	16	54
1988	09	27	PY	CL	2	0	BQR		19	1803	1818	+5	−2	21	18
1988	09	29	CL	EC	0	0	BQR	PY	-9	1809	1571	−2	+3	20	52
1988	10	25	CL	PE	2	0	PCF		8	1817	1640	+3	−1	18	42
1988	11	01	CL	UY	1	1	CPD		-4	1813	1830	−2	0	20	17
1988	11	09	UY	CL	3	1	CPD		15	1845	1798	0	−3	16	23
1988	11	23	PE	CL	1	1	PCF		2	1642	1796	0	0	41	24
1989	01	29	EC	CL	1	0	F		13	1584	1783	+5	−1	49	23
1989	02	01	CL	PE	0	0	CNY	CO	-6	1777	1640	−1	+1	24	41
1989	02	05	CO	CL	1	0	CNY		9	1831	1768	0	−2	17	26
1989	04	20	CL	AR	1	1	F		-1	1767	1838	−1	0	25	15
1989	05	05	CL	GT	1	0	FT	US	6	1773	1516	0	0	24	65
1989	05	07	CL	SV	1	0	FT	US	5	1778	1467	0	−2	24	78
1989	05	23	EN	CL	0	0	RSC		-8	1893	1786	−2	+1	10	23
1989	05	26	EI	CL	0	1	F		-10	1677	1796	−1	+1	34	22
1989	05	30	SQ	CL	2	0	RSC		16	1816	1780	0	−2	21	24
1989	06	03	EG	CL	2	0	F		17	1661	1763	+2	−1	39	25
1989	06	19	UY	CL	2	2	F		-5	1847	1768	0	0	15	25
1989	06	22	BO	CL	0	1	F		-6	1502	1774	−1	+1	66	24
1989	06	27	CL	BO	2	1	F		2	1776	1500	0	−1	24	67
1989	07	02	AR	CL	1	0	CA	BR	21	1859	1755	+4	−2	14	26
1989	07	06	UY	CL	3	0	CA	BR	36	1855	1719	+5	−3	15	29
1989	07	08	CL	BO	5	0	CA	BR	22	1741	1475	+2	−8	27	75
1989	07	10	CL	EC	2	1	CA	BR	17	1758	1604	+1	−3	26	47
1989	07	25	CL	PE	2	1	F		4	1762	1598	+1	0	25	50
1989	08	06	VE	CL	1	3	WQ		-10	1382	1772	−1	+1	97	24
1989	08	13	CL	BR	1	1	WQ		6	1778	1978	+1	0	23	4
1989	08	27	CL	VE	5	0	WQ	AR	7	1785	1373	0	−1	23	98
1989	09	03	BR	CL	1	0	WQ		6	1986	1779	+1	−1	3	24
1990	10	17	CL	BR	0	0	TXR		4	1783	1969	−2	0	21	4
1990	11	08	BR	CL	0	0	TXR		-10	1959	1793	0	0	4	21
1991	04	09	MX	CL	1	0	F		5	1892	1788	0	0	11	21
1991	05	22	IE	CL	1	1	F		-5	1896	1793	−1	+1	10	21
1991	05	30	CL	UY	2	1	F		9	1802	1857	+1	−2	20	16
1991	06	19	EC	CL	2	1	F		12	1656	1790	+3	−2	39	22
1991	06	26	UY	CL	2	1	F		6	1839	1784	+1	−1	16	23
1991	06	30	CL	EC	3	1	F		6	1790	1645	+1	−3	22	42
1991	07	06	CL	VE	2	0	CA		4	1794	1369	+1	−1	21	99
1991	07	08	CL	PE	4	2	CA		9	1803	1531	+1	−2	20	62
1991	07	10	CL	AR	0	1	CA		-25	1778	1925	−4	+2	24	8
1991	07	14	CL	PY	4	0	CA		30	1808	1717	+3	−2	21	32
1991	07	17	CL	CO	1	1	CA		-7	1801	1809	−1	+1	21	20
1991	07	19	CL	AR	0	0	CA		5	1806	1973	+1	0	20	4
1991	07	21	CL	BR	0	2	CA		-36	1770	1952	−4	+5	24	5
1993	03	31	CL	BO	2	1	F		3	1773	1573	0	0	26	60
1993	05	30	CL	CO	1	1	F		-3	1770	1777	0	0	26	25
1993	06	06	CO	CL	1	0	F		7	1784	1763	0	0	24	26
1993	06	09	EC	CL	1	2	F		-10	1653	1773	−3	0	39	26
1993	06	13	BO	CL	1	3	F		-11	1575	1784	−1	+2	61	24
1993	06	18	PY	CL	1	0	CA	EC	31	1731	1753	+1	−2	30	27
1993	06	21	CL	BR	3	2	CA	EC	39	1792	1937	+2	−3	25	7
1993	06	24	PE	CL	1	0	CA	EC	39	1621	1753	+17	−2	46	27
1993	09	08	ES	CL	2	0	F		8	1846	1745	0	0	18	27
1994	03	22	FR	CL	3	1	F		6	1907	1739	0	0	9	27
1994	03	27	SA	CL	0	2	F		-16	1655	1755	−5	0	40	27
1994	03	29	SA	CL	2	2	F		0	1655	1755	+1	0	39	27
1994	04	30	US	CL	0	2	F		-13	1599	1768	−1	+1	56	25
1994	05	18	CL	AR	3	3	F		2	1770	1921	0	0	25	8
1994	05	25	CL	PE	2	1	F		3	1773	1535	0	−1	25	69
1994	09	21	CL	BO	1	2	F		-15	1758	1686	0	+5	27	32
1994	11	16	CL	AR	0	3	F		-18	1740	1875	0	+3	28	14
1995	03	29	CL	MX	2	1	F	US	14	1754	1885	0	−1	28	13
1995	04	19	PE	CL	6	0	F		27	1576	1727	+4	0	62	28
1995	04	22	CL	IS	1	1	F		-6	1721	1573	0	0	28	63
1995	05	25	CL	EI	2	1	CAN	CA	12	1733	1644	+1	−4	28	40
1995	05	28	CA	CL	1	2	CAN		-14	1600	1747	−4	0	55	28
1995	06	16	CL	NZ	3	1	CNY		5	1752	1498	+1	−1	28	80
1995	06	19	CL	PY	0	1	CNY		-21	1731	1715	−1	0	29	32
1995	06	22	CL	TR	0	0	CNY		-4	1727	1738	0	0	30	29
1995	07	08	US	CL	2	1	CA	UY	29	1704	1698	+2	−2	31	33
1995	07	11	AR	CL	4	0	CA	UY	23	1913	1675	+3	−1	7	34
1995	07	14	BO	CL	2	2	CA	UY	-1	1685	1676	−1	0	33	34
1995	10	11	CL	CA	2	0	F		8	1684	1587	0	−4	34	58
1996	02	04	BO	CL	1	1	F		-2	1669	1686	−1	0	38	35
1996	02	07	CL	MX	2	1	F		12	1698	1857	+1	−2	34	15
1996	02	14	CL	PE	4	0	F		8	1706	1559	0	0	33	62
1996	04	24	CL	AU	3	0	F		11	1717	1667	0	−4	32	40
1996	05	26	CL	BO	2	0	F		10	1727	1675	+1	−2	30	36
1996	06	02	VE	CL	1	1	WQ		14	1351	1713	+4	−3	116	33
1996	07	06	CL	EC	4	1	WQ		27	1740	1700	+4	−4	28	33
1996	08	26	CR	CL	1	1	F		2	1563	1738	+1	−1	64	29
1996	09	01	CO	CL	4	1	WQ		13	1901	1725	+2	−2	11	30
1996	10	09	PY	CL	2	1	WQ		11	1811	1714	0	−2	21	32
1996	11	12	CL	UY	1	0	WQ		18	1732	1761	+4	0	29	25
1996	12	15	AR	CL	1	1	WQ		-10	1806	1742	−1	0	21	29
1997	01	04	CL	AM	7	0	F		2	1744	1334	0	0	29	125
1997	01	12	PE	CL	2	1	WQ		22	1624	1722	+7	−2	49	31
1997	01	26	CL	HN	3	2	F		4	1726	1558	0	−1	31	65
1997	02	12	BO	CL	1	1	WQ		-3	1675	1729	−1	0	36	31
1997	04	02	BR	CL	4	0	F		3	2072	1726	0	+1	2	28
1997	04	29	CL	VE	6	0	WQ		5	1731	1355	0	0	27	119
1997	06	08	EC	CL	1	1	WQ		-4	1698	1735	−2	0	36	26
1997	06	11	PY	CL	1	0	CA	BO	16	1876	1719	+3	−3	12	29
1997	06	14	AR	CL	2	0	CA	BO	27	1847	1692	+4	−10	15	38
1997	06	17	EC	CL	2	1	CA	BO	20	1781	1672	0	−5	25	42
1997	07	05	CL	CO	4	1	WQ		37	1709	1756	+9	−5	33	27
1997	07	20	CL	PY	2	1	WQ		19	1728	1766	+5	−2	28	25
1997	08	20	UY	CL	1	0	WQ		17	1692	1711	+4	−6	38	34
1997	09	10	CL	AR	1	2	WQ		-19	1692	1856	−3	+1	37	15
1997	10	12	CL	PE	4	0	WQ		32	1724	1713	+8	−10	32	37
1997	11	07	CL	GT	4	1	F		6	1730	1554	+3	−2	29	65
1997	11	16	CL	BO	3	0	WQ		24	1754	1696	+6	−7	25	40
1998	01	31	CL	IR	1	1	CBG	HK	-4	1750	1666	−2	0	28	43
1998	02	04	NZ	CL	0	0	F		6	1436	1744	+5	−2	95	30
1998	02	07	AU	CL	0	1	OPS		-23	1821	1767	−2	+6	18	24
1998	02	11	EN	CL	0	2	F		-26	1977	1793	−2	+3	7	22
1998	04	22	CL	CO	2	2	F		-3	1790	1791	−2	+2	23	21
1998	04	29	CL	LT	1	0	F		3	1793	1558	+2	−1	21	63
1998	05	19	AR	CL	1	0	F		5	1889	1788	+2	−2	10	23
1998	05	24	CL	UY	2	2	F		-4	1784	1758	0	+1	23	27
1998	05	31	CL	TN	3	2	F	FR	6	1790	1620	+1	−1	22	53
1998	06	04	CL	MA	1	1	F	FR	-2	1788	1727	0	0	22	33
1998	06	11	CL	IT	2	2	WC	FR	14	1802	1957	0	−2	21	8
1998	06	17	AT	CL	1	1	WC	FR	8	1712	1794	0	−1	36	21
1998	06	23	CM	CL	1	1	WC	FR	16	1605	1778	+4	−3	55	23
1998	06	27	BR	CL	4	1	WC	FR	17	2080	1761	+1	0	1	23
1999	02	17	GT	CL	1	1	F		2	1575	1759	0	+1	60	23
1999	02	21	US	CL	2	1	F		8	1731	1751	+2	−4	31	27
1999	04	28	BO	CL	1	1	F		0	1666	1751	0	−1	47	27
1999	05	29	CL	CR	3	0	F		7	1758	1605	+5	−2	21	56
1999	06	20	CL	BO	1	0	F		5	1763	1661	+1	−1	23	47
1999	06	22	CL	EC	0	0	F		-4	1759	1737	−1	+1	24	30
1999	06	30	MX	CL	1	0	CA	PY	17	1889	1742	+1	−4	15	28
1999	07	03	CL	VE	3	0	CA	PY	12	1754	1405	+4	−1	26	103
1999	07	06	BR	CL	1	0	CA	PY	7	2069	1747	0	−1	1	28
1999	07	11	CL	CO	3	2	CA	PY	32	1779	1813	+7	−2	21	19
1999	07	13	CL	UY	1	1	CA	PY	-2	1777	1755	0	+1	21	26
1999	07	17	MX	CL	2	1	CA	PY	20	1873	1757	0	−3	16	24
2000	01	29	CL	US	1	2	F		-12	1745	1812	−1	+1	27	19
2000	02	02	CR	CL	1	0	F		10	1645	1735	+1	−4	48	31
2000	02	05	GT	CL	2	1	F		13	1538	1722	+2	−6	68	36
2000	02	09	CL	AU	2	1	CVP		12	1734	1734	+5	−6	31	31
2000	02	12	CL	BG	3	2	CVP		9	1743	1668	+5	0	26	41
2000	02	15	CL	SK	0	2	CVP		-33	1710	1698	−11	+5	37	40
2000	03	22	CL	HN	5	2	F		12	1722	1682	+3	−2	34	43
2000	03	29	AR	CL	4	1	WQ		10	1950	1712	+2	−2	5	36
2000	04	26	CL	PE	1	1	WQ		-3	1709	1757	−1	+1	38	24
2000	06	03	UY	CL	2	1	WQ		13	1745	1696	+2	0	27	38
2000	06	29	CL	PY	3	1	WQ		31	1727	1773	+6	−2	34	21
2000	07	19	BO	CL	1	0	WQ		24	1587	1703	+3	−7	58	40
2000	07	25	VE	CL	0	2	WQ		-16	1406	1719	−6	+5	105	34
2000	08	15	CL	BR	3	0	WQ		56	1775	2009	+12	−2	22	4
2000	09	02	CL	CO	0	1	WQ		-25	1750	1810	−7	+1	29	19
2000	10	08	EC	CL	1	0	WQ		19	1680	1731	+4	−2	43	33
2000	11	15	CL	AR	0	2	WQ		-18	1713	1992	−3	0	36	6
2001	03	21	HN	CL	3	1	F		11	1723	1702	+2	−2	34	37
2001	03	27	PE	CL	3	1	WQ		24	1696	1678	+7	−7	39	46
2001	04	11	MX	CL	1	0	F		5	1789	1673	+1	0	23	45
2001	04	24	CL	UY	0	1	WQ		-21	1652	1771	−7	+4	51	27
2001	06	02	PY	CL	1	0	WQ		6	1865	1646	0	−1	12	50
2001	07	11	CL	EC	4	1	CA	CO	59	1705	1717	+17	−6	35	33
2001	07	14	CL	VE	1	0	CA	CO	8	1713	1406	+2	0	34	105
2001	07	17	CO	CL	2	0	CA		19	1821	1694	+3	−5	21	39
2001	07	22	MX	CL	2	0	CA	CO	37	1740	1657	+10	−8	29	49
2001	08	14	CL	BO	2	2	WQ		-12	1645	1541	−3	+2	52	66
2001	09	01	CL	FR	2	1	F		18	1663	2115	+3	0	49	1
2001	09	04	CL	VE	0	2	WQ		-52	1611	1493	−6	+16	55	80
2001	10	07	BR	CL	2	0	WQ		7	1874	1604	+1	−2	10	55
2001	11	07	CO	CL	3	1	WQ		8	1839	1596	+3	−1	17	56
2001	11	14	CL	EC	0	0	WQ		2	1598	1736	0	+1	57	31
2002	04	17	TR	CL	2	0	F	NL	8	1790	1590	0	−1	26	56
2003	03	30	CL	PE	2	0	F		13	1603	1620	+1	−2	57	52
2003	04	02	PE	CL	3	0	F		12	1632	1591	+1	−1	51	58
2003	04	30	CL	CR	1	0	F		13	1604	1767	0	−1	58	25
2003	06	08	CR	CL	1	0	F		4	1771	1600	+1	−1	25	59
2003	06	11	HN	CL	1	2	F		-15	1678	1615	−1	+4	42	55
2003	08	20	CN	CL	0	0	F		-3	1613	1618	−1	+1	56	55
2003	09	06	AR	CL	2	2	WQ		-18	2017	1636	0	+2	2	52
2003	09	09	CL	PE	2	1	WQ		17	1653	1670	+5	−5	47	46
2003	11	15	UY	CL	2	1	WQ		6	1847	1647	0	−2	14	50
2003	11	18	CL	PY	0	1	WQ		-19	1628	1792	−4	+4	54	22
2004	02	18	CL	MX	1	1	F	US	6	1634	1844	−1	+1	54	12
2004	03	30	BO	CL	0	2	WQ		-35	1553	1669	−6	+9	67	45
2004	04	28	CL	PE	1	1	F		-3	1666	1654	−1	+2	47	48
2004	06	01	VE	CL	0	1	WQ		-27	1674	1693	−7	+6	45	39
2004	06	06	CL	BR	1	1	WQ		11	1704	2006	+2	−1	37	3
2004	07	08	BR	CL	1	0	CA	PE	7	2013	1697	0	0	2	35
2004	07	11	CL	PY	1	1	CA	PE	7	1704	1796	+3	−1	33	23
2004	07	14	CR	CL	2	1	CA	PE	27	1702	1677	+8	−8	34	41
2004	09	05	CL	CO	0	0	WQ		1	1678	1785	0	−1	38	24
2004	10	10	EC	CL	2	0	WQ		23	1689	1655	+8	−11	36	48
2004	10	13	CL	AR	0	0	WQ		14	1669	2027	+5	0	43	1
2004	11	17	PE	CL	2	1	WQ		14	1682	1655	+3	−5	40	47
2005	02	09	CL	EC	3	0	F		14	1669	1665	+3	−4	45	46
2005	03	26	CL	UY	1	1	WQ		3	1672	1815	0	+1	47	19
2005	03	30	PY	CL	2	1	WQ		11	1754	1661	+1	−2	30	49
2005	06	04	CL	BO	3	1	WQ		18	1679	1591	+6	−8	44	64
2005	06	08	CL	VE	2	1	WQ		11	1690	1597	+1	−4	42	62
2005	08	17	PE	CL	3	1	F		12	1683	1678	+4	−3	44	46
2005	09	04	BR	CL	5	0	WQ		5	2037	1673	0	−2	1	46
2005	10	08	CO	CL	1	1	WQ		-9	1735	1682	−2	+2	35	44
2005	10	12	CL	EC	0	0	WQ		-1	1681	1774	+1	+1	43	27
2006	04	25	CL	NZ	4	1	F		6	1687	1512	0	−2	45	76
2006	04	27	CL	NZ	1	0	F		3	1690	1509	+1	−1	44	77
2006	05	24	IE	CL	0	1	F		-16	1823	1706	−4	+1	20	44
2006	05	30	CL	CI	1	1	F	FR	1	1707	1755	+1	0	42	34
2006	06	02	SE	CL	1	1	F		-6	1859	1713	0	+3	12	39
2006	08	16	CL	CO	1	2	F		-11	1702	1790	−3	+2	43	22
2006	10	07	CL	PE	3	2	PCF		9	1711	1634	0	0	43	50
2006	10	11	PE	CL	0	1	PCF		-16	1618	1727	−5	+2	55	40
2006	11	15	CL	PY	3	2	F		8	1735	1761	+2	−7	38	31
2007	02	07	VE	CL	0	1	F		-10	1638	1745	−2	+2	52	37
2007	03	24	BR	CL	4	0	F	SE	5	2063	1740	0	+1	1	36
2007	03	28	CL	CR	1	1	F		-5	1735	1676	−1	+1	38	46
2007	04	18	AR	CL	0	0	F		-8	1987	1743	−2	+3	6	35
2007	05	09	CL	CU	3	0	F		5	1748	1533	+3	−3	32	80
2007	05	16	CL	CU	2	0	F		4	1752	1529	0	0	32	80
2007	05	23	HT	CL	0	0	F		2	1586	1750	0	0	65	32
2007	06	02	CR	CL	2	0	F		14	1690	1736	+1	−8	43	40
2007	06	05	JM	CL	0	1	F		-9	1589	1745	−3	+3	59	35
2007	06	27	CL	EC	3	2	CA	VE	25	1770	1714	+8	−2	28	42
2007	07	01	BR	CL	3	0	CA	VE	18	2017	1752	+1	−7	3	35
2007	07	04	CL	MX	0	0	CA	VE	9	1761	1877	+3	0	32	13
2007	07	07	BR	CL	6	1	CA	VE	18	2042	1743	+2	−6	2	38
2007	09	07	CH	CL	2	1	CTS	AT	11	1854	1732	0	−3	15	36
2007	09	11	AT	CL	0	2	CTS		-22	1596	1754	−3	+6	60	30
2007	10	13	AR	CL	2	0	WQ		7	2025	1747	+1	−3	3	33
2007	10	17	CL	PE	2	0	WQ		15	1762	1646	+3	−5	30	52
2007	11	18	UY	CL	2	2	WQ		-8	1801	1770	−1	+3	20	26
2007	11	21	CL	PY	0	3	WQ		-42	1728	1844	−12	+5	38	14
2008	01	26	JP	CL	0	0	F		-4	1774	1732	0	+1	27	36
2008	01	30	KR	CL	0	1	F		-11	1654	1743	−2	+1	46	35
2008	03	26	IL	CL	1	0	F		7	1763	1736	+2	+1	30	36
2008	06	04	CL	GT	2	0	F		4	1740	1496	0	−1	35	90
2008	06	07	CL	PA	0	0	F		-6	1734	1584	0	+4	35	61
2008	06	15	BO	CL	0	2	WQ		-25	1555	1759	−5	+7	68	30
2008	06	19	VE	CL	2	3	WQ		-22	1669	1781	−2	+4	44	24
2008	08	20	TR	CL	1	0	F		6	1838	1775	+1	+1	15	24
2008	09	07	CL	BR	0	3	WQ		-22	1753	2032	−7	0	31	2
2008	09	10	CL	CO	4	0	WQ		29	1782	1745	+8	−8	23	32
2008	09	24	CL	MX	1	0	F	US	13	1795	1895	+2	0	21	8
2008	10	12	EC	CL	1	0	WQ		18	1751	1777	+3	−2	32	24
2008	10	15	CL	AR	1	0	WQ		27	1804	1968	+5	−2	19	7
2008	11	19	ES	CL	3	0	F		3	2100	1801	0	−1	1	20
2009	01	18	HN	CL	2	0	F	US	18	1742	1783	+3	−1	35	21
2009	02	11	ZA	CL	0	2	F		-9	1529	1792	−2	+2	76	21
2009	03	29	PE	CL	1	3	WQ		-22	1569	1814	−8	+4	67	19
2009	04	01	CL	UY	0	0	WQ		-3	1811	1863	+3	0	16	11
2009	05	27	JP	CL	4	0	KRN		24	1781	1787	+2	−8	26	24
2009	05	29	BE	CL	1	1	KRN	JP	8	1592	1779	+1	−2	61	26
2009	06	06	PY	CL	0	2	WQ		-43	1792	1822	−9	+12	22	14
2009	06	10	CL	BO	4	0	WQ		12	1834	1618	+2	0	12	55
2009	08	12	DK	CL	1	2	F		-13	1847	1847	0	+1	12	12
2009	09	05	CL	VE	2	2	WQ		-12	1835	1712	−1	+4	13	40
2009	09	09	BR	CL	4	2	WQ		5	2148	1830	0	0	1	13
2009	10	10	CO	CL	2	4	WQ		-31	1713	1861	−4	+1	39	12
2009	10	14	CL	EC	1	0	WQ		8	1869	1722	0	−1	12	37
2009	11	04	CL	PY	2	1	F		5	1874	1776	+1	0	11	23
2009	11	17	SK	CL	1	2	F		-7	1664	1881	−1	+1	47	11
2010	01	20	CL	PA	2	1	F		2	1883	1548	0	0	11	74
2010	03	31	CL	VE	0	0	F		-7	1876	1714	−2	+1	12	38
2010	05	05	CL	TT	2	0	F		2	1878	1536	+1	0	11	80
2010	05	16	MX	CL	1	0	F		7	1897	1871	+1	−1	8	12
2010	05	26	CL	ZM	3	0	F		3	1874	1555	0	−3	11	76
2010	05	30	CL	EI	1	0	F		2	1876	1559	+1	0	10	72
2010	05	30	CL	IL	3	0	F		7	1883	1719	+1	−3	10	36
2010	06	09	CL	NZ	2	0	F	ZA	3	1886	1527	0	0	10	82
2010	06	16	CL	HN	1	0	WC	ZA	16	1902	1698	+1	−3	8	40
2010	06	21	CL	CH	1	0	WC	ZA	23	1925	1792	+1	−5	7	22
2010	06	25	ES	CL	2	1	WC	ZA	18	2086	1907	+1	−1	2	8
2010	06	28	BR	CL	3	0	WC	ZA	26	2129	1881	0	−2	1	10
2010	09	07	UA	CL	2	1	F		9	1819	1872	+3	0	14	9
2010	10	09	AE	CL	0	2	F		-4	1449	1876	−1	0	99	9
2010	10	12	OM	CL	0	1	F		-5	1557	1881	0	0	72	9
2010	11	17	CL	UY	2	0	F		12	1893	1891	0	−2	9	10
2011	01	22	US	CL	1	1	F		1	1768	1892	−1	0	24	9
2011	03	26	PT	CL	1	1	F		-3	1888	1895	+1	+1	8	7
2011	03	29	CL	CO	2	0	F	NL	10	1905	1766	0	−3	7	24
2011	06	19	CL	EE	4	0	F		2	1907	1454	+1	−1	7	95
2011	06	23	PY	CL	0	0	F		1	1790	1906	0	0	20	8
2011	07	04	CL	MX	2	1	CA	AR	28	1934	1924	+3	−2	5	7
2011	07	08	CL	UY	1	1	CA	AR	-5	1929	1870	0	0	5	11
2011	07	12	CL	PE	1	0	CA	AR	11	1940	1696	0	−3	5	41
2011	07	17	VE	CL	2	1	CA	AR	37	1804	1903	+5	−3	19	8
2011	08	10	FR	CL	1	1	F		-1	1842	1904	0	0	14	8
2011	09	02	ES	CL	3	2	F	CH	4	2124	1900	0	−1	1	9
2011	09	04	MX	CL	1	0	F	ES	11	1865	1889	0	0	12	9
2011	10	07	AR	CL	4	1	WQ		22	1941	1867	+1	0	6	10
2011	10	11	CL	PE	4	2	WQ		16	1883	1776	+1	−2	9	24
2011	11	11	UY	CL	4	0	WQ		20	1982	1863	0	−4	5	13
2011	11	15	CL	PY	2	0	WQ		17	1880	1788	+2	−1	11	21
2011	12	21	CL	PY	3	2	F		5	1885	1783	+1	0	10	21
2012	02	15	PY	CL	2	0	F		15	1798	1870	+1	−2	21	12
2012	02	29	CL	GH	1	1	F	US	-5	1865	1696	0	+2	12	39
2012	03	21	CL	PE	3	1	PCF		10	1875	1741	+2	−1	10	31
2012	04	11	PE	CL	0	3	PCF		-24	1717	1899	−4	+2	35	8
2012	06	02	BO	CL	0	2	WQ		-11	1528	1910	−3	0	79	8
2012	06	09	VE	CL	0	2	WQ		-22	1693	1932	−3	0	39	8
2012	08	15	EC	CL	3	0	F	US	24	1810	1908	+7	0	16	9
2012	09	11	CL	CO	1	3	WQ		-44	1864	1883	−7	+5	16	11
2012	10	12	EC	CL	3	1	WQ		25	1851	1839	+1	−1	16	17
2012	10	16	CL	AR	1	2	WQ		-17	1822	2008	−2	0	19	4
2012	11	14	RS	CL	3	1	F	CH	21	1683	1801	+7	−2	39	21
2013	01	19	CL	HT	3	0	F		3	1804	1457	0	0	21	94
2013	02	06	CL	EG	2	1	F	ES	6	1810	1630	+1	+1	20	49
2013	03	22	PE	CL	1	0	WQ		20	1737	1790	+3	−3	32	23
2013	03	26	CL	UY	2	0	WQ		26	1816	1813	+6	−2	17	18
2013	04	24	BR	CL	2	2	F		-7	2041	1823	0	+1	3	16
2013	06	07	PY	CL	1	2	WQ		-20	1701	1843	−5	+1	39	16
2013	06	11	CL	BO	3	1	WQ		9	1852	1622	+1	−1	15	53
2013	08	14	CL	IQ	6	0	F	DK	6	1858	1546	+2	−2	14	72
2013	09	06	CL	VE	3	0	WQ		13	1871	1693	+2	−3	12	39
2013	09	10	CL	ES	2	2	F	CH	6	1877	2119	0	0	12	1
2013	10	11	CO	CL	3	3	WQ		-7	1895	1884	+1	0	9	12
2013	10	15	CL	EC	2	1	WQ		13	1897	1835	+2	0	10	18
2013	11	15	EN	CL	0	2	F		-22	1942	1919	0	+1	6	9
2013	11	19	BR	CL	2	1	F	CA	5	2132	1914	0	−1	1	10
2014	01	22	CL	CR	4	0	F		6	1920	1728	+1	−1	9	30
2014	03	05	DE	CL	1	0	F		4	2090	1916	0	0	3	9
2014	05	30	CL	EG	3	2	F		3	1919	1685	0	−3	9	43
2014	06	04	CL	EI	2	0	F		1	1920	1411	0	0	8	110
2014	06	13	CL	AU	3	1	WC	BR	21	1941	1687	+2	−5	7	40
2014	06	18	CL	ES	2	0	WC	BR	57	1998	1975	+2	−2	5	6
2014	06	23	NL	CL	2	0	WC	BR	36	2102	1962	+1	−3	2	8
2014	06	28	BR	CL	1	1	WC		-19	2103	1981	0	0	1	7
2014	09	06	CL	MX	0	0	F	US	-3	1978	1885	0	0	7	12
2014	09	09	CL	HT	1	0	F	US	1	1979	1430	0	0	7	104
2014	10	10	CL	PE	3	0	F		4	1983	1731	0	0	6	29
2014	10	14	CL	BO	2	2	F		-9	1974	1618	0	+1	6	59
2014	11	14	CL	VE	5	0	F		4	1978	1683	0	−1	6	41
2014	11	18	CL	UY	1	2	F		-15	1963	1907	−1	+2	7	11
2015	01	28	CL	US	3	2	F		4	1967	1809	+1	0	6	19
2015	03	26	IR	CL	2	0	F	AT	24	1748	1943	+9	−2	28	8
2015	03	29	BR	CL	1	0	F	EN	7	2064	1936	0	0	2	8
2015	06	05	CL	SV	1	0	F		1	1937	1490	0	0	8	85
2015	06	11	CL	EC	2	0	CA		18	1955	1823	+1	−1	7	18
2015	06	15	CL	MX	3	3	CA		-12	1943	1882	0	+1	7	13
2015	06	19	CL	BO	5	0	CA		11	1954	1666	0	−1	7	47
2015	06	24	CL	UY	1	0	CA		14	1968	1875	+1	0	6	12
2015	06	29	CL	PE	2	1	CA		8	1976	1777	0	−2	6	24
2015	07	04	CL	AR	0	0	CA		-1	1975	2069	0	0	6	2
2015	09	05	CL	PY	3	2	F		2	1977	1696	0	0	5	42
2015	10	08	CL	BR	2	0	WQ		27	2004	2020	0	+1	5	2
2015	10	13	PE	CL	3	4	WQ		-14	1784	2018	−3	+2	22	3
2015	11	12	CL	CO	1	1	WQ		-8	2010	1978	0	0	3	6
2015	11	17	UY	CL	3	0	WQ		35	1946	1975	+2	−2	9	5
2016	03	24	CL	AR	1	2	WQ		-23	1952	2046	−3	+1	8	2
2016	03	29	VE	CL	1	4	WQ		-15	1611	1967	−5	+2	56	7
2016	05	27	CL	JM	1	2	F		-19	1948	1596	−2	+3	9	61
2016	06	01	MX	CL	1	0	F	US	11	1937	1937	+2	0	9	9
2016	06	06	AR	CL	2	1	CA	US	17	2067	1920	0	−3	1	12
2016	06	10	CL	BO	2	1	CA	US	6	1926	1578	+2	−3	9	62
2016	06	14	CL	PA	4	2	CA	US	15	1941	1670	0	−2	9	46
2016	06	18	CL	MX	7	0	CA	US	60	2001	1907	+5	−5	4	11
2016	06	22	CL	CO	2	0	CA	US	33	2034	1930	0	−1	3	8
2016	06	26	AR	CL	0	0	CA	US	-6	2109	2040	0	0	1	3
2016	09	01	PY	CL	2	1	WQ		31	1756	2009	+6	−2	28	4
2016	09	06	CL	BO	0	0	WQ		-18	1991	1634	0	+4	4	52
2016	10	06	EC	CL	3	0	WQ		43	1853	1948	+4	−3	15	7
2016	10	11	CL	PE	2	1	WQ		9	1957	1815	+1	−2	6	20
2016	11	10	CO	CL	0	0	WQ		-5	1947	1962	0	0	7	6
2016	11	15	CL	UY	3	1	WQ		19	1981	1914	+1	−2	5	11
2017	01	11	CL	HR	1	1	CHN	CN	-4	1977	1890	−1	+1	6	14
2017	01	15	CL	IS	1	0	CHN	CN	7	1984	1772	+1	−1	5	25
2017	03	23	AR	CL	1	0	WQ		11	2056	1973	0	−1	2	6
2017	03	28	CL	VE	3	1	WQ		6	1979	1680	0	0	6	42
2017	06	02	CL	BF	3	0	F		2	1981	1603	0	−1	6	60
2017	06	09	RU	CL	1	1	F		5	1700	1976	+2	+1	37	5
2017	06	13	RO	CL	3	2	F		15	1681	1961	+2	−3	45	8
2017	06	18	CL	CM	2	0	CC	RU	13	1974	1672	+3	−5	5	47
2017	06	22	CL	DE	1	1	CC	RU	5	1979	2042	0	0	5	2
2017	06	25	AU	CL	1	1	CC	RU	16	1723	1963	+1	−3	35	8
2017	06	28	CL	PT	0	0	CC	RU	-1	1962	1954	0	0	8	9
2017	07	02	DE	CL	1	0	CC	RU	17	2098	1945	0	−1	2	9
2017	08	31	CL	PY	0	3	WQ		-61	1884	1769	−2	+8	11	28
2017	09	05	BO	CL	1	0	WQ		26	1704	1858	+4	−3	39	14
2017	10	05	CL	EC	2	1	WQ		10	1868	1766	+1	−1	13	28
2017	10	10	BR	CL	3	0	WQ		9	2112	1859	0	−2	2	15
2018	03	24	SE	CL	1	2	F		-12	1804	1871	0	+1	20	15
2018	03	27	DK	CL	0	0	F		-2	1841	1873	−1	0	18	15
2018	05	31	RO	CL	3	2	F	AT	14	1719	1859	+3	0	39	15
2018	06	04	CL	RS	1	0	F	AT	8	1867	1775	+1	−1	15	23
2018	06	08	PL	CL	2	2	F		-2	1828	1869	0	0	19	15
2018	09	11	KR	CL	0	0	F		0	1766	1869	−1	0	26	16
2018	10	12	PE	CL	3	0	F	US	17	1896	1852	+2	−1	13	17
2018	10	16	MX	CL	0	1	F		-12	1800	1864	−2	0	22	17
2018	11	16	CL	CR	2	3	F		-17	1847	1708	0	0	17	42
2018	11	20	CL	HN	4	1	F		4	1851	1591	0	+1	17	59
2019	03	22	MX	CL	3	1	F	US	18	1797	1833	+3	0	20	17
2019	03	26	US	CL	1	1	F		-1	1765	1834	0	+1	30	17
2019	06	06	CL	HT	2	1	F		2	1836	1507	0	0	18	79
2019	06	17	CL	JP	4	0	CA	BR	38	1874	1733	+1	−10	16	36
2019	06	21	CL	EC	2	1	CA	BR	15	1889	1713	+1	−3	14	40
2019	06	24	UY	CL	1	0	CA	BR	21	1964	1868	0	−1	9	16
2019	06	28	CL	CO	0	0	CA	BR	10	1878	2012	0	0	16	5
2019	07	03	PE	CL	3	0	CA	BR	49	1885	1829	+3	−2	15	18
2019	07	06	AR	CL	2	1	CA	BR	19	1930	1810	+1	−2	11	20
2019	09	05	AR	CL	0	0	F	US	-3	1927	1813	−1	0	12	20
2019	09	10	HN	CL	2	1	F		13	1600	1800	+3	−1	56	21
2019	10	12	CL	CO	0	0	F	ES	5	1805	2004	0	−1	21	7
2019	10	15	CL	GN	3	2	F	ES	2	1807	1402	0	−1	22	104
2020	10	08	UY	CL	2	1	WQ		7	1972	1800	+1	0	10	23
2020	10	13	CL	CO	2	2	WQ		5	1805	1993	+1	−1	22	7
2020	11	13	CL	PE	2	0	WQ		25	1830	1818	+2	−2	19	20
2020	11	17	VE	CL	2	1	WQ		17	1802	1813	+1	−4	23	22
2021	03	26	CL	BO	2	1	F		3	1816	1580	+1	0	21	61
2021	06	03	AR	CL	1	1	WQ		-13	1981	1829	0	+2	7	18
2021	06	08	CL	BO	1	1	WQ		-14	1815	1632	−1	+3	19	50
2021	06	14	AR	CL	1	1	CA	BR	-11	1973	1826	0	+1	8	18
2021	06	18	CL	BO	1	0	CA	BR	11	1837	1598	0	−3	18	60
2021	06	21	CL	UY	1	1	CA	BR	5	1842	1908	0	−1	18	12
2021	06	24	PY	CL	2	0	CA	BR	44	1826	1798	+8	−3	19	22
2021	07	02	BR	CL	1	0	CA		4	2149	1794	+1	−1	1	26
2021	09	02	CL	BR	0	1	WQ		-9	1785	2123	−1	0	26	2
2021	09	05	EC	CL	0	0	WQ		-7	1799	1792	−1	+2	24	25
2021	09	09	CO	CL	3	1	WQ		13	1924	1779	0	−2	13	28
2021	10	07	PE	CL	2	0	WQ		19	1834	1760	+2	−1	19	29
2021	10	10	CL	PY	2	0	WQ		26	1786	1783	+4	−2	25	26
2021	10	14	CL	VE	3	0	WQ		20	1806	1707	+4	−4	22	40
2021	11	11	PY	CL	0	1	WQ		-22	1715	1828	0	+3	35	20
2021	11	16	CL	EC	0	2	WQ		-39	1789	1856	−5	+9	26	15
2021	12	08	CL	MX	2	2	F	US	1	1790	1839	0	0	26	19
2021	12	11	CL	SV	1	0	F	US	3	1793	1499	0	0	26	82
2022	01	27	CL	AR	1	2	WQ		-9	1784	2110	−1	0	28	3
2022	02	01	BO	CL	2	3	WQ		-19	1650	1803	−4	0	52	28
2022	03	24	BR	CL	4	0	WQ		6	2148	1797	0	−1	1	29
2022	03	29	CL	UY	0	2	WQ		-30	1767	1922	−1	+1	30	12
2022	06	06	KR	CL	2	0	F		10	1804	1757	+3	−2	27	34
2022	06	10	TN	CL	2	0	KRN	JP	31	1642	1726	+9	−4	52	37
2022	06	14	CL	GH	0	0	KRN	JP	-8	1718	1535	−3	0	40	76
2022	09	23	MA	CL	2	0	F	ES	14	1751	1704	+1	−2	34	42
2022	09	27	CL	QA	2	2	F	AT	-2	1702	1650	0	−1	40	52
2022	11	16	PL	CL	1	0	F		5	1813	1697	+2	−3	21	43
2022	11	20	SK	CL	0	0	F		1	1579	1696	0	0	64	42
2023	03	27	CL	PY	3	2	F		8	1704	1719	0	−2	43	41
2023	06	11	CL	CU	3	0	F		2	1706	1342	0	0	42	120
2023	06	16	CL	DO	5	0	F		1	1707	1200	0	−1	41	161
2023	06	20	BO	CL	0	0	F		0	1614	1707	+1	0	58	41
2023	09	08	UY	CL	3	1	WQ		9	1925	1698	0	−2	12	42
2023	09	12	CL	CO	0	0	WQ		9	1707	1947	+2	−1	39	11
2023	10	12	CL	PE	2	0	WQ		32	1739	1797	+4	−4	35	27
2023	10	17	VE	CL	3	0	WQ		26	1755	1713	+8	−5	30	40
2023	11	16	CL	PY	0	0	WQ		-6	1707	1718	−4	+3	44	38
2023	11	21	EC	CL	1	0	WQ		7	1882	1700	0	−1	15	44
2024	03	22	CL	AL	3	0	F	IT	14	1714	1617	+4	−4	39	59
2024	03	26	FR	CL	3	2	F		1	2084	1713	0	−1	2	40
2024	06	11	CL	PY	3	0	F		12	1725	1698	+1	−1	39	42
2024	06	21	CL	PE	0	0	CA	US	1	1726	1742	+1	−1	38	34
2024	06	25	AR	CL	1	0	CA	US	4	2155	1722	0	−1	1	39
2024	06	29	CA	CL	0	0	CA	US	-1	1740	1723	0	0	32	40
2024	09	05	AR	CL	3	0	WQ		3	2172	1720	0	+1	1	39
2024	09	10	CL	BO	1	2	WQ		-31	1689	1636	−8	+4	48	55
2024	10	10	CL	BR	1	2	WQ		-9	1680	2005	0	0	48	5
2024	10	15	CO	CL	4	0	WQ		5	2030	1675	0	−1	4	50
2024	11	15	PE	CL	0	0	WQ		-9	1724	1684	−2	+3	39	47
2024	11	19	CL	VE	4	2	WQ		29	1713	1744	+4	−6	44	36
2025	02	08	CL	PA	6	1	F		15	1728	1711	+5	−4	39	44
2025	03	20	PY	CL	1	0	WQ		12	1787	1716	+2	−5	27	44
2025	03	25	CL	EC	0	0	WQ		6	1722	1910	+2	−2	41	13
2025	06	05	CL	AR	0	1	WQ		-5	1717	2146	−2	0	43	2
2025	06	10	BO	CL	2	0	WQ		28	1664	1689	+3	−6	51	46
2025	09	04	BR	CL	3	0	WQ		6	2007	1683	0	−2	5	49
2025	09	09	CL	UY	0	0	WQ		7	1690	1907	−1	−1	48	11
2025	10	10	CL	PE	2	1	F		8	1698	1702	+3	+1	45	42
2025	11	15	RU	CL	0	2	F		-23	1782	1721	−2	+4	27	41
2025	11	18	CL	PE	2	1	F	RU	10	1731	1697	+2	−3	38	45
2026	03	27	CL	CV	4	2	FFS	NZ	12	1743	1549	+3	−1	36	73
2026	03	30	NZ	CL	4	1	FFS		33	1585	1710	+6	−8	65	43
2026	06	06	PT	CL	2	1	F		2	1986	1708	0	−1	6	44
2026	06	09	CL	CD	2	1	F	FR	9	1717	1652	+4	−1	40	55