1872	11	30	SQ	EN	0	0	F		-3	1997	2003	−	−	2	1
1873	03	08	EN	SQ	4	2	F		11	2014	1986	0	0	1	2
1874	03	07	SQ	EN	2	1	F		8	1994	2006	0	0	2	1
1875	03	06	EN	SQ	2	2	F		-3	2003	1997	0	0	1	2
1876	03	04	SQ	EN	3	0	F		13	2010	1990	+1	−1	1	2
1877	03	03	EN	SQ	1	3	F		-18	1972	2029	0	0	2	1
1878	03	02	SQ	EN	7	2	F		11	2042	1961	0	0	1	2
1879	01	18	EN	WA	2	1	F		1	1962	1495	0	0	2	3
1879	04	05	EN	SQ	5	4	F		9	1971	2034	0	0	2	1
1880	03	13	SQ	EN	5	4	F		6	2043	1965	0	0	1	2
1880	03	15	WA	EN	2	3	F		-2	1490	1967	0	0	3	2
1881	02	26	EN	WA	0	1	F		-19	1948	1508	0	0	2	3
1881	03	12	EN	SQ	1	6	F		-20	1928	2064	0	0	2	1
1882	02	18	IE	EN	0	13	F		-3	1297	1931	−	0	4	2
1882	03	11	SQ	EN	5	1	F		8	2075	1923	0	0	1	2
1882	03	13	WA	EN	5	3	F		26	1537	1897	0	0	3	2
1883	02	03	EN	WA	5	0	F		3	1900	1533	0	0	2	3
1883	02	24	EN	IE	7	0	F		1	1901	1290	0	0	2	4
1883	03	10	EN	SQ	2	3	F		-8	1893	2084	0	0	2	1
1884	02	23	IE	EN	1	8	BC		-5	1277	1898	0	0	4	2
1884	03	15	SQ	EN	1	0	BC		6	2093	1892	0	0	1	2
1884	03	17	WA	EN	0	4	BC		-14	1524	1906	0	0	3	2
1885	02	28	EN	IE	4	0	BC		1	1907	1276	0	0	2	4
1885	03	14	EN	WA	1	1	BC		-18	1889	1541	0	0	2	3
1885	03	21	EN	SQ	1	1	BC		6	1895	2088	0	0	2	1
1886	03	13	IE	EN	1	6	BC		-3	1242	1898	0	0	4	2
1886	03	27	SQ	EN	1	1	BC		-14	2081	1912	0	0	1	2
1886	03	29	WA	EN	1	3	BC		-12	1554	1924	0	0	3	2
1887	02	05	EN	IE	7	0	BC		1	1925	1240	0	0	2	4
1887	02	26	EN	WA	4	0	BC		5	1930	1547	0	0	2	3
1887	03	19	EN	SQ	2	3	BC		-17	1913	2100	0	0	2	1
1888	02	04	EN	WA	5	1	BC		4	1917	1486	0	0	2	3
1888	03	17	SQ	EN	0	5	BC		-67	2037	1984	0	0	1	2
1888	04	07	IE	EN	1	5	BC		-2	1273	1986	0	0	4	2
1889	02	23	EN	WA	4	1	BC		2	1988	1500	0	0	2	3
1889	03	02	EN	IE	6	1	BC		1	1989	1272	0	0	2	4
1889	04	13	EN	SQ	2	3	BC		-23	1966	2063	0	0	2	1
1890	03	15	IE	EN	1	9	BC		-3	1238	1969	0	0	4	2
1890	03	15	WA	EN	1	3	BC		-8	1539	1977	0	0	3	2
1890	04	05	SQ	EN	1	1	BC		-9	2040	1986	0	0	1	2
1891	03	07	EN	WA	4	1	BC		2	1988	1474	0	0	2	3
1891	03	07	EN	IE	6	1	BC		1	1989	1297	0	0	2	4
1891	04	04	EN	SQ	2	1	BC		17	2006	2026	0	0	2	1
1892	03	05	IE	EN	0	2	BC		-2	1308	2008	0	0	4	2
1892	03	05	WA	EN	0	2	BC		-4	1454	2012	0	0	3	2
1892	04	02	SQ	EN	1	4	BC		-46	1983	2058	−1	+1	2	1
1893	02	25	EN	IE	6	1	BC		1	2059	1306	0	0	1	4
1893	03	13	EN	WA	6	0	BC		1	2060	1451	0	0	1	3
1893	04	01	EN	SQ	5	2	BC		19	2079	1972	0	0	1	2
1894	03	03	IE	EN	2	2	BC		19	1329	2060	0	0	4	1
1894	03	12	WA	EN	1	5	BC		-4	1435	2064	0	0	3	1
1894	04	07	SQ	EN	2	2	BC		-1	1975	2065	0	0	2	1
1895	03	09	EN	IE	9	0	BC		1	2066	1326	0	0	1	4
1895	03	18	EN	WA	1	1	BC		-19	2047	1452	0	0	1	3
1895	04	06	EN	SQ	3	0	BC		18	2065	1941	0	0	1	2
1896	03	07	IE	EN	0	2	BC		-1	1308	2066	0	0	4	1
1896	03	16	WA	EN	1	9	BC		-6	1479	2072	0	0	3	1
1896	04	04	SQ	EN	2	1	BC		23	1949	2049	0	0	2	1
1897	02	20	EN	IE	6	0	BC		1	2050	1325	0	0	1	4
1897	03	29	EN	WA	4	0	BC		1	2051	1468	0	0	1	3
1897	04	03	EN	SQ	1	2	BC		-31	2020	1965	0	0	1	2
1898	03	05	IE	EN	2	3	BC		-2	1376	2022	0	0	4	1
1898	03	28	WA	EN	0	3	BC		-4	1431	2026	0	0	3	1
1898	04	02	SQ	EN	1	3	BC		-34	1937	2060	0	0	2	1
1899	02	18	EN	IE	13	2	BC		1	2061	1371	0	0	1	4
1899	03	20	EN	WA	4	0	BC		1	2062	1405	0	0	1	3
1899	04	08	EN	SQ	2	1	BC		9	2071	1937	0	0	1	2
1900	03	17	IE	EN	0	2	BC		-2	1361	2073	0	0	4	1
1900	03	26	WA	EN	1	1	BC		18	1441	2055	0	0	3	1
1900	04	07	SQ	EN	4	1	BC		36	1979	2019	0	0	2	1
1901	03	09	EN	IE	3	0	BC		1	2020	1358	0	0	1	4
1901	03	18	EN	WA	6	0	BC		2	2022	1456	0	0	1	3
1901	03	30	EN	SQ	2	2	BC		-9	2013	1973	0	0	1	2
1902	03	03	WA	EN	0	0	BC		18	1438	1995	0	0	3	1
1902	03	22	IE	EN	0	1	BC		-2	1388	1997	0	0	4	1
1902	04	05	SQ	EN	1	1	BC		-5	1974	2002	0	0	2	1
1902	05	03	EN	SQ	2	2	BC		-7	1995	1981	0	0	1	2
1903	02	14	EN	IE	4	0	BC		1	1996	1385	0	0	2	8
1903	03	02	EN	WA	2	1	BC		1	1997	1435	0	0	2	7
1903	04	04	EN	SQ	1	2	BC		-29	1968	1956	0	0	2	3
1904	02	29	WA	EN	2	2	BC		17	1428	1951	0	−1	9	3
1904	03	12	IE	EN	1	3	BC		-6	1459	1957	0	+1	8	2
1904	04	09	SQ	EN	0	1	BC		-24	1898	1981	−1	0	4	2
1905	02	25	EN	IE	1	1	BC		-19	1962	1518	0	0	2	10
1905	03	27	EN	WA	3	1	BC		2	1964	1474	0	0	2	12
1905	04	01	EN	SQ	1	0	BC		9	1973	1841	0	0	2	7
1906	02	17	IE	EN	0	5	BC		-9	1495	1982	0	0	12	2
1906	03	19	WA	EN	0	1	BC		-5	1533	1987	0	0	11	2
1906	04	07	SQ	EN	2	1	BC		25	1820	1962	0	0	8	2
1906	11	01	FR	EN	0	15	F		-11	1578	1973	0	0	11	2
1907	02	16	EN	IE	1	0	BC		1	1974	1492	0	0	2	15
1907	03	18	EN	WA	1	1	BC		-18	1956	1596	0	0	2	11
1907	04	01	NL	EN	1	8	F		-24	1855	1980	0	0	6	2
1907	04	06	EN	SQ	1	1	BC		-13	1967	1810	0	+1	2	9
1907	12	21	EN	NL	12	2	F		12	1979	1848	0	0	2	6
1908	02	15	IE	EN	1	3	BC		-5	1457	1984	0	0	16	2
1908	03	16	WA	EN	1	7	BC		-13	1577	1997	0	0	12	2
1908	03	23	EN	FR	12	0	F		3	2000	1602	0	0	2	11
1908	04	04	SQ	EN	1	1	BC		4	1835	1996	0	0	8	2
1908	04	18	BE	EN	2	8	F		-15	1777	2011	0	0	10	2
1908	04	20	DE	EN	1	5	F		-8	1672	2019	0	0	11	2
1908	06	06	AT	EN	1	6	F		-20	1895	2039	−1	+1	4	1
1908	06	08	AT	EN	1	11	F		-23	1875	2062	−2	0	6	1
1908	06	10	HU	EN	0	7	F		-19	1886	2081	−1	0	4	1
1908	06	13	HA	EN	0	4	F		-13	1867	2094	−1	0	6	1
1908	09	08	SE	EN	1	6	F		-6	1698	2100	0	0	11	1
1908	10	20	EN	SE	12	1	OG		9	2109	1689	0	0	1	11
1908	10	22	EN	NL	4	0	OG		16	2125	1877	0	−2	1	5
1908	10	24	EN	DK	2	0	OG		21	2146	1997	0	−1	1	3
1909	02	13	EN	IE	4	0	BC		1	2147	1473	0	0	1	19
1909	03	13	EN	DE	9	0	F		2	2149	1667	0	0	1	12
1909	03	15	EN	WA	2	0	BC		1	2150	1574	0	0	1	14
1909	04	03	EN	SQ	2	0	BC		4	2154	1807	0	0	1	10
1909	04	12	NL	EN	0	4	F		-12	1916	2166	0	0	4	1
1909	04	19	EN	BE	11	2	F		2	2168	1745	0	0	1	11
1909	05	20	CH	EN	0	9	F		-2	1499	2170	0	0	17	1
1909	05	22	FR	EN	0	11	F		-3	1564	2173	0	0	15	1
1909	05	29	HU	EN	2	4	F		-8	1893	2181	0	0	5	1
1909	05	31	HU	EN	2	8	F		-11	1878	2192	0	0	5	1
1909	06	01	AT	EN	1	8	F		-9	1848	2201	−1	0	8	1
1909	11	06	EN	SE	7	0	F		1	2202	1656	0	0	1	13
1909	12	11	EN	NL	9	1	F		5	2207	1920	0	0	1	4
1910	02	12	IE	EN	1	1	BC		19	1466	2188	0	0	19	1
1910	03	14	WA	EN	0	1	BC		-2	1586	2190	0	0	14	1
1910	03	26	BE	EN	2	2	F		7	1767	2183	0	0	11	1
1910	04	02	SQ	EN	2	0	BC		51	1832	2132	0	0	10	1
1910	04	09	EN	CH	6	1	F		1	2133	1490	0	0	1	18
1910	04	16	EN	FR	10	1	F		1	2134	1550	0	0	1	15
1910	05	05	DK	EN	2	1	F		11	2008	2123	0	0	3	1
1910	06	29	ZA	EN	0	3	F		-9	1838	2132	0	0	8	1
1910	07	23	ZA	EN	2	6	F		-9	1829	2141	−2	0	10	1
1910	07	30	ZA	EN	3	6	F		-8	1821	2149	0	0	10	1
1911	02	11	EN	IE	2	1	BC		0	2149	1461	0	0	1	20
1911	03	04	EN	BE	4	0	F		2	2151	1781	0	0	1	11
1911	03	13	EN	WA	3	0	BC		2	2153	1627	0	0	1	15
1911	03	23	FR	EN	0	3	F		-2	1534	2155	0	0	16	1
1911	04	01	EN	SQ	1	1	BC		-17	2138	1847	0	0	1	9
1911	04	14	DE	EN	2	2	F		8	1673	2130	+1	0	13	1
1911	04	17	NL	EN	0	1	F		-8	1950	2138	0	0	3	1
1911	05	25	CH	EN	1	4	F		-2	1547	2140	0	0	16	1
1911	10	21	EN	DK	3	0	F		7	2147	2001	0	0	1	2
1912	02	10	IE	EN	1	6	BC		-3	1454	2150	0	0	21	1
1912	03	11	WA	EN	0	2	BC		-5	1617	2155	0	0	15	1
1912	03	16	EN	NL	4	0	F		6	2161	1955	0	0	1	3
1912	03	23	SQ	EN	1	1	BC		10	1873	2151	+1	0	7	1
1912	04	08	BE	EN	1	2	F		-3	1748	2154	0	0	11	1
1912	06	30	EN	HU	7	0	OG	SE	24	2178	1866	0	−2	1	8
1912	07	02	EN	FI	4	0	OG	SE	5	2183	1632	0	0	1	15
1912	07	04	EN	DK	4	2	OG	SE	29	2212	2028	0	0	1	2
1912	11	09	EN	BE	4	0	F		1	2213	1742	0	0	1	11
1913	02	15	IE	EN	2	1	BC		39	1495	2174	+2	0	21	1
1913	02	27	FR	EN	1	4	F		-2	1563	2176	0	0	18	1
1913	03	17	EN	WA	4	3	BC		1	2177	1612	0	0	1	14
1913	03	21	DE	EN	0	3	F		-3	1686	2180	0	0	12	1
1913	03	24	NL	EN	2	1	F		13	1985	2167	0	0	3	1
1913	04	05	EN	SQ	1	0	BC		4	2171	1867	0	0	1	7
1913	11	15	EN	NL	2	1	F		3	2174	1943	0	0	1	4
1914	02	14	EN	IE	0	3	BC		-69	2105	1588	0	+4	1	16
1914	02	24	BE	EN	1	8	F		-10	1777	2115	0	0	11	1
1914	03	16	WA	EN	0	2	BC		-5	1592	2120	−1	0	17	1
1914	04	04	SQ	EN	3	1	BC		44	1886	2076	+1	0	7	1
1914	06	05	DK	EN	3	0	F		14	2067	2062	+1	−1	1	2
1914	06	10	SE	EN	1	5	F		-5	1650	2067	0	+1	13	1
1914	06	12	SE	EN	0	5	F		-6	1644	2073	0	0	13	1
1919	04	26	EN	SQ	2	2	F		-7	2066	1890	0	0	1	7
1919	05	03	SQ	EN	3	4	F		-8	1882	2074	0	0	7	1
1919	10	11	WA	EN	2	1	F		18	1610	2056	+2	0	18	1
1919	10	18	EN	WA	2	0	F		1	2057	1609	0	0	1	18
1919	10	25	IE	EN	1	1	BC		15	1615	2042	+1	0	18	1
1920	02	17	BE	EN	3	1	F		22	1792	2020	0	0	12	1
1920	03	15	EN	WA	1	2	BC		-38	1982	1662	−1	+2	2	16
1920	04	05	FR	EN	0	5	F		-6	1572	1988	0	+1	22	1
1920	04	10	EN	SQ	5	4	BC		9	1997	1872	0	0	1	8
1920	06	19	ZA	EN	1	3	F		-12	1809	2009	0	0	10	1
1920	06	26	ZA	EN	1	3	F		-11	1798	2020	−1	0	11	1
1920	07	17	ZA	EN	1	9	F		-16	1782	2036	0	0	11	1
1920	08	28	NO	EN	3	1	OG	BE	86	1569	1950	0	−3	26	4
1920	10	23	EN	IE	2	0	BC		4	1954	1597	0	0	4	23
1921	03	14	WA	EN	0	0	BC		10	1666	1944	0	−1	17	4
1921	04	09	SQ	EN	3	0	BC		30	1925	1914	+2	−4	6	8
1921	05	21	BE	EN	0	2	F		-19	1888	1933	−1	+2	9	4
1921	10	22	EI	EN	1	1	BC		7	1707	1926	−	0	16	5
1922	03	13	EN	WA	1	0	BC		5	1931	1700	0	−2	5	18
1922	04	08	EN	SQ	0	1	BC		-27	1904	1930	−2	+2	7	5
1922	10	21	EN	EI	2	0	BC		8	1912	1677	0	0	6	20
1923	03	05	WA	EN	2	2	BC		6	1712	1906	0	0	16	5
1923	03	19	EN	BE	6	1	F		14	1920	1883	0	−2	5	9
1923	04	14	SQ	EN	2	2	BC		-7	1943	1927	0	+1	3	4
1923	05	05	BE	EN	3	0	F		15	1900	1912	+3	−1	6	5
1923	05	10	FR	EN	1	4	F		-7	1578	1919	−2	+1	32	4
1923	05	21	SE	EN	2	4	F		-8	1635	1927	0	0	24	4
1923	10	20	EI	EN	2	1	BC		26	1739	1901	0	−3	16	7
1923	11	01	BE	EN	2	2	F		-3	1897	1904	−1	0	9	7
1924	03	03	EN	WA	1	2	BC		-34	1870	1735	−3	+2	9	16
1924	04	12	EN	SQ	1	1	BC		-3	1867	1912	−1	0	10	5
1924	05	17	FR	EN	1	3	F		-7	1565	1874	−2	+1	35	7
1924	10	11	EN	ZA	3	2	F		5	1879	1780	0	−1	6	14
1924	10	22	EN	EI	3	1	BC		10	1889	1682	0	−4	6	25
1924	11	26	EN	ZA	3	2	F		4	1893	1769	+1	0	5	17
1924	12	08	EN	BE	4	0	F		9	1902	1776	0	−1	5	15
1925	02	28	WA	EN	1	2	BC		-17	1739	1919	0	0	18	5
1925	04	04	SQ	EN	2	0	BC		20	1965	1899	+1	0	3	5
1925	05	21	FR	EN	2	3	F		-4	1541	1903	0	0	37	5
1925	06	27	AU	EN	1	5	F		-7	1552	1910	−1	0	35	5
1925	07	04	AU	EN	1	2	F		-4	1548	1914	−1	0	36	5
1925	07	11	AU	EN	2	8	F		-8	1540	1922	−1	0	37	5
1925	07	18	AU	EN	0	5	F		-7	1533	1929	0	0	37	5
1925	07	25	AU	EN	0	2	F		-5	1528	1934	0	0	37	5
1925	10	24	EI	EN	0	0	BC		9	1679	1925	+2	0	23	5
1926	03	01	EN	WA	1	3	BC		-53	1872	1733	−2	+6	7	19
1926	04	17	EN	SQ	0	1	BC		-19	1853	2014	−2	+1	10	1
1926	05	24	BE	EN	3	5	F		-15	1742	1868	−2	+2	17	8
1926	10	20	EN	EI	3	3	BC		-13	1855	1712	−2	+1	9	21
1927	02	12	WA	EN	3	3	BC		2	1728	1853	0	0	16	9
1927	04	02	SQ	EN	1	2	BC		-33	2002	1886	−2	+1	3	8
1927	05	11	BE	EN	1	9	F		-20	1716	1906	−2	+1	18	7
1927	05	21	LU	EN	2	5	F		-2	1288	1908	0	0	56	7
1927	05	26	FR	EN	0	6	F		-9	1575	1917	−1	+1	31	6
1927	10	22	EI	EN	2	0	BC		39	1744	1878	+2	0	16	7
1927	11	28	EN	WA	1	2	BC		-32	1846	1763	−1	+1	9	16
1928	03	31	EN	SQ	1	5	BC		-36	1810	1992	−2	0	11	4
1928	05	17	FR	EN	1	5	F		-12	1557	1822	−3	0	37	12
1928	05	19	BE	EN	1	3	F		-14	1676	1836	0	+3	24	9
1928	10	22	EN	EI	2	1	BC		10	1846	1724	0	−1	10	18
1928	11	17	WA	EN	2	3	BC		-22	1757	1868	−2	0	16	10
1929	04	13	SQ	EN	1	0	BC		8	2029	1860	0	0	3	10
1929	05	09	FR	EN	1	4	F		-9	1574	1869	−3	0	33	10
1929	05	11	BE	EN	1	5	F		-13	1646	1882	0	+1	23	9
1929	05	15	ES	EN	4	3	F		6	1917	1876	0	0	8	9
1929	06	15	ZA	EN	2	3	F		-10	1759	1886	0	0	15	9
1929	06	27	ZD	EN	0	4	F		-6	1494	1892	−	0	44	9
1929	06	29	ZD	EN	1	6	F		-6	1488	1898	−1	0	45	9
1929	07	13	ZA	EN	1	2	F		-9	1750	1907	0	0	15	9
1929	07	17	ZA	EN	1	3	F		-13	1737	1920	−1	+1	16	8
1929	10	19	EI	EN	0	3	BC		-24	1687	1944	−3	+2	20	5
1929	11	20	EN	WA	6	0	BC		12	1956	1723	+1	0	4	17
1930	04	05	EN	SQ	5	2	BC		35	1991	2020	+1	0	3	2
1930	05	10	DE	EN	3	3	F		2	1820	1989	0	0	12	3
1930	05	14	AT	EN	0	0	F		-2	1954	1991	0	0	6	3
1930	10	20	EN	EI	5	1	BC		8	1999	1711	0	0	4	18
1930	11	22	WA	EN	0	4	BC		-18	1685	2017	−2	+1	21	3
1931	03	28	SQ	EN	2	0	BC		23	2019	1994	+1	−1	3	4
1931	05	14	FR	EN	5	2	F		30	1611	1964	+4	−1	30	5
1931	05	16	BE	EN	1	4	F		-7	1608	1971	−1	0	30	5
1931	10	17	EI	EN	2	6	BC		-20	1679	1991	−3	+1	22	4
1931	11	18	EN	WA	3	1	BC		5	1996	1686	0	−1	4	20
1931	12	09	EN	ES	7	1	F		11	2007	1911	+1	0	3	7
1932	04	09	EN	SQ	3	0	BC		25	2032	1979	+1	−1	2	5
1932	10	17	EN	EI	1	0	BC		3	2035	1684	0	−1	2	22
1932	11	16	WA	EN	0	0	BC		11	1734	2024	0	0	17	2
1932	12	07	EN	AT	4	3	F		7	2031	2011	0	0	2	3
1933	04	01	SQ	EN	2	1	BC		20	1959	2011	0	−1	6	3
1933	05	13	IT	EN	1	1	F		-2	1994	2013	0	0	4	2
1933	05	20	CH	EN	0	4	F		-7	1640	2020	−1	0	29	2
1933	10	14	EI	EN	0	3	BC		-15	1684	2035	−3	0	23	2
1933	11	15	EN	WA	1	2	BC		-35	2000	1813	−1	+1	3	11
1933	12	06	EN	FR	4	1	F		2	2002	1599	0	−1	3	35
1934	04	14	EN	SQ	3	0	BC		17	2019	1882	0	0	3	8
1934	05	10	HU	EN	2	1	F		13	1829	2006	0	0	11	3
1934	05	16	CS	EN	2	1	F		12	1847	1994	+1	0	9	3
1934	09	29	WA	EN	0	4	BC		-29	1784	2023	0	+1	13	2
1934	11	14	EN	IT	3	2	F		8	2031	2039	0	0	2	1
1935	02	06	EN	EI	2	1	BC		3	2034	1706	0	0	2	18
1935	04	06	SQ	EN	2	0	BC		36	1904	1998	+2	−1	8	3
1935	05	18	NL	EN	0	1	F		-5	1693	2003	0	0	19	3
1935	08	21	SQ	EN	4	2	F		14	1948	1989	0	−1	6	4
1935	10	19	EI	EN	1	3	BC		-14	1675	2003	−4	+1	24	3
1935	12	04	EN	DE	3	0	F		8	2011	1888	+1	−1	2	9
1936	02	05	EN	WA	1	2	BC		-34	1977	1827	−2	+1	4	12
1936	04	04	EN	SQ	1	1	BC		-7	1970	1956	0	0	4	5
1936	05	06	AT	EN	2	1	F		10	1897	1960	0	0	10	4
1936	05	09	BE	EN	3	2	F		18	1525	1942	+5	−2	43	6
1936	10	17	WA	EN	2	1	BC		22	1826	1920	+2	0	11	6
1936	11	18	EN	EI	3	1	BC		7	1927	1671	0	−1	7	23
1936	12	02	EN	HU	6	2	F		12	1939	1881	+1	0	6	9
1937	04	17	SQ	EN	3	1	BC		21	1968	1918	0	−1	3	7
1937	05	14	NO	EN	0	6	F		-17	1731	1935	−2	+1	16	6
1937	05	17	SE	EN	0	4	F		-12	1697	1947	0	+2	21	4
1937	05	20	FI	EN	0	8	F		-4	1431	1951	−2	0	57	4
1937	10	23	EI	EN	1	5	BC		-19	1641	1970	−3	0	28	4
1937	11	17	EN	WA	2	1	BC		10	1980	1880	0	0	3	9
1937	12	01	EN	CS	5	4	F		5	1985	1866	0	0	3	11
1938	04	09	EN	SQ	0	1	BC		-27	1958	1986	−1	+1	4	3
1938	05	14	DE	EN	3	6	F		-17	1831	1975	0	0	11	4
1938	05	21	CH	EN	2	1	F		16	1670	1959	+4	0	25	4
1938	05	26	FR	EN	2	4	F		-7	1630	1966	−1	0	35	4
1938	10	22	WA	EN	4	2	BC		31	1884	1935	+1	−2	9	6
1938	11	09	EN	NO	4	0	F		6	1941	1738	0	0	6	15
1938	11	16	EN	EI	7	0	BC		10	1951	1661	+2	−3	4	27
1939	04	15	SQ	EN	1	2	BC		-29	1996	1980	0	0	3	4
1939	05	13	IT	EN	2	2	F		-6	2121	1986	0	0	1	4
1939	05	18	YU	EN	2	1	F		17	1612	1969	+1	0	38	4
1939	05	24	RO	EN	0	2	F		-4	1538	1973	0	0	45	4
1939	06	17	ZA	EN	0	3	F		-9	1668	1982	−1	0	27	4
1939	06	24	ZA	EN	2	8	F		-10	1658	1992	−2	0	29	4
1939	07	01	ZA	EN	1	2	F		-4	1654	1996	−1	+1	30	3
1945	05	26	EN	FR	2	2	F		-8	1988	1678	−1	+1	4	24
1945	07	21	CH	EN	3	1	FT		31	1785	1957	+2	0	14	4
1945	09	15	EI	EN	0	1	BC		-9	1644	1966	−1	0	35	4
1945	10	20	EN	WA	0	1	BC		-30	1936	1900	−2	+2	6	8
1946	01	19	EN	BE	2	0	F		1	1937	1515	0	−1	6	52
1946	04	13	SQ	EN	1	0	BC		11	2020	1926	0	0	3	6
1946	05	11	EN	CH	4	1	F		8	1934	1795	0	−1	6	14
1946	05	19	FR	EN	2	1	F		14	1709	1920	+2	0	19	6
1946	08	24	EN	SQ	2	2	F		0	1920	2024	0	0	6	3
1946	09	28	EI	EN	2	7	BC		-24	1648	1944	−9	+1	35	5
1946	09	30	IE	EN	0	1	F		-6	1687	1950	−1	0	23	5
1946	11	13	EN	WA	3	0	BC		20	1970	1866	0	0	5	9
1946	11	27	EN	NL	8	2	F		4	1974	1667	+2	−3	3	30
1947	04	12	EN	SQ	1	1	BC		-6	1968	1977	−1	+2	5	3
1947	05	03	EN	FR	3	0	F		4	1972	1712	0	−1	5	19
1947	05	18	CH	EN	1	0	F		13	1790	1959	+1	+1	15	4
1947	05	25	PT	EN	0	10	F		-16	1700	1975	−3	+1	21	4
1947	09	21	BE	EN	2	5	F		-4	1520	1979	0	+1	51	3
1947	10	18	WA	EN	0	3	BC		-31	1809	2010	−3	0	14	3
1947	11	05	EN	EI	2	2	BC		-16	1994	1751	0	+1	3	17
1947	11	19	EN	SE	4	2	F		6	2000	1862	0	−1	3	10
1948	04	10	SQ	EN	0	2	BC		-29	1857	2029	−3	0	11	3
1948	05	16	IT	EN	0	4	F		-26	2047	2055	−1	+1	3	2
1948	09	26	DK	EN	0	0	F		4	1808	2051	0	0	14	2
1948	10	09	EI	EN	2	6	BC		-17	1726	2068	−1	0	20	2
1948	11	10	EN	WA	1	0	BC		5	2073	1810	0	0	2	12
1948	12	02	EN	CH	6	0	F		3	2076	1743	+1	0	1	18
1949	04	09	EN	SQ	1	3	BC		-51	2025	1931	−1	+2	2	6
1949	05	13	SE	EN	3	1	F		12	2009	2013	0	0	3	2
1949	05	18	NO	EN	1	4	F		-5	1603	2018	0	0	36	2
1949	05	22	FR	EN	1	3	F		-8	1739	2026	0	0	17	2
1949	09	21	EN	IE	0	2	F		-28	1998	1661	−2	+4	4	30
1949	10	15	WA	EN	1	4	WQB		-25	1766	2023	−2	+1	15	2
1949	11	16	EN	EI	9	2	WQB		6	2029	1656	0	−2	2	31
1949	11	30	EN	IT	2	0	F		10	2039	1990	0	0	2	3
1950	04	15	SQ	EN	0	1	WQB		-22	1954	2061	−2	0	6	2
1950	05	14	PT	EN	3	5	F		-5	1682	2066	0	0	27	2
1950	05	18	BE	EN	1	4	F		-5	1655	2071	−2	0	32	2
1950	06	25	EN	CL	2	0	WC	BR	6	2077	1593	+1	−2	1	39
1950	06	29	US	EN	1	0	WC	BR	57	1625	2020	+9	−1	34	2
1950	07	02	ES	EN	1	0	WC	BR	38	1961	1982	+2	−2	6	4
1950	10	07	EI	EN	1	4	BC		-16	1651	1998	−3	0	32	3
1950	11	15	EN	WA	4	2	BC		7	2005	1726	0	−2	3	20
1950	11	22	EN	YU	2	2	F		-6	1999	1885	0	0	3	9
1951	04	14	EN	SQ	2	3	BC		-27	1972	1999	−2	+2	5	3
1951	05	09	EN	AR	2	1	F		10	1982	2064	0	0	5	1
1951	05	19	EN	PT	5	2	F		3	1985	1670	+1	0	4	29
1951	10	03	EN	FR	2	2	F		-8	1977	1724	0	+1	5	20
1951	10	20	WA	EN	1	1	BC		7	1766	1970	0	0	15	5
1951	11	14	EN	EI	2	0	BC		4	1974	1608	+1	0	4	38
1951	11	28	EN	AT	2	2	F		-5	1969	1906	−2	0	5	8
1952	04	05	SQ	EN	1	2	BC		-26	1944	1995	−3	+1	6	3
1952	05	18	IT	EN	1	1	F		-2	1948	1997	−1	0	5	3
1952	05	25	AT	EN	2	3	F		-11	1904	2008	0	0	8	3
1952	05	28	CH	EN	0	3	F		-9	1714	2017	−2	0	23	3
1952	10	04	EI	EN	2	2	BC		15	1612	2002	+2	0	37	4
1952	11	12	EN	WA	5	2	BC		10	2012	1784	0	−1	4	15
1952	11	26	EN	BE	5	0	F		3	2015	1689	0	0	4	24
1953	04	18	EN	SQ	2	2	BC		-9	2006	1949	0	0	3	5
1953	05	14	AR	EN	3	1	F		8	2085	1998	+1	0	1	3
1953	05	17	AR	EN	0	0	F		-5	2080	2003	−1	0	2	3
1953	05	24	CL	EN	1	2	F		-5	1728	2008	−2	0	19	3
1953	05	31	UY	EN	2	1	F		11	1884	1997	0	0	9	3
1953	06	08	US	EN	3	6	F		-4	1559	2001	−1	0	47	3
1953	10	10	WA	EN	1	4	WQB		-23	1754	2024	−3	0	18	3
1953	11	11	EN	EI	3	1	WQB		3	2027	1590	0	0	3	42
1953	11	25	EN	HU	3	6	F		-18	2009	2127	0	0	3	1
1954	04	03	SQ	EN	2	4	WQB		-32	1901	2041	−1	+1	8	3
1954	05	16	YU	EN	1	0	F		10	1934	2031	+1	0	6	3
1954	05	23	HU	EN	7	1	F		10	2146	2021	0	−1	1	4
1954	06	17	BE	EN	4	4	WC	CH	18	1794	2003	0	0	14	4
1954	06	20	CH	EN	0	2	WC		-22	1690	2025	−2	0	23	4
1954	06	26	UY	EN	4	2	WC	CH	53	2019	1972	+1	−1	4	5
1954	10	02	EI	EN	0	2	BC		-12	1611	1984	−1	0	41	5
1954	11	10	EN	WA	3	2	BC		4	1988	1692	0	0	5	22
1954	12	01	EN	WG	3	1	F		13	2001	2033	0	0	5	3
1955	04	02	EN	SQ	7	2	BC		13	2014	1796	+1	−1	4	14
1955	05	15	FR	EN	1	0	F		12	1841	2002	0	−1	10	5
1955	05	18	ES	EN	1	1	F		2	1824	2000	0	0	11	5
1955	05	22	PT	EN	3	1	F		24	1674	1976	+2	0	28	5
1955	10	02	DK	EN	1	5	F		-9	1654	1985	−2	0	32	5
1955	10	22	WA	EN	2	1	BC		29	1743	1956	+4	−1	20	6
1955	11	02	EN	EI	3	0	BC		6	1962	1624	+1	−1	5	39
1955	11	30	EN	ES	4	1	F		8	1970	1830	0	0	5	10
1956	04	14	SQ	EN	1	1	BC		3	1828	1967	0	−2	12	6
1956	05	09	EN	BR	4	2	F		13	1980	2005	+1	0	4	3
1956	05	16	SE	EN	0	0	F		2	1794	1978	0	0	13	4
1956	05	20	FI	EN	1	5	F		-2	1377	1980	0	0	88	4
1956	05	25	WG	EN	1	3	F		-19	1949	1999	−2	0	7	4
1956	10	06	EI	EN	1	1	BC		13	1647	1986	+5	0	35	4
1956	11	14	EN	WA	3	1	BC		6	1992	1704	0	0	4	23
1956	11	28	EN	YU	3	0	F		9	2001	1892	0	+1	4	6
1956	12	05	EN	DK	5	2	WQ		4	2005	1621	0	0	4	41
1957	04	06	EN	SQ	2	1	BC		7	2012	1840	0	−1	3	13
1957	05	08	EN	IE	5	1	WQ		7	2019	1711	0	−3	3	24
1957	05	15	DK	EN	1	4	WQ		-11	1610	2030	−3	0	45	3
1957	05	19	IE	EN	1	1	WQ		11	1722	2019	+4	0	20	3
1957	10	19	WA	EN	0	4	BC		-17	1683	2036	−4	0	30	3
1957	11	06	EN	EI	2	3	BC		-37	1999	1711	0	+5	3	26
1957	11	27	EN	FR	4	0	F		8	2007	1855	0	0	3	12
1958	04	19	SQ	EN	0	4	BC		-31	1819	2038	−1	0	13	3
1958	05	07	EN	PT	2	1	F		1	2039	1670	0	0	3	32
1958	05	11	YU	EN	5	0	F		23	1918	2016	+2	0	6	3
1958	05	18	SU	EN	1	1	F		1	1893	2015	0	0	10	3
1958	06	08	EN	SU	2	2	WC	SE	-10	2005	1903	0	+2	3	8
1958	06	11	BR	EN	0	0	WC	SE	-1	2017	2006	0	0	2	3
1958	06	15	AT	EN	2	2	WC	SE	14	1839	1992	0	0	13	3
1958	06	17	SU	EN	1	0	WC	SE	37	1944	1955	+4	−1	5	4
1958	10	04	EI	EN	3	3	BC		5	1777	1950	0	0	18	4
1958	10	22	EN	SU	5	0	F		14	1964	1928	+1	0	3	5
1958	11	26	EN	WA	2	2	BC		-14	1950	1764	−1	+1	4	19
1959	04	11	EN	SQ	1	0	BC		8	1958	1802	0	0	4	14
1959	05	06	EN	IT	2	2	F		-6	1952	1801	0	+1	4	16
1959	05	13	BR	EN	2	0	F		5	2156	1947	0	0	1	4
1959	05	17	PE	EN	4	1	F		22	1774	1925	+3	−2	18	6
1959	05	24	MX	EN	2	1	F		12	1775	1913	+2	−1	18	7
1959	05	28	US	EN	1	8	F		-5	1438	1918	0	+1	81	6
1959	10	17	WA	EN	1	1	BC		4	1744	1914	0	−2	25	7
1959	10	28	EN	SE	2	3	F		-13	1901	1932	0	0	7	5
1959	11	18	EN	EI	2	1	BC		8	1909	1745	0	−1	7	24
1960	04	09	SQ	EN	1	1	BC		-2	1843	1911	0	0	13	10
1960	05	11	EN	YU	3	3	F		-4	1907	1872	0	+2	9	10
1960	05	15	ES	EN	3	0	F		12	1925	1895	+1	0	7	9
1960	05	22	HU	EN	2	0	F		7	1993	1888	0	−1	3	10
1960	10	08	EI	EN	2	5	BC		-29	1702	1917	−6	+2	31	8
1960	10	19	LU	EN	0	9	WQ		-4	1267	1921	0	0	115	8
1960	10	26	EN	ES	4	2	F		12	1933	1938	0	−2	8	7
1960	11	23	EN	WA	5	1	BC		16	1949	1789	+1	−3	6	18
1961	04	15	EN	SQ	9	3	BC		16	1965	1781	+1	−1	5	17
1961	05	10	EN	MX	8	0	F		10	1975	1819	0	0	5	15
1961	05	21	PT	EN	1	1	WQ		9	1717	1966	+2	0	23	5
1961	05	24	IT	EN	2	3	F		-8	1781	1974	0	+1	17	4
1961	05	27	AT	EN	3	1	F		15	1879	1959	+1	−1	11	5
1961	09	28	EN	LU	4	1	WQ		1	1960	1262	0	0	5	117
1961	10	14	WA	EN	1	1	BC		3	1816	1957	0	0	15	5
1961	10	25	EN	PT	2	0	WQ		5	1962	1652	0	0	5	39
1961	11	22	EN	EI	1	1	BC		-18	1944	1609	−3	+2	8	44
1962	04	04	EN	AT	3	1	F		9	1953	1891	0	0	8	10
1962	04	14	SQ	EN	2	0	BC		29	1893	1924	+1	0	12	8
1962	05	09	EN	CH	3	1	F		4	1928	1708	0	0	8	25
1962	05	20	PE	EN	0	4	F		-12	1685	1940	−1	+1	29	7
1962	05	31	HU	EN	2	1	WC	CL	30	1969	1910	+3	−1	5	8
1962	06	02	EN	AR	3	1	WC	CL	56	1966	1938	+2	−3	6	7
1962	06	07	BG	EN	0	0	WC	CL	18	1752	1948	0	0	22	6
1962	06	10	BR	EN	3	1	WC	CL	24	2149	1924	0	−3	1	9
1962	10	03	EN	FR	1	1	EQ		-13	1911	1768	−1	+3	9	19
1962	10	20	EI	EN	1	3	BC		-16	1619	1927	−1	0	41	9
1962	11	21	EN	WA	4	0	BC		14	1941	1754	+2	−3	7	22
1963	02	27	FR	EN	5	2	EQ		42	1816	1899	+1	−3	17	9
1963	04	06	EN	SQ	1	2	BC		-25	1874	1933	−2	0	12	8
1963	05	08	EN	BR	1	1	F		-1	1873	1950	0	0	12	3
1963	05	29	CS	EN	2	4	F		-21	1903	1894	−1	+1	9	11
1963	06	02	DD	EN	1	2	F		-5	1614	1899	−2	0	45	11
1963	06	05	CH	EN	1	8	F		-11	1595	1910	−3	+2	50	9
1963	10	12	WA	EN	0	4	BC		-36	1759	1946	−4	+5	22	4
1963	11	20	EN	EI	8	3	BC		7	1953	1631	+1	−1	3	42
1964	04	11	SQ	EN	1	0	BC		17	1930	1936	+2	−2	7	5
1964	05	06	EN	UY	2	1	F		5	1941	1849	+1	0	4	13
1964	05	17	PT	EN	3	4	F		-6	1677	1947	0	−1	33	5
1964	05	24	IE	EN	1	3	F		-8	1663	1955	0	+2	35	3
1964	05	27	US	EN	0	10	F		-4	1428	1959	−2	0	85	3
1964	05	30	BR	EN	5	1	CON		21	1969	1938	+2	−2	3	5
1964	06	04	EN	PT	1	1	CON	BR	-10	1928	1679	−2	+1	7	33
1964	06	06	AR	EN	1	0	CON	BR	13	1992	1915	+1	−1	2	8
1964	10	03	EI	EN	3	4	BC		-13	1672	1928	−2	+3	34	6
1964	10	21	EN	BE	2	2	F		-7	1921	1708	0	+1	7	28
1964	11	18	EN	WA	2	1	BC		6	1927	1719	+2	−1	5	25
1964	12	09	NL	EN	1	1	F		4	1685	1923	+1	−2	32	7
1965	04	10	EN	SQ	2	2	BC		-6	1917	1919	−1	+1	8	7
1965	05	05	EN	HU	1	0	F		9	1926	1965	+4	−1	5	3
1965	05	09	YU	EN	1	1	F		-1	1867	1927	−1	0	12	5
1965	05	12	WG	EN	0	1	F		-12	1882	1939	0	0	10	5
1965	05	16	SE	EN	1	2	F		-11	1857	1950	−3	+1	14	4
1965	10	02	WA	EN	0	0	BC		6	1740	1944	0	0	26	5
1965	10	20	EN	AT	2	3	F		-16	1928	1795	0	+4	5	16
1965	11	10	EN	EI	2	1	BC		5	1933	1668	0	0	5	35
1965	12	08	ES	EN	0	2	F		-19	1899	1952	−2	+1	9	5
1966	01	05	EN	PL	1	1	F		-8	1944	1697	0	+2	5	30
1966	02	23	EN	WG	1	0	F		6	1950	1910	0	0	5	7
1966	04	02	SQ	EN	3	4	BC		-21	1841	1971	−1	0	13	5
1966	05	04	EN	YU	2	0	F		5	1976	1800	0	0	4	16
1966	06	26	FI	EN	0	3	F		-3	1450	1979	0	0	82	3
1966	06	29	NO	EN	1	6	F		-6	1577	1985	−2	0	51	3
1966	07	03	DK	EN	0	2	F		-4	1577	1989	−2	0	50	3
1966	07	05	PL	EN	0	1	F		-5	1699	1994	0	0	30	3
1966	07	11	EN	UY	0	0	WC		-18	1976	1866	0	+1	3	12
1966	07	16	EN	MX	2	0	WC		20	1996	1839	+3	0	2	14
1966	07	20	EN	FR	2	0	WC		11	2007	1735	+1	−2	2	26
1966	07	23	EN	AR	1	0	WC		21	2028	1984	−1	−2	3	5
1966	07	26	EN	PT	2	1	WC		20	2048	1982	0	−1	3	5
1966	07	30	EN	WG	4	2	WC		35	2083	2038	+1	−1	1	2
1966	10	22	EI	EN	0	2	EQB		-11	1716	2094	−2	0	29	1
1966	11	02	EN	CS	0	0	F		-7	2087	1896	0	0	1	9
1966	11	16	EN	WA	5	1	EQB		4	2091	1694	0	−1	1	31
1967	04	15	EN	SQ	2	3	EQB		-36	2055	1847	0	+3	1	13
1967	05	24	EN	ES	2	0	F		5	2060	1855	0	+1	1	11
1967	05	27	AT	EN	0	1	F		-5	1742	2065	−1	0	26	1
1967	10	21	WA	EN	0	3	EQB		-13	1687	2078	−1	0	32	1
1967	11	22	EN	EI	2	0	EQB		4	2082	1720	0	0	1	27
1967	12	06	EN	SU	2	2	F		-6	2076	1961	0	0	1	5
1968	02	24	SQ	EN	1	1	EQB		7	1858	2069	0	0	13	1
1968	04	03	EN	ES	1	0	EQ		6	2075	1872	0	0	1	11
1968	05	08	ES	EN	1	2	EQ		-14	1857	2089	−2	0	13	1
1968	05	22	EN	SE	3	1	F		2	2091	1724	0	0	1	28
1968	06	01	WG	EN	1	0	F		10	2007	2081	0	0	2	1
1968	06	05	YU	EN	1	0	EC	IT	40	1880	2041	+5	0	11	1
1968	06	08	EN	SU	2	0	EC	IT	32	2073	1957	0	−1	1	4
1968	11	06	RO	EN	0	0	F		6	1743	2067	0	0	25	1
1968	12	11	EN	BG	1	1	F		-7	2060	1894	0	0	1	10
1969	01	15	EN	RO	1	1	F		-8	2052	1766	0	+1	1	20
1969	03	12	EN	FR	5	0	F		3	2055	1686	0	−1	1	31
1969	05	03	EI	EN	1	3	BC		-15	1743	2070	−2	0	25	1
1969	05	07	EN	WA	2	1	BC		2	2072	1673	0	0	1	33
1969	05	10	EN	SQ	4	1	BC		11	2083	1877	0	−1	1	10
1969	06	01	MX	EN	0	0	F		4	1819	2079	+1	0	16	1
1969	06	03	MX	EN	0	4	F		-11	1808	2090	−1	0	17	1
1969	06	08	UY	EN	1	2	F		-6	1843	2096	0	0	13	1
1969	06	12	BR	EN	2	1	F		10	2007	2086	0	0	4	1
1969	11	05	NL	EN	0	1	F		-4	1714	2090	−1	0	31	1
1969	12	10	EN	PT	1	0	F		2	2092	1805	0	0	1	16
1970	01	14	EN	NL	0	0	F		-9	2083	1723	0	0	1	30
1970	02	25	BE	EN	1	3	F		-7	1780	2090	0	0	20	1
1970	04	18	WA	EN	1	1	BC		15	1669	2075	+1	0	38	1
1970	04	21	EN	EI	3	1	BC		4	2079	1716	0	0	1	28
1970	04	25	SQ	EN	0	0	BC		8	1847	2071	+1	0	10	1
1970	05	20	CO	EN	0	4	F		-2	1421	2073	0	0	89	1
1970	05	24	EC	EN	0	2	F		-1	1444	2074	0	0	82	1
1970	06	02	EN	RO	1	0	WC	MX	9	2083	1774	0	−1	1	20
1970	06	07	BR	EN	1	0	WC	MX	32	2088	2051	+1	−1	1	2
1970	06	11	EN	CS	1	0	WC	MX	16	2067	1860	0	−1	2	9
1970	06	14	WG	EN	3	2	WC	MX	32	2078	2035	+1	−1	2	3
1970	11	25	EN	DD	3	1	F		7	2042	1906	0	0	2	7
1971	02	03	MT	EN	0	1	EQ		-2	1404	2044	0	0	93	2
1971	04	21	EN	GR	3	0	EQ		3	2047	1627	0	−1	2	44
1971	05	12	EN	MT	5	0	EQ		1	2048	1395	0	0	2	94
1971	05	15	EI	EN	0	1	BC		-8	1698	2056	−2	0	34	2
1971	05	19	EN	WA	0	0	BC		-18	2038	1690	−1	+2	3	36
1971	05	22	EN	SQ	3	1	BC		6	2044	1755	0	0	3	22
1971	10	13	CH	EN	2	3	EQ		-8	1691	2052	−5	0	37	3
1971	11	10	EN	CH	1	1	EQ		-17	2035	1708	0	+5	3	31
1971	12	01	GR	EN	0	2	EQ		-9	1614	2044	−3	0	44	3
1972	04	29	EN	WG	1	3	EQ		-37	2007	2102	0	0	3	2
1972	05	13	WG	EN	0	0	EQ		-10	2092	2017	0	0	2	3
1972	05	20	WA	EN	0	3	BC		-14	1662	2031	−1	0	38	3
1972	05	23	EN	EI	0	1	BC		-36	1995	1764	0	+5	3	24
1972	05	27	SQ	EN	0	1	BC		-15	1782	2010	−4	0	21	3
1972	10	11	EN	YU	1	1	F		-5	2005	1906	0	0	3	9
1972	11	15	WA	EN	0	1	WQ		-8	1646	2013	−1	0	38	3
1973	01	24	EN	WA	1	1	WQ		-17	1996	1663	0	+1	3	39
1973	02	14	SQ	EN	0	5	F		-17	1823	2013	−4	0	18	3
1973	05	12	EN	EI	2	1	BC		4	2017	1719	0	0	3	27
1973	05	15	EN	WA	3	0	BC		5	2022	1675	0	−2	3	36
1973	05	19	EN	SQ	1	0	BC		6	2028	1814	0	−1	3	20
1973	05	27	CS	EN	1	1	F		3	1823	2025	0	0	19	3
1973	06	06	PL	EN	2	0	WQ		30	1950	1995	+3	0	4	3
1973	06	10	SU	EN	1	2	F		-11	1927	2006	0	0	7	3
1973	06	14	IT	EN	2	0	F		12	1978	1994	0	0	4	3
1973	09	26	EN	AT	7	0	F		8	2002	1823	0	+1	3	16
1973	10	17	EN	PL	1	1	WQ		-7	1995	1982	0	0	3	5
1973	11	14	EN	IT	0	1	F		-13	1982	2005	−1	+1	4	3
1974	04	03	PT	EN	0	0	F		0	1868	1982	0	0	14	4
1974	05	11	WA	EN	0	2	BC		-13	1640	1995	−2	0	38	4
1974	05	15	EN	EI	1	0	BC		6	2001	1802	0	0	4	19
1974	05	18	SQ	EN	2	0	BC		39	1830	1962	+3	0	17	4
1974	05	22	EN	AR	2	2	F		-4	1958	1912	0	0	4	8
1974	05	29	DD	EN	1	1	F		-2	1939	1960	+1	0	6	4
1974	06	01	BG	EN	0	1	F		-9	1822	1969	−1	0	18	4
1974	06	05	YU	EN	2	2	F		-2	1936	1971	0	0	7	4
1974	10	30	EN	CS	3	0	EQ		18	1989	1864	0	+2	5	13
1974	11	20	EN	PT	0	0	EQ		-12	1977	1859	0	+2	5	13
1975	03	12	EN	WG	2	0	F		17	1994	2114	0	0	5	1
1975	04	16	EN	CY	5	0	EQ		1	1995	1311	0	−1	5	116
1975	05	11	CY	EN	0	1	EQ		-1	1308	1996	0	0	116	5
1975	05	17	EI	EN	0	0	BC		5	1820	1991	0	0	20	5
1975	05	21	EN	WA	2	2	BC		-15	1976	1752	0	+2	5	25
1975	05	24	EN	SQ	5	1	BC		21	1997	1890	0	−2	5	10
1975	09	03	CH	EN	1	2	F		-5	1678	2002	−1	0	33	5
1975	10	30	CS	EN	2	1	EQ		21	1905	1981	+3	0	10	5
1975	11	19	PT	EN	1	1	EQ		2	1845	1979	0	0	15	5
1976	03	24	WA	EN	1	2	F		-7	1752	1986	0	0	27	5
1976	05	08	WA	EN	0	1	BC		-12	1720	1998	−1	0	29	4
1976	05	11	EN	EI	4	0	BC		10	2008	1763	0	−3	4	27
1976	05	15	SQ	EN	2	1	BC		19	1946	1989	0	0	8	4
1976	05	23	BR	EN	1	0	BIC	US	13	2059	1976	0	0	3	4
1976	05	28	EN	IT	3	2	BIC	US	14	1990	1946	0	−1	4	6
1976	06	13	FI	EN	1	4	WQ		-4	1406	1994	−2	0	92	4
1976	09	08	EN	IE	1	1	F		-8	1986	1735	−1	0	5	29
1976	10	13	EN	FI	2	1	WQ		1	1987	1438	0	0	5	85
1976	11	17	IT	EN	2	0	WQ		24	1976	1963	+2	−2	5	7
1977	02	09	EN	NL	0	2	F		-16	1947	2046	0	0	7	3
1977	03	30	EN	LU	5	0	WQ		1	1948	1266	0	0	7	119
1977	05	28	EI	EN	1	2	BC		-14	1732	1962	−2	0	27	6
1977	05	31	EN	WA	0	1	BC		-33	1929	1819	−2	+2	8	19
1977	06	04	EN	SQ	1	2	BC		-25	1904	1974	−3	+2	11	4
1977	06	08	BR	EN	0	0	F		-6	2062	1910	0	+1	3	10
1977	06	12	AR	EN	1	1	F		-3	1923	1913	0	0	8	10
1977	06	15	UY	EN	0	0	F		4	1657	1909	+2	0	38	10
1977	09	07	EN	CH	0	0	F		-8	1901	1607	−2	+2	11	45
1977	10	12	LU	EN	0	2	WQ		-2	1249	1903	0	0	125	12
1977	11	16	EN	IT	2	0	WQ		27	1930	1946	+4	−1	8	6
1978	02	22	WG	EN	2	1	F		3	2135	1927	0	0	1	8
1978	04	19	EN	BR	1	1	F		1	1928	2073	0	0	9	3
1978	05	13	WA	EN	1	3	BC		-28	1780	1956	−2	+2	22	6
1978	05	16	EN	EI	1	0	BC		6	1962	1740	0	0	6	26
1978	05	20	SQ	EN	0	1	BC		-26	1945	1988	−3	+2	7	4
1978	05	24	EN	HU	4	1	F		10	1998	1907	0	0	4	12
1978	09	20	DK	EN	3	4	EQ		-8	1649	2006	0	+1	39	5
1978	10	25	IE	EN	1	1	EQ		10	1724	1996	+1	0	29	6
1978	11	29	EN	CS	1	0	F		5	2001	1906	0	0	5	11
1979	02	07	EN	EI	4	0	EQ		10	2011	1772	0	−1	5	23
1979	05	19	EI	EN	0	2	BC		-20	1770	2031	0	+3	23	3
1979	05	23	EN	WA	0	0	BC		-14	2017	1843	−1	0	5	16
1979	05	26	EN	SQ	3	1	BC		11	2028	1853	+1	0	4	15
1979	06	06	BG	EN	0	3	EQ		-17	1711	2045	−3	+1	30	3
1979	06	10	SE	EN	0	0	F		5	1742	2040	+1	0	24	3
1979	06	13	AT	EN	4	3	F		11	1900	2029	+1	−1	12	4
1979	09	12	EN	DK	1	0	EQ		2	2031	1655	0	0	3	37
1979	10	17	EI	EN	1	5	EQ		-17	1701	2048	−3	0	30	3
1979	11	22	EN	BG	2	0	EQ		4	2052	1705	+1	−2	2	31
1980	02	06	EN	IE	2	0	EQ		5	2057	1718	0	−1	2	27
1980	03	26	ES	EN	0	2	F		-12	1880	2069	−1	0	15	2
1980	05	13	EN	AR	3	1	F		7	2076	1969	0	0	2	6
1980	05	17	WA	EN	4	1	BC		50	1867	2026	+1	−2	16	4
1980	05	20	EN	EI	1	1	BC		-16	2010	1760	0	+2	4	23
1980	05	24	SQ	EN	0	2	BC		-22	1798	2032	−1	+1	18	3
1980	05	31	AU	EN	1	2	F		-4	1677	2036	−1	0	35	3
1980	06	12	BE	EN	1	1	EC	IT	8	1921	2028	+4	0	8	4
1980	06	15	IT	EN	1	0	EC		21	1998	2007	+1	−1	5	4
1980	06	18	EN	ES	2	1	EC	IT	15	2022	1851	+1	0	3	15
1980	09	10	EN	NO	4	0	WQ		2	2024	1508	0	0	3	67
1980	10	15	RO	EN	2	1	WQ		27	1827	1997	+2	−1	17	4
1980	11	19	EN	CH	2	1	WQ		2	1999	1587	0	0	5	47
1981	03	25	EN	ES	1	2	F		-16	1983	1872	0	0	4	16
1981	04	29	EN	RO	0	0	WQ		-13	1970	1833	0	+1	4	17
1981	05	12	EN	BR	0	1	F		-10	1960	2066	−1	0	5	2
1981	05	20	EN	WA	0	0	BC		-9	1951	1909	−2	+1	7	12
1981	05	23	EN	SQ	0	1	BC		-31	1920	1858	−3	+1	10	16
1981	05	30	CH	EN	2	1	WQ		31	1630	1889	+6	−4	42	15
1981	06	06	HU	EN	1	3	WQ		-33	1792	1922	−3	+5	21	10
1981	09	09	NO	EN	2	1	WQ		35	1531	1887	+9	−4	63	14
1981	11	18	EN	HU	1	0	WQ		11	1898	1809	+2	0	11	18
1982	02	23	EN	EI	4	0	BC		17	1915	1771	+3	−3	8	22
1982	04	27	WA	EN	0	1	BC		-22	1832	1937	−1	+4	17	6
1982	05	25	EN	NL	2	0	F		10	1947	1896	0	0	6	11
1982	05	29	SQ	EN	0	1	BC		-21	1840	1968	0	+1	16	5
1982	06	02	IS	EN	1	1	F		8	1512	1960	+4	0	66	5
1982	06	03	FI	EN	1	4	F		-4	1477	1964	0	0	77	5
1982	06	16	EN	FR	3	1	WC	ES	34	1998	1846	+2	−2	3	17
1982	06	20	EN	CS	2	0	WC	ES	30	2028	1846	+1	−2	3	15
1982	06	25	EN	KW	1	0	WC	ES	5	2033	1620	0	−2	3	44
1982	06	29	EN	WG	0	0	WC	ES	5	2038	2085	0	0	3	2
1982	07	05	ES	EN	0	0	WC		9	1835	2029	0	0	17	3
1982	09	22	DK	EN	2	2	EQ		10	1746	2019	+1	0	25	4
1982	10	13	EN	WG	1	2	F		-13	2006	2042	−1	0	5	3
1982	11	17	GR	EN	0	3	EQ		-13	1629	2019	−1	+2	41	3
1982	12	15	EN	LU	9	0	EQ		1	2020	1201	0	0	2	137
1983	02	23	EN	WA	2	1	BC		7	2027	1855	0	0	2	14
1983	03	30	EN	GR	0	0	EQ		-18	2009	1620	−1	+2	3	42
1983	04	27	EN	HU	2	0	EQ		10	2019	1813	0	−1	3	19
1983	05	28	EI	EN	0	0	BC		7	1793	2012	0	0	20	3
1983	06	01	EN	SQ	2	0	BC		11	2023	1845	0	0	3	15
1983	06	12	AU	EN	0	0	F		8	1581	2015	+5	−1	51	4
1983	06	15	AU	EN	0	1	F		-3	1578	2018	−1	+1	52	3
1983	06	19	AU	EN	1	1	F		8	1586	2010	+1	−1	50	4
1983	09	21	EN	DK	0	1	EQ		-35	1975	1821	0	+1	4	19
1983	10	12	HU	EN	0	3	EQ		-24	1734	1999	−4	0	30	4
1983	11	16	LU	EN	0	4	EQ		-1	1194	2000	0	+1	140	2
1984	02	29	FR	EN	2	0	F		14	1941	1986	0	0	5	3
1984	04	04	EN	EI	1	0	BC		8	1994	1826	0	−1	3	20
1984	05	02	WA	EN	1	0	BC		24	1839	1970	+3	0	18	3
1984	05	26	SQ	EN	1	1	BC		1	1849	1969	+1	0	16	3
1984	06	02	EN	SU	0	2	F		-17	1952	2035	−2	0	5	1
1984	06	10	BR	EN	0	2	F		-20	1943	1972	−2	+2	5	3
1984	06	13	UY	EN	2	0	WPC		23	1882	1949	+3	−1	11	4
1984	06	17	CL	EN	0	0	F		2	1766	1947	0	0	26	4
1984	09	12	EN	DD	1	0	F		6	1953	1885	0	−2	4	11
1984	10	17	EN	FI	5	0	WQ		3	1956	1464	0	−1	4	81
1984	11	14	TR	EN	0	8	WQ		-14	1530	1970	−2	0	60	4
1985	02	27	EI	EN	0	1	WQ		-17	1807	1987	−2	+1	20	3
1985	03	26	EN	IE	2	1	F		2	1989	1717	0	0	3	31
1985	05	01	RO	EN	0	0	WQ		6	1795	1983	+2	0	23	4
1985	05	22	FI	EN	1	1	WQ		16	1492	1967	+4	0	73	4
1985	05	25	SQ	EN	1	0	RSC		16	1855	1951	+4	0	11	4
1985	06	06	IT	EN	2	1	CDM	MX	18	1909	1933	0	0	8	4
1985	06	09	MX	EN	1	0	MAZ		17	1813	1916	+1	−3	21	7
1985	06	12	EN	WG	3	0	AZT	MX	33	1949	1981	+3	−1	4	2
1985	06	16	US	EN	0	5	F		-6	1550	1955	0	+1	60	3
1985	09	11	EN	RO	1	1	WQ		-13	1942	1798	−1	+2	4	24
1985	10	16	EN	TR	5	0	WQ		4	1946	1515	+1	0	3	69
1985	11	13	EN	EI	0	0	WQ		-11	1935	1844	0	0	3	18
1986	01	29	EG	EN	0	4	F		-8	1612	1943	−2	0	45	3
1986	02	26	IL	EN	1	2	F		-5	1633	1948	0	0	41	3
1986	03	26	SU	EN	0	1	F		-13	1961	1961	0	+1	2	2
1986	04	23	EN	SQ	2	1	RSC		8	1969	1871	0	−2	2	12
1986	05	14	EN	KR	4	1	F	US	4	1973	1614	0	−2	2	47
1986	05	17	EN	MX	3	0	F	US	12	1985	1840	0	−5	2	19
1986	05	24	CA	EN	0	1	F		-4	1647	1989	0	0	36	2
1986	06	03	PT	EN	1	0	WC	MX	44	1850	1945	+8	0	15	3
1986	06	06	EN	MA	0	0	WC	MX	-20	1925	1675	−2	+3	5	33
1986	06	11	EN	PL	3	0	WC	MX	38	1963	1789	+3	−9	4	26
1986	06	18	EN	PY	3	0	WC	MX	34	1997	1800	+1	−5	3	21
1986	06	22	AR	EN	2	1	WC	MX	34	1980	1963	+3	−2	3	5
1986	09	10	SE	EN	1	0	F		10	1869	1953	+2	−1	10	7
1986	10	15	EN	EI	3	0	EQ		12	1965	1764	0	−1	6	25
1986	11	12	EN	YU	2	0	EQ		13	1978	1828	0	−2	5	16
1987	02	18	ES	EN	2	4	F		-20	1970	1998	−1	+2	5	3
1987	04	01	EI	EN	0	2	EQ		-18	1737	2016	0	0	29	3
1987	04	29	TR	EN	0	0	EQ		16	1552	2000	+3	0	61	3
1987	05	19	EN	BR	1	1	RSC		-4	1996	2021	0	0	3	2
1987	05	23	SQ	EN	0	0	RSC		6	1767	1990	0	0	24	3
1987	09	09	WG	EN	3	1	F		12	1977	1978	0	0	3	2
1987	10	14	EN	TR	8	0	EQ		4	1982	1548	+1	−1	2	63
1987	11	11	YU	EN	1	4	EQ		-33	1826	2015	−3	+1	18	1
1988	02	17	IL	EN	0	0	F		8	1545	2007	0	0	63	1
1988	03	23	EN	NL	2	2	F		-5	2002	1942	0	+1	1	6
1988	04	27	HU	EN	0	0	F		3	1781	1999	+1	0	23	1
1988	05	21	EN	SQ	1	0	RSC		4	2003	1782	0	−1	1	23
1988	05	24	EN	CO	1	1	RSC		-11	1992	1805	0	+1	1	20
1988	05	28	CH	EN	0	1	F		-6	1740	1998	−1	0	31	1
1988	06	12	IE	EN	1	0	EC	WG	36	1868	1962	+6	−2	12	3
1988	06	15	NL	EN	3	1	EC	WG	43	1955	1919	+1	−2	6	7
1988	06	18	SU	EN	3	1	EC	WG	30	2019	1889	+2	0	1	7
1988	09	14	EN	DK	1	0	F		6	1895	1831	0	−1	7	17
1988	10	19	EN	SE	0	0	WQ		-3	1892	1948	0	0	7	6
1988	11	16	SA	EN	1	1	F		8	1457	1884	0	−1	79	9
1989	02	08	GR	EN	1	2	F		-7	1679	1891	+1	+1	34	9
1989	03	08	AL	EN	0	2	WQ		-7	1430	1898	−1	+1	84	8
1989	04	26	EN	AL	5	0	WQ		3	1901	1427	+1	+1	8	84
1989	05	23	EN	CL	0	0	RSC		-8	1893	1786	−2	+1	10	23
1989	05	27	SQ	EN	0	2	RSC		-25	1800	1918	−3	+3	21	7
1989	06	03	EN	PL	3	0	WQ		17	1935	1806	0	−1	7	21
1989	06	07	DK	EN	1	1	F		-1	1859	1936	0	0	13	7
1989	09	06	SE	EN	0	0	WQ		-5	1929	1941	0	0	7	6
1989	10	11	PL	EN	0	0	WQ		2	1812	1939	0	0	19	6
1989	11	15	EN	IT	0	0	F		-2	1937	1970	0	0	7	4
1989	12	13	EN	YU	2	1	F		7	1944	1922	0	−1	7	9
1990	03	28	EN	BR	1	0	F		9	1953	1999	+1	0	6	2
1990	04	25	EN	CS	4	2	F		8	1961	1859	+1	0	5	16
1990	05	15	EN	DK	1	0	F		6	1967	1891	0	0	5	14
1990	05	22	EN	UY	1	2	F		-15	1952	1893	0	+3	5	12
1990	06	02	TN	EN	1	1	F		8	1472	1944	+1	−1	70	6
1990	06	11	EN	IE	1	1	WC	IT	-4	1940	1896	0	+2	6	10
1990	06	16	EN	NL	0	0	WC	IT	6	1946	2002	0	0	5	3
1990	06	21	EN	EG	1	0	WC	IT	10	1956	1660	−1	−2	6	40
1990	06	26	EN	BE	1	0	WC	IT	25	1981	1871	+2	−5	4	14
1990	07	01	EN	CM	3	2	WC	IT	11	1992	1713	+1	−1	3	32
1990	07	04	EN	WG	1	1	WC	IT	6	1998	2058	0	0	3	1
1990	07	07	IT	EN	2	1	WC		20	2033	1978	0	−1	2	4
1990	09	12	EN	HU	1	0	F		3	1981	1744	+1	−1	3	27
1990	10	17	EN	PL	2	0	EQ		9	1990	1766	0	−2	3	23
1990	11	14	IE	EN	1	1	EQ		0	1887	1990	+1	0	9	3
1991	02	06	EN	CM	2	0	F		2	1992	1647	0	−1	3	40
1991	03	27	EN	IE	1	1	EQ		-10	1982	1913	0	+1	3	8
1991	05	01	TR	EN	0	1	EQ		-7	1596	1989	−1	0	50	3
1991	05	21	EN	SU	3	1	CLG		12	2001	1900	0	−1	3	10
1991	05	25	EN	AR	2	2	CLG		-8	1993	1892	0	+2	3	11
1991	06	01	AU	EN	0	1	F		-4	1666	1997	−1	0	37	3
1991	06	03	NZ	EN	0	1	F		-2	1510	1999	0	0	65	3
1991	06	08	NZ	EN	0	2	F		-3	1507	2002	0	0	65	2
1991	06	12	MY	EN	2	4	F		-1	1269	2003	−1	0	124	2
1991	09	11	EN	DE	0	1	F		-11	1992	2068	−1	0	3	1
1991	10	16	EN	TR	1	0	EQ		2	1994	1579	0	−1	3	56
1991	11	13	PL	EN	1	1	EQ		6	1798	1988	+1	0	20	3
1992	02	19	EN	FR	2	0	F		12	2000	1997	+1	−1	2	3
1992	03	25	CS	EN	2	2	F		1	1860	1999	0	0	13	2
1992	04	29	DS	EN	2	2	F		-1	1921	2000	0	0	9	2
1992	05	12	HU	EN	0	1	F		-6	1733	2006	0	0	29	2
1992	05	17	EN	BR	1	1	F		-4	2002	1956	0	+1	2	6
1992	06	03	FI	EN	1	2	F		-3	1583	2005	−3	0	59	2
1992	06	11	DK	EN	0	0	EC	SE	9	1880	1996	+1	0	11	2
1992	06	14	EN	FR	0	0	EC	SE	-2	1994	1972	0	0	2	6
1992	06	17	SE	EN	2	1	EC		28	1880	1966	+3	−3	12	5
1992	09	09	ES	EN	1	0	F		11	1850	1955	+2	0	15	6
1992	10	14	EN	NO	1	1	WQ		-14	1941	1772	0	+1	6	27
1992	11	18	EN	TR	4	0	WQ		5	1946	1584	0	−1	6	59
1993	02	17	EN	SM	6	0	WQ		0	1946	997	0	0	6	187
1993	03	31	TR	EN	0	2	WQ		-9	1544	1955	−2	0	65	6
1993	04	28	EN	NL	2	2	WQ		-5	1950	1974	0	0	6	5
1993	05	29	PL	EN	1	1	WQ		3	1802	1947	+1	0	21	6
1993	06	02	NO	EN	2	0	WQ		36	1816	1911	+4	−3	20	9
1993	06	09	US	EN	2	0	USC		33	1661	1878	+9	−2	36	11
1993	06	13	BR	EN	1	1	USC	US	-5	1997	1883	−1	+1	3	10
1993	06	19	DE	EN	2	1	USC	US	10	2018	1873	+1	0	1	11
1993	09	08	EN	PL	3	0	WQ		19	1892	1783	+4	0	10	24
1993	10	13	NL	EN	2	0	WQ		16	1977	1876	0	−3	3	14
1993	11	17	EN	SM	7	1	WQ	IT	1	1877	1013	0	0	13	187
1994	03	09	EN	DK	1	0	F		9	1886	1922	0	−1	12	8
1994	05	17	EN	GR	5	0	F		6	1892	1694	0	−1	11	33
1994	05	22	EN	NO	0	0	F		-4	1888	1851	0	0	11	18
1994	09	07	EN	US	2	0	F		3	1891	1632	0	0	12	45
1994	10	12	EN	RO	1	1	F		-2	1889	1910	0	+1	12	9
1994	11	16	EN	NG	1	0	F		5	1894	1779	−1	0	13	26
1995	02	15	IE	EN	1	0	F		8	1881	1886	+1	0	15	13
1995	03	29	EN	UY	0	0	F		-5	1881	1803	−1	0	14	24
1995	06	03	EN	JP	2	1	UMB		3	1884	1609	0	−1	14	51
1995	06	08	EN	SE	3	3	UMB		-5	1879	1862	−1	+2	14	18
1995	06	11	EN	BR	1	3	UMB		-17	1862	2089	−3	0	17	1
1995	09	06	EN	CO	0	0	F		-3	1859	1874	−1	+2	17	11
1995	10	11	NO	EN	0	0	F		-3	1848	1862	0	+1	17	14
1995	11	15	EN	CH	3	1	F		10	1872	1830	0	0	13	20
1995	12	12	EN	PT	1	1	F		-3	1869	1865	0	0	13	14
1996	03	27	EN	BG	1	0	F		6	1875	1830	0	0	13	20
1996	04	24	EN	HR	0	0	F		-2	1873	1900	−1	0	14	11
1996	05	18	EN	HU	3	0	F		3	1876	1580	0	0	14	59
1996	05	23	CN	EN	0	3	F		-10	1613	1886	−3	+1	49	13
1996	06	08	EN	CH	1	1	EC		-12	1874	1815	−1	0	14	22
1996	06	15	EN	SQ	2	0	EC		18	1892	1759	+2	−1	12	26
1996	06	18	EN	NL	4	1	EC		36	1928	1897	+4	−4	7	11
1996	06	22	EN	ES	0	0	EC		-2	1926	1998	0	0	8	4
1996	06	26	EN	DE	1	1	EC		5	1931	2085	0	0	8	1
1996	09	01	MD	EN	0	3	WQ		-8	1458	1939	−3	0	91	7
1996	10	09	EN	PL	2	1	WQ		4	1943	1650	0	−1	7	43
1996	11	09	GE	EN	0	2	WQ		-13	1609	1956	−4	0	51	7
1997	02	12	EN	IT	0	1	WQ		-24	1932	2001	0	0	8	5
1997	03	29	EN	MX	2	0	F		7	1939	1811	0	−1	8	21
1997	04	30	EN	GE	2	0	WQ		4	1943	1577	0	−1	8	61
1997	05	24	EN	ZA	2	1	F		3	1946	1712	0	−1	8	31
1997	05	31	PL	EN	0	2	WQ		-17	1662	1963	−4	+1	44	7
1997	06	04	EN	IT	2	0	FT	FR	25	1988	1972	+2	−2	5	7
1997	06	07	FR	EN	0	1	FT		-21	2014	2009	−1	0	4	5
1997	06	10	BR	EN	1	0	FT	FR	13	2069	1996	0	0	2	5
1997	09	10	EN	MD	4	0	WQ		2	1998	1432	0	−1	5	95
1997	10	11	IT	EN	0	0	WQ		-4	1964	2002	0	0	6	5
1997	11	15	EN	CM	2	0	F		1	2003	1554	0	0	5	61
1998	02	11	EN	CL	0	2	F		-26	1977	1793	−2	+3	7	22
1998	03	25	CH	EN	1	1	F		5	1680	1972	+1	0	41	6
1998	04	22	EN	PT	3	0	F		9	1981	1877	0	−2	6	12
1998	05	23	EN	SA	0	0	F		-9	1972	1646	0	+3	6	47
1998	05	27	MA	EN	0	1	KHC		-9	1717	1981	−2	0	34	6
1998	05	29	BE	EN	0	0	KHC	MA	7	1806	1974	+1	0	19	6
1998	06	15	EN	TN	2	0	WC	FR	11	1985	1621	+1	−4	5	53
1998	06	22	RO	EN	2	1	WC	FR	37	1938	1948	+2	−4	9	8
1998	06	26	EN	CO	2	0	WC	FR	24	1972	1751	+1	−2	7	26
1998	06	30	AR	EN	2	2	WC	FR	1	1959	1971	0	0	9	7
1998	09	05	SE	EN	2	1	EQ		21	1866	1950	+2	−1	16	9
1998	10	10	EN	BG	0	0	EQ		-16	1934	1706	0	+3	9	37
1998	10	14	LU	EN	0	3	EQ		-2	1199	1936	0	0	156	9
1998	11	18	EN	CZ	2	0	F		10	1946	1899	0	−2	9	13
1999	02	10	EN	FR	0	2	F		-14	1932	2091	−3	0	10	1
1999	03	27	EN	PL	3	1	EQ		11	1943	1752	+2	−4	8	26
1999	04	28	HU	EN	1	1	F		5	1679	1938	0	0	44	9
1999	06	05	EN	SE	0	0	EQ		-8	1930	1902	0	0	9	13
1999	06	09	BG	EN	1	1	EQ		9	1664	1921	+1	−1	47	10
1999	09	04	EN	LU	6	0	EQ		1	1922	1193	0	0	9	155
1999	09	08	PL	EN	0	0	EQ		4	1755	1918	+1	−1	26	10
1999	10	10	EN	BE	2	1	F		4	1922	1766	0	0	10	23
1999	11	13	SQ	EN	0	2	EQ		-21	1693	1943	−2	+4	38	5
1999	11	17	EN	SQ	0	1	EQ		-35	1908	1728	−7	+4	12	34
2000	02	23	EN	AR	0	0	F		-2	1906	1940	0	0	12	6
2000	05	27	EN	BR	1	1	F		2	1908	2088	+2	0	10	1
2000	05	31	EN	UA	2	0	F		5	1913	1725	0	−4	9	35
2000	06	03	MT	EN	1	2	F		-1	1232	1914	0	0	146	9
2000	06	12	PT	EN	3	2	EC	NL	25	1934	1889	+3	−3	8	12
2000	06	17	EN	DE	1	0	EC	BE	25	1914	1860	+2	−1	10	14
2000	06	20	RO	EN	3	2	EC	BE	30	1869	1884	+2	−2	13	12
2000	09	02	FR	EN	1	1	F		-8	2123	1892	0	0	1	11
2000	10	07	EN	DE	0	1	WQ		-27	1865	1892	−1	+1	12	11
2000	10	11	FI	EN	0	0	WQ		9	1615	1856	0	−1	58	13
2000	11	15	IT	EN	1	0	F		4	2016	1852	0	−1	4	13
2001	02	28	EN	ES	3	0	F		18	1870	1944	+1	0	12	7
2001	03	24	EN	FI	2	1	WQ		5	1875	1636	0	0	12	53
2001	03	28	AL	EN	1	3	WQ		-10	1489	1885	−1	+1	78	11
2001	05	25	EN	MX	4	0	F		9	1894	1776	+1	0	10	25
2001	06	06	GR	EN	0	2	WQ		-22	1676	1916	−3	+1	42	8
2001	08	15	EN	NL	0	2	F		-16	1900	2018	−1	0	8	4
2001	09	01	DE	EN	1	5	WQ		-50	1870	1950	−4	+1	11	7
2001	09	05	EN	AL	2	0	WQ		2	1952	1473	0	−2	7	86
2001	10	06	EN	GR	2	2	WQ		-16	1936	1672	0	+4	7	45
2001	11	10	EN	SE	1	1	F		-4	1932	1892	0	+1	7	8
2002	02	13	NL	EN	1	1	F		-4	1990	1936	0	0	5	7
2002	03	27	EN	IT	1	2	F		-10	1926	2030	0	0	7	2
2002	04	17	EN	PY	4	0	F		5	1931	1715	0	0	7	38
2002	05	21	KR	EN	1	1	F		3	1739	1928	0	0	35	7
2002	05	26	CM	EN	2	2	F	JP	4	1804	1924	+1	0	23	7
2002	06	02	EN	SE	1	1	WC	JP	-5	1919	1871	0	+2	7	12
2002	06	07	EN	AR	1	0	WC	JP	39	1958	1992	+1	−4	6	5
2002	06	12	EN	NG	0	0	WC	JP	-17	1941	1751	−2	+2	7	32
2002	06	15	EN	DK	3	0	WC	JP	52	1993	1886	+4	−4	3	13
2002	06	21	BR	EN	2	1	WC	JP	31	2011	1962	+4	−3	1	6
2002	09	07	EN	PT	1	1	F		-4	1958	1924	−1	0	6	8
2002	10	12	SK	EN	1	2	EQ		-11	1674	1969	−7	0	45	5
2002	10	16	EN	MK	2	2	EQ		-19	1950	1471	−2	+8	7	84
2003	02	12	EN	AU	1	3	F		-24	1926	1822	0	+4	6	17
2003	03	29	LI	EN	0	2	EQ		-1	1069	1927	0	−2	180	8
2003	04	02	EN	TR	2	0	EQ		19	1946	1869	+2	0	6	12
2003	05	22	ZA	EN	1	2	F		-5	1657	1951	−1	0	47	6
2003	06	03	EN	RM	2	1	F		3	1954	1773	0	0	6	23
2003	06	11	EN	SK	2	1	EQ		4	1958	1678	+1	0	5	42
2003	08	20	EN	HR	3	1	F		6	1964	1825	0	+1	5	17
2003	09	06	MK	EN	1	2	EQ		-4	1456	1968	0	−1	89	6
2003	09	10	EN	LI	2	0	EQ		0	1968	1076	0	0	6	178
2003	10	11	TR	EN	0	0	EQ		-1	1891	1969	−1	−1	11	7
2003	11	16	EN	DK	2	3	F		-15	1954	1884	0	+1	7	10
2004	02	18	PT	EN	1	1	F		-2	1917	1956	0	0	9	7
2004	03	31	SE	EN	1	0	F		13	1770	1943	0	0	27	7
2004	06	01	EN	JP	1	1	FT		-9	1934	1808	0	+1	8	19
2004	06	05	EN	IS	6	1	FT		4	1938	1570	0	−1	8	65
2004	06	13	FR	EN	2	1	EC	PT	17	2073	1921	0	0	1	8
2004	06	17	EN	CH	3	0	EC	PT	21	1942	1696	+1	−5	7	39
2004	06	21	EN	HR	4	2	EC	PT	27	1969	1817	0	−2	6	18
2004	06	24	PT	EN	2	2	EC		-3	1904	1972	0	0	9	6
2004	08	18	EN	UA	3	0	F		3	1975	1639	0	+3	6	49
2004	09	04	AT	EN	2	2	WQ		11	1679	1964	+6	0	37	6
2004	09	08	PL	EN	1	2	WQ		-14	1743	1978	0	+2	30	4
2004	10	09	EN	WA	2	0	WQ		5	1983	1644	0	−3	4	51
2004	10	13	AZ	EN	0	1	WQ		-2	1386	1985	0	0	108	4
2004	11	17	ES	EN	1	0	F		8	1965	1977	0	0	6	4
2005	02	09	EN	NL	0	0	F		-4	1973	1943	0	0	4	7
2005	03	26	EN	EI	4	0	WQ		3	1976	1492	+1	0	3	82
2005	03	30	EN	AZ	2	0	WQ		1	1977	1372	+1	−1	3	109
2005	05	28	US	EN	1	2	F		-9	1838	1986	−1	0	16	3
2005	05	31	EN	CO	3	2	F	US	5	1991	1784	0	−1	3	26
2005	08	17	DK	EN	4	1	F		20	1864	1971	+1	−1	15	5
2005	09	03	WA	EN	0	1	WQ		-6	1580	1977	−1	+2	62	3
2005	09	07	EI	EN	1	0	WQ		36	1528	1941	+12	−3	74	6
2005	10	08	EN	AT	1	0	WQ		4	1945	1657	0	0	6	51
2005	10	12	EN	PL	2	1	WQ		9	1954	1832	+1	−2	5	19
2005	11	12	EN	AR	3	2	F	CH	9	1963	1926	0	−1	5	8
2006	03	01	EN	UY	2	1	F		4	1967	1817	+2	0	3	21
2006	05	30	EN	HU	3	1	F		2	1969	1602	0	0	3	57
2006	06	03	EN	JM	6	0	F		3	1972	1629	0	−2	3	53
2006	06	10	EN	PY	1	0	WC	DE	15	1987	1764	0	−2	3	30
2006	06	15	EN	TT	2	0	WC	DE	8	1995	1580	+1	0	4	63
2006	06	20	EN	SE	2	2	WC	DE	-11	1984	1873	0	0	4	12
2006	06	25	EN	EC	1	0	WC	DE	14	1998	1768	0	−5	5	28
2006	07	01	EN	PT	0	0	WC	DE	1	1999	2006	0	−1	6	4
2006	08	16	EN	GR	4	0	F		6	2005	1796	+1	0	4	21
2006	09	02	EN	AD	5	0	EQ		0	2005	1103	0	−1	4	174
2006	09	06	MK	EN	0	1	EQ		-4	1527	2009	0	0	77	4
2006	10	07	EN	MK	0	0	EQ		-19	1990	1546	−1	+3	5	74
2006	10	11	HR	EN	2	0	EQ		34	1879	1956	+2	−2	13	7
2006	11	15	NL	EN	1	1	F		-4	1989	1960	0	0	4	7
2007	02	07	EN	ES	0	1	F		-15	1945	1898	0	+1	7	11
2007	03	24	IL	EN	0	0	EQ		7	1721	1938	0	0	42	7
2007	03	28	EN	AD	3	0	EQ	ES	1	1939	1096	0	0	7	175
2007	06	01	EN	BR	1	1	F		1	1940	2065	0	0	7	1
2007	06	06	EE	EN	0	3	EQ		-5	1374	1945	−5	0	112	7
2007	08	22	EN	DE	1	2	F		-12	1933	2004	0	+2	7	4
2007	09	08	EN	IL	3	0	EQ		10	1943	1721	0	−2	7	39
2007	09	12	EN	RU	3	0	EQ		14	1957	1784	0	−4	7	23
2007	10	13	EN	EE	3	0	EQ		1	1958	1387	0	0	7	109
2007	10	17	RU	EN	2	1	EQ		24	1808	1934	+5	−1	19	8
2007	11	16	AT	EN	0	1	F		-4	1600	1938	0	0	59	8
2007	11	21	EN	HR	2	3	EQ		-29	1909	1894	−1	+2	9	11
2008	02	06	EN	CH	2	1	F		5	1914	1803	+1	−1	8	21
2008	03	26	FR	EN	1	0	F		5	2008	1909	0	−1	4	9
2008	05	28	EN	US	2	0	F		7	1916	1789	+1	−3	8	25
2008	06	01	TT	EN	0	3	F		-5	1505	1921	−2	+1	86	8
2008	08	20	EN	CZ	2	2	F		-4	1917	1872	0	0	9	13
2008	09	06	EN	AD	2	0	WQ	ES	0	1917	1053	+1	0	8	180
2008	09	10	HR	EN	1	4	WQ		-46	1883	1963	−3	+1	10	7
2008	10	11	EN	KZ	5	1	WQ		1	1964	1353	0	−1	7	120
2008	10	15	BY	EN	1	3	WQ		-10	1579	1974	−1	+1	62	6
2008	11	19	DE	EN	1	2	F		-13	1966	1987	−2	+1	7	5
2009	02	11	ES	EN	2	0	F		7	2107	1980	0	−1	1	6
2009	03	28	EN	SK	4	0	F		2	1982	1604	0	0	6	57
2009	04	01	EN	UA	2	1	WQ		7	1989	1795	+2	−2	4	22
2009	06	06	KZ	EN	0	4	WQ		-3	1341	1992	−1	0	123	4
2009	06	10	EN	AD	6	0	WQ		0	1992	1044	0	0	4	182
2009	08	12	NL	EN	2	2	F		-4	2032	1996	0	0	3	4
2009	09	05	EN	SI	2	1	F		1	1997	1564	0	−2	4	68
2009	09	09	EN	HR	5	1	WQ		18	2015	1884	0	−1	4	9
2009	10	10	UA	EN	1	0	WQ		27	1806	1988	+4	0	21	4
2009	10	14	EN	BY	3	0	WQ		4	1992	1587	0	0	4	62
2009	11	14	BR	EN	1	0	F	QA	7	2100	1985	0	0	1	4
2010	03	03	EN	EG	3	1	F		6	1991	1833	0	−1	4	15
2010	05	24	EN	MX	3	1	F		7	1998	1890	0	0	4	9
2010	05	30	EN	JP	2	1	F	AT	3	2001	1700	0	−2	4	40
2010	06	12	EN	US	1	1	WC	ZA	-17	1984	1802	0	+1	4	19
2010	06	18	DZ	EN	0	0	WC	ZA	26	1547	1958	+5	0	79	5
2010	06	23	EN	SI	1	0	WC	ZA	12	1970	1699	0	−2	5	39
2010	06	27	DE	EN	4	1	WC	ZA	55	2010	1915	+1	−2	5	7
2010	08	11	EN	HU	2	1	F		2	1917	1604	0	0	6	56
2010	09	03	EN	BG	4	0	EQ		12	1929	1709	0	−2	6	36
2010	09	07	CH	EN	1	3	EQ		-26	1762	1955	−7	0	26	6
2010	10	12	EN	ME	0	0	EQ		-15	1940	1712	0	+1	6	37
2010	11	17	EN	FR	1	2	F		-16	1924	1802	0	+1	6	17
2011	02	09	DK	EN	1	2	F		-7	1726	1931	−2	0	34	6
2011	03	26	WA	EN	0	2	EQ		-10	1533	1941	−4	0	78	6
2011	03	29	EN	GH	1	1	F		-7	1934	1765	0	+2	6	25
2011	06	04	EN	CH	2	2	EQ		-14	1920	1762	0	+2	6	27
2011	09	02	BG	EN	0	3	EQ		-24	1681	1944	−2	0	41	6
2011	09	06	EN	WA	1	0	EQ		2	1946	1559	0	−1	6	69
2011	10	07	ME	EN	2	2	EQ		9	1686	1937	0	−1	43	7
2011	11	12	EN	ES	1	0	F		13	1950	2124	0	0	6	1
2011	11	15	EN	SE	1	0	F		5	1955	1860	0	−2	6	13
2012	02	29	EN	NL	2	3	F		-10	1945	2077	0	+1	6	2
2012	05	26	NO	EN	0	1	F		-8	1759	1953	−2	0	30	6
2012	06	02	EN	BE	1	0	F		2	1955	1682	0	0	6	42
2012	06	11	EN	FR	1	1	EC	UA	-6	1949	1873	0	+1	7	12
2012	06	15	EN	SE	3	2	EC	UA	19	1968	1843	+1	0	6	15
2012	06	19	UA	EN	0	1	EC		-16	1728	1984	−2	+1	32	4
2012	06	24	EN	IT	0	0	EC	UA	-6	1978	1901	0	+1	4	10
2012	08	15	EN	IT	2	1	F	CH	8	1986	1908	0	+1	4	9
2012	09	07	MD	EN	0	5	WQ		-5	1400	1991	−3	0	109	4
2012	09	11	EN	UA	1	1	WQ		-16	1975	1743	−1	+2	5	30
2012	10	12	EN	SM	5	0	WQ		0	1975	889	−1	0	5	204
2012	10	17	PL	EN	1	1	WQ		9	1706	1966	+3	0	36	6
2012	11	14	SE	EN	4	2	F		14	1907	1952	+2	0	9	6
2013	02	06	EN	BR	2	1	F		10	1962	2051	0	−1	6	3
2013	03	22	SM	EN	0	8	WQ		0	884	1962	0	0	202	6
2013	03	26	ME	EN	1	1	WQ		9	1695	1953	+2	0	39	6
2013	05	29	EN	IE	1	1	F		-7	1946	1745	0	+1	6	31
2013	06	02	BR	EN	2	2	F		-5	2036	1951	0	0	3	6
2013	08	14	EN	SQ	3	2	F		2	1953	1646	0	0	6	49
2013	09	06	EN	MD	4	0	WQ		2	1955	1382	0	0	6	111
2013	09	10	UA	EN	0	0	WQ		3	1810	1952	0	0	21	6
2013	10	11	EN	ME	4	1	WQ		7	1959	1654	0	−1	6	49
2013	10	15	EN	PL	2	0	WQ		5	1964	1643	0	+3	6	48
2013	11	15	EN	CL	0	2	F		-22	1942	1919	0	+1	6	9
2013	11	19	EN	DE	0	1	F		-9	1933	2086	−1	0	7	3
2014	03	05	EN	DK	1	0	F		3	1936	1743	0	0	6	28
2014	05	30	EN	PE	3	0	F		5	1941	1707	0	−1	6	36
2014	06	04	EC	EN	2	2	F	US	3	1836	1938	0	0	18	6
2014	06	07	EN	HN	0	0	F	US	-7	1931	1668	−1	0	7	47
2014	06	14	IT	EN	2	1	WC	BR	34	1921	1897	+3	−2	9	10
2014	06	19	UY	EN	2	1	WC	BR	34	1883	1863	+5	−4	11	15
2014	06	24	CR	EN	0	0	WC	BR	4	1826	1859	+1	+1	18	14
2014	09	03	EN	NO	1	0	F		2	1861	1614	0	−1	13	55
2014	09	08	CH	EN	0	2	EQ		-37	1808	1898	−2	+4	18	10
2014	10	09	EN	SM	5	0	EQ		0	1898	873	0	0	10	203
2014	10	12	EE	EN	0	1	EQ		-5	1458	1903	−2	0	96	10
2014	11	15	EN	SI	3	1	EQ		8	1911	1658	+1	−1	10	47
2014	11	18	SQ	EN	1	3	F		-12	1722	1923	−5	0	32	9
2015	03	27	EN	LT	4	0	EQ		3	1926	1463	0	0	9	94
2015	03	31	IT	EN	1	1	F		-1	1874	1927	0	0	14	9
2015	06	07	IE	EN	0	0	F		3	1722	1924	0	−1	35	10
2015	06	14	SI	EN	2	3	EQ		-10	1634	1934	−3	0	53	8
2015	09	05	SM	EN	0	6	EQ		0	886	1934	0	0	204	9
2015	09	08	EN	CH	2	0	EQ		13	1947	1795	+1	−2	7	19
2015	10	09	EN	EE	2	0	EQ		2	1949	1484	0	0	7	90
2015	10	12	LT	EN	0	3	EQ		-6	1426	1955	−2	0	104	7
2015	11	13	ES	EN	2	0	F		9	2001	1946	+1	−1	4	8
2015	11	17	EN	FR	2	0	F		12	1958	1953	+2	−1	6	8
2016	03	26	DE	EN	2	3	F		-15	2053	1973	0	+2	1	5
2016	03	29	EN	NL	1	2	F		-15	1958	1901	−4	+1	9	13
2016	05	22	EN	TR	2	1	F		4	1962	1819	0	−1	9	17
2016	05	27	EN	AU	2	1	F		2	1964	1718	+1	−1	8	39
2016	06	02	EN	PT	1	0	F		6	1970	1907	+2	−1	6	13
2016	06	11	EN	RU	1	1	EC	FR	-14	1956	1772	0	+3	8	25
2016	06	16	EN	WA	2	1	EC	FR	9	1965	1678	0	−1	8	44
2016	06	20	EN	SK	0	0	EC	FR	-13	1952	1773	−1	+1	8	24
2016	06	27	IS	EN	2	1	EC	FR	40	1754	1912	+12	−4	27	11
2016	09	04	SK	EN	0	1	WQ		-17	1741	1929	−4	+1	31	10
2016	10	08	EN	MT	2	0	WQ		1	1930	1229	0	−1	9	152
2016	10	11	SI	EN	0	0	WQ		10	1641	1920	+1	−2	52	11
2016	11	11	EN	SQ	3	0	WQ		9	1929	1669	+1	−1	10	47
2016	11	15	EN	ES	2	2	F		-2	1927	1978	+1	−1	10	6
2017	03	22	DE	EN	1	0	F		5	2042	1922	0	−1	3	10
2017	03	26	EN	LT	2	0	WQ		2	1924	1457	0	−1	11	91
2017	06	10	SQ	EN	2	2	WQ		8	1685	1916	+4	0	42	11
2017	06	13	FR	EN	3	2	F		6	1973	1910	+2	0	5	11
2017	09	01	MT	EN	0	4	WQ		-3	1223	1913	0	0	155	9
2017	09	04	EN	SK	2	1	WQ		8	1921	1767	0	−3	9	30
2017	10	05	EN	SI	1	0	WQ		4	1925	1640	0	−1	9	50
2017	10	08	LT	EN	0	1	WQ		-3	1406	1928	−3	+2	105	8
2017	11	10	EN	DE	0	0	F		2	1930	2114	+2	−1	7	2
2017	11	14	EN	BR	0	0	F		2	1932	2113	0	0	7	1
2018	03	23	NL	EN	0	1	F		-12	1882	1944	−1	0	12	7
2018	03	27	EN	IT	1	1	F		-4	1940	1897	0	0	7	12
2018	06	02	EN	NG	2	1	F		2	1942	1691	0	0	7	43
2018	06	07	EN	CR	2	0	F		5	1947	1748	0	−2	7	28
2018	06	18	EN	TN	2	1	WC	RU	9	1956	1642	0	0	7	49
2018	06	24	EN	PA	6	1	WC	RU	17	1973	1622	+1	−3	6	54
2018	06	28	BE	EN	1	0	WC	RU	30	1998	1943	+2	−5	4	9
2018	07	03	CO	EN	1	1	WC	RU	0	1938	1943	0	0	10	8
2018	07	07	EN	SE	2	0	WC	RU	40	1983	1864	+3	−6	5	18
2018	07	11	HR	EN	2	1	WC	RU	34	1972	1949	+4	−2	5	7
2018	07	14	BE	EN	2	0	WC	RU	36	2057	1913	0	−3	3	10
2018	09	08	EN	ES	1	2	ENA		-20	1893	2029	−2	0	12	4
2018	09	11	EN	CH	1	0	F		7	1900	1886	+1	−2	11	14
2018	10	12	HR	EN	0	0	ENA		-7	1916	1907	0	+2	9	10
2018	10	15	ES	EN	2	3	ENA		-32	2029	1939	0	+2	4	9
2018	11	15	EN	US	3	0	F		6	1945	1748	+1	−3	7	30
2018	11	18	EN	HR	2	1	ENA		14	1959	1924	0	−1	8	11
2019	03	22	EN	CZ	5	0	EQ		10	1969	1718	+1	0	6	37
2019	03	25	ME	EN	1	5	EQ		-13	1583	1982	−2	0	63	5
2019	06	06	NL	EN	3	1	ENL	PT	40	1999	1942	+2	−4	5	9
2019	06	09	EN	CH	0	0	ENL	PT	-3	1939	1900	0	0	9	14
2019	09	07	EN	BG	4	0	EQ		5	1944	1574	0	−1	9	64
2019	09	10	EN	KO	5	3	EQ		4	1948	1564	0	+1	10	66
2019	10	11	CZ	EN	2	1	EQ		26	1769	1922	+6	−3	27	12
2019	10	14	BG	EN	0	6	EQ		-16	1556	1938	−3	0	66	12
2019	11	14	EN	ME	7	0	EQ		4	1942	1512	0	−3	12	78
2019	11	17	KO	EN	0	4	EQ		-13	1564	1955	−3	0	66	12
2020	09	05	IS	EN	0	1	ENA		-11	1674	1966	−1	+2	45	9
2020	09	08	DK	EN	0	0	ENA		0	1869	1966	0	0	16	10
2020	10	08	EN	WA	3	0	F		6	1972	1800	0	+1	10	23
2020	10	11	EN	BE	2	1	ENA		22	1994	2077	+4	−1	7	2
2020	10	14	EN	DK	0	1	ENA		-30	1964	1927	−5	+2	11	13
2020	11	12	EN	IE	3	0	F		4	1968	1680	+2	0	9	43
2020	11	15	BE	EN	2	0	ENA		13	2099	1955	0	−1	2	11
2020	11	18	EN	IS	4	0	ENA		6	1961	1633	0	−1	9	49
2021	03	25	EN	SM	5	0	WQ		0	1961	830	0	0	8	209
2021	03	28	AL	EN	0	2	WQ		-9	1550	1970	−4	−1	73	9
2021	03	31	EN	PL	2	1	WQ		7	1977	1807	+1	0	8	22
2021	06	02	EN	AT	1	0	F		3	1980	1751	0	0	8	33
2021	06	06	EN	RO	1	0	F		1	1981	1629	+1	0	7	50
2021	06	13	EN	HR	1	0	EC		9	1990	1816	+1	0	7	18
2021	06	18	EN	SQ	0	0	EC		-22	1968	1661	−2	+3	9	45
2021	06	22	EN	CZ	1	0	EC		9	1977	1798	+1	−1	8	22
2021	06	29	EN	DE	2	0	EC		23	2000	1915	0	−2	8	12
2021	07	03	EN	UA	4	0	EC	IT	25	2025	1795	+2	−3	6	24
2021	07	07	EN	DK	2	1	EC		15	2040	1965	0	0	5	9
2021	07	11	EN	IT	1	1	EC		-4	2036	2092	0	0	6	3
2021	09	02	HU	EN	0	4	WQ		-19	1735	2055	−2	+1	35	5
2021	09	05	EN	AD	4	0	WQ		0	2055	1037	0	0	5	185
2021	09	08	PL	EN	1	1	WQ		10	1782	2045	0	−1	28	6
2021	10	09	AD	EN	0	5	WQ		0	1037	2045	0	0	185	5
2021	10	12	EN	HU	1	1	WQ		-17	2028	1695	0	+1	6	42
2021	11	12	EN	AL	5	0	WQ		3	2031	1585	+1	−1	6	64
2021	11	15	SM	EN	0	10	WQ		0	793	2031	0	+1	209	6
2022	03	26	EN	CH	2	1	F		5	2036	1928	0	0	6	11
2022	03	29	EN	CI	3	0	F		2	2038	1682	0	+3	6	44
2022	06	04	HU	EN	1	0	ENA		31	1758	2007	0	−2	34	6
2022	06	07	DE	EN	1	1	ENA		-4	1968	2011	0	+1	10	6
2022	06	11	EN	IT	0	0	ENA		-8	2003	1975	0	+1	7	9
2022	06	14	EN	HU	0	4	ENA		-66	1937	1824	−6	+12	12	21
2022	09	23	IT	EN	1	0	ENA		14	1963	1923	+1	0	8	12
2022	09	26	EN	DE	3	3	ENA		-4	1919	1959	−1	0	13	10
2022	11	21	EN	IR	6	2	WC	QA	37	1956	1761	+2	−7	11	30
2022	11	25	EN	US	0	0	WC	QA	-13	1943	1808	−1	+1	10	24
2022	11	29	EN	WA	3	0	WC	QA	25	1968	1716	+2	−4	8	39
2022	12	04	EN	SN	3	0	WC	QA	26	1994	1745	+2	−5	6	35
2022	12	10	FR	EN	2	1	WC	QA	28	2045	1966	+1	−1	4	8
2023	03	23	IT	EN	1	2	EQ		-26	1947	1992	−3	+1	10	7
2023	03	26	EN	UA	2	0	EQ		10	2002	1812	0	0	7	22
2023	06	16	MT	EN	0	4	EQ		-2	1268	2004	0	+1	143	5
2023	06	19	EN	NM	7	0	EQ		3	2007	1526	0	−1	6	75
2023	09	09	EN	UA	1	1	EQ	PL	-9	1998	1840	−1	+3	7	20
2023	09	12	SQ	EN	1	3	F		-12	1826	2010	−3	+1	24	6
2023	10	13	EN	AU	1	0	F		3	2013	1770	0	−1	6	29
2023	10	17	EN	IT	3	1	EQ		17	2030	1939	+1	−3	5	12
2023	11	17	EN	MT	2	0	EQ		0	2030	1249	0	0	6	152
2023	11	20	NM	EN	1	1	EQ		16	1567	2014	+1	0	66	6
2024	03	23	EN	BR	0	1	F		-13	2001	2024	−2	+2	7	4
2024	03	26	EN	BE	2	2	F		-3	1998	1986	+1	0	6	9
2024	06	03	EN	BA	3	0	F		1	1999	1477	0	0	6	88
2024	06	07	EN	IS	0	1	F		-19	1980	1563	−3	+6	9	68
2024	06	16	EN	RS	1	0	EC	DE	13	1993	1787	+2	−3	7	24
2024	06	20	DK	EN	1	1	EC	DE	11	1838	1982	+1	−2	17	9
2024	06	25	EN	SI	0	0	EC	DE	-15	1967	1758	+1	+1	8	31
2024	06	30	EN	SK	2	1	EC	DE	9	1976	1684	0	−1	7	45
2024	07	06	EN	CH	1	1	EC	DE	-6	1970	1903	−1	0	8	13
2024	07	10	EN	NL	2	1	EC	DE	26	1996	1963	+1	−1	7	8
2024	07	14	ES	EN	2	1	EC	DE	16	2150	1980	0	−1	2	7
2024	09	07	IE	EN	0	2	ENB		-11	1608	1991	−1	0	58	6
2024	09	10	EN	FI	2	0	ENB		4	1995	1607	0	−1	6	58
2024	10	10	EN	GR	1	2	ENB		-34	1961	1814	−1	+4	7	20
2024	10	13	FI	EN	1	3	ENB		-10	1570	1971	−5	0	70	7
2024	11	14	GR	EN	0	3	ENB		-30	1793	2001	−4	+2	24	6
2024	11	17	EN	IE	5	0	ENB		5	2006	1608	+1	−1	5	58
2025	03	21	EN	AL	2	0	WQ		4	2010	1631	+2	0	3	53
2025	03	24	EN	LV	3	0	WQ		1	2011	1290	0	0	4	138
2025	06	07	EN	AD	1	0	WQ	ES	0	2011	1066	0	−1	5	176
2025	06	10	EN	SN	1	3	F		-27	1984	1785	−1	+2	6	29
2025	09	06	EN	AD	2	0	WQ		0	1984	1066	0	0	6	177
2025	09	09	RS	EN	0	5	WQ		-35	1805	2019	−3	+1	24	5
2025	10	09	EN	WA	3	0	F		3	2022	1721	0	0	5	38
2025	10	14	LV	EN	0	5	WQ		-2	1278	2024	0	0	144	5
2025	11	13	EN	RS	2	0	WQ		7	2031	1767	+1	−2	4	31
2025	11	16	AL	EN	0	2	WQ		-11	1664	2042	−1	0	51	4
2026	03	27	EN	UY	1	1	F		-6	2036	1896	0	+1	4	13
2026	03	31	EN	JP	0	1	F		-16	2020	1904	0	+1	4	13
2026	06	06	EN	NZ	1	0	F	US	1	2021	1562	0	0	4	72
2026	06	10	EN	CR	3	0	F	US	3	2024	1608	0	0	4	62
2026	06	17	EN	HR	4	2	WC	US	31	2055	1881	0	−2	4	13
2026	06	23	EN	GH	0	0	WC	US	-27	2028	1584	0	+3	4	69