1938	00	00	NG	GC	3	1	F		11	1711	1689	‚ąí	‚ąí	20	21
1950	05	28	GC	NG	1	0	F		8	1697	1710	+1	0	25	24
1951	10	20	NG	GC	5	0	JLC		21	1731	1676	+4	‚ąí2	19	27
1953	10	11	GC	NG	1	0	JLC		13	1689	1718	+1	‚ąí1	25	20
1954	05	31	GC	TN	2	0	F		10	1699	1650	+1	0	24	32
1954	06	00	GC	SL	2	0	F		3	1702	1380	+1	0	23	89
1954	10	30	NG	GC	3	0	JLC		18	1736	1684	+2	‚ąí3	18	24
1955	05	28	GC	NG	1	0	F		9	1693	1727	+1	0	25	20
1955	11	30	GC	NG	7	0	JLC		27	1720	1700	+5	‚ąí5	20	25
1955	12	03	SL	GC	1	2	F		-4	1376	1724	‚ąí1	0	87	20
1956	00	00	GC	SL	4	2	F		2	1726	1374	0	‚ąí2	21	89
1956	10	20	FT	GC	1	1	F		2	1565	1724	0	‚ąí1	51	21
1956	10	27	NG	GC	3	0	JLC		21	1715	1703	+6	‚ąí4	22	25
1956	12	16	GC	SL	4	3	AKC		2	1705	1377	+1	‚ąí1	24	92
1957	00	00	SL	GC	1	1	AKC		9	1386	1696	+2	‚ąí1	90	25
1957	10	00	SL	GH	2	3	AKC		-7	1379	1703	0	+1	91	25
1957	10	27	GH	NG	3	3	JLC		-4	1699	1719	0	+1	26	24
1958	02	13	GH	TG	3	2	F		4	1703	1572	0	0	28	51
1958	10	25	NG	GH	3	2	JLC		10	1729	1693	+2	‚ąí2	24	32
1958	11	30	GH	SL	3	1	AKC		4	1697	1375	0	0	31	93
1958	12	06	GH	GN	6	1	F		10	1707	1590	+1	‚ąí	30	48
1959	00	00	GH	NE	8	0	NKR		1	1708	1099	0	‚ąí	30	134
1959	00	00	NE	GH	0	4	NKR		-3	1096	1711	‚ąí	0	134	30
1959	10	10	NG	GH	3	1	OQ		20	1749	1691	+4	‚ąí2	22	34
1959	10	25	GH	NG	4	1	OQ		31	1722	1718	+8	‚ąí7	26	29
1959	11	13	RR	GH	2	1	OQ		18	1679	1704	+1	‚ąí5	36	32
1959	11	21	GH	NG	5	2	JLC		21	1725	1708	+4	‚ąí4	27	31
1959	12	06	GH	RR	2	0	OQ		18	1743	1661	+2	0	25	37
1960	02	07	GH	SL	6	2	NKR		4	1747	1385	+1	‚ąí1	24	97
1960	05	01	TG	GH	2	3	IND		-10	1519	1757	‚ąí2	+1	60	22
1960	07	06	GH	RR	2	2	F		-3	1754	1740	0	0	22	24
1960	08	28	GH	NG	4	1	WQ		15	1769	1615	+4	‚ąí1	18	43
1960	09	10	NG	GH	2	2	WQ		3	1618	1766	0	‚ąí1	43	19
1960	10	02	GH	ML	5	1	NKR	NG	13	1779	1547	0	0	18	53
1960	10	09	NG	GH	0	3	NKR		-21	1587	1800	‚ąí3	+2	46	16
1960	10	29	NG	GH	1	1	IPC		5	1592	1795	0	‚ąí1	47	17
1961	03	05	GH	ML	3	0	F		4	1799	1558	+1	0	15	53
1961	04	02	GH	MA	0	0	WQ		-13	1786	1654	‚ąí3	+1	17	37
1961	04	08	NG	GH	0	0	FQ		5	1606	1781	+1	‚ąí1	45	18
1961	04	30	GH	NG	2	2	FQ		-13	1768	1629	‚ąí1	+4	18	41
1961	05	28	MA	GH	1	0	WQ		21	1675	1747	+5	‚ąí3	32	21
1961	06	01	GH	NG	3	0	F		8	1755	1621	0	0	21	41
1961	12	17	GH	NG	5	1	AZK		12	1767	1616	+2	‚ąí3	19	43
1962	01	14	ML	GH	0	1	F		-8	1578	1775	‚ąí2	0	50	19
1962	03	18	GH	ML	0	0	F		-7	1768	1584	0	+3	19	48
1962	09	29	GH	KE	6	3	IPC	UG	7	1775	1427	0	‚ąí1	18	86
1962	10	10	UG	GH	1	4	IPC		-8	1377	1783	0	0	100	18
1962	10	12	KE	GH	0	4	F		-7	1420	1790	0	0	86	18
1962	10	15	NN	GH	0	12	F		-3	1189	1793	‚ąí2	0	133	18
1962	10	18	TY	GH	2	6	F		-2	1197	1795	0	0	130	18
1962	11	10	NG	GH	0	0	AZK		3	1619	1792	+2	0	41	17
1962	12	01	UG	GH	0	2	UHR		-5	1334	1797	0	0	104	17
1963	02	24	GH	NG	5	0	NKR		12	1809	1642	0	‚ąí1	17	38
1963	03	03	GH	ML	4	0	NKR		8	1817	1598	+1	‚ąí1	17	47
1963	03	10	GN	GH	2	2	F		4	1569	1813	+1	‚ąí1	52	18
1963	11	24	GH	TN	1	1	AR		-18	1795	1613	‚ąí2	+4	17	45
1963	11	26	GH	ET	2	0	AR		10	1805	1559	0	‚ąí3	17	56
1963	12	01	GH	SD	3	0	AR		17	1822	1641	+3	‚ąí5	14	39
1964	01	18	LR	GH	4	5	OQ		-4	1311	1826	‚ąí1	0	111	14
1964	02	02	GH	LR	1	0	OQ		1	1827	1310	0	0	14	111
1964	02	16	TG	GH	1	0	F		15	1546	1812	+2	‚ąí1	62	15
1964	02	23	GH	DD	3	0	F		6	1818	1647	+1	‚ąí2	14	36
1964	05	31	GH	TN	2	0	OQ		7	1825	1562	0	‚ąí2	14	54
1964	06	21	TN	GH	2	1	OQ		29	1591	1796	+5	‚ąí2	50	16
1964	10	16	JP	GH	2	3	OG		-10	1400	1806	‚ąí6	+1	95	17
1964	10	18	EG	GH	5	1	OG	JP	55	1870	1751	+3	‚ąí6	12	23
1964	10	20	RO	GH	4	2	OG	JP	38	1844	1713	+2	‚ąí4	15	27
1964	12	26	GH	LR	5	1	AGQ	CI	7	1720	1303	+1	0	26	113
1964	12	31	GH	GN	3	3	AGQ	CI	-3	1717	1663	‚ąí1	0	27	36
1965	01	02	CI	GH	1	0	AGQ		21	1623	1696	+3	‚ąí1	42	28
1965	01	03	GH	CD	4	1	F		8	1704	1567	0	‚ąí1	28	52
1965	10	17	CG	GH	1	2	F		-10	1600	1714	‚ąí1	0	47	28
1965	10	24	GH	CG	5	0	F		9	1723	1591	+1	‚ąí3	27	50
1965	10	30	NG	GH	0	4	AZK		-21	1514	1744	‚ąí7	0	68	28
1965	11	06	GH	NG	3	0	AZK		7	1751	1507	+3	‚ąí1	25	69
1965	11	12	GH	CD	5	2	AR	TN	33	1784	1630	+7	‚ąí3	18	41
1965	11	19	GH	CI	4	1	AR	TN	35	1819	1679	+4	‚ąí5	14	34
1965	11	21	TN	GH	2	3	AR		-19	1614	1838	‚ąí3	0	45	14
1965	12	11	KE	GH	2	13	IND		-12	1413	1850	‚ąí1	+1	90	13
1965	12	13	KE	GH	3	3	IND		11	1424	1839	+1	‚ąí1	89	14
1966	04	10	DH	GH	2	5	F		-6	1457	1845	0	+1	80	13
1966	06	30	CD	GH	0	3	IND		-15	1569	1860	‚ąí5	+1	53	12
1966	07	01	GH	CG	3	0	IND	CD	8	1868	1563	+1	‚ąí2	11	54
1966	08	18	TG	GH	1	1	F		6	1521	1862	+3	‚ąí1	62	11
1966	08	21	GH	TG	6	2	F		3	1865	1518	+1	0	10	62
1966	10	30	CI	GH	0	1	FRG		-12	1688	1877	‚ąí3	0	33	10
1966	11	01	CI	GH	1	1	FRG		4	1692	1873	+1	0	32	10
1966	12	06	GH	UA	1	1	F		-8	1865	1616	0	‚ąí	10	‚ąí
1966	12	11	GH	UA	0	2	F		-26	1839	1642	‚ąí3	‚ąí	14	‚ąí
1967	01	28	NG	GH	2	2	AZK		8	1547	1831	+4	0	55	14
1967	02	12	GH	NG	2	0	AZK		4	1835	1543	0	‚ąí2	14	55
1967	02	19	GH	CI	2	2	F		-6	1829	1698	0	+2	14	31
1967	03	19	CG	GH	3	1	F		22	1574	1807	+2	‚ąí4	51	17
1967	04	02	GH	DH	2	1	F		1	1808	1449	0	0	17	83
1967	04	30	CD	GH	2	0	F		18	1648	1790	+1	0	39	17
1967	05	24	GH	CD	2	0	F		6	1796	1642	0	‚ąí2	18	40
1967	06	00	GH	SL	1	1	F		-9	1787	1333	‚ąí1	+4	19	107
1967	07	08	DH	GH	2	1	F		16	1465	1771	+8	‚ąí1	74	19
1967	09	28	GH	NG	1	1	F		-7	1764	1547	0	0	19	59
1967	10	01	GH	UV	5	2	F		1	1765	1323	0	0	19	110
1967	10	21	GH	NG	2	1	AZK		4	1769	1540	0	0	19	60
1967	12	13	CM	GH	1	0	OQ		28	1552	1741	+6	‚ąí4	57	24
1967	12	17	GH	CM	3	2	OQ		6	1747	1546	+1	‚ąí7	23	64
1967	12	23	NG	GH	2	2	AZK		4	1551	1743	+4	‚ąí1	58	24
1968	01	12	GH	SN	2	2	AR	ET	-10	1733	1609	0	+6	24	44
1968	01	14	GH	CD	2	1	AR	ET	23	1756	1678	+3	‚ąí5	21	35
1968	01	16	GH	CG	3	1	AR	ET	17	1773	1522	+3	0	18	64
1968	01	19	GH	CI	4	3	AR	ET	22	1795	1712	+1	‚ąí5	17	29
1968	01	21	CD	GH	1	0	AR	ET	30	1758	1765	+3	‚ąí2	21	19
1968	05	16	GH	CI	0	0	FRG		-5	1760	1742	‚ąí1	+1	20	24
1968	05	19	GH	CI	2	1	FRG		10	1770	1732	+1	‚ąí1	19	25
1968	06	09	MA	GH	1	1	OQ		3	1629	1767	0	‚ąí1	41	19
1968	06	30	GH	MA	1	2	OQ		-32	1735	1661	‚ąí8	+5	26	36
1968	09	22	GH	DH	3	0	F		3	1738	1433	+1	‚ąí1	26	85
1968	10	02	BG	GH	10	0	F	MX	18	1871	1720	+6	‚ąí2	10	28
1968	10	13	IL	GH	5	3	OG	MX	67	1601	1653	+16	‚ąí8	48	36
1968	10	17	SV	GH	1	1	OG	MX	10	1541	1643	+4	‚ąí3	62	39
1968	12	01	GH	SN	2	0	F		9	1652	1594	+1	‚ąí2	37	52
1969	05	10	NG	GH	2	1	WQ		19	1581	1633	+5	‚ąí7	51	44
1969	05	18	GH	NG	1	1	WQ		-8	1625	1589	‚ąí2	+2	46	49
1969	08	17	GH	NE	6	0	FQ		3	1628	1132	+1	0	45	146
1969	09	21	NE	GH	1	9	FQ		-9	1123	1637	0	+1	146	42
1970	02	07	GH	CD	2	0	AR	SD	52	1689	1730	+8	‚ąí8	33	29
1970	02	09	EG	GH	1	1	AR	SD	-6	1773	1695	‚ąí1	+1	21	33
1970	02	11	GH	GN	1	1	AR	SD	-5	1690	1626	‚ąí1	+1	34	43
1970	02	14	GH	CI	2	1	AR	SD	29	1719	1711	+5	‚ąí7	29	32
1970	02	16	SD	GH	1	0	AR		22	1679	1697	+5	‚ąí3	34	32
1970	04	15	GH	CI	3	0	FRG		17	1714	1649	+4	‚ąí2	29	40
1970	04	19	GH	CI	1	1	FRG		-7	1707	1656	‚ąí1	0	30	40
1971	01	10	GH	CD	1	1	F		-2	1705	1748	0	0	31	24
1971	01	31	SL	GH	2	1	F		16	1385	1689	+3	‚ąí3	95	34
1971	02	07	GH	SL	2	1	F		2	1691	1383	0	0	35	95
1971	03	21	GH	LR	2	1	OQ		3	1694	1350	+1	0	35	101
1971	04	17	LR	GH	0	1	OQ		-9	1365	1703	‚ąí1	+4	99	31
1971	05	02	CI	GH	2	6	FRG		-33	1632	1736	‚ąí3	+5	42	27
1971	06	13	TG	GH	0	0	FQ		9	1482	1727	+2	‚ąí4	69	30
1971	06	27	GH	TG	0	1	FQ		-35	1692	1517	‚ąí4	+4	34	65
1971	09	01	TG	GH	2	7	F		-16	1501	1708	‚ąí1	+3	67	31
1972	04	19	GH	CI	1	2	FRG		-23	1685	1638	‚ąí3	+5	34	41
1972	04	21	GH	CI	0	0	F		-4	1681	1642	0	0	34	41
1972	04	23	GH	TG	1	1	OQ		-13	1668	1513	‚ąí3	+1	37	65
1972	04	30	CM	GH	0	3	OQ		-40	1575	1708	‚ąí10	+5	57	32
1972	05	07	GH	SN	1	0	OQ		9	1717	1580	+1	‚ąí2	30	56
1972	05	14	TG	GH	0	2	OQ		-17	1441	1734	‚ąí6	+1	79	29
1972	05	21	GH	CM	0	0	OQ		-11	1723	1620	‚ąí2	+3	30	46
1972	05	28	SN	GH	2	0	OQ		36	1591	1687	+5	‚ąí6	52	36
1972	05	31	SL	GH	3	1	F		22	1437	1665	+6	‚ąí1	81	37
1972	06	18	DH	GH	0	5	WQ		-27	1423	1692	‚ąí7	+2	84	34
1972	07	02	GH	DH	5	1	WQ		8	1700	1415	+1	‚ąí1	33	86
1972	08	28	DD	GH	4	0	OG	WG	28	1916	1672	+3	‚ąí1	6	35
1972	08	30	PL	GH	4	0	OG	WG	37	1836	1635	+2	‚ąí4	14	40
1972	09	24	GH	SL	1	1	AGQ		-14	1621	1451	‚ąí4	+6	44	76
1972	09	26	GH	LR	1	0	AGQ		5	1626	1364	+1	‚ąí2	43	103
1972	09	30	GH	CI	1	0	AGQ		15	1641	1624	+3	‚ąí4	40	44
1972	12	01	GH	SL	1	1	F		-7	1634	1429	‚ąí2	+2	42	82
1972	12	28	GH	TG	2	2	F	LR	-5	1629	1445	‚ąí1	+2	43	76
1972	12	29	LR	GH	2	2	F		5	1363	1624	+2	‚ąí1	103	44
1973	01	08	NG	GH	4	2	AFG		22	1640	1602	+3	‚ąí4	43	48
1973	01	10	GH	TZ	1	0	AFG	NG	8	1610	1343	0	‚ąí1	48	106
1973	01	12	GH	DZ	2	0	AFG	NG	29	1639	1568	+6	‚ąí4	42	53
1973	01	14	GN	GH	2	1	AFG	NG	16	1729	1623	+1	‚ąí2	27	44
1973	01	16	EG	GH	2	1	AFG	NG	17	1686	1606	+1	‚ąí3	34	47
1973	02	10	NG	GH	2	3	WQ		-30	1659	1636	‚ąí5	+3	39	42
1973	02	25	GH	NG	0	0	WQ		-4	1632	1663	0	+1	42	39
1973	04	15	GH	SN	3	2	FQ		10	1642	1525	0	0	41	60
1973	04	21	SN	GH	1	0	FQ		21	1546	1621	+1	‚ąí2	59	43
1973	08	05	GH	ZR	1	0	WQ		19	1640	1689	+2	‚ąí2	40	32
1973	08	19	ZR	GH	4	1	WQ		21	1710	1619	+2	‚ąí2	30	43
1973	09	09	GH	CI	0	3	FQ		-45	1574	1664	‚ąí11	+8	54	35
1973	09	23	CI	GH	1	0	FQ		10	1674	1564	+1	‚ąí3	33	57
1974	02	15	GH	GN	5	2	F		17	1581	1634	+4	‚ąí1	51	39
1974	02	17	GH	GN	3	1	F		13	1594	1621	+1	‚ąí4	50	43
1974	07	14	GN	GH	1	1	F		-2	1573	1596	0	+2	51	46
1974	08	11	NG	GH	1	1	FT		-6	1634	1602	‚ąí1	+2	39	44
1974	08	17	NG	GH	0	1	FT		-20	1614	1622	‚ąí4	+3	43	41
1974	09	11	CI	GH	1	1	FRG		-1	1553	1623	0	0	55	41
1974	12	15	GH	GN	1	1	F		-4	1619	1577	0	0	41	49
1974	12	22	GH	GN	1	2	F		-14	1605	1591	‚ąí3	+2	45	47
1975	03	23	GH	UV	3	1	F		3	1608	1335	+1	‚ąí1	43	109
1975	04	06	GH	LR	6	0	OQ		10	1618	1347	0	0	43	105
1975	04	13	ML	GH	3	1	FQ		30	1553	1588	+11	‚ąí4	52	47
1975	04	20	LR	GH	1	4	OQ		-22	1325	1610	‚ąí6	+4	111	43
1975	04	27	GH	ML	4	0	FQ		22	1632	1531	+2	‚ąí5	41	58
1975	06	29	GH	MA	2	0	FQ		28	1660	1685	+2	0	38	31
1975	07	13	MA	GH	2	0	FQ		20	1705	1640	+1	‚ąí2	30	42
1975	08	06	GH	CI	3	1	FRG		8	1648	1476	0	‚ąí4	42	73
1975	08	10	GH	CI	0	0	FRG		-10	1638	1486	0	+5	42	68
1975	08	24	GH	NG	1	2	FT		-19	1619	1673	‚ąí2	+4	44	35
1975	08	31	GH	NG	3	0	FT		23	1642	1650	+2	‚ąí4	42	39
1975	11	30	GN	GH	1	0	OQ		12	1698	1630	+2	‚ąí2	30	42
1975	12	14	GH	GN	6	2	OQ		34	1664	1664	+5	‚ąí7	37	37
1976	02	01	ET	GH	2	0	F		22	1413	1642	+8	‚ąí2	88	40
1976	03	14	SN	GH	0	0	OQ		-1	1551	1643	0	0	55	41
1976	03	21	GH	TG	4	0	F		7	1650	1480	+1	‚ąí2	40	69
1976	03	28	GH	SN	2	1	OQ		9	1659	1526	0	0	40	58
1976	09	09	CI	GH	3	1	FRG		27	1513	1632	+4	‚ąí6	61	42
1976	09	12	CI	GH	0	3	FRG		-25	1488	1657	‚ąí3	+5	64	36
1976	10	10	GH	GN	2	1	WQ		18	1675	1703	+1	‚ąí1	35	31
1976	10	31	GN	GH	2	1	WQ		13	1716	1662	+3	‚ąí2	28	37
1976	12	19	TG	GH	2	0	F		18	1521	1644	+2	‚ąí2	61	39
1977	01	16	GN	GH	2	0	WQ	TG	24	1740	1620	+4	‚ąí5	25	44
1977	05	29	TG	GH	0	2	COC		-25	1435	1645	‚ąí10	+2	88	40
1977	06	12	GH	TG	2	0	COC		9	1654	1426	+3	‚ąí1	38	89
1977	09	04	NG	GH	2	1	COC		12	1708	1642	+1	‚ąí3	30	43
1977	12	16	CI	GH	2	1	AGQ		18	1597	1624	+1	‚ąí1	48	44
1977	12	18	CI	GH	1	2	AGQ		-24	1573	1648	‚ąí2	+1	50	43
1977	12	25	GH	SL	4	0	F		4	1652	1384	+3	0	40	94
1978	01	17	GH	GM	7	1	F		3	1655	1276	0	0	41	120
1978	02	19	GH	CI	3	1	F		8	1663	1565	+4	‚ąí1	37	53
1978	03	00	CI	GH	2	2	F		0	1570	1663	0	0	53	36
1978	03	05	GH	ZM	2	1	AR		12	1675	1549	+1	‚ąí4	35	59
1978	03	08	GH	NG	1	1	AR		-5	1670	1706	0	+1	35	32
1978	03	10	GH	UV	3	0	AR		6	1676	1307	+1	‚ąí2	36	114
1978	03	14	GH	TN	1	0	AR		18	1694	1664	+3	0	33	35
1978	03	16	GH	UG	2	0	AR		20	1714	1597	+1	‚ąí4	32	48
1978	05	19	IR	GH	3	0	AAC		24	1803	1690	+2	‚ąí2	21	33
1978	05	29	CN	GH	2	0	F		15	1596	1675	+4	‚ąí2	49	35
1978	06	25	GH	ML	4	1	F		9	1684	1583	+1	‚ąí1	35	52
1978	07	14	GH	CM	2	1	AFG	DZ	12	1696	1519	+1	‚ąí1	34	63
1978	07	17	GH	ML	1	1	AFG	DZ	-7	1689	1567	0	+1	34	56
1978	07	21	GH	NG	0	0	AFG	DZ	-1	1688	1678	0	0	34	37
1978	07	25	DZ	GH	2	0	AFG		35	1566	1653	+6	‚ąí4	56	38
1978	07	28	GH	MW	1	0	AFG	DZ	8	1661	1401	0	‚ąí3	38	93
1979	06	24	GH	LR	0	0	F		-8	1653	1379	‚ąí1	0	40	96
1979	07	26	LR	GH	3	1	IND		33	1412	1620	+6	‚ąí5	91	45
1979	11	27	GH	KE	4	1	OQ		12	1632	1431	+1	‚ąí1	44	84
1979	12	12	KE	GH	0	1	OQ		-14	1417	1646	‚ąí3	+1	87	43
1980	01	06	SL	GH	2	4	F		-9	1402	1655	0	+1	90	41
1980	01	27	GH	TN	4	1	F		13	1668	1655	+3	‚ąí3	38	41
1980	03	09	DZ	GH	0	0	AR	NG	0	1665	1668	0	0	39	38
1980	03	13	GH	GN	1	0	AR	NG	17	1685	1536	+4	‚ąí2	34	63
1980	03	16	MA	GH	1	0	AR	NG	35	1574	1650	+8	‚ąí8	54	42
1980	03	30	LR	GH	0	2	OQ		-17	1373	1667	‚ąí2	+3	95	38
1980	04	13	GH	LR	2	2	OQ		-16	1651	1389	‚ąí2	+2	42	93
1981	04	11	GH	CG	1	1	FQ		-11	1640	1556	‚ąí1	+2	41	56
1981	04	26	CG	GH	0	1	FQ		-20	1525	1660	‚ąí6	+2	65	39
1981	06	27	LR	GH	0	0	F		5	1378	1655	0	‚ąí1	95	40
1981	07	19	BJ	GH	1	2	F		-4	1311	1659	0	0	106	40
1981	07	22	GH	ZR	2	2	FQ		-11	1648	1565	‚ąí1	+4	41	53
1981	08	02	ZR	GH	1	2	FQ		-21	1546	1669	‚ąí6	+2	59	38
1982	02	13	BJ	GH	0	4	WAN		-13	1289	1682	‚ąí5	+1	113	35
1982	02	15	GH	CI	5	5	WAN	BJ	-8	1674	1540	‚ąí1	+1	36	62
1982	02	17	GH	NE	2	2	WAN	BJ	-17	1657	1233	‚ąí3	+4	39	130
1982	02	19	GH	UV	1	0	WAN	BJ	5	1662	1303	+1	‚ąí3	38	109
1982	02	23	GH	TG	2	1	WAN	BJ	10	1672	1455	+2	0	36	82
1982	03	05	LY	GH	2	2	AR		2	1546	1670	0	0	59	36
1982	03	09	CM	GH	0	0	AR	LY	4	1623	1666	+2	0	41	35
1982	03	12	GH	TN	1	0	AR	LY	21	1687	1582	+2	‚ąí7	34	51
1982	03	16	GH	DZ	3	2	AR	LY	26	1713	1668	+3	‚ąí4	31	36
1982	03	19	LY	GH	1	1	AR		1	1600	1712	+1	0	45	31
1982	05	04	GH	SN	0	0	FT	CM	-7	1705	1540	0	0	31	61
1982	05	05	CM	GH	0	0	FT		-1	1627	1706	0	‚ąí1	42	32
1982	05	07	GH	GN	0	0	FT	CM	-6	1700	1567	0	0	32	57
1982	08	07	GH	SG	3	0	MRD	MY	3	1703	1232	+1	0	32	130
1982	08	09	GH	IN	1	0	MRD	MY	2	1705	1252	0	0	32	123
1982	08	11	GH	TH	4	1	MRD	MY	7	1712	1379	+1	‚ąí1	31	91
1982	08	17	GH	KR	1	0	MRD	MY	13	1725	1654	+1	‚ąí1	30	39
1982	08	20	GH	SN	2	2	MRD	MY	-7	1718	1551	0	+1	30	59
1982	11	11	AO	GH	1	2	IND		-8	1447	1726	‚ąí2	+1	84	28
1983	04	28	GH	LY	1	0	FT	ET	9	1735	1581	+3	‚ąí3	27	52
1983	05	01	GH	NG	1	0	FT	ET	7	1742	1515	0	‚ąí2	27	65
1983	06	07	NZ	GH	2	0	PRS	KR	31	1636	1711	+3	‚ąí3	40	31
1983	06	13	GH	SD	3	1	PRS	KR	7	1718	1421	+1	‚ąí1	30	89
1983	06	15	KR	GH	1	0	PRS		15	1627	1703	+1	‚ąí2	41	32
1983	06	26	GM	GH	0	2	OQ		-11	1332	1714	0	0	100	31
1983	07	10	GH	GM	1	0	OQ		2	1716	1334	0	0	31	100
1983	09	19	GH	TH	2	1	MRD	MY	3	1719	1361	+2	‚ąí1	31	94
1983	09	27	GH	TG	1	1	WAN	CI	-11	1708	1510	‚ąí2	+1	33	68
1983	09	28	GH	LR	1	0	WAN	CI	5	1713	1355	0	0	33	95
1983	09	30	CI	GH	0	2	WAN		-22	1499	1735	‚ąí4	+3	70	30
1983	10	02	GH	TG	3	1	WAN	CI	13	1748	1494	+1	‚ąí2	29	71
1983	10	15	NG	GH	0	0	OQ		7	1535	1741	0	0	65	27
1983	10	30	GH	NG	1	2	OQ		-34	1707	1569	‚ąí2	+8	32	57
1984	01	29	GM	GH	0	1	F		-5	1391	1712	0	0	90	33
1984	02	04	GN	GH	0	1	F		-4	1385	1716	0	+1	92	32
1984	02	15	TG	GH	2	1	F		13	1514	1703	+3	‚ąí1	67	33
1984	03	05	NG	GH	2	1	AR	CI	35	1596	1668	+11	‚ąí2	49	35
1984	03	08	DZ	GH	2	0	AR	CI	41	1679	1627	+2	‚ąí3	36	39
1984	03	11	GH	MW	1	0	AR	CI	14	1641	1448	+1	‚ąí4	39	84
1984	07	30	GH	NE	1	0	FT	UV	4	1645	1291	0	‚ąí1	37	117
1984	08	03	UV	GH	0	2	FT		-10	1319	1655	‚ąí4	+1	107	38
1984	09	23	GH	GM	3	1	F		2	1657	1323	0	‚ąí1	37	104
1984	11	18	GH	CI	2	0	WAN	BF	20	1677	1520	+1	‚ąí5	36	63
1984	11	21	GH	TG	2	2	WAN	BF	-11	1666	1479	‚ąí1	+2	37	78
1984	11	24	BF	GH	1	1	WAN		11	1359	1655	+4	0	94	37
1984	11	27	GH	BJ	3	1	WAN	BF	4	1659	1211	0	‚ąí4	37	137
1984	11	28	GH	TG	1	1	WAN	BF	-9	1650	1501	0	+5	37	68
1984	12	28	GH	DZ	2	1	FRT	CI	17	1667	1689	+2	‚ąí2	36	34
1984	12	30	CI	GH	2	0	FRT		23	1584	1644	+8	‚ąí2	50	38
1985	01	01	TN	GH	2	0	FRT	CI	25	1630	1619	+5	‚ąí6	40	44
1985	03	31	GH	GN	1	1	FQ		-15	1604	1377	‚ąí2	+2	48	93
1985	04	07	CI	GH	0	0	WQ		-6	1601	1610	‚ąí2	+2	48	45
1985	04	14	GN	GH	1	4	FQ		-22	1355	1632	‚ąí3	+3	96	42
1985	04	21	GH	CI	2	0	WQ		19	1651	1582	+3	‚ąí4	40	52
1985	06	02	CA	GH	2	1	PRS	KR	15	1667	1636	+3	‚ąí1	38	43
1985	07	14	GH	LY	0	0	WQ		-8	1628	1592	‚ąí2	+2	45	49
1985	07	26	LY	GH	2	0	WQ		25	1617	1603	+3	‚ąí5	46	49
1985	08	18	CI	GH	2	0	FQ		24	1596	1579	+7	‚ąí7	48	55
1985	09	01	GH	CI	0	0	FQ		-5	1574	1601	0	0	55	48
1986	02	20	IR	GH	2	0	RVA		11	1681	1563	+1	‚ąí3	34	59
1986	02	24	GH	NE	2	0	WAN		6	1569	1276	+1	‚ąí2	58	116
1986	02	25	GH	TG	2	2	WAN		-9	1560	1509	‚ąí1	+4	59	70
1986	02	26	GH	LR	3	0	WAN		7	1567	1264	0	‚ąí4	59	122
1986	02	27	GH	BF	2	0	WAN		8	1575	1323	+2	‚ąí4	57	107
1986	03	01	GH	BF	2	0	WAN		7	1582	1316	+1	0	56	107
1986	03	02	GH	TG	1	0	WAN		10	1592	1473	+6	‚ąí3	50	79
1987	01	06	GH	TG	3	0	AGQ		14	1606	1439	+1	‚ąí5	49	83
1987	01	18	TG	GH	1	1	AGQ		4	1443	1602	0	‚ąí1	82	50
1987	01	31	GH	CI	2	0	WAN	LR	34	1636	1614	+7	‚ąí7	43	47
1987	02	02	GH	NE	4	0	WAN	LR	9	1645	1287	+3	‚ąí3	40	111
1987	02	04	GH	TG	3	0	WAN	LR	20	1665	1465	+4	‚ąí1	36	76
1987	02	06	GH	NG	3	1	WAN	LR	19	1684	1519	+1	‚ąí6	35	69
1987	02	08	LR	GH	1	2	WAN		-9	1352	1693	‚ąí1	+1	97	34
1987	03	30	GH	SL	1	2	FQ		-35	1658	1480	‚ąí4	+7	39	74
1987	04	11	SL	GH	0	0	FQ		4	1484	1654	‚ąí1	‚ąí1	75	40
1987	04	19	GH	CI	1	2	AGQ		-28	1626	1630	‚ąí5	+3	46	45
1987	04	26	CI	GH	1	0	AGQ		14	1644	1612	+3	0	42	46
1987	06	28	GH	SN	2	0	OQ		19	1631	1560	+2	‚ąí2	44	58
1987	07	11	SN	GH	0	1	OQ		-21	1535	1652	‚ąí6	+3	64	42
1987	07	26	LR	GH	0	0	IND		7	1372	1645	+2	0	94	43
1987	10	04	GH	CM	0	0	OQ		-5	1640	1669	‚ąí2	+1	45	37
1987	10	31	LR	GH	0	2	F		-9	1387	1649	‚ąí2	+2	92	43
1987	11	14	CM	GH	2	2	OQ		-7	1662	1656	‚ąí2	+2	38	40
1987	12	08	BJ	GH	1	0	FT	AO	28	1254	1628	+7	‚ąí3	124	44
1987	12	10	CU	GH	1	1	FT	AO	6	1494	1622	+4	‚ąí1	72	45
1988	01	03	GM	GH	0	2	F		-6	1287	1628	‚ąí2	0	109	44
1988	01	05	GM	GH	0	0	F		6	1293	1622	+2	0	107	44
1988	01	17	ZM	GH	2	0	OQ		26	1594	1596	+3	‚ąí4	52	51
1988	01	31	GH	ZM	1	0	OQ		14	1610	1580	+3	0	48	52
1988	05	25	BF	GH	3	0	F		27	1324	1583	+4	‚ąí7	102	52
1988	07	25	BJ	GH	1	1	FT	BF	11	1266	1572	+1	‚ąí1	121	52
1988	07	27	BF	GH	3	1	FT		29	1400	1543	+8	‚ąí11	89	63
1988	07	29	NE	GH	3	0	FT	BF	44	1306	1499	+14	‚ąí8	107	71
1988	07	31	GH	ML	1	0	FT	BF	10	1509	1380	+2	‚ąí3	69	96
1988	08	07	GH	LR	0	0	WQ		-11	1498	1396	‚ąí1	+3	70	91
1988	08	21	LR	GH	2	0	WQ		30	1426	1468	+6	‚ąí4	85	74
1989	03	26	GH	GN	1	0	F		7	1475	1443	+2	0	75	81
1989	04	09	GA	GH	1	0	FQ		18	1434	1457	+4	‚ąí3	84	79
1989	04	23	GH	GA	1	0	FQ		13	1470	1421	+1	‚ąí2	78	86
1989	11	26	GH	GN	1	1	COQ	LR	-2	1468	1439	0	0	72	81
1989	11	29	LR	GH	1	1	COQ		-4	1426	1472	‚ąí1	0	84	72
1990	05	28	GM	GH	0	1	ECW		-11	1201	1483	‚ąí1	0	138	70
1990	05	30	BF	GH	1	0	ECW	GM	25	1411	1458	+5	‚ąí3	89	73
1990	09	01	GH	NG	1	0	FQ		26	1484	1645	+4	‚ąí6	70	43
1990	09	30	TG	GH	0	1	FQ		-18	1338	1502	‚ąí4	+3	106	66
1990	10	14	GH	BF	2	0	FQ		17	1519	1417	+1	‚ąí7	64	83
1991	01	13	GH	BJ	4	0	FQ		7	1526	1205	+1	‚ąí3	63	139
1991	04	13	NG	GH	0	0	FQ		-11	1621	1537	‚ąí2	+2	45	62
1991	04	29	GH	TG	2	0	FQ		10	1547	1356	0	‚ąí2	60	103
1991	06	27	GH	ML	2	2	ECW	NG	-7	1540	1427	0	+1	59	82
1991	06	28	GH	GM	3	2	ECW	NG	5	1545	1193	0	0	59	140
1991	06	29	GH	BF	1	0	ECW	NG	11	1556	1362	+2	‚ąí4	57	103
1991	07	03	NG	GH	0	0	ECW		-10	1638	1566	‚ąí4	+1	43	56
1991	07	07	GA	GH	0	1	F		-8	1390	1574	0	0	91	56
1991	07	14	BF	GH	2	1	FQ		27	1380	1547	+7	‚ąí4	96	59
1991	07	28	BJ	GH	0	0	FQ		12	1206	1535	+2	‚ąí3	139	63
1991	09	30	BW	GH	0	0	IND		10	1154	1525	+2	‚ąí1	156	64
1991	10	31	SN	GH	3	2	COC	CI	20	1551	1505	+4	‚ąí2	60	68
1991	11	02	GH	NG	1	0	COC	CI	27	1532	1600	+3	‚ąí2	65	49
1992	01	15	GH	ZM	1	0	AR	SN	32	1564	1603	+6	‚ąí3	59	50
1992	01	17	GH	EG	1	0	AR	SN	32	1596	1632	+7	‚ąí6	53	46
1992	01	20	GH	CG	2	1	AR	SN	19	1615	1491	+5	‚ąí3	48	72
1992	01	23	GH	NG	2	1	AR	SN	28	1643	1635	+4	‚ąí5	44	46
1992	01	26	GH	CI	0	0	AR	SN	6	1649	1715	+2	‚ąí2	43	32
1992	04	05	TG	GH	1	0	F		15	1383	1634	+10	‚ąí3	99	46
1992	08	15	TZ	GH	2	2	FQ		12	1299	1622	+3	‚ąí2	128	49
1992	08	30	GH	BF	3	0	FQ		8	1630	1358	+3	‚ąí1	47	112
1992	10	25	BI	GH	1	0	WQ		30	1361	1600	+7	‚ąí5	111	54
1992	12	13	NE	GH	0	1	F		-6	1333	1606	‚ąí1	+1	117	52
1992	12	20	GH	DZ	2	0	WQ		24	1630	1613	+5	‚ąí4	47	51
1993	01	01	GH	ML	1	1	BST	GA	-7	1623	1453	0	+1	47	90
1993	01	03	GA	GH	2	3	BST		-13	1455	1636	‚ąí3	0	89	47
1993	01	23	GH	NE	4	0	F		4	1640	1341	0	0	44	116
1993	01	31	GH	BI	1	0	WQ		4	1644	1366	0	0	43	111
1993	02	06	GH	ID	2	0	MRD	MY	5	1649	1265	+1	‚ąí1	42	135
1993	02	10	KR	GH	3	1	MRD	MY	22	1686	1627	+4	‚ąí6	33	48
1993	02	26	DZ	GH	2	1	WQ		14	1653	1613	+5	‚ąí4	40	52
1993	04	10	GH	LR	1	0	FQ		5	1618	1382	+2	0	50	108
1993	04	14	DE	GH	6	1	F		2	2002	1616	0	0	3	50
1993	07	25	LR	GH	0	2	FQ		-19	1363	1635	‚ąí6	+5	112	45
1993	11	26	GM	GH	3	0	F	SL	32	1276	1603	+8	‚ąí10	136	57
1993	11	28	SL	GH	2	3	F		-10	1478	1613	‚ąí3	+1	86	56
1993	11	30	GH	GN	1	0	F	SL	5	1618	1421	+2	0	54	98
1993	12	29	GH	EG	0	0	F		-2	1616	1652	0	0	55	40
1993	12	31	GH	TN	1	1	F		-2	1614	1635	0	+2	55	47
1994	01	02	GH	EG	2	1	F		8	1622	1644	+4	‚ąí3	51	43
1994	02	23	ML	GH	0	0	F		3	1427	1619	0	‚ąí2	96	51
1994	03	09	NG	GH	0	0	F		-5	1688	1624	0	+2	33	50
1994	03	27	GH	GN	1	0	AR	TN	12	1636	1403	+2	‚ąí5	48	101
1994	03	31	GH	SN	1	0	AR	TN	13	1649	1444	+6	‚ąí2	42	93
1994	04	03	CI	GH	2	1	AR	TN	27	1653	1622	+11	‚ąí11	40	52
1994	07	08	JP	GH	3	2	ACS		10	1642	1612	+3	‚ąí4	45	53
1994	07	14	JP	GH	2	1	ACS		10	1652	1602	+3	‚ąí3	42	56
1994	08	23	EG	GH	2	0	FT		14	1649	1588	+4	‚ąí2	42	58
1994	08	25	GH	ZM	1	0	FT	EG	18	1606	1643	+3	‚ąí5	55	43
1994	09	04	GH	SL	4	1	FQ		15	1621	1472	+7	‚ąí5	48	88
1994	09	25	ZM	GH	3	0	F		10	1689	1611	+4	‚ąí3	31	51
1994	10	16	NE	GH	1	5	FQ		-21	1325	1632	‚ąí3	+10	123	43
1994	11	12	GM	GH	1	2	FQ		-10	1340	1642	‚ąí3	+3	120	41
1994	11	26	ZA	GH	2	1	SMB		11	1653	1631	+1	‚ąí4	39	44
1994	11	30	GH	CM	1	0	SMB	ZA	13	1644	1571	+3	‚ąí1	41	63
1994	12	04	GH	CI	1	1	SMB	ZA	1	1645	1665	+1	0	40	36
1995	01	22	GH	CG	3	1	FQ		8	1653	1403	+2	‚ąí2	36	104
1995	04	08	SL	GH	1	0	FQ		26	1475	1627	+7	‚ąí7	83	45
1995	04	23	GH	NE	1	0	FQ		4	1631	1331	+1	0	44	122
1995	05	25	NO	GH	3	2	F		2	1881	1629	+3	‚ąí1	14	43
1995	06	18	AU	GH	2	1	F		5	1722	1624	0	‚ąí3	31	46
1995	06	21	AU	GH	1	0	F		5	1727	1619	0	‚ąí2	31	48
1995	06	24	AU	GH	0	1	F		-15	1712	1634	‚ąí2	+6	32	42
1995	07	01	CI	GH	2	0	F		11	1638	1623	+5	‚ąí4	40	46
1995	07	30	CG	GH	0	2	FQ		-18	1354	1641	‚ąí4	+5	119	40
1995	11	12	GH	SL	2	0	F		6	1647	1498	0	‚ąí1	42	80
1995	12	29	EG	GH	1	2	F		-13	1628	1660	‚ąí2	+4	46	38
1996	01	05	SA	GH	1	1	F		-1	1584	1661	0	0	59	38
1996	01	09	ZW	GH	1	1	F		2	1496	1659	0	0	80	38
1996	01	14	GH	CI	2	0	AR	ZA	37	1696	1615	+5	‚ąí7	33	49
1996	01	19	GH	TN	2	1	AR	ZA	15	1711	1526	+1	‚ąí5	32	73
1996	01	25	GH	MZ	2	0	AR	ZA	11	1722	1403	+2	‚ąí1	30	104
1996	01	28	GH	ZR	1	0	AR	ZA	12	1734	1508	0	‚ąí1	30	76
1996	01	31	ZA	GH	3	0	AR		38	1716	1696	+6	‚ąí4	31	34
1996	02	03	ZM	GH	1	0	AR	ZA	29	1670	1667	+4	‚ąí5	38	39
1996	03	27	BR	GH	8	2	F		2	2067	1665	0	0	1	40
1996	04	21	ET	GH	2	0	F		24	1331	1641	+5	‚ąí3	120	43
1996	05	26	GH	EG	0	2	F		-21	1620	1611	‚ąí4	+7	46	50
1996	06	02	DK	GH	1	0	F		1	1969	1619	0	‚ąí1	6	47
1996	06	08	TZ	GH	0	0	WQ		6	1415	1613	+3	‚ąí1	103	47
1996	06	17	GH	TZ	2	1	WQ		6	1619	1407	+2	‚ąí3	46	108
1996	09	14	AU	GH	2	0	SMB	ZA	19	1686	1600	+1	‚ąí8	35	54
1996	09	18	GH	KE	1	0	SMB	ZA	10	1610	1457	+1	‚ąí3	53	91
1996	09	21	ZA	GH	0	0	SMB		-9	1750	1619	0	+7	26	46
1996	10	06	GH	AO	2	1	FQ		8	1627	1470	+2	‚ąí5	46	88
1996	10	18	BJ	GH	0	0	F		8	1160	1619	0	‚ąí3	163	50
1996	11	10	GA	GH	1	1	WQ		0	1521	1619	‚ąí1	+2	73	47
1996	12	22	BF	GH	2	1	SLD	BJ	25	1374	1594	+6	‚ąí8	115	58
1996	12	24	BJ	GH	1	1	SLD		11	1180	1583	+2	‚ąí1	162	59
1996	12	25	GA	GH	1	1	SLD	BJ	3	1508	1580	+1	0	74	59
1997	01	06	TG	GH	4	0	F		25	1392	1555	+10	‚ąí6	108	65
1997	01	12	GH	MA	2	2	WQ		1	1556	1663	0	0	65	41
1997	01	26	ZW	GH	0	0	FQ		-6	1550	1562	‚ąí3	+1	68	64
1997	04	05	SL	GH	1	1	WQ		2	1428	1560	0	‚ąí3	98	66
1997	04	27	GH	GA	3	0	WQ		15	1575	1424	+3	‚ąí4	62	97
1997	06	07	MA	GH	1	0	WQ		9	1711	1566	+2	‚ąí4	31	65
1997	06	12	YU	GH	3	1	KOR	KR	4	1963	1562	0	‚ąí1	8	66
1997	06	14	KR	GH	3	0	KOR		13	1662	1549	+1	‚ąí3	44	69
1997	06	16	EG	GH	2	0	KOR	KR	22	1575	1527	+6	‚ąí1	60	70
1997	06	22	AO	GH	1	0	FQ		15	1529	1512	+1	‚ąí1	70	71
1997	07	13	GH	ZW	2	1	FQ		12	1524	1461	0	‚ąí5	72	86
1997	08	17	GH	SL	0	2	WQ		-46	1478	1462	‚ąí8	+17	81	86
1997	12	03	EG	GH	3	2	F		4	1605	1474	0	‚ąí1	54	82
1998	01	14	GH	MZ	0	0	F		-5	1469	1404	0	+1	82	104
1998	01	19	GH	MZ	3	1	F		8	1477	1396	0	‚ąí3	82	107
1998	02	09	GH	TN	2	0	AR	BF	56	1533	1614	+13	‚ąí9	69	52
1998	02	12	TG	GH	2	1	AR	BF	38	1373	1495	+10	‚ąí10	113	79
1998	02	16	CD	GH	1	0	AR	BF	28	1479	1467	+10	‚ąí8	81	86
1998	07	25	GH	BJ	1	0	F	BF	4	1471	1196	+2	‚ąí1	84	155
1998	09	06	SZ	GH	0	1	IND		-7	1162	1478	0	+1	163	83
1998	10	04	CM	GH	1	3	FQ		-47	1558	1525	‚ąí7	+13	63	69
1998	10	13	NL	GH	0	0	F		-9	1990	1534	0	+1	4	67
1998	12	03	ML	GH	0	2	F		-15	1428	1549	‚ąí5	+3	99	65
1999	01	24	GH	MZ	1	0	FQ		5	1554	1316	0	‚ąí1	64	128
1999	02	28	GH	ER	5	0	FQ		6	1560	1218	0	‚ąí2	62	149
1999	08	07	GH	JM	2	1	PNF		13	1573	1591	+2	‚ąí2	63	56
1999	08	28	NG	GH	0	0	F		-6	1691	1579	‚ąí2	+4	41	59
1999	11	12	EG	GH	1	2	F		-14	1626	1593	‚ąí3	+3	49	55
1999	12	14	GR	GH	1	1	F		-6	1749	1599	0	0	27	57
1999	12	22	TN	GH	2	0	F		9	1644	1590	+2	‚ąí1	46	57
2000	01	18	GH	TN	2	0	F		13	1603	1635	+2	‚ąí4	56	48
2000	01	22	GH	CM	1	1	AR		-9	1594	1587	‚ąí1	0	57	59
2000	01	27	GH	TG	2	0	AR		10	1604	1350	+1	‚ąí2	56	119
2000	01	31	GH	CI	0	2	AR		-56	1548	1577	‚ąí9	+11	66	59
2000	02	06	GH	ZA	0	1	AR		-23	1525	1694	‚ąí6	+3	72	40
2000	04	08	TZ	GH	0	1	WQ		-11	1241	1536	‚ąí3	+4	146	68
2000	04	23	GH	TZ	3	2	WQ		4	1540	1237	0	0	68	146
2000	06	17	EG	GH	2	0	F		7	1658	1533	0	0	49	66
2000	07	08	GH	SL	5	0	WQ		13	1546	1340	0	‚ąí3	66	121
2000	09	03	LS	GH	3	3	FQ		14	1173	1532	+3	‚ąí3	162	68
2000	10	08	GH	ZW	4	1	FQ		25	1557	1501	+7	‚ąí2	64	76
2000	10	25	UG	GH	2	1	LGR	KE	22	1405	1535	+6	‚ąí7	107	70
2000	10	28	TZ	GH	3	2	LGR	KE	26	1225	1509	+7	‚ąí3	149	73
2001	01	14	CD	GH	2	1	FQ		18	1467	1491	+6	‚ąí1	80	77
2001	01	28	GH	LR	1	3	WQ		-42	1449	1491	‚ąí8	+9	86	77
2001	02	25	SD	GH	1	0	WQ		22	1338	1427	+5	‚ąí5	120	92
2001	03	11	GH	NG	0	0	WQ		10	1437	1699	+4	‚ąí1	89	38
2001	03	25	GH	CD	3	0	FQ		25	1462	1408	+5	‚ąí11	83	104
2001	05	05	SL	GH	1	1	WQ		2	1334	1460	0	‚ąí1	124	87
2001	06	03	ZW	GH	1	2	FQ		-27	1453	1487	‚ąí8	+9	89	79
2001	06	17	GH	LS	3	1	FQ		6	1493	1201	+3	‚ąí1	77	156
2001	07	01	LR	GH	1	2	WQ		-27	1484	1520	‚ąí9	+10	81	69
2001	07	15	GH	SD	1	0	WQ		8	1528	1364	0	‚ąí1	70	116
2001	07	29	NG	GH	3	0	WQ		12	1714	1516	+3	0	36	70
2001	12	05	DZ	GH	1	1	F		-3	1518	1519	‚ąí1	+1	73	72
2001	12	25	ML	GH	1	1	F		0	1426	1519	0	0	98	72
2002	01	04	EG	GH	2	0	F		7	1648	1512	0	0	49	72
2002	01	21	GH	MA	0	0	AR	ML	10	1522	1641	+2	0	72	49
2002	01	24	GH	ZA	0	0	AR	ML	6	1528	1607	+1	‚ąí1	71	53
2002	01	30	GH	BF	2	1	AR	ML	16	1544	1384	+6	‚ąí4	65	113
2002	02	03	NG	GH	1	0	AR	ML	13	1742	1531	+3	‚ąí4	32	69
2002	05	17	SI	GH	2	0	F		4	1745	1527	+2	‚ąí2	31	70
2002	09	07	UG	GH	1	0	FQ		25	1355	1502	+7	‚ąí3	121	72
2002	10	08	GH	LS	2	1	F		1	1503	1148	+1	0	72	161
2002	10	13	GH	RW	4	2	FQ		10	1513	1307	+1	‚ąí1	71	133
2002	10	19	SL	GH	2	1	F		12	1347	1501	+2	‚ąí2	126	73
2002	12	15	GH	NG	0	1	F		-6	1495	1740	‚ąí5	0	79	34
2002	12	22	EG	GH	0	0	F		-5	1602	1500	‚ąí1	+3	57	76
2003	01	26	GH	BJ	3	0	F		5	1505	1274	+5	‚ąí1	71	139
2003	02	15	BJ	GH	1	0	F		14	1288	1491	+5	‚ąí5	134	79
2003	03	27	TN	GH	2	2	FT		-9	1617	1500	0	+2	52	77
2003	03	30	GH	MG	3	3	FT	TN	-4	1496	1421	0	0	77	105
2003	05	30	NG	GH	3	1	LGC		6	1743	1490	0	‚ąí2	32	78
2003	06	13	GH	KE	1	3	F		-19	1471	1503	‚ąí6	+6	84	75
2003	06	22	GH	UG	1	1	FQ		-10	1461	1385	‚ąí2	+4	88	110
2003	07	06	RW	GH	1	0	FQ		21	1368	1440	+9	‚ąí7	116	95
2003	11	16	GH	SO	5	0	WQA		5	1445	1060	0	0	95	180
2003	11	19	GH	SO	2	0	WQA		3	1448	1057	+1	0	92	180
2004	04	28	GH	AO	1	1	F		-3	1445	1458	‚ąí1	0	93	90
2004	06	05	BF	GH	1	0	WQA		18	1401	1427	+4	‚ąí6	108	99
2004	06	14	GH	TG	0	0	F		-3	1424	1422	‚ąí1	0	101	102
2004	06	20	GH	ZA	3	0	WQA		40	1464	1537	+9	‚ąí12	91	74
2004	06	25	MZ	GH	0	1	IND		-12	1283	1476	‚ąí2	+7	135	83
2004	07	03	UG	GH	1	1	WQA		-2	1405	1478	0	0	106	84
2004	09	05	GH	CV	2	0	WQA		13	1491	1347	+2	‚ąí6	82	122
2004	10	10	GH	CD	0	0	WQA		-9	1482	1442	‚ąí4	+1	89	95
2005	03	23	KE	GH	2	2	F		-1	1411	1483	0	+1	100	85
2005	03	27	CD	GH	1	1	WQA		-4	1444	1487	‚ąí1	‚ąí1	94	86
2005	06	05	GH	BF	2	1	WQA		8	1495	1334	+2	‚ąí2	84	122
2005	06	18	ZA	GH	0	2	WQA		-47	1572	1542	‚ąí10	+10	65	71
2005	08	17	GH	SN	0	0	F	EN	3	1545	1660	+1	0	72	50
2005	09	04	GH	UG	2	0	WQA		8	1553	1320	+2	‚ąí3	67	125
2005	10	08	CV	GH	0	4	WQA		-26	1314	1579	‚ąí10	+3	127	63
2005	11	14	SA	GH	1	3	F		-23	1652	1602	‚ąí5	+4	52	60
2006	01	11	TG	GH	1	0	F	TN	11	1583	1591	+3	‚ąí3	62	60
2006	01	15	TN	GH	2	0	F		7	1721	1584	+2	‚ąí1	37	61
2006	01	23	NG	GH	1	0	AR	EG	14	1765	1570	+4	‚ąí5	29	66
2006	01	27	GH	SN	1	0	AR	EG	35	1605	1676	+11	‚ąí6	56	47
2006	01	31	ZW	GH	2	1	AR	EG	35	1500	1570	+10	‚ąí9	81	66
2006	03	01	MX	GH	1	0	F	US	4	1835	1566	‚ąí1	‚ąí1	19	67
2006	05	26	GH	TR	1	1	F	DE	7	1573	1829	+1	‚ąí1	66	18
2006	05	29	GH	JM	4	1	F	EN	21	1594	1632	+5	‚ąí1	61	51
2006	06	04	GH	KR	3	1	F	SQ	22	1616	1743	+7	‚ąí3	55	35
2006	06	12	IT	GH	2	0	WC	DE	12	1955	1604	0	‚ąí2	7	57
2006	06	17	GH	CZ	2	0	WC	DE	82	1686	1921	+11	‚ąí7	46	10
2006	06	22	GH	US	2	1	WC	DE	40	1726	1765	+7	‚ąí10	38	31
2006	06	27	BR	GH	3	0	WC	DE	12	2097	1714	0	‚ąí1	1	39
2006	08	15	GH	TG	2	0	F	EN	6	1720	1455	+1	0	38	94
2006	10	04	JP	GH	0	1	F		-13	1710	1733	‚ąí4	+6	42	35
2006	10	08	KR	GH	1	3	F		-19	1710	1752	‚ąí4	+4	43	33
2006	11	14	AU	GH	1	1	F	EN	0	1760	1752	0	0	31	33
2007	02	06	GH	NG	4	1	F	EN	19	1771	1762	+7	‚ąí6	27	31
2007	03	24	AT	GH	1	1	F		1	1623	1770	0	0	54	28
2007	03	27	BR	GH	1	0	F	SE	3	2066	1767	0	0	1	28
2007	08	21	GH	SN	1	1	F	EN	-4	1763	1643	‚ąí2	0	30	54
2007	09	08	GH	MA	2	0	F	FR	11	1774	1657	+2	‚ąí2	28	47
2007	09	11	SA	GH	5	0	F		20	1692	1754	+1	‚ąí2	43	30
2007	11	18	GH	TG	2	0	FT		3	1757	1412	0	‚ąí1	32	102
2007	11	21	GH	BJ	4	2	FT		3	1760	1379	+3	‚ąí3	29	112
2008	01	20	GH	GN	2	1	AR		10	1770	1610	+2	0	29	58
2008	01	24	GH	NA	1	0	AR		1	1771	1264	0	0	30	139
2008	01	28	GH	MA	2	0	AR		18	1789	1655	+6	‚ąí4	24	46
2008	02	03	GH	NG	2	1	AR		14	1803	1713	+3	0	21	40
2008	02	07	GH	CM	0	1	AR		-35	1768	1788	‚ąí9	+8	30	26
2008	02	09	GH	CI	4	2	AR		29	1797	1756	+8	‚ąí6	22	33
2008	03	26	MX	GH	2	1	F	EN	8	1892	1789	0	‚ąí3	11	25
2008	05	23	AU	GH	1	0	F		9	1734	1780	+1	‚ąí2	38	27
2008	06	01	GH	LY	3	0	WQA		8	1788	1513	+2	‚ąí2	25	82
2008	06	08	GH	LS	3	2	WQA	ZA	1	1789	1150	‚ąí1	0	23	170
2008	06	14	GA	GH	2	0	WQA		50	1469	1739	+8	‚ąí10	94	34
2008	06	22	GH	GA	2	0	WQA		6	1745	1463	0	0	35	93
2008	08	20	TZ	GH	1	1	F		7	1314	1738	+1	0	125	35
2008	09	05	LY	GH	1	0	WQA		26	1563	1712	+10	‚ąí4	66	39
2008	10	11	GH	LS	3	0	WQA		1	1713	1128	‚ąí1	0	41	171
2008	10	15	ZA	GH	2	1	F		13	1512	1700	+2	‚ąí1	86	42
2008	11	19	GH	TN	0	0	F		-5	1695	1615	‚ąí1	‚ąí1	44	56
2009	02	11	EG	GH	2	2	F		-5	1763	1700	0	+1	28	43
2009	03	29	GH	BJ	1	0	WQA		4	1704	1395	0	‚ąí1	43	112
2009	05	31	GH	UG	2	1	F		3	1707	1479	0	0	43	88
2009	06	07	ML	GH	0	2	WQA		-25	1522	1732	‚ąí8	+10	81	34
2009	06	20	SD	GH	0	2	WQA		-10	1346	1742	‚ąí1	+1	121	35
2009	08	12	GH	ZM	4	1	F	EN	5	1747	1438	+2	0	32	98
2009	09	06	GH	SD	2	0	WQA		3	1750	1343	+2	0	32	121
2009	09	09	JP	GH	4	3	F	NL	10	1775	1740	+1	‚ąí3	27	35
2009	09	30	AR	GH	2	0	F		6	1874	1734	0	‚ąí2	11	37
2009	10	11	BJ	GH	1	0	WQA		32	1433	1702	+7	‚ąí6	101	41
2009	11	15	GH	ML	2	2	WQA		-12	1690	1565	0	+1	42	70
2009	11	18	AO	GH	0	0	F		4	1456	1686	+1	‚ąí1	94	43
2010	01	05	GH	MW	0	0	F	SZ	-7	1679	1363	‚ąí2	+2	44	117
2010	01	15	CI	GH	3	1	AR	AO	30	1779	1649	+7	‚ąí5	23	49
2010	01	19	GH	BF	1	0	AR	AO	14	1663	1478	+2	‚ąí2	47	90
2010	01	24	AO	GH	0	1	AR		-18	1451	1681	‚ąí4	+5	96	42
2010	01	28	GH	NG	1	0	AR	AO	27	1708	1683	+3	‚ąí3	39	42
2010	01	31	EG	GH	1	0	AR	AO	17	1839	1691	+1	‚ąí3	14	42
2010	03	03	BA	GH	2	1	F		9	1651	1682	+1	0	50	42
2010	06	01	NL	GH	4	1	F		2	2041	1680	0	0	3	43
2010	06	05	GH	LV	1	0	F	EN	7	1687	1557	+3	‚ąí2	41	72
2010	06	13	GH	RS	1	0	WC	ZA	42	1729	1798	+9	‚ąí5	32	20
2010	06	19	AU	GH	1	1	WC	ZA	-1	1744	1730	‚ąí1	0	31	32
2010	06	23	DE	GH	1	0	WC	ZA	14	1955	1716	0	‚ąí4	6	36
2010	06	26	GH	US	2	1	WC	ZA	38	1754	1768	+10	‚ąí8	27	24
2010	07	02	GH	UY	1	1	WC	ZA	14	1768	1917	+3	0	24	6
2010	08	11	ZA	GH	1	0	F		11	1629	1757	0	‚ąí2	53	27
2010	09	05	SZ	GH	0	3	FQ		-4	1160	1761	‚ąí2	0	167	28
2010	10	10	GH	SD	0	0	FQ		-18	1743	1351	‚ąí2	+4	27	119
2010	11	17	GH	SA	0	0	F	AE	-2	1741	1683	0	+1	28	42
2011	02	08	GH	TG	4	1	F	BE	4	1745	1377	‚ąí1	‚ąí4	29	117
2011	03	27	CG	GH	0	3	FQ		-13	1367	1758	‚ąí4	+3	117	27
2011	03	29	EN	GH	1	1	F		-7	1934	1765	0	+2	6	25
2011	06	03	GH	CG	3	1	FQ		3	1768	1364	+2	‚ąí1	23	118
2011	06	07	KR	GH	2	1	F		6	1815	1762	+1	‚ąí2	16	26
2011	09	02	GH	SZ	2	0	FQ		1	1763	1137	0	‚ąí1	26	171
2011	09	05	BR	GH	1	0	F	EN	4	2036	1759	0	‚ąí1	4	28
2011	10	08	SD	GH	0	2	FQ		-12	1398	1771	‚ąí3	+4	108	25
2011	10	11	GH	NG	0	0	F	EN	-3	1768	1665	‚ąí1	‚ąí1	26	46
2011	11	15	GH	GA	2	1	F	FR	5	1773	1555	+2	+2	24	70
2012	01	15	ZA	GH	1	1	F		2	1589	1771	+1	0	60	24
2012	01	24	GH	BW	1	0	AR	GA	6	1777	1407	+1	‚ąí2	24	105
2012	01	28	GH	ML	2	0	AR	GA	14	1791	1511	+4	‚ąí6	21	84
2012	02	01	GH	GN	1	1	AR	GA	-16	1775	1537	‚ąí3	+5	25	74
2012	02	05	GH	TN	2	1	AR	GA	13	1788	1577	+3	‚ąí7	22	67
2012	02	08	ZM	GH	1	0	AR	GQ	38	1628	1750	+5	‚ąí9	54	31
2012	02	11	ML	GH	2	0	AR	GQ	59	1587	1691	+15	‚ąí10	63	41
2012	02	29	CL	GH	1	1	F	US	-5	1865	1696	0	+2	12	39
2012	06	01	GH	LS	7	0	WQ		2	1698	1138	0	0	39	169
2012	06	09	ZM	GH	1	0	WQ		20	1618	1678	+2	‚ąí4	56	44
2012	08	15	CN	GH	1	1	F		-2	1637	1680	‚ąí1	0	51	43
2012	09	08	GH	MW	2	0	FQ		6	1686	1398	+1	‚ąí5	42	111
2012	09	11	LR	GH	2	0	F		25	1316	1661	+8	‚ąí1	131	43
2012	10	13	MW	GH	0	1	FQ		-11	1387	1672	0	+2	111	42
2012	11	14	GH	CV	1	0	F	PT	4	1676	1425	+2	+1	42	103
2013	01	10	GH	EG	3	0	F	AE	17	1693	1643	+4	‚ąí4	38	50
2013	01	13	GH	TN	4	2	F	AE	11	1704	1580	+2	‚ąí2	36	63
2013	01	20	CD	GH	2	2	AR	ZA	16	1450	1688	+6	‚ąí3	96	39
2013	01	24	GH	ML	1	0	AR	ZA	20	1708	1591	+3	‚ąí7	36	62
2013	01	28	GH	NE	3	0	AR	ZA	10	1718	1339	+3	‚ąí1	33	125
2013	02	02	GH	CV	2	0	AR	ZA	15	1733	1465	+2	‚ąí2	31	94
2013	02	06	BF	GH	1	1	AR	ZA	14	1534	1719	+3	‚ąí3	78	34
2013	02	09	ML	GH	3	1	AR	ZA	54	1607	1665	+16	‚ąí11	55	45
2013	03	24	GH	SD	4	0	WQ		7	1672	1370	0	‚ąí1	44	118
2013	06	07	SD	GH	1	3	WQ		-14	1344	1686	‚ąí5	+1	126	42
2013	06	12	GH	CI	2	1	F		11	1697	1803	+3	‚ąí1	39	21
2013	06	14	GH	CI	1	1	F		0	1697	1803	0	0	39	21
2013	06	16	LS	GH	0	2	WQ		-4	1144	1701	‚ąí2	+1	170	38
2013	08	14	TR	GH	2	2	F		-2	1654	1703	‚ąí2	‚ąí1	48	38
2013	08	30	LY	GH	1	0	F	TN	14	1568	1689	+5	‚ąí2	66	40
2013	09	06	GH	ZM	2	1	WQ		8	1697	1538	+2	‚ąí5	38	79
2013	09	10	JP	GH	3	1	F		9	1766	1688	+1	‚ąí2	25	40
2013	10	15	GH	EG	6	1	WQ		27	1715	1643	+7	‚ąí3	33	48
2013	11	19	EG	GH	2	1	WQ		18	1668	1697	+1	‚ąí7	46	41
2014	03	05	ME	GH	1	0	F		10	1607	1687	0	‚ąí3	57	44
2014	05	31	NL	GH	1	0	F		2	1983	1685	0	‚ąí1	5	42
2014	06	09	GH	KR	4	0	F	US	19	1704	1667	+5	‚ąí6	37	47
2014	06	16	US	GH	2	1	WC	BR	18	1875	1686	0	‚ąí5	13	41
2014	06	21	DE	GH	2	2	WC	BR	-25	2084	1711	0	+7	2	33
2014	06	26	PT	GH	2	1	WC	BR	15	1918	1696	+1	‚ąí5	9	38
2014	09	06	GH	UG	1	1	FQ		-15	1681	1482	‚ąí4	+4	40	90
2014	09	10	TG	GH	2	3	FQ		-13	1446	1694	‚ąí3	+3	99	37
2014	10	11	GH	GN	1	1	FQ	MA	-9	1685	1535	‚ąí6	+3	42	77
2014	10	15	GH	GN	3	1	FQ		12	1697	1523	+3	‚ąí2	38	79
2014	11	15	UG	GH	1	0	FQ		27	1501	1670	+7	‚ąí6	86	43
2014	11	19	GH	TG	3	1	FQ		8	1678	1440	+5	‚ąí3	40	102
2015	01	19	SN	GH	2	1	AR	GQ	26	1687	1652	+10	‚ąí11	39	53
2015	01	23	GH	DZ	1	0	AR	GQ	29	1681	1678	+10	‚ąí6	42	44
2015	01	27	GH	ZA	2	1	AR	GQ	20	1701	1596	+2	‚ąí4	40	63
2015	02	01	GH	GN	3	0	AR	GQ	29	1730	1553	+9	‚ąí2	31	66
2015	02	05	GQ	GH	0	3	AR		-18	1382	1748	‚ąí2	+4	113	28
2015	02	08	GH	CI	0	0	AR	GQ	0	1748	1742	0	0	28	29
2015	03	28	SN	GH	2	1	F	FR	13	1657	1735	+2	‚ąí3	50	31
2015	03	31	GH	ML	1	1	F	FR	-5	1730	1543	‚ąí3	+2	33	69
2015	05	25	MG	GH	2	1	CSF	ZA	38	1286	1692	+6	‚ąí8	135	41
2015	05	27	ZM	GH	3	0	CSF	ZA	53	1546	1639	+15	‚ąí11	69	52
2015	06	08	GH	TG	1	0	F		3	1642	1430	0	0	52	105
2015	06	14	GH	MU	7	1	FQ		1	1643	1030	+1	0	50	187
2015	09	01	CG	GH	2	3	F		-7	1432	1650	‚ąí2	+1	104	50
2015	09	05	RW	GH	0	1	FQ		-13	1407	1663	0	+2	108	48
2015	10	13	CA	GH	1	1	F	US	4	1510	1659	+2	‚ąí1	80	47
2015	11	13	KM	GH	0	0	WQ		19	942	1640	+3	‚ąí1	197	47
2015	11	17	GH	KM	2	0	WQ		1	1641	941	‚ąí1	0	48	197
2016	03	24	GH	MZ	3	1	FQ		5	1646	1323	+1	‚ąí2	47	129
2016	03	27	MZ	GH	0	0	FQ		11	1334	1635	+4	‚ąí1	123	49
2016	06	05	MU	GH	0	2	FQ		-5	1098	1640	‚ąí1	+2	180	48
2016	09	03	GH	RW	1	1	FQ		-17	1623	1308	‚ąí4	+6	54	128
2016	09	06	RU	GH	1	0	F		5	1703	1618	0	‚ąí2	43	56
2016	10	07	GH	UG	0	0	WQ		-12	1606	1497	‚ąí2	+2	58	85
2016	10	11	ZA	GH	1	1	F		-3	1597	1609	‚ąí1	‚ąí1	59	58
2016	11	13	EG	GH	2	0	WQ		19	1656	1590	+2	‚ąí3	50	61
2017	01	17	GH	UG	1	0	AR	GA	17	1607	1463	+1	‚ąí4	59	90
2017	01	21	GH	ML	1	0	AR	GA	21	1628	1524	+4	‚ąí2	54	75
2017	01	25	EG	GH	1	0	AR	GA	22	1688	1606	+6	‚ąí7	41	61
2017	01	29	GH	CD	2	1	AR	GA	26	1632	1593	+7	‚ąí6	53	62
2017	02	02	CM	GH	2	0	AR	GA	39	1658	1593	+7	‚ąí8	50	61
2017	02	04	BF	GH	1	0	AR	GA	25	1617	1568	+6	‚ąí8	57	69
2017	06	07	GH	GM	2	1	F		2	1570	1284	‚ąí1	‚ąí2	66	137
2017	06	11	GH	ET	5	0	FQ		9	1579	1296	+1	0	65	134
2017	06	28	MX	GH	1	0	F	US	2	1946	1577	0	0	10	65
2017	07	01	US	GH	2	1	F		3	1769	1574	0	‚ąí1	26	66
2017	09	01	GH	CG	1	1	WQ		-13	1561	1417	‚ąí6	+4	72	103
2017	09	05	CG	GH	1	5	WQ		-33	1384	1594	‚ąí9	+9	110	62
2017	10	07	UG	GH	0	0	WQ		1	1486	1593	+1	‚ąí1	86	63
2017	10	10	SA	GH	0	3	F		-24	1602	1617	‚ąí7	+6	62	57
2017	11	12	GH	EG	1	1	WQ		-4	1613	1650	0	0	56	50
2018	05	30	JP	GH	0	2	F		-22	1670	1635	‚ąí3	+4	47	52
2018	06	07	IS	GH	2	2	F		-6	1764	1641	0	+2	24	52
2018	09	08	KE	GH	1	0	FQ		31	1360	1610	+6	‚ąí2	118	54
2018	11	18	ET	GH	0	2	FQ		-12	1257	1622	‚ąí4	+4	145	50
2019	03	23	GH	KE	1	0	FQ		5	1627	1379	0	‚ąí1	51	111
2019	03	26	GH	MR	3	1	F		3	1630	1342	‚ąí1	‚ąí1	53	122
2019	06	09	NA	GH	1	0	F	AE	17	1370	1613	+7	‚ąí1	112	54
2019	06	15	GH	ZA	0	0	F	AE	-3	1610	1525	0	0	54	76
2019	06	25	BJ	GH	2	2	AR	EG	12	1435	1598	+3	‚ąí2	97	57
2019	06	29	CM	GH	0	0	AR	EG	-1	1614	1599	0	+1	54	57
2019	07	02	GH	GW	2	0	AR	EG	11	1610	1279	+1	‚ąí1	56	139
2019	07	08	GH	TN	1	1	AR	EG	1	1611	1623	0	‚ąí1	55	54
2019	11	14	GH	ZA	2	0	FQ		16	1627	1526	+3	‚ąí1	52	72
2019	11	18	ST	GH	0	1	FQ		-3	1089	1630	‚ąí1	+2	181	52
2020	10	09	ML	GH	3	0	F	TR	22	1556	1608	+2	‚ąí5	70	57
2020	10	12	GH	QA	5	1	F	TR	22	1630	1646	+5	‚ąí3	52	49
2020	11	12	GH	SD	2	0	FQ		5	1635	1297	0	‚ąí1	50	133
2020	11	17	SD	GH	1	0	FQ		32	1329	1603	+7	‚ąí8	125	58
2021	03	25	ZA	GH	1	1	FQ		-1	1514	1604	0	0	76	58
2021	03	28	GH	ST	3	1	FQ		1	1605	1064	+2	0	56	183
2021	06	08	MA	GH	1	0	F		6	1677	1599	+1	‚ąí2	42	60
2021	06	12	GH	CI	0	0	F		-2	1597	1643	‚ąí2	‚ąí1	62	48
2021	09	03	GH	ET	1	0	WQ		4	1601	1331	0	‚ąí1	59	126
2021	09	06	ZA	GH	1	0	WQ		20	1528	1581	+5	‚ąí6	75	64
2021	10	09	GH	ZW	3	1	WQ		7	1588	1333	‚ąí1	‚ąí2	61	125
2021	10	12	ZW	GH	0	1	WQ		-12	1321	1600	0	+2	127	61
2021	11	11	ET	GH	1	1	WQ	ZA	13	1332	1587	+7	‚ąí4	122	64
2021	11	14	GH	ZA	1	0	WQ		13	1600	1548	+2	‚ąí1	62	70
2022	01	05	DZ	GH	3	0	F	QA	8	1807	1592	0	‚ąí1	26	64
2022	01	10	MA	GH	1	0	AR	CM	14	1778	1578	+1	‚ąí2	30	66
2022	01	14	GA	GH	1	1	AR	CM	11	1427	1567	+2	‚ąí1	95	67
2022	01	18	KM	GH	3	2	AR	CM	44	1272	1523	+12	‚ąí10	140	76
2022	03	25	GH	NG	0	0	WQ		2	1525	1655	+1	+1	76	52
2022	03	29	NG	GH	1	1	WQ		-12	1643	1537	‚ąí1	0	53	74
2022	06	01	GH	MG	3	0	FQ		10	1547	1311	+5	‚ąí4	69	130
2022	06	05	CF	GH	1	1	FQ	AO	14	1262	1533	+5	‚ąí3	144	75
2022	06	10	JP	GH	4	1	KRN		6	1808	1527	+2	0	25	76
2022	06	14	CL	GH	0	0	KRN	JP	-8	1718	1535	‚ąí3	0	40	76
2022	09	23	BR	GH	3	0	F	FR	1	2167	1534	0	0	1	76
2022	09	27	GH	NI	1	0	F	ES	3	1537	1253	+1	‚ąí3	75	148
2022	11	17	GH	CH	2	0	F	AE	27	1564	1901	+7	‚ąí3	67	15
2022	11	24	PT	GH	3	2	WC	QA	4	2009	1560	0	0	7	67
2022	11	28	GH	KR	3	2	WC	QA	48	1608	1750	+6	‚ąí9	61	34
2022	12	02	UY	GH	2	0	WC	QA	15	1904	1593	0	‚ąí1	14	62
2023	03	23	GH	AO	1	0	FQ		6	1599	1400	+2	‚ąí2	62	103
2023	03	27	AO	GH	1	1	FQ		6	1406	1593	+1	‚ąí3	103	64
2023	06	18	MG	GH	0	0	FQ		13	1237	1580	+1	0	154	64
2023	09	07	GH	CF	2	1	FQ		4	1584	1317	+2	‚ąí1	63	130
2023	09	12	GH	LR	3	1	F		3	1587	1305	+2	0	63	136
2023	10	14	MX	GH	2	0	F	US	6	1838	1581	0	‚ąí1	20	64
2023	10	17	US	GH	4	0	F		5	1804	1576	0	+1	26	63
2023	11	17	GH	MG	1	0	WQ		4	1580	1286	+1	+1	64	143
2023	11	21	KM	GH	1	0	WQ		32	1274	1548	+7	‚ąí5	147	68
2024	01	08	GH	NA	0	0	F		-7	1541	1384	0	+3	69	109
2024	01	14	CV	GH	2	1	AR	CI	30	1505	1511	+11	‚ąí6	77	75
2024	01	18	EG	GH	2	2	AR	CI	-11	1657	1522	‚ąí1	+2	49	73
2024	01	22	GH	MZ	2	2	AR	CI	-11	1511	1363	‚ąí3	+3	77	112
2024	03	22	NG	GH	2	1	F	MA	7	1641	1504	+2	‚ąí2	52	81
2024	03	26	GH	UG	2	2	F	MA	-4	1500	1360	‚ąí2	+2	82	113
2024	06	06	ML	GH	1	2	WQ		-32	1614	1532	‚ąí7	+7	59	75
2024	06	10	GH	CF	4	3	WQ		6	1538	1324	0	‚ąí3	75	128
2024	09	05	GH	AO	0	1	FQ		-25	1513	1576	‚ąí3	+7	79	65
2024	09	09	GH	NE	1	1	FQ	MA	-14	1499	1240	‚ąí3	+1	84	153
2024	10	10	GH	SD	0	0	FQ		-11	1488	1397	‚ąí1	+2	86	106
2024	10	15	SD	GH	2	0	FQ	LY	38	1435	1450	+9	‚ąí6	97	91
2024	11	15	AO	GH	1	1	FQ		-12	1580	1462	‚ąí5	+2	66	87
2024	11	18	GH	NE	1	2	FQ		-33	1429	1321	‚ąí8	+9	95	130
2025	03	21	GH	TD	5	0	WQ		9	1438	1157	+1	0	93	163
2025	03	24	GH	MG	3	0	WQ	MA	24	1462	1298	+3	‚ąí3	90	135
2025	05	28	NG	GH	2	1	UTC	EN	11	1569	1451	+4	‚ąí2	65	91
2025	05	31	GH	TT	4	0	UTC	EN	26	1477	1396	+4	‚ąí6	87	104
2025	09	04	TD	GH	1	1	WQ		11	1162	1466	0	‚ąí1	164	86
2025	09	08	GH	ML	1	0	WQ		23	1489	1597	+4	‚ąí3	82	61
2025	10	08	GH	CF	5	0	WQ	MA	15	1504	1217	+1	‚ąí1	81	154
2025	10	12	GH	KM	1	0	WQ		9	1513	1390	+2	‚ąí2	79	108
2025	11	14	JP	GH	2	0	F		2	1873	1511	0	+1	17	79
2025	11	18	KR	GH	1	0	F		2	1784	1509	‚ąí1	‚ąí1	28	80
2026	03	27	AT	GH	5	1	F		3	1821	1506	0	‚ąí1	23	81
2026	03	30	DE	GH	2	1	F		1	1923	1505	0	0	11	82
2026	05	22	MX	GH	2	0	F		2	1859	1503	0	0	20	82
2026	06	02	WA	GH	1	1	F		-7	1691	1510	‚ąí3	0	50	82
2026	06	17	GH	PA	1	0	WC	CA	47	1557	1683	+8	‚ąí9	73	49
2026	06	23	EN	GH	0	0	WC	US	-27	2028	1584	0	+3	4	69