1944	03	05	LB	IQ	4	1	F		30	1304	1670	+5	−	80	25
1944	03	10	SY	IQ	1	2	F		-6	1404	1676	0	0	65	25
1945	00	00	IQ	LB	4	1	F		2	1678	1302	0	−1	25	81
1957	10	19	IQ	MA	3	3	PAR	LB	1	1679	1699	−1	−	31	26
1957	10	21	TN	IQ	4	2	PAR	LB	31	1697	1648	+8	−8	27	39
1957	10	23	IQ	LY	3	1	PAR	LB	15	1663	1443	+4	−3	35	80
1959	11	15	LB	IQ	0	3	OQ		-12	1277	1675	−1	0	111	37
1959	11	25	IQ	LB	8	0	OQ		5	1680	1272	+1	0	36	111
1960	06	05	TN	IQ	2	1	F		10	1576	1670	+3	0	49	35
1960	12	23	IQ	TN	3	2	F		3	1673	1496	+2	−1	32	71
1962	06	01	IR	IQ	1	1	F		2	1513	1671	0	−1	66	32
1962	06	03	IR	IQ	1	2	F		-8	1505	1679	−3	+2	69	30
1963	12	13	IR	IQ	4	0	OQ		46	1543	1633	+8	−9	61	41
1964	01	02	IQ	IR	0	0	OQ		-10	1623	1553	−1	+1	44	60
1964	11	13	KW	IQ	0	1	ARC		-5	1192	1628	−1	0	134	41
1964	11	16	IQ	JO	3	1	ARC	KW	3	1631	1107	0	0	41	143
1964	11	18	IQ	LB	1	0	ARC	KW	8	1639	1379	0	−2	41	102
1964	11	20	IQ	LY	1	1	ARC	KW	-9	1630	1488	0	+2	41	74
1965	07	30	JO	IQ	0	0	F		8	1107	1622	0	−1	144	43
1965	09	04	IQ	DN	6	0	PAR	EG	10	1632	1263	+1	0	41	122
1965	09	06	IQ	LB	0	0	PAR	EG	-13	1619	1366	−1	+4	43	101
1965	09	07	IQ	PS	1	1	PAR	EG	-16	1603	1261	−4	+6	47	122
1965	09	08	EG	IQ	1	0	PAR		6	1816	1597	+1	−2	15	49
1966	03	11	IQ	TN	2	0	TIF	LY	24	1621	1590	+6	−4	42	49
1966	03	15	MA	IQ	1	0	TIF	LY	15	1635	1606	+3	−6	39	47
1966	03	18	LY	IQ	0	2	TIF		-24	1508	1630	−5	+6	65	40
1966	03	19	MA	IQ	2	1	TIF	LY	14	1662	1616	+1	−3	36	43
1966	04	01	IQ	KW	3	1	ARC		3	1619	1187	+1	0	42	137
1966	04	02	IQ	JO	2	1	ARC		1	1620	1106	0	−1	42	147
1966	04	05	IQ	BH	10	1	ARC		4	1624	1175	+1	−2	41	139
1966	04	07	IQ	LB	0	0	ARC		-14	1610	1430	−5	+6	46	86
1966	04	09	IQ	LY	3	1	ARC		13	1623	1471	+5	−3	41	76
1966	04	10	IQ	SY	2	1	ARC		6	1629	1424	+1	−3	40	89
1967	02	12	IQ	DD	1	1	F		3	1632	1828	0	−1	40	15
1967	03	10	IQ	SD	2	2	TIF	LY	1	1633	1649	0	0	40	38
1967	03	12	LY	IQ	0	1	TIF		-12	1459	1645	−3	+1	78	39
1968	01	14	TH	IQ	0	4	OQ		-12	1249	1657	−2	0	123	39
1968	01	16	ID	IQ	2	1	OQ	TH	32	1450	1625	+11	−3	80	42
1968	01	20	TH	IQ	2	1	OQ		32	1307	1593	+4	−11	114	52
1968	01	22	ID	IQ	1	1	OQ	TH	9	1433	1584	+1	−3	86	54
1968	08	00	IQ	GE	2	0	FT	SU	26	1610	1608	+7	−	47	−
1968	12	13	IQ	EG	1	1	F		1	1611	1731	0	0	45	26
1969	03	07	IR	IQ	2	1	FRC		10	1645	1601	+2	−2	40	48
1969	03	10	PK	IQ	2	1	FRC	IR	26	1311	1575	+2	−6	114	54
1969	11	09	IQ	EG	0	1	F		-8	1567	1754	−3	+1	56	25
1969	11	13	IQ	EG	1	2	F		-8	1559	1762	0	0	56	25
1969	12	08	IQ	DD	1	1	F		6	1565	1868	0	0	56	8
1969	12	10	IQ	DD	0	2	F		-7	1558	1875	−1	0	57	8
1970	07	22	PL	IQ	2	0	F		4	1801	1554	+1	−1	16	58
1970	07	26	DD	IQ	5	0	F		3	1892	1551	0	−1	7	59
1971	01	28	IQ	KW	2	0	F		4	1555	1340	+1	−1	59	108
1971	06	02	LB	IQ	1	0	OQ		22	1435	1533	+8	−6	83	65
1971	07	14	IQ	LB	1	0	OQ		10	1543	1425	0	−3	63	85
1971	09	19	IQ	LB	2	1	OQ	TR	13	1556	1412	+3	−3	59	87
1971	11	12	IQ	KP	1	0	OQ		26	1582	1738	+4	−5	54	27
1971	11	19	IQ	KW	3	1	F		4	1586	1336	+1	−1	52	108
1971	11	28	KP	IQ	3	0	OQ		13	1751	1573	+2	−4	25	56
1971	12	10	KW	IQ	1	1	SQ		8	1338	1565	0	−1	108	57
1971	12	13	IQ	CE	5	0	SQ	KW	4	1569	1028	0	−1	57	160
1971	12	15	IQ	BH	1	0	SQ	KW	3	1572	1130	+1	−1	56	147
1971	12	18	IQ	JO	2	0	SQ	KW	5	1577	1165	+1	−1	55	142
1971	12	22	IQ	LB	4	1	SQ	KW	16	1593	1344	+4	−6	52	107
1971	12	24	KW	IQ	0	1	SQ		-13	1346	1606	−6	+4	107	48
1972	01	01	IQ	EG	0	0	PAL		-1	1605	1691	0	0	48	36
1972	01	05	IQ	LY	3	0	PAL		13	1618	1439	+5	−4	43	79
1972	01	07	IQ	KW	3	1	PAL		7	1625	1358	+3	−2	40	103
1972	01	12	IQ	DZ	3	1	PAL		17	1642	1546	0	−4	40	61
1972	01	14	IQ	EG	1	3	PAL		-34	1608	1731	−8	+4	48	30
1972	05	07	IQ	KR	0	0	AC	TH	-1	1607	1599	0	+1	49	51
1972	05	09	IR	IQ	3	0	AC	TH	38	1687	1569	+4	−8	36	57
1972	05	11	TH	IQ	1	1	AC		16	1228	1553	+2	−2	129	59
1973	03	11	AU	IQ	3	1	WQ		13	1687	1540	+1	−1	34	59
1973	03	13	IQ	NZ	2	0	WQ	AU	27	1567	1473	+5	−5	54	67
1973	03	16	ID	IQ	1	1	WQ	AU	9	1411	1558	+2	−2	89	56
1973	03	18	AU	IQ	0	0	WQ		-11	1666	1569	−2	+2	37	54
1973	03	21	IQ	ID	3	2	WQ	AU	13	1582	1422	+4	−7	50	87
1973	03	24	IQ	NZ	4	0	WQ	AU	25	1607	1438	+3	−7	47	78
1973	08	12	IQ	NY	2	0	PAL	LY	1	1608	854	0	0	46	176
1973	08	15	DZ	IQ	0	0	PAL	LY	4	1538	1604	+1	0	59	46
1973	08	18	LY	IQ	0	0	PAL		5	1422	1599	0	−1	88	47
1973	08	20	IQ	AE	3	1	PAL	LY	3	1602	1062	0	0	47	156
1973	08	23	TN	IQ	2	0	PAL	LY	25	1688	1577	+1	−5	33	52
1973	08	25	DZ	IQ	0	0	PAL	LY	1	1566	1576	0	0	57	53
1974	02	22	IQ	MA	0	0	F		-1	1575	1630	0	0	54	41
1974	02	24	IQ	MA	0	0	F		-1	1574	1631	0	0	54	41
1974	05	02	DY	IQ	2	0	F		25	1209	1549	+4	−7	133	59
1974	06	02	TN	IQ	2	1	F		4	1705	1545	0	−1	30	59
1974	06	07	LY	IQ	1	0	F		12	1396	1533	0	−1	96	60
1974	08	14	IQ	BH	4	0	F		2	1535	1117	0	0	59	147
1974	09	02	IQ	IN	3	0	ASG	IR	19	1554	1348	+5	−6	54	107
1974	09	04	IQ	KP	1	0	ASG	IR	24	1578	1609	+3	−6	51	45
1974	09	06	IQ	CN	1	0	ASG	IR	23	1601	1604	+5	−5	46	45
1974	09	09	IQ	KR	1	1	ASG	IR	-1	1600	1577	0	0	47	51
1974	09	11	IQ	MY	0	0	ASG	IR	-8	1592	1453	−1	+1	47	78
1974	09	13	IR	IQ	1	0	ASG		12	1656	1580	+2	−1	36	48
1975	01	01	IQ	TN	0	0	F		-1	1579	1632	0	0	49	40
1975	01	09	IQ	LY	3	1	F		5	1584	1390	+1	0	48	94
1975	08	20	IQ	KW	2	1	OQ	IR	19	1603	1554	+1	−2	48	54
1975	08	22	SA	IQ	2	0	OQ	IR	49	1386	1554	+16	−6	94	54
1975	08	27	IQ	BH	4	0	OQ	IR	5	1559	1082	+1	−1	53	154
1975	08	29	IR	IQ	1	0	OQ		10	1667	1549	+2	−3	38	56
1975	11	21	IQ	QA	1	0	SQ		1	1550	986	0	0	56	163
1975	11	23	IQ	AF	3	1	SQ		1	1551	895	0	0	55	171
1975	11	25	IQ	SA	1	1	SQ		-14	1537	1352	−2	+3	57	107
1975	11	28	IQ	QA	3	0	SQ		2	1539	1033	0	0	57	158
1975	11	30	IQ	AF	4	0	SQ		1	1540	876	−1	0	58	173
1975	12	02	IQ	SA	2	1	SQ		7	1547	1355	0	−3	58	106
1975	12	21	IQ	AE	5	0	PAL	TN	5	1552	1077	−1	0	57	153
1975	12	23	TN	IQ	1	1	PAL		-8	1595	1560	0	+2	46	55
1975	12	25	IQ	SY	4	0	PAL	TN	34	1594	1493	+8	−8	47	67
1975	12	28	EG	IQ	1	0	PAL	TN	15	1705	1579	+2	−4	29	51
1976	02	08	IQ	TR	0	0	F		0	1579	1665	0	0	52	37
1976	02	17	IQ	DD	1	1	F		6	1585	1897	+1	−1	51	11
1976	03	27	IQ	OM	4	0	GLF	QA	1	1586	840	0	0	51	177
1976	03	29	IQ	BH	4	1	GLF	QA	4	1590	1091	+3	−1	49	153
1976	04	01	IQ	SA	7	1	GLF	QA	14	1604	1287	+1	−3	48	117
1976	04	03	QA	IQ	0	0	GLF		17	1083	1587	+1	−3	154	51
1976	04	06	IQ	AE	4	0	GLF	QA	3	1590	1038	+1	0	49	157
1976	04	08	IQ	KW	2	2	GLF	QA	-1	1589	1575	0	0	49	51
1976	04	15	KW	IQ	4	2	GLF	QA	31	1614	1558	+5	−4	46	53
1976	06	04	IR	IQ	2	0	AC		17	1684	1541	+2	−4	34	56
1976	06	06	IQ	DY	1	0	AC	IR	7	1548	1223	+1	−2	55	131
1976	06	11	KW	IQ	3	2	AC	IR	18	1669	1530	+4	−2	36	56
1976	06	13	CN	IQ	1	0	AC	IR	26	1548	1504	+5	−8	54	64
1976	09	05	SA	IQ	0	0	F		4	1257	1500	0	0	123	61
1976	10	20	IQ	LY	1	0	F		5	1505	1385	+1	0	62	96
1976	10	22	IQ	LY	3	1	F		7	1512	1378	+2	−3	60	99
1977	01	25	UG	IQ	1	1	F		-3	1524	1515	0	0	60	62
1977	07	19	IQ	LY	0	0	MRD	MY	-6	1509	1365	−1	0	65	101
1977	07	21	IQ	BU	3	0	MRD	MY	24	1533	1451	+4	−5	61	79
1977	07	23	MY	IQ	0	0	MRD		-2	1481	1535	0	+1	70	60
1977	07	25	IQ	TH	5	0	MRD	MY	12	1547	1279	+2	−2	58	117
1977	07	28	IQ	KR	1	1	MRD	MY	6	1553	1692	0	−1	58	31
1977	07	31	KR	IQ	1	0	MRD	MY	9	1701	1544	+1	0	30	58
1977	12	09	IQ	MA	3	0	F		20	1564	1664	+6	−2	52	37
1977	12	26	MA	IQ	0	0	F		-5	1659	1569	−1	0	37	52
1978	02	21	IQ	DZ	3	0	F		11	1580	1514	+2	−2	50	65
1978	02	23	IQ	DZ	1	0	F		6	1586	1508	+1	0	49	65
1978	02	27	IQ	KP	1	0	F		8	1594	1599	+1	0	48	47
1978	07	02	DZ	IQ	1	1	F		0	1500	1594	0	0	65	50
1978	07	04	DZ	IQ	0	0	F		0	1500	1594	0	0	65	50
1978	07	13	IQ	JP	0	0	MRD	MY	-6	1588	1465	−1	+1	51	76
1978	07	15	IQ	SY	2	1	MRD	MY	6	1594	1336	0	0	51	105
1978	07	17	IQ	ID	4	0	MRD	MY	13	1607	1370	+4	−1	47	95
1978	07	20	IQ	SG	3	0	MRD	MY	3	1610	1134	+1	−1	46	144
1978	07	22	KR	IQ	2	0	MRD	MY	14	1771	1596	+1	−4	23	50
1978	07	24	IQ	TH	1	0	MRD	MY	6	1602	1342	+3	−1	47	105
1978	07	26	MY	IQ	1	2	MRD		-14	1459	1616	−3	+3	75	44
1978	07	29	KR	IQ	2	0	MRD	MY	13	1789	1603	0	−3	22	47
1978	12	10	IQ	QA	2	1	ASG	TH	2	1605	1093	+1	0	46	150
1978	12	12	IQ	CN	2	0	ASG	TH	31	1636	1581	+4	−8	42	52
1978	12	14	IQ	SA	1	1	ASG	TH	-14	1622	1363	−2	+8	44	96
1978	12	17	KP	IQ	1	0	ASG	TH	19	1657	1603	+2	−2	40	47
1978	12	18	IQ	KW	3	0	ASG	TH	43	1646	1639	+6	−7	41	42
1978	12	19	IQ	IN	3	0	ASG	TH	6	1652	1231	+1	0	40	126
1978	12	20	CN	IQ	1	0	ASG	TH	21	1647	1631	+5	−5	41	45
1979	02	05	IQ	FI	1	0	F		4	1635	1486	+1	−2	43	70
1979	02	07	IQ	FI	2	0	F		6	1641	1480	+3	−1	40	71
1979	02	09	IQ	DD	1	1	F		5	1646	1931	0	−1	40	9
1979	02	11	IQ	DD	2	1	F		15	1661	1916	+2	−1	38	10
1979	03	23	IQ	BH	4	0	GLF		2	1663	1100	0	0	38	150
1979	03	26	IQ	QA	2	0	GLF		2	1665	1154	+1	0	37	139
1979	03	29	IQ	KW	3	1	GLF		20	1685	1624	+4	−3	33	44
1979	04	03	IQ	AE	5	0	GLF		1	1686	981	0	0	33	163
1979	04	05	IQ	OM	7	0	GLF		0	1686	812	0	0	33	178
1979	04	08	IQ	SA	2	0	GLF		6	1692	1388	0	0	33	94
1980	02	27	IQ	PL	1	1	F		4	1696	1955	+1	0	31	7
1980	02	29	IQ	PL	1	0	F		14	1710	1941	+2	0	29	7
1980	03	16	IQ	JO	4	0	OQ		2	1712	1192	0	0	29	137
1980	03	20	IQ	SY	1	0	OQ		2	1714	1262	0	−1	29	121
1980	03	26	IQ	KW	0	0	OQ		-10	1704	1642	−1	+1	31	43
1980	03	28	IQ	DY	3	0	OQ		3	1707	1231	0	−1	31	125
1980	03	31	IQ	KW	2	3	OQ		-29	1678	1673	−4	+6	35	37
1980	06	22	PL	IQ	3	0	F		4	1921	1674	+2	0	11	34
1980	07	21	IQ	CR	3	0	OG	SU	44	1718	1572	+5	−5	29	53
1981	02	06	JO	IQ	0	2	F		-2	1147	1720	−2	+1	145	28
1981	02	08	JO	IQ	0	2	F		-2	1145	1722	0	0	145	28
1981	03	08	MA	IQ	1	1	F		-1	1646	1723	0	0	41	27
1981	03	18	IQ	QA	1	0	WQ	SA	2	1725	1177	0	0	27	141
1981	03	21	SA	IQ	1	0	WQ		32	1425	1693	+5	−4	87	31
1981	03	25	IQ	BH	2	0	WQ	SA	3	1696	1170	0	0	31	141
1981	03	30	IQ	SY	2	1	WQ	SA	3	1699	1279	0	−1	31	116
1981	08	22	IQ	GN	4	0	F		6	1705	1518	+1	−3	30	67
1981	08	24	IQ	GN	2	2	F		-7	1698	1525	−1	+3	32	64
1981	09	10	IQ	TH	7	1	MRD	MY	10	1708	1405	0	−1	31	91
1981	09	13	IQ	KR	1	1	MRD	MY	1	1709	1721	0	0	31	30
1981	09	16	IQ	SG	4	0	MRD	MY	5	1714	1281	+1	−1	30	115
1981	09	18	IQ	JP	2	0	MRD	MY	10	1724	1495	0	−2	30	73
1982	02	19	IQ	JO	3	1	F		1	1725	1134	0	0	30	145
1982	02	21	IQ	JO	7	1	F		1	1726	1133	0	0	30	145
1982	03	02	IQ	DD	0	0	F		2	1728	1911	+1	−1	29	10
1982	03	04	IQ	DD	1	1	F		2	1730	1909	0	0	29	10
1982	03	07	IQ	KR	3	0	F		10	1740	1666	0	−1	29	36
1982	03	10	IQ	KR	1	1	F		-5	1735	1671	0	0	29	35
1982	03	20	IQ	OM	4	0	GLF	AE	0	1735	849	0	0	29	180
1982	03	22	IQ	BH	3	0	GLF	AE	3	1738	1175	0	0	29	141
1982	03	24	IQ	SA	1	1	GLF	AE	-16	1722	1378	0	+4	29	92
1982	03	26	IQ	QA	2	1	GLF	AE	2	1724	1220	0	0	29	131
1982	03	30	AE	IQ	0	1	GLF		-3	1154	1727	0	−1	143	30
1982	11	09	KW	IQ	1	0	F		10	1630	1717	+2	−2	41	30
1982	11	21	IQ	BU	4	0	ASG	IN	8	1725	1344	+1	−5	29	100
1982	11	23	IQ	NP	3	0	ASG	IN	1	1726	934	0	0	29	169
1982	11	25	KW	IQ	2	1	ASG	IN	24	1674	1702	+3	−4	37	33
1982	11	28	IQ	JP	1	0	ASG	IN	12	1714	1543	+3	0	30	60
1982	12	01	IQ	SA	1	0	ASG	IN	7	1721	1425	+1	−2	29	87
1982	12	03	IQ	KW	1	0	ASG	IN	19	1740	1693	+3	−3	26	35
1983	04	28	IQ	EG	0	1	F		-16	1724	1617	−3	+5	30	41
1983	09	09	IQ	BH	0	0	OQ		-19	1705	1256	−4	+4	34	124
1983	09	16	IQ	AE	0	0	OQ		-19	1686	1188	−2	0	36	142
1983	10	07	BH	IQ	1	2	OQ		-5	1242	1691	−1	+2	126	33
1983	10	10	AE	IQ	2	2	OQ		16	1213	1675	+5	−4	136	37
1984	02	27	EG	IQ	1	2	F		-12	1642	1687	0	0	37	35
1984	02	29	EG	IQ	0	0	F		-2	1640	1689	0	+1	37	34
1984	03	11	OM	IQ	1	2	GLF		0	819	1689	0	0	181	33
1984	03	15	IQ	AE	0	0	GLF	OM	-17	1672	1287	−1	+3	34	119
1984	03	17	IQ	SA	4	0	GLF	OM	20	1692	1474	0	−6	34	76
1984	03	20	IQ	BH	1	0	GLF	OM	3	1695	1263	0	−2	34	125
1984	03	22	IQ	KW	3	1	GLF	OM	17	1712	1515	+2	−2	32	66
1984	03	25	QA	IQ	2	1	GLF	OM	35	1397	1677	+3	−4	90	36
1984	03	28	IQ	QA	1	1	GLF	OM	-13	1664	1410	0	+1	36	89
1984	04	18	IQ	TH	2	1	OQ	SG	10	1674	1455	0	0	36	79
1984	04	21	IQ	JP	2	1	OQ	SG	8	1682	1418	+1	0	35	89
1984	04	23	QA	IQ	2	0	OQ	SG	47	1503	1635	+9	−4	70	39
1984	04	26	IQ	MY	2	0	OQ	SG	10	1645	1347	+1	−3	37	98
1984	04	29	IQ	KR	1	0	OQ	SG	19	1664	1611	+1	−2	36	42
1984	05	18	JO	IQ	3	2	ARQ		37	1132	1627	+6	−3	145	39
1984	07	30	CA	IQ	1	1	OG	US	7	1555	1620	0	−1	58	42
1984	08	01	CM	IQ	1	0	OG	US	24	1710	1596	+4	−4	31	46
1985	03	15	IQ	LB	6	0	WQ	KW	15	1611	1316	+3	−4	46	106
1985	03	18	IQ	LB	6	0	WQ	KW	13	1624	1303	+1	−3	45	109
1985	03	29	JO	IQ	2	3	WQ		-5	1174	1629	0	+3	144	42
1985	04	05	QA	IQ	3	0	WQ		37	1546	1592	+6	−9	60	51
1985	04	19	IQ	JO	2	0	WQ	KW	5	1597	1160	+2	0	50	146
1985	05	05	IQ	QA	2	1	WQ	IN	17	1614	1533	+4	−1	45	60
1985	06	09	IQ	CA	6	1	PRS	KR	35	1649	1632	+3	−6	41	44
1985	06	15	KR	IQ	2	0	PRS		23	1564	1626	+2	−3	59	44
1985	07	04	BH	IQ	1	1	ARC	SA	13	1368	1613	+4	−2	94	46
1985	07	08	IQ	MR	2	0	ARC	SA	3	1616	1102	0	0	46	153
1985	07	10	SA	IQ	2	3	ARC		-25	1571	1641	−5	+5	53	41
1985	07	12	IQ	BH	1	0	ARC	SA	8	1649	1379	+1	−2	40	91
1985	08	03	IQ	LY	2	0	PAR	MA	27	1676	1590	+2	−6	37	51
1985	08	12	IQ	SY	2	0	PAR	MA	8	1684	1349	+1	−1	35	97
1985	08	14	IQ	SA	2	1	PAR	MA	16	1700	1592	+1	−3	34	50
1985	08	16	MA	IQ	0	1	PAR		-26	1685	1726	−1	+2	34	32
1985	09	08	SA	IQ	3	1	F		16	1608	1710	+2	−1	47	33
1985	09	10	SA	IQ	2	0	F		15	1623	1695	+3	−1	44	34
1985	09	20	AE	IQ	2	3	WQ		-8	1341	1703	−3	+1	101	33
1985	09	27	AE	IQ	2	1	WQ	SA	36	1377	1667	+10	−4	90	38
1985	11	01	IQ	BH	3	1	F		3	1670	1354	+1	0	37	97
1985	11	15	SY	IQ	0	0	WQ		10	1385	1660	+3	−2	91	39
1985	11	29	IQ	SY	3	1	WQ	SA	11	1671	1380	+2	−4	37	93
1986	03	14	IQ	RO	1	1	F		1	1672	1795	0	0	35	26
1986	03	17	IQ	RO	0	0	F		1	1673	1794	0	0	35	26
1986	03	20	IQ	OM	4	0	F		0	1673	900	+1	0	34	175
1986	03	22	BH	IQ	0	0	GLF		12	1348	1661	+4	−2	97	36
1986	03	24	IQ	AE	2	2	GLF	BH	-13	1648	1397	−2	+3	38	88
1986	03	27	IQ	QA	1	1	GLF	BH	-8	1640	1517	−2	+1	40	70
1986	03	30	SA	IQ	2	1	GLF	BH	26	1557	1614	+4	−7	61	47
1986	04	03	KW	IQ	2	1	GLF	BH	22	1598	1592	+7	−3	49	50
1986	04	06	IQ	OM	3	2	GLF	BH	1	1593	912	0	0	50	173
1986	06	04	PY	IQ	1	0	WC	MX	13	1825	1580	0	−6	22	56
1986	06	08	BE	IQ	2	1	WC	MX	13	1816	1567	+5	−1	21	57
1986	06	11	MX	IQ	1	0	WC		6	1855	1561	+1	0	12	57
1986	09	21	IQ	OM	4	0	ASG	KR	2	1563	940	−1	−1	59	171
1986	09	23	IQ	PK	5	1	ASG	KR	5	1568	1097	+1	0	58	153
1986	09	25	AE	IQ	2	1	ASG	KR	26	1483	1542	+3	−6	76	64
1986	09	27	IQ	TH	2	1	ASG	KR	5	1547	1209	+1	0	63	131
1986	10	01	IQ	SA	1	1	ASG	KR	2	1549	1584	0	0	63	54
1987	02	21	KW	IQ	2	0	F		7	1660	1542	0	0	40	61
1987	03	27	IQ	AE	1	1	OQ	KW	-5	1537	1457	0	+1	62	78
1987	04	08	BH	IQ	1	3	F		-9	1294	1546	−2	0	108	62
1987	04	10	BH	IQ	1	2	F		-6	1288	1552	−2	+1	110	61
1987	04	17	JO	IQ	1	2	OQ		-7	1184	1559	−1	+3	139	57
1987	04	24	IQ	JO	2	0	OQ	KW	6	1565	1178	+1	−1	57	140
1987	05	01	AE	IQ	0	3	OQ		-34	1422	1599	−6	+9	84	49
1987	12	04	SA	IQ	0	0	OQ		-4	1564	1603	−1	0	59	51
1987	12	11	QA	IQ	1	3	OQ		-25	1416	1628	−7	+6	87	45
1987	12	18	KW	IQ	2	1	OQ		14	1651	1614	+2	−4	41	48
1988	01	01	IQ	SA	1	1	OQ	OM	-4	1610	1545	−1	0	49	64
1988	01	08	IQ	QA	4	1	OQ	OM	19	1629	1423	+5	−3	44	82
1988	01	15	IQ	KW	1	0	OQ	OM	20	1649	1601	+2	−3	43	51
1988	02	25	TN	IQ	0	2	F		-12	1466	1661	−1	+3	77	39
1988	03	04	IQ	OM	1	1	GLF	SA	-19	1642	1062	−3	+1	42	159
1988	03	08	IQ	KW	1	0	GLF	SA	16	1658	1548	+2	−3	40	61
1988	03	10	IQ	AE	0	0	GLF	SA	-10	1648	1469	−2	+4	42	76
1988	03	13	IQ	QA	3	0	GLF	SA	16	1664	1427	+3	−3	39	83
1988	03	16	SA	IQ	0	2	GLF		-26	1491	1690	−7	+4	73	35
1988	03	18	IQ	BH	1	0	GLF	SA	4	1694	1317	+2	−2	33	104
1988	07	09	IQ	TN	1	1	ARC	JO	-12	1682	1472	−1	+3	36	76
1988	07	11	IQ	LB	0	0	ARC	JO	-17	1665	1251	−1	+8	37	122
1988	07	15	IQ	SA	2	0	ARC	JO	14	1679	1442	0	0	37	79
1988	07	17	EG	IQ	0	0	ARC	JO	0	1671	1679	0	0	38	37
1988	07	19	JO	IQ	0	3	ARC		-13	1310	1692	−1	+1	105	36
1988	07	21	IQ	SY	1	1	ARC	JO	-10	1682	1513	0	+2	36	68
1988	09	09	KR	IQ	2	1	F		9	1627	1673	+1	0	43	37
1988	09	17	IQ	ZM	2	2	OG	KR	-5	1668	1616	−1	0	37	45
1988	09	19	IQ	GT	3	0	OG	KR	40	1708	1543	+2	−10	35	60
1989	01	06	OM	IQ	1	1	WQ		18	1077	1690	0	−1	160	35
1989	01	13	JO	IQ	0	1	WQ		-6	1277	1696	0	0	114	35
1989	01	20	QA	IQ	1	0	WQ		28	1471	1668	+6	−2	75	37
1989	01	27	IQ	OM	3	1	WQ		1	1669	1079	0	0	38	158
1989	02	03	IQ	JO	4	0	WQ		5	1674	1287	+1	−2	37	111
1989	02	10	IQ	QA	2	2	WQ		-14	1660	1484	−3	+3	39	73
1989	10	15	IQ	KW	1	0	F		4	1664	1495	+1	0	36	66
1989	10	31	GN	IQ	1	0	PFT	KW	24	1457	1640	+5	−5	76	41
1989	11	03	IQ	DY	6	2	PFT	KW	3	1643	1145	0	0	41	147
1989	11	05	IR	IQ	0	0	PFT	KW	2	1606	1641	0	0	47	41
1989	11	08	KW	IQ	1	2	PFT		-13	1488	1654	−1	+3	68	38
1989	11	12	IQ	UG	1	1	PFT	KW	-6	1648	1501	−2	−1	39	68
1990	02	15	IQ	KR	0	0	F		0	1648	1745	0	0	39	25
1990	02	26	IQ	BH	1	0	GLF	KW	7	1655	1364	0	0	39	99
1990	02	28	KW	IQ	1	1	GLF		4	1484	1651	+1	0	70	39
1990	03	03	IQ	AE	2	2	GLF	KW	-7	1644	1532	−1	0	40	64
1990	07	14	IQ	CN	4	1	F		9	1653	1545	+1	−2	42	60
1990	07	16	IQ	CN	0	0	F		-5	1648	1550	0	+1	42	59
1992	08	18	IQ	ET	13	0	FT	JO	22	1670	1431	+4	−2	39	91
1992	08	20	IQ	CG	3	0	FT	JO	13	1683	1461	+5	−4	34	85
1992	08	26	IQ	MD	1	0	FT	JO	7	1690	1476	0	−1	34	78
1992	08	28	JO	IQ	2	0	FT		35	1402	1655	+5	−7	105	41
1993	04	25	KR	IQ	1	1	F		-3	1641	1658	−1	0	43	38
1993	04	28	KR	IQ	2	2	F		-2	1639	1660	−1	+1	44	37
1993	05	24	JO	IQ	1	1	WQ		9	1403	1651	0	−2	103	36
1993	05	26	IQ	YE	6	1	WQ	JO	6	1657	1204	+1	0	36	152
1993	05	28	IQ	PK	8	0	WQ	JO	2	1659	978	+2	0	34	189
1993	05	30	IQ	CN	1	0	WQ	JO	11	1670	1471	+1	−4	33	88
1993	06	14	IQ	JO	4	0	WQ	CN	11	1681	1351	0	−2	33	117
1993	06	16	IQ	YE	3	0	WQ	CN	6	1687	1251	+1	−1	32	141
1993	06	18	IQ	PK	4	0	WQ	CN	1	1688	957	0	0	32	191
1993	06	20	CN	IQ	2	1	WQ		25	1518	1663	+9	−4	73	36
1993	10	15	KP	IQ	3	2	WQ	QA	25	1592	1638	+4	−9	60	44
1993	10	19	IQ	KR	2	2	WQ	QA	2	1640	1667	0	0	43	35
1993	10	22	IQ	IR	2	1	WQ	QA	17	1657	1566	+4	−2	39	63
1993	10	24	IQ	SA	1	1	WQ	QA	0	1657	1660	0	0	39	38
1993	10	28	IQ	JP	2	2	WQ	QA	-1	1656	1647	−2	−1	40	41
1995	03	12	IN	IQ	1	1	NGC		17	1105	1639	+7	−5	171	40
1995	03	14	IQ	TH	3	1	NGC	IN	11	1650	1362	+2	−4	38	116
1995	07	21	MY	IQ	1	2	MRD		-5	1256	1655	−2	0	141	38
1996	08	11	JO	IQ	0	1	SQ		-9	1337	1664	−1	+1	120	39
1996	08	13	IQ	PK	3	0	SQ	JO	1	1665	872	0	0	39	200
1996	11	23	IQ	ID	4	0	F	IT	3	1668	1233	+1	0	37	143
1996	12	05	IQ	IR	2	1	AC	AE	18	1686	1553	+1	−5	36	66
1996	12	08	SA	IQ	1	0	AC	AE	30	1651	1656	+4	−5	43	41
1996	12	11	IQ	TH	4	1	AC	AE	18	1674	1404	+3	−5	37	105
1996	12	15	AE	IQ	1	0	AC		24	1607	1650	+7	−6	52	43
1997	02	16	IQ	JO	1	0	F		2	1652	1340	0	0	44	121
1997	02	23	IQ	JO	1	0	F		2	1654	1338	0	0	44	121
1997	04	06	IN	IQ	0	1	NGC		-2	1060	1656	0	0	179	43
1997	04	10	IN	IQ	1	1	NGC		18	1078	1638	+3	−3	176	46
1997	04	19	IQ	TJ	5	1	F		5	1643	1419	+2	−1	43	101
1997	05	23	PK	IQ	2	6	WQ		-2	869	1645	0	0	202	48
1997	06	06	IQ	KZ	1	2	WQ		-33	1612	1505	−8	+7	54	76
1997	06	20	IQ	PK	6	1	WQ		1	1613	864	+1	0	53	202
1997	06	29	KZ	IQ	3	1	WQ		30	1539	1583	+3	−6	70	59
1997	08	21	LB	IQ	0	2	F		-13	1412	1596	−3	+2	103	57
1998	11	18	LB	IQ	0	2	F		-10	1360	1606	0	+1	115	56
1999	06	28	JO	IQ	0	1	F		-9	1447	1615	−4	0	92	52
1999	06	30	JO	IQ	1	1	F		2	1449	1613	0	0	92	52
1999	08	03	TJ	IQ	1	2	SQ		-16	1420	1629	−5	+2	102	50
1999	08	05	IQ	OM	2	0	SQ	TJ	12	1641	1378	+1	−2	49	111
1999	08	07	IQ	KG	5	1	SQ	TJ	6	1647	1202	+2	−4	47	154
1999	08	19	IQ	BH	2	0	PAR	JO	7	1654	1290	+2	−2	44	133
1999	08	21	LY	IQ	2	0	PAR	JO	49	1451	1605	+13	−9	93	53
1999	08	23	IQ	OM	3	0	PAR	JO	15	1620	1358	+3	−2	50	115
1999	08	25	JO	IQ	2	1	PAR		23	1485	1597	+9	−4	79	54
1999	08	27	IQ	LB	4	0	PAR	JO	22	1619	1420	+3	−8	51	104
1999	08	29	IQ	LY	3	1	PAR	JO	18	1637	1450	+2	−8	49	94
1999	08	31	JO	IQ	4	4	PAR		2	1511	1635	0	0	74	49
1999	10	30	EE	IQ	1	1	FRT	AE	11	1311	1624	+2	−3	130	50
1999	11	01	IQ	TM	3	0	FRT	AE	14	1638	1435	+2	−4	48	98
1999	11	03	AE	IQ	2	2	FRT		1	1505	1637	0	0	77	47
2000	05	23	IQ	LB	2	1	WAH	JO	9	1646	1410	+1	−2	50	104
2000	05	25	JO	IQ	0	0	WAH		3	1497	1643	0	0	77	50
2000	05	27	IQ	KG	4	0	WAH	JO	5	1648	1177	0	−1	50	163
2000	05	31	IQ	SY	0	0	WAH	JO	-6	1642	1540	0	+1	50	67
2000	06	02	JO	IQ	1	4	WAH		-28	1448	1670	−8	+4	90	46
2000	09	01	IQ	UZ	2	0	FT	CN	15	1685	1543	+2	−3	43	67
2000	09	03	CN	IQ	4	1	FT		18	1710	1667	+5	0	34	43
2000	10	12	IQ	TH	2	0	AC	LB	21	1688	1479	+5	−3	41	81
2000	10	15	LB	IQ	2	2	AC		12	1422	1676	+10	−3	96	45
2000	10	18	IR	IQ	1	0	AC	LB	20	1764	1656	+5	−5	24	50
2000	10	24	JP	IQ	4	1	AC	LB	35	1758	1621	+5	−6	29	56
2001	01	31	LB	IQ	0	0	F		3	1423	1618	+2	0	97	56
2001	04	12	IQ	MO	8	0	WQ		1	1619	964	0	0	57	191
2001	04	14	IQ	NP	9	1	WQ		0	1619	784	0	0	57	207
2001	04	16	IQ	KZ	1	1	WQ		-13	1606	1458	0	+3	57	86
2001	04	21	IQ	MO	5	0	WQ	KZ	1	1607	908	0	0	57	195
2001	04	23	IQ	NP	4	2	WQ	KZ	1	1608	833	0	0	58	206
2001	04	25	KZ	IQ	1	1	WQ		3	1464	1605	+1	0	84	58
2001	07	29	OM	IQ	1	0	F		13	1398	1592	+2	−2	107	59
2001	08	02	AE	IQ	2	2	F		1	1464	1591	+1	0	87	58
2001	08	17	IQ	TH	4	0	WQ		20	1611	1491	+3	−7	55	81
2001	08	23	BH	IQ	2	0	WQ		39	1447	1572	+13	−7	91	62
2001	08	31	SA	IQ	1	0	WQ	BH	15	1671	1557	+3	−3	47	64
2001	09	07	IQ	IR	1	2	WQ		-15	1542	1760	−1	+2	64	28
2001	09	14	QA	IQ	0	0	F		-4	1588	1546	0	0	58	64
2001	09	22	TH	IQ	1	1	WQ		-2	1475	1548	−1	0	85	64
2001	09	28	IQ	BH	1	0	WQ		9	1557	1426	+1	−3	63	100
2001	10	05	SA	IQ	2	1	WQ	JO	12	1706	1545	+2	−1	41	64
2001	10	12	IR	IQ	2	1	WQ		6	1756	1539	+4	−1	27	67
2002	01	11	IQ	OM	2	0	F	QA	11	1550	1422	+1	−1	66	99
2002	01	13	QA	IQ	1	3	F		-19	1519	1569	−3	+3	71	63
2002	07	19	IQ	SY	2	0	F		7	1576	1451	+2	−2	61	90
2002	07	22	IQ	SY	2	1	F		4	1580	1447	+2	−1	59	91
2002	09	01	IQ	PS	2	0	WAH	SY	8	1588	1254	+2	−3	59	145
2002	09	03	SY	IQ	0	1	WAH		-18	1436	1606	−8	+5	96	54
2002	09	05	IR	IQ	0	0	WAH	SY	-7	1722	1613	−1	+2	37	52
2002	09	07	IQ	JO	3	2	WAH	SY	12	1625	1456	+1	+1	51	87
2002	11	20	QA	IQ	2	1	F		9	1581	1616	0	−2	61	53
2002	11	23	BH	IQ	2	2	F	QA	3	1499	1613	0	0	77	53
2003	08	13	IR	IQ	0	1	LGC		-22	1677	1635	−5	+5	43	51
2003	08	15	UY	IQ	5	2	LGC	IR	12	1861	1623	0	−2	15	53
2003	08	26	JO	IQ	2	1	F		10	1545	1613	+2	−2	67	55
2003	10	08	IQ	BH	5	1	SQ	MY	26	1639	1474	+2	−7	52	84
2003	10	10	MY	IQ	0	0	SQ		12	1315	1627	+1	−2	129	54
2003	10	12	IQ	MM	3	0	SQ	MY	4	1631	1126	+1	0	52	167
2003	10	20	IQ	MY	5	1	SQ	BH	11	1642	1308	+1	−3	51	131
2003	10	22	IQ	MM	3	1	SQ	BH	3	1645	1118	0	0	51	167
2003	10	24	BH	IQ	1	0	SQ		23	1516	1622	+6	−3	76	54
2003	12	12	BH	IQ	2	2	PMC		0	1516	1622	0	0	77	54
2003	12	15	IQ	KE	2	0	PMC	BH	15	1637	1479	+1	0	53	83
2003	12	18	EG	IQ	2	0	PMC	BH	20	1699	1617	+2	−2	39	55
2003	12	21	QA	IQ	0	0	F		0	1513	1617	0	0	77	55
2004	02	12	JP	IQ	2	0	F		5	1782	1612	0	0	24	55
2004	02	18	UZ	IQ	1	1	WQ		0	1508	1612	0	−1	78	56
2004	03	31	IQ	PS	1	1	WQ	QA	-15	1597	1295	−3	+3	60	132
2004	05	23	TT	IQ	2	0	F	EN	22	1444	1575	+6	−2	95	63
2004	06	09	IQ	TW	6	1	WQ	JO	4	1579	1041	+1	−2	61	187
2004	06	19	IQ	PS	2	1	WAH	IR	7	1586	1304	0	0	61	129
2004	06	21	JO	IQ	2	0	WAH	IR	27	1643	1559	+3	−6	53	67
2004	06	23	IR	IQ	2	1	WAH		7	1721	1552	+1	−2	31	69
2004	06	25	JO	IQ	3	1	WAH	IR	23	1656	1529	+3	−5	52	74
2004	07	18	UZ	IQ	1	0	AC	CN	27	1532	1502	+10	−6	71	79
2004	07	22	IQ	TM	3	2	AC	CN	23	1525	1445	+4	−8	75	97
2004	07	26	IQ	SA	2	1	AC	CN	34	1559	1618	+6	−9	69	57
2004	07	30	CN	IQ	3	0	AC		24	1651	1535	+8	−3	48	72
2004	09	08	TW	IQ	1	4	WQ		-7	1034	1542	−1	+3	187	71
2004	10	07	OM	IQ	1	0	F		6	1601	1536	+2	−3	62	74
2004	10	13	UZ	IQ	2	1	WQ	JO	17	1613	1519	+7	−2	57	75
2004	11	16	IQ	PS	4	1	WQ	QA	16	1535	1287	+4	−3	72	132
2004	12	03	IQ	YE	3	1	F	AE	4	1539	1203	+1	0	72	154
2004	12	10	OM	IQ	3	1	GLF	QA	26	1614	1513	+5	−8	58	80
2004	12	13	QA	IQ	3	3	GLF		-4	1483	1517	0	+1	87	79
2004	12	16	IQ	AE	1	1	GLF	QA	-7	1510	1402	−1	+1	80	102
2005	03	26	AU	IQ	2	1	F		2	1803	1508	+1	0	21	80
2005	06	08	JO	IQ	0	1	F		-14	1559	1522	0	+3	68	76
2005	08	07	BH	IQ	2	2	F		-5	1592	1527	−1	+1	62	75
2005	08	13	CY	IQ	2	1	F		10	1452	1517	+1	−2	93	77
2005	10	11	QA	IQ	0	0	F		-3	1523	1520	−1	0	75	76
2005	11	26	KW	IQ	0	0	F		-1	1446	1521	0	0	95	74
2005	12	01	IQ	PS	4	0	WAG	QA	15	1536	1266	+2	−2	73	138
2005	12	05	IQ	SA	5	1	WAG	QA	50	1586	1608	+10	−3	62	55
2005	12	08	IQ	SA	2	0	WAG	QA	32	1618	1576	+7	−11	55	66
2005	12	10	IQ	SY	2	2	WAG	QA	-7	1611	1496	0	0	55	86
2006	02	13	OM	IQ	1	0	F		8	1574	1603	+2	−1	65	57
2006	02	16	TH	IQ	4	3	F		15	1336	1588	+3	−3	119	60
2006	02	22	SG	IQ	2	0	SQ		43	1374	1545	+12	−10	108	70
2006	03	01	IQ	CN	2	1	SQ	AE	25	1570	1612	+5	−3	65	55
2006	03	15	SA	IQ	2	2	F		-3	1564	1573	−1	0	67	65
2006	07	15	SY	IQ	1	3	F		-16	1479	1589	−5	+2	90	64
2006	07	21	JO	IQ	2	1	F		9	1520	1580	+2	0	75	64
2006	07	25	SY	IQ	1	2	F		-10	1469	1590	−2	0	92	64
2006	08	09	JO	IQ	0	1	F		-11	1519	1601	−1	+4	76	60
2006	08	17	IQ	PS	3	0	SQ	JO	9	1610	1268	+2	−3	58	138
2006	09	06	IQ	PS	2	2	SQ	AE	-15	1595	1283	−6	+6	62	131
2006	10	04	IR	IQ	2	0	LGC	JO	13	1772	1582	+4	−3	26	65
2006	10	11	IQ	SG	4	2	SQ	AE	13	1595	1339	+3	−3	60	120
2006	11	15	CN	IQ	1	1	SQ		-6	1602	1601	0	+2	56	57
2007	01	18	IQ	QA	1	0	GLF	AE	17	1618	1529	+2	−4	55	78
2007	01	21	BH	IQ	1	1	GLF	AE	8	1483	1610	+1	0	88	55
2007	01	24	SA	IQ	1	0	GLF	AE	21	1620	1589	+4	−5	55	60
2007	06	08	JO	IQ	1	1	F		-2	1551	1591	0	0	71	59
2007	06	12	JO	IQ	0	0	F		-2	1549	1593	0	0	71	59
2007	06	16	IR	IQ	0	0	WAH	JO	-10	1767	1603	−1	+1	27	57
2007	06	18	IQ	PS	1	0	WAH	JO	5	1608	1270	0	−1	57	136
2007	06	22	IQ	SY	3	0	WAH	JO	25	1633	1486	+4	−8	53	88
2007	06	24	IR	IQ	2	1	WAH	JO	12	1794	1621	+3	−2	23	55
2007	06	29	KR	IQ	3	0	F		10	1683	1611	0	−2	44	57
2007	07	02	UZ	IQ	2	0	F	KR	18	1552	1593	+5	−3	69	60
2007	07	07	TH	IQ	1	1	AC		8	1380	1585	+3	−2	109	62
2007	07	13	IQ	AU	3	1	AC	TH	54	1639	1693	+9	−6	52	41
2007	07	16	IQ	OM	0	0	AC	TH	-6	1633	1562	−2	+1	54	67
2007	07	21	IQ	VN	2	0	AC	TH	11	1644	1313	+3	−2	52	128
2007	07	25	IQ	KR	0	0	AC	MY	1	1645	1661	0	0	52	46
2007	07	29	IQ	SA	1	0	AC	ID	29	1674	1672	+9	−2	43	44
2007	10	16	QA	IQ	3	2	F		13	1486	1661	+1	−5	86	47
2007	10	22	PK	IQ	0	7	WQ		-2	895	1663	0	+2	198	44
2007	10	28	IQ	PK	0	0	WQ	SY	-20	1643	915	−8	+1	52	197
2008	01	24	IQ	JO	1	1	F	AE	-3	1640	1520	−1	0	52	82
2008	01	31	AE	IQ	0	1	F		-7	1431	1647	−1	+1	99	50
2008	02	06	CN	IQ	1	1	WQ	AE	4	1574	1643	+2	−1	61	51
2008	03	21	KW	IQ	0	0	F		4	1409	1639	0	−1	103	52
2008	03	26	QA	IQ	2	0	WQ		36	1502	1603	+4	−6	88	58
2008	05	17	SY	IQ	2	1	F		9	1541	1594	+3	−1	75	59
2008	05	25	TH	IQ	2	1	F		12	1431	1582	+3	−1	100	61
2008	06	01	AU	IQ	1	0	WQ		8	1742	1574	+2	−7	34	68
2008	06	07	IQ	AU	1	0	WQ	AE	29	1603	1713	+10	−6	57	40
2008	06	14	CN	IQ	1	2	WQ		-22	1510	1625	−6	+5	83	52
2008	06	22	QA	IQ	1	0	WQ	AE	27	1531	1598	+6	−6	78	58
2008	12	27	AE	IQ	2	2	F		2	1420	1596	+1	0	101	59
2009	01	04	BH	IQ	3	1	GLF	OM	37	1555	1559	+14	−8	68	67
2009	01	07	OM	IQ	4	0	GLF		28	1581	1531	+11	−8	59	75
2009	01	10	IQ	KW	1	1	GLF	OM	-4	1527	1464	−2	0	77	91
2009	03	22	SA	IQ	0	0	F		-6	1647	1533	0	+3	49	76
2009	03	28	KR	IQ	2	1	F		3	1728	1530	+1	−4	36	80
2009	05	31	QA	IQ	1	0	F		8	1514	1522	+1	−3	83	82
2009	06	09	IQ	PL	1	1	F	ZA	5	1527	1713	+1	−2	80	39
2009	06	14	ZA	IQ	0	0	CC		-9	1547	1536	0	+6	70	75
2009	06	17	ES	IQ	1	0	CC	ZA	2	2127	1534	0	−1	1	76
2009	06	20	IQ	NZ	0	0	CC	ZA	-5	1529	1471	−5	+2	81	89
2009	07	10	IQ	PS	3	0	F		3	1532	1214	+4	0	78	153
2009	07	13	IQ	PS	4	0	F		3	1535	1211	+1	−1	77	154
2009	11	15	IQ	AZ	1	0	INC	AE	9	1544	1379	+3	−2	76	115
2009	11	18	AE	IQ	0	1	INC		-13	1391	1557	−2	+2	112	73
2010	09	16	JO	IQ	4	1	F		17	1475	1540	+3	−3	92	78
2010	09	21	IQ	OM	3	2	F	JO	11	1551	1580	+2	−6	76	69
2010	09	25	IQ	YE	2	1	WAH	JO	7	1558	1285	+1	0	75	132
2010	09	29	IQ	PS	3	0	WAH	JO	8	1566	1189	+2	−1	72	157
2010	10	01	IR	IQ	2	1	WAH	JO	12	1728	1554	+5	−2	32	74
2010	10	12	QA	IQ	1	2	F		-12	1511	1566	0	+6	83	70
2010	11	11	IQ	IN	2	0	F	AE	3	1569	1161	+1	0	69	165
2010	11	17	IQ	KW	1	1	F	AE	-1	1568	1546	0	+1	69	76
2010	11	23	IQ	AE	0	0	GLF	YE	-7	1561	1440	−3	+3	72	103
2010	11	26	IQ	BH	3	2	GLF	YE	17	1578	1500	+8	−5	64	89
2010	11	29	IQ	OM	0	0	GLF	YE	-3	1575	1535	−2	0	67	77
2010	12	02	IQ	KW	2	2	GLF	YE	1	1576	1592	+1	−1	66	61
2010	12	18	IQ	SY	0	1	F		-14	1562	1538	−6	+3	72	76
2010	12	22	SY	IQ	0	1	F		-12	1526	1574	−4	+5	80	67
2010	12	28	SA	IQ	0	1	F		-15	1651	1589	−4	+5	49	62
2011	01	02	CN	IQ	3	2	F	QA	9	1637	1580	+2	−3	53	65
2011	01	11	IR	IQ	2	1	AC	QA	17	1714	1563	+4	−7	35	72
2011	01	15	IQ	AE	1	0	AC	QA	20	1583	1471	+10	−2	63	95
2011	01	19	IQ	KP	1	0	AC	QA	21	1604	1499	+6	−6	57	90
2011	01	22	AU	IQ	1	0	AC	QA	13	1790	1591	+1	−4	20	62
2011	03	26	IQ	KP	2	0	F	AE	11	1602	1488	+2	−4	59	93
2011	03	29	KW	IQ	1	0	F	AE	12	1545	1590	+4	−3	75	62
2011	06	29	IQ	SY	1	2	F		-15	1575	1521	−1	+2	61	84
2011	07	13	KW	IQ	2	0	FT	JO	24	1578	1551	+9	−9	61	70
2011	07	16	JO	IQ	1	1	FT		-3	1515	1554	0	+1	85	69
2011	07	23	IQ	YE	2	0	WQ		7	1561	1294	+2	−1	67	132
2011	07	28	IQ	YE	0	0	WQ	AE	-13	1548	1307	−6	+1	73	131
2011	08	19	QA	IQ	0	1	F		-12	1492	1560	−3	+4	88	69
2011	09	02	IQ	JO	0	2	WQ		-43	1517	1546	−12	+12	81	74
2011	09	06	SG	IQ	0	2	WQ		-23	1317	1540	−9	+9	130	73
2011	10	11	CN	IQ	0	1	WQ		-31	1614	1571	−3	+5	55	68
2011	11	06	IQ	LB	1	0	F	QA	2	1573	1223	0	0	68	147
2011	11	11	IQ	CN	1	0	WQ	QA	22	1595	1592	+9	−6	59	61
2011	11	15	JO	IQ	1	3	WQ		-38	1555	1633	−10	+5	70	54
2011	12	13	BH	IQ	3	0	PAR	QA	48	1541	1585	+14	−8	76	62
2011	12	16	QA	IQ	0	0	PAR		-1	1501	1586	−3	0	88	62
2012	01	22	LB	IQ	1	0	F		14	1334	1572	+4	−4	124	67
2012	02	29	IQ	SG	7	1	WQ	QA	13	1585	1266	+7	−2	62	139
2012	04	17	EG	IQ	0	0	F	AE	-4	1727	1589	−1	+1	32	61
2012	05	23	IQ	SL	1	0	F	TR	3	1592	1302	+1	0	60	130
2012	05	28	BW	IQ	1	1	F	TR	6	1363	1586	+3	−3	116	62
2012	06	03	JO	IQ	1	1	WQ		-4	1559	1590	0	+1	72	61
2012	06	12	IQ	OM	1	1	WQ	QA	-4	1586	1527	−1	0	63	81
2012	06	24	IQ	LB	1	0	ARC	SA	7	1593	1301	+2	−3	61	133
2012	06	27	IQ	EG	2	1	ARC	SA	27	1620	1686	+5	−6	56	41
2012	06	30	IQ	SD	1	1	ARC	SA	-8	1612	1478	−2	+1	58	93
2012	07	03	MA	IQ	2	1	ARC	SA	21	1610	1591	+4	−5	58	63
2012	07	05	SA	IQ	0	1	ARC		-21	1480	1612	−4	+5	92	58
2012	09	11	JP	IQ	1	0	WQ		7	1800	1605	+2	−2	21	59
2012	10	11	BR	IQ	6	0	F	SE	3	2073	1602	0	−1	2	60
2012	10	16	AU	IQ	2	1	WQ	QA	12	1769	1590	+2	−4	25	63
2012	11	07	QA	IQ	2	1	F		11	1480	1579	+3	−2	91	65
2012	11	14	IQ	JO	1	0	WQ	QA	18	1597	1525	+4	−4	61	78
2012	12	03	BH	IQ	0	0	F	QA	4	1462	1593	0	−2	96	63
2012	12	10	IQ	JO	1	0	WAH	KW	16	1609	1509	+8	−4	55	83
2012	12	13	IQ	SY	1	1	WAH	KW	-7	1602	1490	−1	+2	56	88
2012	12	18	IQ	OM	2	0	WAH	KW	25	1627	1513	+3	−5	53	81
2012	12	20	SY	IQ	1	0	WAH	KW	26	1537	1601	+5	−4	77	57
2012	12	30	TN	IQ	2	1	F	AE	10	1600	1591	+3	−4	58	61
2013	01	06	IQ	SA	2	0	GLF	BH	22	1613	1470	+6	−4	55	93
2013	01	09	IQ	KW	1	0	GLF	BH	14	1627	1490	+2	−4	53	89
2013	01	12	IQ	YE	2	0	GLF	BH	6	1633	1233	+2	−2	51	150
2013	01	15	BH	IQ	1	1	GLF		3	1485	1630	+1	0	90	51
2013	01	18	AE	IQ	2	1	GLF	BH	23	1600	1607	+7	−4	59	55
2013	02	01	IQ	MY	3	0	F	AE	3	1610	1196	0	−2	55	157
2013	02	06	IQ	ID	1	0	SQ	AE	4	1614	1229	+1	0	54	149
2013	03	22	CN	IQ	1	0	SQ		16	1609	1598	+4	−6	56	59
2013	03	26	IQ	SY	2	1	F		5	1603	1515	+1	−6	59	84
2013	05	27	IQ	LR	0	1	F		-18	1585	1362	−4	+8	63	118
2013	06	04	OM	IQ	1	0	WQ		17	1557	1568	+5	−4	70	67
2013	06	11	JP	IQ	1	0	WQ	QA	10	1774	1558	+3	−3	25	69
2013	06	18	AU	IQ	1	0	WQ		6	1771	1552	+1	−4	25	71
2013	08	14	CL	IQ	6	0	F	DK	6	1858	1546	+2	−2	14	72
2013	10	06	IQ	YE	3	2	F	LB	2	1548	1200	+1	−1	71	158
2013	10	08	LB	IQ	1	1	F		2	1385	1546	0	−1	112	72
2013	10	15	SA	IQ	2	0	SQ	JO	37	1496	1509	+8	−9	86	83
2013	11	11	IQ	SY	2	1	F	JO	9	1518	1464	+3	0	80	93
2013	11	15	SA	IQ	2	1	SQ		16	1512	1502	+4	−5	82	85
2013	11	19	ID	IQ	0	2	SQ		-18	1230	1520	−5	+6	150	79
2013	12	28	BH	IQ	0	0	WAH	QA	3	1470	1517	0	+1	94	77
2013	12	31	IQ	OM	0	0	WAH	QA	3	1520	1564	0	0	77	69
2014	02	21	IQ	KP	2	0	F	AE	18	1538	1567	+4	−5	74	67
2014	03	05	IQ	CN	3	1	SQ	AE	35	1573	1557	+10	−10	64	69
2014	09	04	PE	IQ	2	0	F	AE	9	1723	1564	+1	−2	32	67
2014	10	10	IQ	YE	1	1	F	BH	-8	1556	1171	−4	+1	71	165
2014	10	14	BH	IQ	0	0	F		-1	1488	1557	−2	−2	90	71
2014	11	14	KW	IQ	1	0	GLF	SA	22	1539	1535	+8	−9	74	78
2014	11	17	IQ	OM	1	1	GLF	SA	2	1537	1564	+1	−1	77	66
2014	11	20	AE	IQ	2	0	GLF	SA	23	1640	1514	+8	−5	51	82
2014	12	22	IQ	KW	1	1	F	AE	0	1514	1506	0	0	82	85
2014	12	25	UZ	IQ	1	0	F	AE	6	1653	1508	+1	−1	49	83
2014	12	28	IQ	UZ	0	0	F	AE	4	1512	1649	0	−1	83	50
2015	01	04	IR	IQ	1	0	F	AU	6	1679	1506	+3	−1	40	84
2015	01	12	IQ	JO	1	0	AC	AU	26	1532	1498	+9	−12	75	87
2015	01	16	JP	IQ	1	0	AC	AU	12	1749	1520	0	−3	27	77
2015	01	20	IQ	PS	2	0	AC	AU	17	1537	1289	+4	−1	74	133
2015	01	23	IR	IQ	3	3	AC	AU	-13	1724	1550	−4	+6	33	67
2015	01	26	KR	IQ	2	0	AC	AU	19	1758	1531	+3	−6	25	73
2015	01	30	AE	IQ	3	2	AC	AU	17	1666	1514	+3	−5	48	78
2015	03	28	IQ	CD	2	1	F	AE	10	1524	1496	+3	−2	75	82
2015	03	31	IQ	CD	1	0	F	AE	9	1533	1487	0	−4	74	87
2015	06	11	JP	IQ	4	0	F		5	1776	1528	0	−1	24	75
2015	08	26	LB	IQ	2	3	F		-9	1385	1537	−2	0	112	74
2015	09	03	IQ	TW	5	1	WQS	IR	1	1538	787	+1	0	73	210
2015	09	08	TH	IQ	2	2	WQS		4	1374	1534	+4	−1	114	75
2015	10	03	JO	IQ	3	0	F		14	1514	1520	+4	−2	80	77
2015	10	08	VN	IQ	1	1	WQS		10	1248	1510	+6	−4	144	81
2015	11	17	TW	IQ	0	2	WQS		-2	786	1512	0	0	210	82
2016	03	18	SY	IQ	1	0	F	IR	10	1527	1502	+2	−4	78	86
2016	03	24	IQ	TH	2	2	WQS	IR	-5	1497	1415	−2	0	87	108
2016	03	29	IQ	VN	1	0	WQS	IR	7	1504	1212	+6	−2	82	159
2016	07	24	UZ	IQ	2	1	F		4	1654	1500	0	−2	48	84
2016	08	08	QA	IQ	2	1	F		6	1544	1494	+1	−1	72	85
2016	08	16	KP	IQ	1	0	F	MY	10	1514	1484	+1	−1	81	87
2016	08	21	IQ	KP	1	1	F	MY	1	1485	1513	+1	−1	86	82
2016	09	01	AU	IQ	2	0	WQ		8	1715	1477	+2	−3	40	89
2016	09	06	IQ	SA	1	2	WQ	MY	-17	1460	1555	−8	+5	95	71
2016	10	06	JP	IQ	2	1	WQ		4	1738	1456	+1	0	32	95
2016	10	11	IQ	TH	4	0	WQ	IR	31	1487	1364	+8	−7	86	117
2016	11	06	JO	IQ	0	0	F		-4	1514	1491	−2	0	80	86
2016	11	15	AE	IQ	2	0	WQ		16	1585	1475	+4	−1	64	87
2017	03	18	IR	IQ	0	1	F		-18	1757	1493	−3	+1	27	85
2017	03	23	IQ	AU	1	1	WQ	IR	11	1504	1701	+1	−2	84	37
2017	03	28	SA	IQ	1	0	WQ		9	1618	1495	+2	0	57	84
2017	06	01	IQ	JO	1	0	F		8	1503	1509	0	−3	84	82
2017	06	07	IQ	KR	0	0	F	AE	6	1509	1761	+1	−3	82	30
2017	06	13	IQ	JP	1	1	WQ	IR	13	1522	1762	+3	−3	79	28
2017	08	26	IQ	SY	1	1	F	MY	1	1523	1572	0	0	79	67
2017	08	31	TH	IQ	1	2	WQ		-20	1398	1543	−5	+4	108	75
2017	09	05	IQ	AE	1	0	WQ	JO	21	1564	1543	+3	−3	70	73
2017	10	05	IQ	KE	2	1	F		3	1567	1379	+1	−1	69	112
2017	11	13	IQ	SY	1	1	F		-2	1565	1610	0	0	69	59
2017	12	17	AE	IQ	1	0	F		8	1547	1557	+1	−2	71	70
2017	12	23	BH	IQ	1	1	GLF	KW	9	1408	1548	+3	0	106	71
2017	12	26	IQ	QA	2	1	GLF	KW	16	1564	1457	+2	−3	69	91
2017	12	29	IQ	YE	3	0	GLF	KW	8	1572	1191	+1	−3	67	166
2018	01	02	IQ	AE	0	0	GLF	KW	-1	1571	1564	0	+2	67	69
2018	02	28	IQ	SA	4	1	F		13	1584	1561	+2	−4	66	71
2018	03	21	IQ	QA	2	3	FRT		-24	1560	1479	−5	+5	71	88
2018	03	27	IQ	SY	1	1	FRT		-2	1558	1607	−1	+3	69	58
2018	05	08	IQ	PS	0	0	F		-6	1552	1411	−1	+2	70	105
2018	08	04	PS	IQ	0	3	F		-15	1385	1567	−2	+2	110	68
2018	09	10	KW	IQ	2	2	F		1	1424	1566	+1	+1	101	65
2018	10	11	AR	IQ	4	0	FT	SA	7	1907	1559	+1	−1	10	67
2018	10	15	SA	IQ	1	1	FT		-5	1577	1564	0	+2	61	65
2018	11	20	BO	IQ	0	0	F	AE	-3	1655	1567	0	+2	47	64
2018	12	24	IQ	CN	2	1	F	QA	9	1576	1516	+1	−2	63	79
2018	12	28	IQ	PS	1	0	F	QA	5	1581	1396	+1	−1	62	107
2019	01	08	IQ	VN	3	2	AC	AE	10	1591	1328	+4	−6	59	126
2019	01	12	IQ	YE	3	0	AC	AE	8	1599	1180	+1	−2	59	166
2019	01	16	IR	IQ	0	0	AC	AE	-15	1815	1614	−1	+4	19	55
2019	01	22	QA	IQ	1	0	AC	AE	24	1650	1590	+2	−7	48	61
2019	03	20	IQ	SY	1	0	FRT		8	1598	1515	+2	−2	59	78
2019	03	26	IQ	JO	3	2	FRT		7	1605	1493	+2	−3	58	85
2019	06	07	TN	IQ	2	0	F		10	1648	1595	+2	−4	48	62
2019	07	30	IQ	LB	1	0	WAH		8	1603	1436	+2	−1	57	96
2019	08	02	IQ	PS	2	1	WAH		6	1609	1396	+2	0	55	104
2019	08	08	IQ	SY	0	0	WAH		-13	1596	1462	−4	+6	59	88
2019	08	11	IQ	YE	2	1	WAH		2	1598	1195	+2	0	57	159
2019	08	14	IQ	BH	0	1	WAH		-32	1566	1501	−10	+7	67	80
2019	09	05	BH	IQ	1	1	WQS		-2	1499	1568	−1	−1	81	68
2019	09	09	IQ	UZ	0	0	F	JO	1	1569	1586	0	−2	66	60
2019	10	10	IQ	HK	2	0	WQS		3	1572	1171	+1	0	63	164
2019	10	15	KH	IQ	0	4	WQS		-2	850	1574	0	0	205	64
2019	11	14	IQ	IR	2	1	WQS	JO	30	1604	1739	+7	−7	56	34
2019	11	19	BH	IQ	0	0	WQS	JO	6	1510	1598	0	−1	78	58
2019	11	26	QA	IQ	1	2	GLF		-31	1690	1629	−4	+5	43	53
2019	11	29	IQ	AE	2	0	GLF	QA	18	1647	1459	+4	−4	49	91
2019	12	02	IQ	YE	0	0	GLF	QA	-17	1630	1210	−2	+4	51	155
2019	12	05	BH	IQ	2	2	GLF	QA	7	1513	1623	0	−2	77	53
2020	11	12	IQ	JO	0	0	F	AE	-4	1619	1481	−4	0	56	86
2020	11	17	IQ	UZ	2	1	F	AE	8	1627	1552	+5	−1	51	70
2021	01	12	AE	IQ	0	0	F		3	1432	1624	+1	−1	95	52
2021	01	27	IQ	KW	2	1	F		3	1627	1404	+1	0	51	103
2021	03	29	UZ	IQ	0	1	F		-11	1553	1638	−6	+2	71	50
2021	05	24	IQ	TJ	0	0	F		-9	1629	1253	−3	+3	51	146
2021	05	29	IQ	NP	6	2	F		0	1629	912	0	0	51	197
2021	06	07	IQ	KH	4	1	WQS	BH	1	1630	838	0	0	50	208
2021	06	11	IQ	HK	1	0	WQS	BH	3	1633	1167	+2	0	48	165
2021	06	15	IR	IQ	1	0	WQS	BH	11	1804	1622	+2	−4	22	53
2021	09	02	KR	IQ	0	0	WQ		-12	1752	1634	−1	+2	32	51
2021	09	07	IR	IQ	3	0	WQ	QA	19	1826	1615	+1	−3	21	55
2021	10	07	IQ	LB	0	0	WQ	QA	-12	1603	1385	−4	+3	58	107
2021	10	12	AE	IQ	2	2	WQ		2	1471	1601	−1	+1	85	60
2021	11	11	IQ	SY	1	1	WQ	QA	-10	1591	1429	−3	+1	62	95
2021	11	16	KR	IQ	3	0	WQ	QA	18	1788	1573	0	−3	27	67
2021	11	30	IQ	OM	1	1	ARC	QA	-4	1569	1510	0	+1	67	79
2021	12	03	BH	IQ	0	0	ARC	QA	1	1544	1568	0	0	72	67
2021	12	06	QA	IQ	3	0	ARC		17	1677	1551	+3	−1	46	68
2022	01	21	IQ	UG	1	0	F		5	1556	1458	0	−1	67	90
2022	01	27	IR	IQ	1	0	WQ		4	1841	1552	0	0	20	66
2022	02	01	LB	IQ	1	1	WQ		4	1382	1548	+1	−1	105	68
2022	03	18	IQ	ZM	3	1	F		6	1554	1418	+1	−1	66	98
2022	03	24	IQ	AE	1	0	WQ	SA	17	1571	1484	+1	−2	65	84
2022	03	29	IQ	SY	1	1	WQ	AE	-7	1564	1454	−1	+3	66	89
2022	09	23	IQ	OM	1	1	FT	JO	0	1564	1558	−1	−1	68	70
2022	09	26	IQ	SY	1	0	FT	JO	10	1574	1440	+3	−1	65	91
2022	11	09	MX	IQ	4	0	F	ES	8	1820	1566	+1	−1	21	66
2022	11	12	EC	IQ	0	0	F	ES	-7	1832	1573	0	+1	18	65
2022	12	30	IQ	KW	1	0	F		2	1575	1315	+1	0	66	131
2023	01	06	IQ	OM	0	0	GLF		-6	1569	1573	−2	+1	68	67
2023	01	09	IQ	SA	2	0	GLF		28	1597	1619	+6	−2	62	55
2023	01	12	IQ	YE	5	0	GLF		2	1599	1093	+1	0	61	177
2023	01	16	IQ	QA	2	1	GLF		12	1611	1545	+1	−1	60	69
2023	01	19	IQ	OM	3	2	GLF		15	1626	1599	+5	−3	55	62
2023	03	26	RU	IQ	2	0	F		6	1763	1620	0	0	30	55
2023	06	16	CO	IQ	1	0	F	ES	3	1932	1617	+1	−2	10	57
2023	09	07	IN	IQ	2	2	KNG	TH	11	1282	1606	+4	−4	142	60
2023	09	10	TH	IQ	2	2	KNG		5	1390	1601	0	−2	110	61
2023	10	13	IQ	QA	0	0	FT	JO	-4	1597	1515	0	+2	61	75
2023	10	17	JO	IQ	2	2	FT		-3	1560	1600	0	0	66	62
2023	11	16	IQ	ID	5	1	WQS		7	1607	1293	+2	−4	60	142
2023	11	21	VN	IQ	0	1	WQS		-14	1393	1621	−2	+4	106	55
2024	01	06	KR	IQ	1	0	F	AE	5	1804	1616	+2	−3	22	58
2024	01	15	IQ	ID	3	1	AC	QA	9	1625	1253	+2	−3	55	154
2024	01	19	IQ	JP	2	1	AC	QA	42	1667	1871	+7	−2	48	15
2024	01	24	IQ	VN	3	2	AC	QA	7	1674	1336	+2	−4	45	126
2024	01	29	JO	IQ	3	2	AC	QA	35	1554	1639	+5	−7	69	52
2024	03	21	IQ	PH	1	0	WQS		1	1640	1052	0	+1	51	182
2024	03	26	PH	IQ	0	5	WQS		-5	1047	1645	+1	0	181	53
2024	06	06	ID	IQ	0	2	WQS		-14	1327	1659	−6	+6	127	47
2024	06	11	IQ	VN	3	1	WQS		4	1663	1272	0	−2	49	149
2024	09	05	IQ	OM	1	0	WQ		8	1671	1524	0	−1	49	78
2024	09	10	KW	IQ	0	0	WQ		11	1355	1660	+5	−3	119	53
2024	10	10	IQ	PS	1	0	WQ		5	1665	1405	0	−4	53	105
2024	10	15	KR	IQ	3	2	WQ		9	1783	1656	+2	−1	27	53
2024	11	14	IQ	JO	0	0	WQ		-7	1649	1627	0	0	53	56
2024	11	19	OM	IQ	0	1	WQ		-18	1490	1667	−2	+4	81	50
2024	12	22	IQ	YE	1	0	GLF	KW	1	1668	1091	0	0	50	176
2024	12	25	BH	IQ	2	0	GLF	KW	45	1528	1623	+8	−4	77	54
2024	12	28	SA	IQ	3	1	GLF	KW	39	1559	1584	+10	−7	69	61
2025	03	20	IQ	KW	2	2	WQ		-16	1568	1338	−6	+2	66	128
2025	03	25	PS	IQ	2	1	WQ	JO	29	1427	1539	+9	−8	96	74
2025	06	05	IQ	KR	0	2	WQ		-21	1518	1767	−4	+2	79	30
2025	06	10	JO	IQ	0	1	WQ		-32	1624	1550	−6	+6	57	72
2025	09	04	IQ	HK	2	1	KNG	TH	3	1553	1135	0	−1	71	167
2025	09	07	TH	IQ	0	1	KNG		-11	1351	1564	−4	+3	120	70
2025	10	11	IQ	ID	1	0	WQ	SA	9	1573	1341	0	−4	69	124
2025	10	14	SA	IQ	0	0	WQ		-7	1585	1580	−4	+1	67	68
2025	11	13	AE	IQ	1	1	WQ		-4	1544	1584	0	+1	73	67
2025	11	18	IQ	AE	2	1	WQ		12	1596	1532	+3	−2	64	76
2025	12	03	IQ	BH	2	1	ARC	QA	10	1606	1400	+1	−4	63	104
2025	12	06	IQ	SD	2	0	ARC	QA	14	1620	1382	+4	−3	59	108
2025	12	09	DZ	IQ	2	0	ARC	QA	22	1736	1598	+6	−3	36	63
2025	12	12	JO	IQ	1	0	ARC	QA	16	1685	1582	+1	−3	49	67
2026	03	31	IQ	BO	2	1	WQ	MX	25	1607	1645	+5	−5	63	57
2026	05	29	IQ	AD	1	0	F	ES	1	1608	1076	0	0	63	175
2026	06	04	ES	IQ	1	1	F		-10	2155	1618	0	+2	1	61
2026	06	09	VE	IQ	2	0	F	US	11	1733	1607	+2	−3	37	63
2026	06	16	NO	IQ	4	1	WC	US	15	1929	1592	0	−3	10	66
2026	06	22	FR	IQ	3	0	WC	US	6	2090	1586	0	−2	3	68