1954	00	00	FT	CI	7	3	F		24	1524	1676	−	−	57	30
1954	00	00	CI	LR	0	2	JAM		-56	1620	1356	−	−	30	90
1954	00	00	CI	FN	4	0	JAM		25	1645	1575	−	−	30	46
1954	00	00	CI	DH	5	0	JAM		16	1661	1484	−	−	30	64
1960	02	00	CI	CB	4	2	F		9	1670	1599	0	−1	37	45
1960	04	14	CI	DH	3	2	JCM	MG	11	1681	1483	+1	−3	36	74
1960	04	15	CB	CI	3	2	JCM	MG	24	1627	1657	+3	−1	42	37
1960	12	23	GN	CI	4	0	F		16	1619	1641	+3	−4	42	41
1960	12	25	LR	CI	2	0	F		23	1366	1618	+2	−3	102	44
1961	12	25	CI	UV	2	1	JAM		5	1623	1375	+1	0	41	100
1961	12	26	CI	LR	5	0	JAM		10	1633	1377	0	0	41	99
1961	12	27	CI	CF	11	0	JAM		14	1647	1388	0	−5	41	98
1961	12	29	CI	SN	1	1	JAM		-6	1641	1636	0	0	41	42
1962	00	00	SN	CI	1	1	F		-2	1607	1643	−1	0	45	41
1962	02	04	ML	CI	4	0	F		17	1595	1626	+4	0	46	41
1962	02	06	ML	CI	0	2	F		-18	1577	1644	−5	0	51	41
1963	02	03	CI	GN	3	1	FT		12	1656	1565	+1	−5	36	55
1963	03	10	CI	TN	3	0	F		6	1662	1470	+2	0	36	77
1963	04	12	CB	CI	3	2	JAM	SN	23	1628	1639	+3	−3	43	40
1963	04	13	TN	CI	3	1	JAM	SN	39	1565	1600	+9	−7	56	47
1963	04	14	CI	MR	2	0	JAM	SN	2	1602	984	−1	0	48	148
1963	04	15	CI	CJ	1	0	JAM	SN	17	1619	1541	+5	−3	43	60
1963	10	02	GN	CI	2	0	F		12	1601	1607	+4	−3	49	46
1964	03	15	CI	ML	1	1	F		-4	1603	1560	0	+2	46	56
1964	09	00	CI	CM	2	2	F		-5	1598	1517	−1	+2	47	68
1964	12	25	CI	GN	1	1	AGQ		-2	1596	1660	0	0	45	36
1964	12	30	CI	LR	4	2	AGQ		6	1602	1297	0	−1	45	114
1965	01	02	CI	GH	1	0	AGQ		21	1623	1696	+3	−1	42	28
1965	01	17	CI	CD	2	0	FQ		19	1642	1573	+3	−3	39	51
1965	05	29	LR	CI	0	1	FQ		-8	1301	1650	−1	+1	115	35
1965	06	27	CI	LR	4	0	FQ		5	1655	1296	+1	0	35	115
1965	07	19	CI	DZ	1	0	AFG	CG	25	1680	1719	+1	−4	34	28
1965	07	20	CI	MG	5	0	AFG	CG	14	1694	1393	+1	−5	33	95
1965	07	21	CD	CI	1	1	AFG	CG	4	1622	1690	+2	0	43	33
1965	07	23	CG	CI	1	0	AFG		20	1604	1670	+3	−2	49	35
1965	07	25	CI	DZ	2	0	AFG	CG	34	1704	1688	+7	−6	28	33
1965	09	05	CD	CI	4	2	FQ		28	1660	1676	+5	−6	36	34
1965	11	14	CI	CD	3	0	AR	TN	38	1714	1592	+5	−8	29	49
1965	11	19	GH	CI	4	1	AR	TN	35	1819	1679	+4	−5	14	34
1965	11	21	CI	SN	1	0	AR	TN	23	1702	1634	+4	−3	30	40
1965	11	23	CG	CI	0	1	F		-10	1581	1712	0	+1	50	29
1965	11	25	ML	CI	3	1	F	CG	20	1613	1692	+2	−3	46	32
1966	08	00	TG	CI	1	2	F		-8	1515	1700	−2	+3	64	30
1966	10	30	CI	GH	0	1	FRG		-12	1688	1877	−3	0	33	10
1966	11	01	CI	GH	1	1	FRG		4	1692	1873	+1	0	32	10
1967	02	19	GH	CI	2	2	F		-6	1829	1698	0	+2	14	31
1967	03	05	CI	LR	1	1	F		-9	1689	1364	−2	+1	33	101
1967	03	12	NG	CI	0	0	FQ		2	1550	1687	+2	0	55	33
1967	03	24	GA	CI	2	2	F		5	1417	1682	+1	0	92	33
1967	03	26	GA	CI	2	2	F		4	1421	1678	+1	0	91	33
1967	03	28	GA	CI	0	3	F		-10	1411	1688	−3	0	94	33
1967	04	09	TG	CI	0	2	FQ		-23	1488	1711	−3	+2	69	30
1967	04	30	CI	TG	3	0	FQ		9	1720	1461	+1	−3	29	78
1967	05	07	CI	NG	2	0	FQ		11	1731	1540	+2	−4	27	58
1967	11	26	UV	CI	3	2	F		17	1340	1714	+5	−4	105	30
1968	01	11	CI	DZ	3	0	AR	ET	48	1762	1696	+9	−8	20	31
1968	01	14	ET	CI	1	0	AR		32	1601	1730	+6	−4	51	24
1968	01	16	CI	UG	2	1	AR	ET	4	1734	1312	0	−1	24	113
1968	01	19	GH	CI	4	3	AR	ET	22	1795	1712	+1	−5	17	29
1968	01	21	ET	CI	0	1	AR		-25	1586	1737	−9	+4	52	25
1968	05	16	GH	CI	0	0	FRG		-5	1760	1742	−1	+1	20	24
1968	05	19	GH	CI	2	1	FRG		10	1770	1732	+1	−1	19	25
1968	06	30	CI	SN	2	1	F		5	1737	1617	+1	−1	25	44
1968	08	10	SN	CI	1	1	F		1	1618	1736	0	0	44	25
1968	11	01	CI	NE	4	2	F		0	1736	1122	0	0	26	147
1968	11	24	NE	CI	0	0	F		9	1131	1727	+1	−1	146	26
1968	12	22	CI	CG	0	0	F		-7	1720	1550	0	0	27	62
1969	08	15	CG	CI	1	1	F		1	1574	1719	0	0	54	28
1969	10	12	ML	CI	0	0	FQ		5	1541	1714	+3	−1	62	29
1969	10	26	CI	ML	4	0	FQ		13	1727	1528	+1	−5	28	67
1969	11	09	CI	MA	1	0	F		5	1732	1647	+1	0	29	37
1969	11	30	CI	CG	1	1	F		-6	1726	1579	−1	+1	30	54
1970	02	06	CM	CI	3	2	AR	SD	37	1575	1689	+9	−3	56	33
1970	02	08	SD	CI	0	1	AR		-29	1610	1718	−7	+3	47	30
1970	02	10	CI	ET	6	1	AR	SD	22	1740	1474	+5	−1	25	73
1970	02	14	GH	CI	2	1	AR	SD	29	1719	1711	+5	−7	29	32
1970	02	16	EG	CI	3	1	AR	SD	32	1796	1679	+5	−2	17	34
1970	03	22	GN	CI	4	2	F		13	1639	1666	+2	−3	41	38
1970	04	15	GH	CI	3	0	FRG		17	1714	1649	+4	−2	29	40
1970	04	19	GH	CI	1	1	FRG		-7	1707	1656	−1	0	30	40
1970	07	26	CI	GN	3	2	F		7	1663	1632	0	0	38	41
1970	10	18	CI	SN	0	1	F		-16	1647	1546	−1	+5	39	60
1970	11	08	GA	CI	1	2	FQ		-11	1376	1658	−1	+2	95	38
1970	11	22	CI	GA	1	0	FQ		4	1662	1372	0	−2	39	97
1971	00	00	CI	GA	2	0	F		3	1665	1369	0	0	39	98
1971	05	02	CI	GH	2	6	FRG		-33	1632	1736	−3	+5	42	27
1971	07	04	CI	CG	3	2	FQ		11	1643	1563	+1	−2	42	58
1971	07	18	CG	CI	2	0	FQ		28	1591	1615	+8	−3	50	45
1972	04	19	GH	CI	1	2	FRG		-23	1685	1638	−3	+5	34	41
1972	04	21	GH	CI	0	0	F		-4	1681	1642	0	0	34	41
1972	09	24	CI	LR	0	0	AGQ	GH	-14	1628	1369	−3	+4	42	101
1972	09	27	CI	SL	1	0	AGQ	GH	11	1639	1440	+2	−4	40	80
1972	09	30	GH	CI	1	0	AGQ		15	1641	1624	+3	−4	40	44
1972	10	15	SL	CI	0	1	WQ		-15	1421	1639	−5	+3	85	42
1972	10	29	CI	SL	2	0	WQ		8	1647	1413	+4	−3	38	88
1973	00	00	UV	CI	3	3	F		4	1393	1643	0	−2	95	40
1973	02	11	TN	CI	1	1	WQ		-5	1625	1648	−1	0	44	41
1973	02	25	CI	TN	2	1	WQ		13	1661	1612	0	−2	41	46
1973	04	08	CF	CI	4	2	FQ		46	1406	1615	+12	−2	90	43
1973	04	22	CI	CF	2	1	FQ		6	1621	1400	+1	−4	43	94
1973	05	20	CI	MA	1	1	WQ		-1	1620	1696	−1	0	44	32
1973	06	03	MA	CI	4	1	WQ		19	1715	1601	+2	−2	29	47
1973	07	29	CI	CF	5	1	FQ	NG	18	1619	1382	+4	−6	43	99
1973	09	09	GH	CI	0	3	FQ		-45	1574	1664	−11	+8	54	35
1973	09	23	CI	GH	1	0	FQ		10	1674	1564	+1	−3	33	57
1974	03	02	ZM	CI	1	0	AR	EG	37	1522	1637	+4	−6	63	39
1974	03	04	CI	UG	2	2	AR	EG	-7	1630	1544	−2	0	41	60
1974	03	06	EG	CI	2	0	AR		24	1689	1606	+3	−6	32	47
1974	07	06	MW	CI	5	1	IND		44	1329	1562	+9	−10	110	54
1974	07	14	NG	CI	2	0	F		8	1640	1554	+1	−2	38	56
1974	09	11	CI	GH	1	1	FRG		-1	1553	1623	0	0	55	41
1974	12	18	LR	CI	1	0	F		14	1335	1539	+2	−5	108	58
1975	02	09	ML	CI	0	0	F		-2	1516	1541	0	+1	64	57
1975	03	30	CG	CI	1	0	FQ		14	1569	1527	+1	−3	52	60
1975	04	13	CI	CG	2	1	FQ		17	1544	1552	+4	−1	55	53
1975	04	23	SN	CI	1	0	FT		12	1537	1532	+5	−3	57	58
1975	04	25	TG	CI	3	0	FT	SN	31	1504	1501	+7	−10	66	68
1975	07	27	CI	UV	1	2	F		-17	1484	1341	−2	+4	69	107
1975	08	06	GH	CI	3	1	FRG		8	1648	1476	0	−4	42	73
1975	08	10	GH	CI	0	0	FRG		-10	1638	1486	0	+5	42	68
1975	09	07	CI	NG	1	1	F		1	1487	1622	0	0	69	44
1976	03	21	CI	SN	4	1	F		16	1503	1535	+4	−3	63	58
1976	03	28	GA	CI	0	3	F		-12	1268	1515	−1	+3	121	60
1976	04	19	CI	GA	1	3	F		-26	1489	1294	−6	+4	67	116
1976	09	04	UV	CI	1	1	WQ		3	1338	1486	0	0	107	65
1976	09	09	CI	GH	3	1	FRG		27	1513	1632	+4	−6	61	42
1976	09	12	CI	GH	0	3	FRG		-25	1488	1657	−3	+5	64	36
1976	09	26	CI	UV	2	0	WQ		12	1500	1326	+4	−2	62	109
1977	02	13	CI	CG	3	2	WQ		18	1518	1539	+6	−3	60	57
1977	02	27	CG	CI	1	3	WQ		-40	1499	1558	−9	+7	66	54
1977	03	20	UV	CI	0	1	FQ		-13	1311	1571	−1	+2	111	52
1977	03	31	CI	UV	2	0	FQ		7	1578	1304	+1	−2	51	113
1977	04	24	CI	UV	4	1	COC		7	1585	1297	+2	−1	49	114
1977	06	19	ML	CI	1	0	FQ		14	1598	1571	+1	−4	48	52
1977	07	10	NG	CI	4	0	WQ		18	1691	1553	+4	−7	32	58
1977	07	17	CI	ML	2	0	FQ		25	1578	1573	+9	−3	48	51
1977	07	25	CI	NG	2	2	WQ		1	1579	1690	0	+1	48	32
1977	12	16	CI	GH	2	1	AGQ		18	1597	1624	+1	−1	48	44
1977	12	18	CI	GH	1	2	AGQ		-24	1573	1648	−2	+1	50	43
1978	02	19	GH	CI	3	1	F		8	1663	1565	+4	−1	37	53
1978	03	00	TN	CI	2	2	F		-5	1671	1570	0	0	35	53
1978	03	00	CI	GH	2	2	F		0	1570	1663	0	0	53	36
1979	01	27	TG	CI	1	0	FT	LR	21	1447	1549	+7	−4	79	59
1979	01	29	GM	CI	2	1	FT	LR	25	1295	1524	+6	−4	114	63
1979	04	08	GA	CI	2	1	F		12	1368	1512	+4	−1	98	64
1979	04	15	BJ	CI	1	0	FQ		24	1374	1488	+8	−4	96	68
1979	04	29	CI	BJ	4	1	FQ		16	1504	1358	+2	−7	66	103
1979	06	29	SD	CI	2	0	FQ		18	1571	1486	+5	−2	54	68
1979	07	06	CI	SD	4	0	FQ		36	1522	1535	+4	−7	65	62
1979	10	21	CI	TG	3	0	FT		16	1538	1455	+1	−3	62	83
1979	10	26	CI	BJ	3	1	FT		7	1545	1344	0	−3	62	105
1979	10	28	CI	TG	0	1	FT		-22	1523	1480	−1	+9	63	74
1980	01	19	CG	CI	2	0	F		9	1566	1514	+2	−1	57	67
1980	01	20	CG	CI	0	2	F		-21	1545	1535	−5	+3	62	64
1980	01	27	CM	CI	1	1	F		-3	1550	1538	0	+1	61	63
1980	01	30	CI	TN	1	1	F		0	1538	1655	0	0	63	41
1980	02	12	CI	MA	4	4	F		-3	1535	1530	−1	0	64	65
1980	03	08	EG	CI	2	1	AR	NG	18	1657	1517	+3	−2	41	67
1980	03	12	NG	CI	0	0	AR		-16	1661	1533	−5	+2	41	65
1980	03	15	CI	TZ	1	1	AR	NG	-6	1527	1455	0	+1	65	79
1980	04	06	CI	GA	4	1	F		5	1532	1318	−1	0	65	106
1982	02	15	GH	CI	5	5	WAN	BJ	-8	1674	1540	−1	+1	36	62
1982	02	17	BJ	CI	3	3	WAN		7	1313	1533	+3	0	104	62
1982	02	19	CI	NE	1	1	WAN	BJ	-14	1519	1247	−2	+7	64	124
1982	02	21	CI	TG	1	1	WAN	BJ	-3	1516	1465	−1	−1	65	82
1982	02	22	CI	UV	1	1	WAN	BJ	-11	1505	1314	−4	+5	69	104
1983	01	09	CI	ML	0	1	F		-13	1492	1509	−3	+4	73	69
1983	02	23	CI	GN	3	2	F		9	1501	1541	+2	−2	71	61
1983	04	17	ML	CI	1	2	F		-13	1478	1514	−1	+4	74	66
1983	08	23	DZ	CI	3	0	F		7	1668	1507	0	−2	38	68
1983	09	25	CI	LR	0	0	WAN		-13	1494	1360	−2	+3	71	95
1983	09	28	CI	TG	3	0	WAN		27	1521	1483	+5	−6	66	74
1983	09	30	CI	GH	0	2	WAN		-22	1499	1735	−4	+3	70	30
1983	10	02	CI	LR	2	1	WAN		7	1506	1324	+1	−3	69	103
1983	12	02	CI	CH	1	0	F		15	1521	1782	+1	0	66	24
1983	12	15	CI	ML	1	1	COC		-9	1512	1472	−1	+2	67	79
1983	12	18	CI	TG	2	1	COC		16	1528	1524	+4	−3	64	66
1983	12	20	CI	TG	1	0	COC		14	1542	1510	+1	−2	63	68
1984	01	08	CI	SL	1	0	F		3	1545	1305	+2	−2	61	112
1984	01	15	CI	MA	3	3	F		-1	1544	1624	−2	0	63	41
1984	01	22	CI	GN	3	0	F		7	1551	1389	+2	−2	61	92
1984	01	29	CI	ML	4	1	FT		14	1565	1463	+3	−2	58	80
1984	01	31	CI	SN	1	0	FT		9	1574	1496	+1	0	57	71
1984	02	02	CI	LR	4	1	FT		7	1581	1329	+4	−3	53	101
1984	02	05	CI	SN	4	3	FT		8	1589	1486	+3	−4	50	75
1984	02	08	CG	CI	2	3	F		-12	1564	1601	−2	+4	58	46
1984	03	04	CI	TG	3	0	AR		22	1623	1490	+7	−4	40	73
1984	03	07	CI	EG	1	2	AR		-29	1594	1690	−9	+3	50	33
1984	03	10	CI	CM	0	2	AR		-48	1546	1647	−12	+9	61	38
1984	09	23	NE	CI	1	3	F		-9	1282	1555	−3	0	119	59
1984	10	11	CI	LR	3	0	F		4	1559	1305	0	−2	57	112
1984	10	21	CI	GM	4	0	WQ		9	1568	1314	+2	−3	56	108
1984	11	04	GM	CI	3	2	WQ		28	1342	1540	+9	−4	99	59
1984	11	18	GH	CI	2	0	WAN	BF	20	1677	1520	+1	−5	36	63
1984	11	20	BF	CI	2	2	WAN		5	1338	1515	0	−1	101	65
1984	11	23	CI	TG	1	1	WAN	BF	-2	1513	1481	−1	+1	66	77
1984	11	24	CI	BJ	2	1	WAN	BF	7	1520	1226	+3	−1	63	131
1984	11	28	BF	CI	0	2	WAN		-25	1334	1545	−8	+5	102	58
1984	12	09	CI	GN	2	2	F		-7	1538	1380	−2	0	61	93
1984	12	28	CI	TN	3	1	FRT		23	1561	1623	+1	−5	58	44
1984	12	30	CI	GH	2	0	FRT		23	1584	1644	+8	−2	50	38
1985	01	01	CI	DZ	1	1	FRT		1	1585	1706	0	0	50	32
1985	01	31	CI	EG	0	1	F		-11	1574	1666	−4	+1	54	36
1985	02	20	CI	CG	2	1	F		6	1580	1521	+1	−1	53	65
1985	03	05	CI	ZR	2	1	F		7	1587	1576	+3	−3	50	53
1985	03	31	CI	ML	6	0	FQ		20	1607	1465	+4	−5	47	82
1985	04	07	CI	GH	0	0	WQ		-6	1601	1610	−2	+2	48	45
1985	04	14	ML	CI	1	1	FQ		0	1493	1601	0	0	71	49
1985	04	21	GH	CI	2	0	WQ		19	1651	1582	+3	−4	40	52
1985	06	16	NG	CI	0	0	F		-4	1609	1586	−2	+1	47	50
1985	06	19	NG	CI	2	0	F		10	1619	1576	+2	−2	45	52
1985	06	23	CI	NG	1	1	F		-2	1574	1621	−1	0	53	45
1985	06	26	CI	NG	1	1	F		-2	1572	1623	−1	0	54	45
1985	08	18	CI	GH	2	0	FQ		24	1596	1579	+7	−7	48	55
1985	09	01	GH	CI	0	0	FQ		-5	1574	1601	0	0	55	48
1985	11	19	CI	EG	1	0	FT	ZR	16	1617	1616	+7	−1	42	43
1985	11	21	ZM	CI	1	0	FT	ZR	16	1616	1601	+7	−8	42	50
1985	11	24	ZR	CI	1	2	FT		-19	1587	1620	−6	+7	53	42
1985	11	26	CG	CI	2	1	F		11	1504	1609	+2	−3	72	45
1985	11	27	CG	CI	0	1	F		-10	1494	1619	−2	+2	74	43
1985	12	27	CI	GN	1	0	COC	SN	7	1626	1356	+2	−1	42	97
1985	12	29	SN	CI	2	0	COC		27	1583	1599	+4	−7	54	49
1986	03	07	CI	MZ	3	0	AR	EG	20	1619	1366	+5	−6	43	96
1986	03	10	EG	CI	2	0	AR		32	1607	1587	+11	−10	45	53
1986	03	13	CI	SN	1	0	AR	EG	30	1617	1630	+10	−4	43	42
1986	03	17	CM	CI	1	0	AR	EG	24	1661	1593	+3	−5	37	49
1986	03	20	CI	MA	3	2	AR	EG	31	1624	1645	+4	−5	45	39
1986	07	28	CI	GN	2	0	SMD	LR	7	1631	1332	+2	−3	41	104
1986	07	30	LR	CI	0	2	SMD		-8	1247	1639	−1	+2	125	39
1986	08	10	CI	LR	2	1	AGQ		3	1642	1278	0	0	38	115
1986	08	24	LR	CI	1	2	AGQ		-7	1271	1649	−1	+1	116	37
1986	12	11	DZ	CI	2	1	F		8	1617	1641	0	−1	46	40
1986	12	14	DZ	CI	2	1	F		8	1625	1633	0	−3	46	43
1987	01	04	NG	CI	0	0	AGQ		-3	1589	1636	−3	+1	53	42
1987	01	18	CI	NG	1	0	AGQ		12	1648	1577	+3	−1	40	54
1987	01	31	GH	CI	2	0	WAN	LR	34	1636	1614	+7	−7	43	47
1987	02	02	TG	CI	1	0	WAN	LR	29	1485	1585	+3	−6	75	53
1987	02	04	CI	NE	1	0	WAN	LR	6	1591	1281	+3	−4	50	115
1987	03	18	CI	ZR	2	1	F		8	1599	1595	+1	−1	48	49
1987	03	22	CI	ZR	1	3	F		-19	1580	1614	−4	+3	52	46
1987	03	29	CI	CG	2	0	FQ		15	1595	1472	+3	0	49	74
1987	04	05	CG	CI	1	2	FQ		-19	1453	1614	−3	+2	78	47
1987	04	08	GA	CI	1	0	F		12	1464	1602	+4	−2	76	49
1987	04	19	GH	CI	1	2	AGQ		-28	1626	1630	−5	+3	46	45
1987	04	26	CI	GH	1	0	AGQ		14	1644	1612	+3	0	42	46
1987	06	28	ZM	CI	2	0	F		13	1608	1631	+2	−2	47	44
1987	07	03	MW	CI	1	2	FQ		-20	1509	1651	−4	+3	70	41
1987	07	19	CI	MW	2	0	FQ		9	1660	1430	+3	−4	40	83
1987	08	02	CI	MW	1	0	AFG	KE	8	1668	1422	+1	−2	39	84
1987	08	04	EG	CI	2	1	AFG	KE	18	1720	1650	+1	−3	33	42
1987	08	06	CI	SN	1	0	AFG	KE	11	1661	1481	+2	−4	40	76
1987	08	08	CI	MG	1	1	AFG	KE	-11	1650	1465	−2	+1	42	77
1987	11	01	CI	MA	0	0	OQ		-4	1646	1683	−1	+1	43	35
1987	11	15	MA	CI	2	1	OQ		12	1695	1634	+1	−1	33	44
1987	11	22	CI	TG	3	0	COQ		9	1643	1389	0	0	44	90
1987	12	13	TG	CI	1	0	COQ		28	1417	1615	+6	−7	85	49
1987	12	19	CI	SN	1	0	COC	LR	14	1629	1486	+3	−5	44	76
1987	12	23	LR	CI	1	2	COC		-13	1385	1642	−1	+2	91	42
1988	03	13	DZ	CI	1	1	AR	MA	2	1623	1640	+1	0	44	43
1988	03	16	CI	ZR	1	1	AR	MA	-3	1637	1596	0	+1	43	51
1988	03	19	MA	CI	0	0	AR		-10	1681	1647	−1	0	35	43
1988	12	10	CI	TN	1	0	F		3	1650	1471	0	−4	41	76
1988	12	18	CI	TN	1	1	F		-7	1643	1478	−1	+3	41	73
1989	01	08	CI	LY	1	0	WQ		11	1654	1560	0	−6	41	60
1989	01	22	ZW	CI	0	0	WQ		5	1467	1649	+1	+1	77	40
1989	03	30	CI	GN	0	0	F		-7	1642	1450	0	0	40	81
1989	04	09	AO	CI	0	2	FQ		-27	1482	1669	−6	+3	73	37
1989	04	23	CI	AO	4	1	FQ		11	1680	1471	+4	−4	33	77
1989	06	01	CI	ZR	1	1	F		-6	1674	1567	−2	+2	35	54
1989	06	11	CI	DZ	0	0	WQ		-8	1666	1636	−1	+1	35	43
1989	07	16	ML	CI	2	2	FQ		6	1455	1660	+3	−3	76	38
1989	07	30	CI	ML	3	1	FQ		9	1669	1446	+3	−3	35	80
1989	08	13	CI	ZW	5	0	WQ		12	1681	1455	+2	−1	33	76
1989	08	25	DZ	CI	1	0	WQ		16	1664	1665	+1	−3	38	36
1990	01	25	NG	CI	2	0	COC		27	1631	1638	+3	−5	45	42
1990	01	27	CI	LR	1	0	COC	NG	9	1647	1404	+2	−2	40	92
1990	02	21	MA	CI	2	1	F		9	1594	1638	+1	−2	48	42
1990	03	02	CI	EG	3	1	AR	DZ	43	1681	1644	+8	−8	34	41
1990	03	05	DZ	CI	3	0	AR		31	1720	1650	0	−5	32	38
1990	03	08	NG	CI	1	0	AR	DZ	27	1649	1623	+7	−7	37	44
1990	08	19	CI	MR	2	0	FQ		2	1625	1098	+1	0	46	159
1990	09	30	NE	CI	0	1	FQ		-10	1321	1635	−1	+2	109	44
1991	01	13	MA	CI	3	1	FQ		24	1627	1611	+5	−6	45	49
1991	02	15	SN	CI	0	0	FT		-2	1544	1613	0	0	60	48
1991	02	17	CM	CI	1	1	FT	SN	-2	1650	1615	0	0	38	48
1991	04	30	CI	NE	1	0	FQ		5	1620	1362	+1	−1	46	101
1991	05	05	SN	CI	0	0	COQ		-2	1547	1622	0	+1	59	45
1991	06	09	CI	SN	2	0	COQ		16	1638	1531	+3	−3	43	60
1991	07	24	CI	GN	0	0	F		-7	1631	1451	−2	+1	46	77
1991	07	28	CI	MA	2	0	FQ		20	1651	1588	+5	−2	41	51
1991	08	11	BJ	CI	0	3	COQ		-8	1198	1659	−1	0	140	41
1991	09	01	CI	BJ	1	0	COQ		2	1661	1196	0	0	41	144
1991	10	31	CI	NG	2	0	COC		21	1682	1627	+5	−5	36	47
1991	11	02	CI	SN	1	0	COC		8	1690	1543	0	−1	36	61
1991	11	23	CI	NE	5	2	F		3	1693	1369	0	−1	35	103
1991	11	27	TN	CI	5	3	F		19	1527	1674	0	−1	67	36
1991	12	15	CI	KE	4	0	IPC		9	1683	1477	0	−4	35	77
1992	01	05	ZR	CI	2	0	F		17	1559	1666	+3	−2	59	38
1992	01	13	CI	DZ	3	0	AR	SN	53	1719	1688	+8	−8	30	36
1992	01	15	CG	CI	0	0	AR	SN	15	1498	1704	+6	−3	70	33
1992	01	20	CI	ZM	1	0	AR	SN	18	1722	1585	+4	−7	30	57
1992	01	23	CM	CI	0	0	AR	SN	1	1706	1721	0	0	34	30
1992	01	26	GH	CI	0	0	AR	SN	6	1649	1715	+2	−2	43	32
1992	07	26	CI	EG	2	0	F		9	1724	1651	+1	−1	31	42
1992	07	28	CI	EG	2	2	F		-5	1719	1656	0	0	31	42
1992	10	10	CI	BW	6	0	WQ		1	1720	1087	0	0	30	176
1992	10	16	AR	CI	4	0	IC	SA	16	2012	1704	+1	−2	1	32
1992	10	19	US	CI	5	2	IC	SA	52	1686	1652	+16	−10	32	42
1992	10	25	NE	CI	0	0	WQ		11	1349	1641	+1	−2	115	44
1993	01	17	BW	CI	0	0	WQ		17	1090	1624	+3	−3	174	47
1993	01	31	CI	NE	1	0	WQ		4	1628	1337	0	0	48	116
1993	04	16	DZ	CI	1	1	WQ		-6	1634	1634	0	+2	44	44
1993	05	02	CI	NG	2	1	WQ		16	1650	1646	+6	−5	39	40
1993	07	07	CI	NE	3	2	F		2	1652	1355	0	0	39	116
1993	07	18	CI	DZ	1	0	WQ		12	1664	1599	+2	−4	37	54
1993	09	25	NG	CI	4	1	WQ		24	1697	1640	+2	−8	32	43
1993	10	04	JP	CI	1	0	AAC		22	1610	1618	+5	−8	55	52
1993	12	19	ML	CI	0	1	F		-7	1410	1625	−2	+4	99	50
1994	01	18	GN	CI	3	0	F		23	1444	1602	+4	−6	92	57
1994	01	29	CI	NE	5	3	BST	BF	8	1610	1323	0	−1	57	122
1994	01	30	BF	CI	0	1	BST		-9	1363	1619	−2	+3	113	54
1994	03	27	CI	SL	4	0	AR	TN	32	1651	1475	+12	−11	41	87
1994	03	31	ZM	CI	1	0	AR	TN	25	1674	1626	+6	−11	36	51
1994	04	03	CI	GH	2	1	AR	TN	27	1653	1622	+11	−11	40	52
1994	04	06	CI	NG	2	2	AR	TN	5	1658	1718	+2	−1	38	30
1994	04	10	CI	ML	3	1	AR	TN	20	1678	1460	+2	−3	36	90
1994	06	05	CI	LR	4	1	F		3	1681	1360	0	−2	36	116
1994	08	08	CI	ML	2	1	F		3	1684	1457	0	0	33	90
1994	11	08	TN	CI	2	0	F		16	1582	1668	+3	−3	61	37
1994	11	13	MA	CI	1	0	FQ		19	1599	1649	+6	−2	56	39
1994	11	26	CI	CM	2	1	SMB	ZA	13	1662	1584	+3	−5	36	62
1994	11	30	ZA	CI	0	0	SMB		-4	1649	1666	−1	0	40	36
1994	12	04	GH	CI	1	1	SMB	ZA	1	1645	1665	+1	0	40	36
1994	12	10	NA	CI	2	1	F		18	1159	1647	+1	−4	163	39
1995	01	15	CI	TG	0	0	F		-8	1639	1353	−4	+1	41	119
1995	01	22	CI	BF	2	2	FQ		-16	1623	1391	−5	+4	46	107
1995	04	26	CI	SL	4	0	F		8	1631	1500	+1	0	45	78
1995	05	13	CI	ML	0	1	F		-17	1614	1425	−8	+2	52	98
1995	05	28	CI	LR	1	1	F		-7	1607	1416	−1	+2	52	99
1995	06	04	CI	MA	2	0	FQ		20	1627	1573	+6	−3	46	61
1995	07	01	CI	GH	2	0	F		11	1638	1623	+5	−4	40	46
1995	07	23	ML	CI	2	2	F		4	1410	1634	+2	0	102	41
1995	07	30	BF	CI	1	1	FQ		7	1413	1627	+4	−4	101	45
1995	11	26	DZ	CI	0	0	BLA	GA	3	1559	1624	0	−1	66	46
1995	11	28	GA	CI	0	2	BLA		-18	1434	1642	−4	+3	97	43
1995	11	30	CI	CM	2	1	BLA	GA	11	1653	1538	+3	−5	40	71
1995	12	02	DZ	CI	0	0	BLA	GA	3	1575	1650	+1	−1	62	41
1995	12	09	CI	ML	2	1	F		2	1652	1323	0	0	41	120
1996	01	14	GH	CI	2	0	AR	ZA	37	1696	1615	+5	−7	33	49
1996	01	21	CI	MZ	1	0	AR	ZA	13	1628	1414	+4	−4	45	103
1996	01	25	TN	CI	3	1	AR	ZA	48	1574	1580	+11	−13	62	60
1996	05	26	GA	CI	0	1	F		-11	1491	1591	−4	+1	81	58
1996	06	02	CG	CI	2	0	WQ		40	1406	1551	+7	−9	107	67
1996	06	09	CI	BF	1	1	F		-7	1544	1347	−6	0	73	120
1996	06	16	CI	CG	1	1	WQ		-12	1532	1418	−1	+4	74	103
1996	10	04	DZ	CI	4	1	FQ		21	1604	1511	+4	−3	54	76
1997	01	08	CI	GN	2	1	F		4	1515	1359	0	−1	72	121
1997	01	26	CI	BJ	1	0	FQ		3	1518	1188	0	0	72	159
1997	02	23	ML	CI	1	2	FQ		-19	1380	1537	−7	+2	115	70
1997	05	08	CI	SN	4	1	F		9	1546	1437	0	0	70	91
1997	06	22	CI	DZ	2	1	FQ		16	1562	1559	+3	−7	66	67
1997	07	13	BJ	CI	0	0	FQ		13	1204	1549	+5	−3	153	69
1997	07	27	CI	ML	4	2	FQ		10	1559	1358	+3	−1	66	117
1997	11	02	CI	BF	0	0	F		-8	1551	1285	−2	0	65	136
1997	12	27	BF	CI	2	0	F		22	1305	1529	+4	−7	131	71
1998	01	29	CI	MZ	4	1	F		7	1536	1396	+2	−2	68	107
1998	02	01	CI	CM	1	0	F		8	1544	1553	+3	−2	65	63
1998	02	08	CI	NA	4	3	AR	BF	13	1557	1350	+3	−2	63	118
1998	02	11	CI	ZA	1	1	AR	BF	5	1562	1626	+2	−1	61	50
1998	02	16	CI	AO	5	2	AR	BF	39	1601	1484	+7	−8	54	78
1998	02	21	EG	CI	0	0	AR	BF	-3	1633	1604	0	0	49	55
1998	07	26	NE	CI	1	0	F		15	1337	1589	+6	−2	121	59
1998	08	30	BF	CI	1	1	F		3	1388	1586	+1	0	110	59
1998	09	16	EG	CI	0	0	F		-5	1694	1591	−2	0	39	58
1998	10	04	ML	CI	0	1	FQ		-18	1443	1609	−5	+4	93	55
1999	01	03	CI	TG	3	1	F		4	1613	1379	0	−2	54	114
1999	01	24	CI	NA	3	0	FQ		9	1622	1365	+1	−2	53	117
1999	02	28	CG	CI	1	0	FQ		24	1483	1598	+9	−4	78	58
1999	04	11	CI	CG	2	0	FQ		13	1611	1470	+1	−1	55	79
1999	06	05	NA	CI	1	1	FQ		10	1340	1601	+3	−2	120	56
1999	06	20	CI	ML	0	0	FQ		-12	1589	1472	−1	+5	57	81
1999	10	30	CI	GA	0	1	F		-16	1573	1467	−4	+6	61	87
1999	11	20	SN	CI	3	0	F		16	1510	1557	+5	−4	73	65
1999	12	29	CI	BF	3	1	F		6	1563	1422	+1	−2	64	101
2000	01	09	CI	EG	2	0	F		14	1577	1623	+3	−3	61	51
2000	01	24	CI	TG	1	1	AR	GH	-15	1562	1360	−4	+4	64	116
2000	01	28	CM	CI	3	0	AR	GH	41	1628	1521	+7	−6	51	70
2000	01	31	GH	CI	0	2	AR		-56	1548	1577	−9	+11	66	59
2000	04	09	RW	CI	2	2	WQ		13	1209	1564	+3	−2	152	62
2000	04	23	CI	RW	2	0	WQ		4	1568	1205	0	0	62	152
2000	06	18	CI	TN	2	2	WQ		-2	1566	1639	0	0	61	53
2000	06	28	LY	CI	2	0	F		16	1463	1550	+10	−2	84	63
2000	07	02	NE	CI	0	1	FQ		-13	1315	1563	−2	+3	126	60
2000	07	16	CI	NE	6	0	FQ		10	1573	1305	0	−1	59	127
2000	09	02	EG	CI	1	0	FQ		10	1665	1563	+1	0	47	62
2000	11	19	CI	LY	2	1	FQ		9	1572	1439	0	−1	62	91
2001	01	20	CI	SD	2	0	FQ		7	1579	1320	0	−1	61	124
2001	01	27	MG	CI	1	0	WQ		21	1479	1558	+4	−1	79	62
2001	01	28	MG	CI	1	3	WQ		-32	1447	1590	−8	+2	87	60
2001	03	10	CD	CI	1	2	WQ		-18	1433	1608	−6	+2	91	58
2001	03	25	SD	CI	0	0	FQ		7	1383	1601	+2	0	112	58
2001	04	22	CI	CG	2	0	WQ		8	1609	1355	+1	−1	57	120
2001	05	20	TN	CI	1	1	WQ		-7	1634	1616	−1	+1	54	56
2001	06	03	LY	CI	0	3	FQ		-27	1403	1643	−9	+4	106	52
2001	06	10	GW	CI	1	4	WFQ		-8	1178	1651	0	+2	158	51
2001	06	17	CI	EG	2	2	FQ		-6	1645	1658	−1	+2	52	48
2001	07	01	CI	MG	6	0	WQ		7	1652	1325	+2	−1	50	124
2001	07	15	CG	CI	1	1	WQ		9	1382	1643	+1	−3	113	55
2001	07	29	CI	CD	1	2	WQ		-35	1608	1446	−1	+12	55	91
2001	12	05	ML	CI	0	3	F		-14	1419	1622	−4	0	101	53
2002	01	12	CI	NG	1	1	F		0	1622	1718	0	0	53	39
2002	01	21	CI	TG	0	0	AR	ML	-8	1614	1518	0	+2	51	73
2002	01	25	CM	CI	1	0	AR	ML	17	1753	1597	+4	−5	29	56
2002	01	29	CD	CI	3	1	AR	ML	55	1477	1542	+15	−10	85	66
2002	09	08	CI	ZA	0	0	FQ		1	1543	1662	0	0	66	46
2002	09	18	CI	GM	5	0	WFU		13	1556	1352	+1	−3	65	122
2003	02	11	CI	CM	3	0	F	FR	28	1584	1765	+3	−5	60	29
2003	03	30	BI	CI	0	1	FQ		-10	1277	1594	−5	0	139	59
2003	04	30	MA	CI	0	1	F		-12	1551	1606	−3	0	67	57
2003	06	08	CI	BI	6	1	FQ		6	1612	1271	0	−3	57	141
2003	06	22	ZA	CI	2	1	FQ		12	1671	1600	+2	−1	45	59
2003	09	10	TN	CI	3	2	F		6	1644	1594	0	0	52	57
2003	11	15	SN	CI	1	0	F		4	1749	1590	0	0	28	59
2004	03	31	TN	CI	0	2	F		-23	1672	1613	−5	+3	44	57
2004	04	28	CI	GN	4	2	F	FR	11	1624	1512	+1	−1	56	75
2004	06	06	CI	LY	2	0	WQA		10	1634	1436	+2	−2	53	95
2004	06	20	EG	CI	1	2	WQA		-29	1664	1663	−5	+6	46	48
2004	07	04	CM	CI	2	0	WQA		17	1739	1646	+2	−4	29	52
2004	08	18	CI	SN	2	1	F	FR	11	1657	1669	+3	−5	46	42
2004	09	05	CI	SD	5	0	WQA		6	1663	1310	+1	−2	45	127
2004	10	10	BJ	CI	0	1	WQA		-7	1276	1670	−3	+3	137	43
2005	02	08	CD	CI	2	2	F	FR	6	1448	1664	0	−1	93	45
2005	03	27	CI	BJ	3	0	WQA		4	1668	1272	0	0	49	138
2005	06	03	LY	CI	0	0	WQA		3	1524	1665	0	0	74	48
2005	06	19	CI	EG	2	0	WQA		26	1691	1691	+8	−4	40	40
2005	08	17	FR	CI	3	0	F		4	1960	1687	0	−1	6	43
2005	09	04	CI	CM	2	3	WQA		-23	1664	1751	−7	+7	49	29
2005	10	08	SD	CI	1	3	WQA		-16	1377	1680	−2	+2	106	46
2005	11	12	CI	RO	2	1	F	FR	15	1695	1838	+2	−2	42	17
2005	11	16	IT	CI	1	1	F	CH	-6	1939	1701	0	+1	7	41
2006	01	17	CI	JO	2	0	F	AE	9	1710	1535	0	−2	40	73
2006	01	21	CI	MA	1	0	AR	EG	23	1733	1660	+7	−6	34	50
2006	01	24	CI	LY	2	1	AR	EG	9	1742	1449	+1	0	34	95
2006	01	28	EG	CI	3	1	AR		31	1732	1711	+5	−6	36	41
2006	02	04	CM	CI	1	1	AR	EG	-6	1783	1717	0	+1	26	40
2006	02	07	CI	NG	1	0	AR	EG	30	1747	1758	+5	−6	35	31
2006	02	10	EG	CI	0	0	AR		-8	1749	1755	−2	+2	34	33
2006	03	01	ES	CI	3	2	F		3	1960	1752	+1	+1	5	33
2006	05	27	CH	CI	1	1	F		-4	1792	1756	0	−1	24	34
2006	05	30	CL	CI	1	1	F	FR	1	1707	1755	+1	0	42	34
2006	06	04	CI	SI	3	0	F	FR	11	1766	1601	+2	−4	32	60
2006	06	10	AR	CI	2	1	WC	DE	17	1939	1749	0	−3	8	34
2006	06	16	NL	CI	2	1	WC	DE	11	2020	1738	0	−3	2	36
2006	06	21	CI	RM	3	2	WC	DE	31	1769	1717	+6	−4	30	38
2006	08	16	SN	CI	1	0	F	FR	13	1677	1756	+1	−4	46	31
2006	10	08	CI	GA	5	0	FQ		5	1761	1394	+1	−3	29	106
2006	11	15	CI	SE	1	0	F	FR	13	1774	1870	+3	−1	26	13
2007	02	06	CI	GN	1	0	F	FR	5	1779	1569	+2	−2	25	66
2007	03	21	MU	CI	0	3	F		-3	1254	1782	−2	+1	144	22
2007	03	25	MG	CI	0	3	FQ		-4	1176	1786	0	−1	163	23
2007	06	03	CI	MG	5	0	FQ		2	1788	1201	0	−1	23	157
2007	08	22	EG	CI	0	0	F	FR	2	1721	1786	0	−1	40	25
2007	09	08	GA	CI	0	0	FQ		13	1428	1773	+2	−4	99	29
2007	10	17	AT	CI	3	2	F		12	1604	1761	+2	−5	59	31
2007	11	17	AO	CI	2	1	F	FR	16	1545	1745	+3	−3	73	34
2007	11	21	QA	CI	1	6	F		-11	1469	1756	−2	+3	91	32
2008	01	12	KW	CI	0	2	F		-7	1445	1763	−4	+3	97	29
2008	01	21	CI	NG	1	0	AR	GH	24	1787	1729	+7	−4	24	37
2008	01	25	CI	BJ	4	1	AR	GH	7	1794	1356	+3	0	21	115
2008	01	29	CI	ML	3	0	AR	GH	20	1814	1567	+3	−6	18	66
2008	02	03	CI	GN	5	0	AR	GH	25	1839	1597	+3	−1	15	58
2008	02	07	EG	CI	4	1	AR	GH	54	1808	1785	+13	−11	20	27
2008	02	09	GH	CI	4	2	AR		29	1797	1756	+8	−6	22	33
2008	03	26	TN	CI	2	0	F	FR	20	1646	1736	+6	−4	49	36
2008	05	22	CI	PY	1	1	KRN	JP	3	1739	1795	+3	−1	33	21
2008	05	24	JP	CI	1	0	KRN		10	1758	1729	0	−6	32	39
2008	06	01	CI	MZ	1	0	WQA		2	1731	1317	0	−1	38	122
2008	06	08	MG	CI	0	0	WQA		16	1268	1715	+5	−2	138	39
2008	06	14	BW	CI	1	1	WQA		13	1372	1702	0	−1	115	40
2008	06	22	CI	BW	4	0	WQA		6	1708	1366	+1	−2	39	116
2008	08	20	CI	GN	2	1	F	FR	6	1714	1561	0	−1	39	66
2008	09	07	MZ	CI	1	1	WQA		12	1377	1702	+3	−2	114	41
2008	10	11	CI	MG	3	0	WQA		3	1705	1265	0	0	42	137
2008	11	19	IL	CI	2	2	F		-4	1746	1709	−1	0	33	41
2009	02	11	TR	CI	1	1	F		-6	1824	1715	−2	0	17	41
2009	02	14	CI	GQ	2	0	F		1	1716	1225	0	0	41	152
2009	03	29	CI	MW	5	0	WQA		4	1720	1317	0	−2	37	126
2009	06	07	GN	CI	1	2	WQA		-15	1519	1735	−6	+3	84	32
2009	06	13	CI	CM	2	1	F		6	1741	1701	0	−1	32	45
2009	06	20	BF	CI	2	3	WQA		-11	1463	1752	−1	+4	91	30
2009	08	12	TN	CI	0	0	F		0	1648	1752	0	−1	49	31
2009	09	05	CI	BF	5	0	WQA		7	1759	1442	+2	−1	29	97
2009	10	10	MW	CI	1	1	WQA		14	1357	1745	+2	−2	120	31
2009	11	14	CI	GN	3	0	WQA		8	1753	1472	+2	−4	32	91
2009	11	18	DE	CI	2	2	F		-7	1961	1760	0	+4	5	28
2010	01	04	TZ	CI	0	1	F		-3	1339	1763	−1	0	121	28
2010	01	07	CI	RW	2	0	F	TZ	3	1766	1398	0	−1	28	111
2010	01	11	BF	CI	0	0	AR	AO	17	1492	1749	+2	−3	88	31
2010	01	15	CI	GH	3	1	AR	AO	30	1779	1649	+7	−5	23	49
2010	01	24	DZ	CI	3	2	AR	AO	40	1583	1739	+17	−12	63	35
2010	03	03	KR	CI	2	0	F	EN	15	1755	1724	+3	−2	30	36
2010	05	30	CI	PY	2	2	F	FR	1	1725	1749	+2	−2	33	29
2010	06	04	CI	JP	2	0	F	CH	14	1739	1686	+3	−1	30	41
2010	06	15	CI	PT	0	0	WC	ZA	11	1750	1865	+5	0	26	11
2010	06	20	BR	CI	3	1	WC	ZA	10	2121	1740	0	−5	1	31
2010	06	25	CI	KP	3	0	WC	ZA	23	1763	1494	+6	−3	25	89
2010	08	10	CI	IT	1	0	F	EN	12	1775	1836	+3	−1	23	13
2010	09	04	CI	RW	3	0	FQ		4	1779	1394	+1	+1	20	110
2010	10	09	BI	CI	0	1	FQ		-2	1198	1781	0	−1	154	22
2010	11	17	PL	CI	3	1	F		16	1668	1765	+3	−4	44	24
2010	11	28	RW	CI	2	1	CEC	TZ	37	1380	1728	+7	−9	114	33
2010	12	01	CI	ZN	1	0	CEC	TZ	4	1732	1337	0	−2	33	122
2010	12	05	CI	SD	3	0	CEC	TZ	6	1738	1315	+2	−2	31	127
2010	12	07	CI	MW	1	0	CEC	TZ	5	1743	1412	+4	+1	27	108
2010	12	10	CI	ET	1	0	CEC	TZ	3	1746	1330	0	0	27	124
2010	12	12	TZ	CI	1	0	CEC		34	1395	1712	+6	−8	112	35
2011	02	08	CI	ML	1	0	F	FR	5	1717	1516	+1	0	36	83
2011	03	27	CI	BJ	2	1	FQ	GH	7	1724	1430	+1	−3	34	107
2011	06	05	BJ	CI	2	6	FQ		-18	1412	1742	−5	+4	109	32
2011	08	10	CI	IL	4	3	F	CH	9	1751	1692	+3	−1	29	41
2011	09	03	RW	CI	0	5	FQ		-11	1323	1762	−4	+3	130	28
2011	10	09	CI	BI	2	1	FQ		1	1763	1237	0	+1	28	144
2011	11	12	ZA	CI	1	1	NMC		2	1613	1761	0	0	57	29
2012	01	13	CI	TN	2	0	F	AE	8	1769	1579	+4	−4	25	65
2012	01	16	CI	LY	1	0	F	AE	3	1772	1491	+1	−1	24	92
2012	01	22	CI	SD	1	0	AR	GQ	5	1777	1398	0	−1	24	108
2012	01	26	CI	BF	2	0	AR	GQ	12	1789	1482	+3	−1	21	90
2012	01	30	CI	AO	2	0	AR	GQ	13	1802	1502	+4	−3	18	85
2012	02	04	GQ	CI	0	3	AR		-7	1282	1809	−1	0	136	18
2012	02	08	CI	ML	1	0	AR	GA	9	1818	1528	+2	−4	16	78
2012	02	12	CI	ZM	0	0	AR	GA	-12	1806	1640	−2	+2	18	52
2012	02	29	CI	GN	0	0	F		-8	1798	1545	−2	+1	20	74
2012	05	27	CI	ML	2	1	F	FR	5	1803	1582	+1	−3	20	65
2012	06	02	CI	TZ	2	0	WQ		1	1804	1260	+1	0	19	144
2012	06	09	MA	CI	2	2	WQ		9	1535	1795	0	−2	79	21
2012	08	15	RU	CI	1	1	F		-4	1842	1799	0	+1	15	18
2012	09	08	CI	SN	4	2	FQ		7	1806	1541	+2	−3	19	76
2012	10	13	SN	CI	0	2	FQ		-17	1524	1823	−3	+2	80	18
2012	11	14	AT	CI	0	3	F		-12	1603	1835	−1	0	57	17
2013	01	14	CI	EG	4	2	F	AE	7	1842	1636	0	0	17	50
2013	01	22	CI	TG	2	1	AR	ZA	4	1846	1406	0	−1	17	108
2013	01	26	CI	TN	3	0	AR	ZA	17	1863	1587	+2	−6	15	62
2013	01	30	DZ	CI	2	2	AR	ZA	20	1508	1843	+5	−2	83	17
2013	02	03	NG	CI	2	1	AR	ZA	38	1675	1805	+5	−3	44	20
2013	03	23	CI	GM	3	0	WQ		2	1807	1318	0	0	20	128
2013	06	08	GM	CI	0	3	WQ		-7	1311	1814	−1	0	132	20
2013	06	12	GH	CI	2	1	F		11	1697	1803	+3	−1	39	21
2013	06	14	GH	CI	1	1	F		0	1697	1803	0	0	39	21
2013	06	16	TZ	CI	2	4	WQ		-9	1386	1812	−2	+1	112	20
2013	08	14	MX	CI	4	1	F	US	18	1820	1794	+3	−4	20	24
2013	09	07	CI	MA	1	1	WQ		-16	1778	1532	−1	+5	23	79
2013	10	12	CI	SN	3	1	WQ		8	1786	1556	+2	−2	22	69
2013	11	16	CI	SN	1	1	WQ	MA	-12	1774	1568	−1	+4	24	65
2014	03	05	BE	CI	2	2	F		-4	1830	1778	0	+1	18	23
2014	05	30	BA	CI	2	1	F	US	10	1773	1768	+3	−3	23	26
2014	06	04	CI	SV	2	1	F	US	4	1772	1518	0	−1	25	78
2014	06	14	CI	JP	2	1	WC	BR	31	1803	1754	+4	−4	21	27
2014	06	19	CO	CI	2	1	WC	BR	17	1977	1786	+1	−1	6	22
2014	06	24	GR	CI	2	1	WC	BR	30	1812	1756	+4	−3	20	26
2014	09	06	CI	SL	2	1	FQ		2	1758	1361	0	−2	27	121
2014	09	10	CM	CI	4	1	FQ		41	1634	1717	+11	−4	50	30
2014	10	11	CD	CI	1	2	FQ		-10	1426	1727	0	+1	103	30
2014	10	15	CI	CD	3	4	FQ		-36	1691	1462	−9	+7	39	96
2014	11	14	CI	SL	5	1	FQ		6	1697	1347	+2	−1	37	123
2014	11	19	CI	CM	0	0	FQ		-9	1688	1641	+1	+3	36	50
2015	01	15	SE	CI	2	0	F	AE	11	1794	1677	+2	−6	21	43
2015	01	20	GN	CI	1	1	AR	GQ	7	1582	1670	+1	−3	65	46
2015	01	24	CI	ML	1	1	AR	GQ	-9	1661	1547	−1	+1	50	71
2015	01	28	CI	CM	1	0	AR	GQ	22	1683	1602	+5	−3	43	60
2015	02	01	CI	DZ	3	1	AR	GQ	41	1724	1675	+8	−9	35	45
2015	02	04	CI	CD	3	1	AR	GQ	18	1742	1508	+7	−6	28	79
2015	02	08	GH	CI	0	0	AR	GQ	0	1748	1742	0	0	28	29
2015	03	26	CI	AO	2	0	F		3	1745	1435	−1	0	30	104
2015	03	29	CI	GQ	1	1	F		-9	1736	1389	−1	+1	30	112
2015	06	14	GA	CI	0	0	F		4	1481	1732	+1	−2	89	33
2015	09	06	CI	SL	0	0	FQ	NG	-17	1715	1336	−5	+5	37	126
2015	10	09	MA	CI	0	1	F		-8	1550	1723	−4	+3	72	35
2015	11	13	LR	CI	0	1	WQ		-6	1329	1729	−2	+3	127	35
2015	11	17	CI	LR	3	0	WQ		4	1733	1325	+1	0	33	128
2016	03	25	CI	SD	1	0	FQ		2	1735	1284	+2	−3	32	136
2016	03	29	SD	CI	1	1	FQ		15	1299	1720	+3	−5	131	37
2016	05	20	HU	CI	0	0	F		-2	1698	1722	0	0	41	37
2016	06	04	CI	GA	2	1	F		2	1724	1446	+1	0	37	98
2016	09	03	CI	SL	1	1	FQ		-18	1706	1369	−7	+1	42	116
2016	10	08	CI	ML	3	1	WQ		12	1718	1558	+1	−4	39	69
2016	11	12	MA	CI	0	0	WQ		1	1597	1717	0	0	60	36
2016	11	15	FR	CI	0	0	F		-8	2008	1725	0	+2	4	34
2016	12	26	CI	ZW	0	0	F		-8	1717	1415	0	+2	34	104
2017	01	08	CI	SE	2	1	F	AE	11	1728	1755	0	−2	34	28
2017	01	11	CI	UG	3	0	F	AE	7	1735	1480	+1	0	33	86
2017	01	16	CI	TG	0	0	AR	GA	-18	1717	1432	−1	+8	34	98
2017	01	20	CD	CI	2	2	AR	GA	9	1600	1708	+2	−2	59	37
2017	01	24	MA	CI	1	0	AR	GA	33	1618	1675	+7	−7	58	44
2017	03	24	RU	CI	0	2	F		-20	1669	1695	−6	+6	46	39
2017	03	27	CI	SN	1	1	F	FR	0	1695	1706	0	0	39	36
2017	06	04	NL	CI	5	0	F		8	1847	1687	0	0	18	39
2017	06	10	CI	GN	2	3	FQ		-34	1653	1534	−9	+9	50	75
2017	09	02	GA	CI	0	3	WQ		-23	1406	1676	−6	+3	105	46
2017	09	05	CI	GA	1	2	WQ		-36	1640	1442	−7	+8	51	97
2017	10	06	ML	CI	0	0	WQ		2	1510	1638	0	−1	80	51
2017	11	11	CI	MA	0	2	WQ		-37	1601	1688	−8	+4	61	45
2018	03	24	CI	TG	2	2	F	FR	-6	1595	1385	−3	+2	65	111
2018	03	27	CI	MD	2	1	F	FR	4	1599	1322	+2	0	62	124
2018	09	09	RW	CI	1	2	FQ		-9	1273	1608	−3	+2	142	56
2018	10	12	CI	CF	4	0	FQ		7	1615	1318	+1	−3	54	128
2018	10	16	CF	CI	0	0	FQ		10	1328	1605	+2	−2	125	56
2018	11	18	GN	CI	1	1	FQ		2	1465	1603	0	−1	91	57
2019	03	23	CI	RW	3	0	FQ		5	1608	1262	+2	−2	55	145
2019	03	26	CI	LR	1	0	F		2	1610	1331	0	−4	57	128
2019	06	07	CI	KM	3	1	F	FR	1	1611	1096	+1	0	56	178
2019	06	15	UG	CI	1	0	F	AE	15	1446	1596	+5	−5	92	60
2019	06	19	CI	ZM	4	1	F	AE	11	1607	1446	+4	−1	55	93
2019	06	24	CI	ZA	1	0	AR	EG	19	1626	1506	+3	−2	52	77
2019	06	28	MA	CI	1	0	AR	EG	21	1696	1605	+4	−2	42	55
2019	07	01	CI	NA	4	1	AR	EG	16	1621	1331	+1	−4	54	124
2019	07	08	CI	ML	1	0	AR	EG	21	1642	1541	+3	−4	51	73
2019	07	11	DZ	CI	1	1	AR	EG	0	1642	1642	−1	−1	52	52
2019	09	06	BJ	CI	2	1	F	FR	15	1460	1627	+6	0	90	52
2019	09	10	CI	TN	2	1	F	FR	9	1636	1597	+1	−1	51	57
2019	10	13	CI	CD	3	1	F	FR	10	1646	1515	0	−2	50	78
2019	11	16	CI	NE	1	0	FQ		3	1649	1289	0	−1	49	137
2019	11	19	ET	CI	2	1	FQ		34	1281	1615	+9	−7	137	55
2020	10	08	BE	CI	1	1	F		-9	2099	1624	0	+2	1	55
2020	10	13	JP	CI	1	0	F	NL	7	1747	1617	0	−3	34	57
2020	11	12	CI	MG	2	1	FQ		6	1623	1415	+4	−2	52	100
2020	11	17	MG	CI	1	1	FQ		6	1421	1617	+2	−1	98	54
2021	03	26	NE	CI	0	3	FQ		-13	1241	1630	−3	+3	149	52
2021	03	30	CI	ET	3	1	FQ		6	1636	1326	+1	−1	51	128
2021	06	05	CI	BF	2	1	F		5	1641	1549	0	−2	48	73
2021	06	12	GH	CI	0	0	F		-2	1597	1643	−2	−1	62	48
2021	09	03	MZ	CI	0	0	WQ		11	1328	1632	+3	−2	127	51
2021	09	06	CI	CM	2	1	WQ		11	1643	1561	+1	−3	51	69
2021	10	08	CI	MW	3	0	WQ	ZA	9	1652	1311	+1	−3	50	130
2021	10	11	CI	MW	2	1	WQ	BJ	5	1657	1306	−1	0	50	130
2021	11	13	CI	MZ	3	0	WQ	BJ	8	1665	1284	+4	−3	46	138
2021	11	16	CM	CI	1	0	WQ		19	1607	1646	+4	−1	61	50
2022	01	12	CI	GQ	1	0	AR	CM	11	1657	1416	0	−3	51	97
2022	01	16	CI	SL	2	2	AR	CM	-17	1640	1373	−1	+6	52	108
2022	01	20	CI	DZ	3	1	AR	CM	48	1688	1692	+8	−9	44	42
2022	01	26	EG	CI	0	0	AR	CM	3	1651	1685	0	0	52	44
2022	03	25	FR	CI	2	1	F		1	2115	1684	0	0	3	46
2022	03	29	EN	CI	3	0	F		2	2038	1682	0	+3	6	44
2022	06	03	CI	ZM	3	1	FQ		7	1689	1412	+1	0	45	98
2022	06	09	CI	LS	0	0	FQ	ZA	-18	1671	1216	0	+6	46	156
2022	09	24	CI	TG	2	1	F	FR	2	1673	1321	0	−3	46	130
2022	09	27	CI	GN	3	1	F	FR	5	1678	1382	−1	−1	48	110
2022	11	16	CI	BI	4	0	F	MA	3	1681	1253	+2	−4	47	149
2022	11	19	BF	CI	2	1	F	MA	13	1602	1668	+1	−3	62	49
2023	03	24	CI	KM	3	1	FQ		3	1671	1244	+1	−1	48	151
2023	03	28	KM	CI	0	2	FQ		-8	1236	1679	−3	+3	154	46
2023	06	17	ZM	CI	3	0	FQ		47	1507	1632	+13	−5	77	52
2023	09	09	CI	LS	1	0	FQ		2	1634	1217	+2	0	51	155
2023	09	12	CI	ML	0	0	F		-3	1631	1613	−1	+1	52	58
2023	10	14	CI	MA	1	1	F		3	1634	1838	+1	−1	50	20
2023	10	17	CI	ZA	1	1	F		-6	1628	1522	−2	+1	53	73
2023	11	17	CI	SC	9	0	WQ		1	1629	860	−1	−1	55	204
2023	11	20	CI	GM	2	0	WQ	TZ	13	1642	1396	+5	−5	50	107
2024	01	06	CI	SL	5	1	F		3	1645	1308	+1	−2	50	136
2024	01	13	CI	GW	2	0	AR		9	1654	1398	+1	−1	50	105
2024	01	18	CI	NG	0	1	AR		-38	1616	1599	−7	+3	57	63
2024	01	22	CI	GQ	0	4	AR		-69	1547	1604	−12	+10	70	61
2024	01	29	CI	SN	1	1	AR		9	1556	1769	+1	−1	67	28
2024	02	03	CI	ML	2	1	AR		24	1580	1625	+6	−5	63	56
2024	02	07	CI	CD	1	0	AR		16	1596	1527	0	0	64	72
2024	02	11	CI	NG	2	1	AR		22	1618	1634	+6	−4	58	54
2024	03	23	BJ	CI	2	2	F	FR	7	1348	1611	+4	−2	119	60
2024	03	26	CI	UY	2	1	F	FR	18	1629	1988	+5	−2	56	8
2024	06	07	CI	GA	1	0	WQ		6	1635	1424	0	0	53	97
2024	06	11	CI	KE	0	0	WQ	MW	-12	1623	1407	−4	+3	57	103
2024	09	06	CI	ZM	2	0	FQ		6	1629	1345	+1	−3	55	123
2024	09	10	CI	TD	2	0	FQ	CM	4	1633	1158	−1	0	56	164
2024	10	11	CI	SL	4	1	FQ		5	1638	1294	+1	−3	55	142
2024	10	15	SL	CI	1	0	FQ	LR	35	1329	1603	+11	−3	128	59
2024	11	15	ZM	CI	1	0	FQ		28	1383	1575	+10	−8	110	68
2024	11	19	CI	TD	4	0	FQ		4	1579	1166	+4	0	63	164
2025	03	21	CI	BI	1	0	WQ	MA	6	1585	1274	0	−5	61	147
2025	03	24	CI	GM	1	0	WQ		6	1591	1373	0	−3	62	116
2025	06	07	NZ	CI	1	0	CDS	CA	15	1610	1576	+4	−1	59	65
2025	06	10	CA	CI	0	0	CDS		-11	1785	1587	−2	0	29	65
2025	09	05	CI	BI	1	0	WQ		4	1591	1288	+1	−2	63	141
2025	09	09	GA	CI	0	0	WQ		2	1464	1589	0	+2	88	61
2025	10	10	CI	SC	7	0	WQ	MU	1	1590	845	−1	0	63	204
2025	10	14	CI	KE	3	0	WQ		9	1599	1354	0	−2	64	116
2025	11	14	SA	CI	1	0	F		8	1593	1591	+2	−1	64	65
2025	11	18	OM	CI	0	2	F		-16	1493	1607	−2	+3	83	62
2025	12	24	CI	MZ	1	0	AR	MA	11	1618	1369	+1	−2	60	110
2025	12	28	CM	CI	1	1	AR	MA	3	1581	1615	0	0	68	61
2025	12	31	CI	GA	3	2	AR	MA	12	1627	1405	+1	−1	59	99
2026	01	06	CI	BF	3	0	AR	MA	37	1664	1534	+8	−6	52	76
2026	01	10	EG	CI	3	2	AR	MA	27	1668	1637	+6	−6	51	58
2026	03	28	CI	KR	4	0	F	EN	26	1663	1758	+4	−4	53	31
2026	03	31	CI	SQ	1	0	F	EN	13	1676	1767	+1	−2	52	29
2026	06	04	FR	CI	1	2	F		-19	2062	1695	0	+5	3	47
2026	06	14	CI	EC	1	0	WC	US	48	1743	1890	+12	−6	37	15
2026	06	20	DE	CI	2	1	WC	CA	15	1954	1728	0	−1	9	38