1917	05	09	JP	CN	0	5	FEG		-25	1275	1566	−	+1	30	20
1917	05	10	JP	PH	2	15	FEG		-79	1196	1338	−1	+2	31	29
1921	05	30	PH	JP	3	1	FEG	CN	19	1342	1177	0	0	35	37
1921	06	01	CN	JP	4	0	FEG		4	1590	1173	0	0	23	37
1921	06	03	CN	JP	3	0	OIC		3	1593	1170	0	0	23	37
1923	05	23	JP	PH	1	2	FEG		-17	1153	1341	0	0	49	47
1923	05	24	JP	CN	1	5	FEG		-9	1144	1615	0	+3	49	26
1925	05	17	PH	JP	4	0	FEG		11	1352	1133	0	0	51	56
1925	05	20	CN	JP	2	0	FEG	PH	4	1585	1129	0	0	29	56
1927	08	27	CN	JP	5	1	FEG		3	1580	1126	+1	0	29	59
1927	08	29	JP	PH	2	1	FEG	CN	30	1156	1298	0	0	59	54
1930	05	25	JP	PH	7	2	FEG		44	1200	1248	0	−4	64	63
1930	05	30	JP	CN	3	3	FEG		14	1214	1582	0	−2	64	32
1934	05	13	DI	JP	7	1	FEG	PH	13	1522	1201	+2	0	45	76
1934	05	15	PH	JP	3	4	FEG		-27	1199	1228	−1	+1	76	75
1934	05	20	CN	JP	4	3	FEG	PH	4	1622	1224	+1	0	32	76
1936	08	04	JP	SE	3	2	OG	DE	57	1281	1700	+6	−7	73	21
1936	08	07	IT	JP	8	0	OG	DE	2	2055	1279	0	0	1	73
1940	06	16	JP	PH	1	0	EAM		12	1291	1217	+4	−1	78	90
1942	08	16	KA	JP	5	0	F		2	1702	1289	−	−1	21	81
1951	03	07	IR	JP	0	0	ASG	IN	-13	1559	1302	−2	+4	46	91
1951	03	08	IR	JP	3	2	ASG	IN	7	1566	1295	+2	−2	44	93
1951	03	09	JP	AF	2	0	ASG	IN	6	1301	908	+2	0	91	114
1954	03	07	JP	KR	1	5	WQ		-10	1291	1741	−4	0	103	19
1954	03	14	JP	KR	2	2	WQ		15	1306	1726	+6	0	97	19
1954	05	01	ID	JP	5	3	ASG	PH	18	1477	1288	+3	−7	69	106
1954	05	03	IN	JP	3	2	ASG	PH	5	1645	1283	0	−3	33	108
1955	01	11	BU	JP	0	1	F		-13	1285	1296	−7	+6	108	102
1955	10	09	JP	BU	0	0	F		-3	1293	1288	0	+2	102	105
1956	00	00	PH	JP	0	2	SEG		-27	1133	1320	−4	+10	125	92
1956	00	00	PH	JP	0	3	SEG		-26	1107	1346	−4	+10	125	92
1956	06	03	JP	KR	2	0	OQ		41	1387	1541	+6	−10	88	56
1956	06	10	JP	KR	0	2	OQ		-25	1362	1566	−3	+7	91	49
1956	11	20	YU	JP	7	2	F	AU	2	1904	1360	0	−2	8	94
1956	11	27	AU	JP	2	0	OG		11	1611	1349	+2	−2	44	96
1958	05	26	JP	PH	0	1	ASG		-36	1313	1115	−3	+4	102	130
1958	05	28	JP	HK	0	2	ASG		-22	1291	1533	−6	+2	107	60
1958	12	25	HK	JP	5	2	F		5	1509	1286	0	−2	64	110
1958	12	28	AY	JP	6	2	F		10	1383	1276	+2	−1	94	111
1959	01	04	AY	JP	1	3	F		-23	1360	1299	−3	+6	98	106
1959	01	10	SG	JP	3	4	F		-10	1204	1309	−1	+1	124	105
1959	01	11	SG	JP	3	2	F		10	1214	1299	+1	−1	123	106
1959	08	31	HK	JP	1	1	MRD	AY	-8	1490	1307	−1	+1	72	106
1959	09	02	HK	JP	4	2	MRD	AY	12	1502	1295	+2	−2	70	108
1959	09	03	JP	SG	4	1	MRD	AY	16	1311	1131	+4	−2	104	131
1959	09	05	JP	KR	0	0	MRD	AY	11	1322	1631	0	−1	104	40
1959	09	06	KR	JP	3	1	MRD	AY	7	1638	1315	0	0	40	104
1959	12	13	JP	KR	0	2	OQ		-12	1303	1667	−3	+2	107	37
1959	12	20	JP	KR	1	0	OQ		33	1336	1634	+5	−2	102	39
1960	11	06	KR	JP	2	1	WQ		2	1709	1334	0	0	26	105
1961	05	28	JP	AY	3	2	F		10	1344	1407	0	−6	105	92
1961	06	11	JP	KR	0	2	WQ		-11	1333	1720	0	+1	105	24
1961	08	02	AY	JP	3	2	MRD		8	1415	1325	+3	0	89	105
1961	08	06	JP	IN	3	1	MRD	AY	31	1356	1427	0	−7	105	84
1961	08	10	RV	JP	3	2	MRD	AY	13	1419	1343	+8	0	85	105
1961	08	15	ID	JP	2	0	FT	SG	10	1571	1333	+1	0	53	105
1961	11	28	JP	YU	0	1	F		-1	1332	1967	−1	0	105	5
1962	08	25	JP	TH	3	1	ASG	ID	21	1353	1201	0	−3	105	128
1962	08	29	IN	JP	2	0	ASG	ID	24	1449	1329	+4	−1	83	106
1962	08	30	KR	JP	1	0	ASG	ID	4	1713	1325	0	0	25	106
1962	09	08	AY	JP	2	2	MRD		-9	1475	1334	−2	+1	77	105
1962	09	12	JP	PK	1	1	MRD	AY	2	1336	1376	0	−1	105	102
1962	09	15	BU	JP	3	1	MRD	AY	31	1235	1305	+3	−5	124	110
1962	09	21	SG	JP	2	1	F		9	1235	1296	+1	−4	124	114
1962	12	09	JP	SE	1	5	F		-2	1294	1876	0	0	114	12
1963	08	08	AY	JP	3	4	MRD		-24	1423	1318	−4	+8	86	106
1963	08	10	JP	TH	4	1	MRD	AY	17	1335	1175	+1	−1	105	133
1963	08	12	JP	RV	5	1	MRD	AY	40	1375	1453	+4	−9	101	79
1963	08	13	JP	KR	1	1	MRD	AY	11	1386	1690	+3	−4	98	32
1963	08	15	TW	JP	2	0	MRD	AY	9	1645	1377	+1	−2	39	100
1963	10	12	JP	RV	2	1	FT		14	1391	1436	+4	0	97	82
1964	03	03	SG	JP	1	2	F		-9	1243	1400	−2	+3	121	94
1964	07	24	RU	JP	0	0	F		-10	2000	1410	0	+6	1	89
1964	10	16	JP	GH	2	3	OG		-10	1400	1806	−6	+1	95	17
1964	10	20	JP	YU	1	6	OG		-9	1391	1954	−3	0	98	4
1965	03	11	HK	JP	1	4	F		-23	1385	1414	−8	+12	97	86
1965	03	15	HK	JP	1	2	F		-12	1373	1426	−5	+1	102	85
1965	03	22	BU	JP	1	1	F		0	1320	1426	0	0	111	85
1965	03	25	SG	JP	1	4	F		-14	1243	1440	−2	+2	124	83
1965	03	27	MY	JP	1	1	F		0	1345	1440	−1	0	107	83
1965	07	20	RU	JP	2	1	F		1	1966	1439	0	0	4	83
1966	07	20	RU	JP	4	2	F		0	2052	1439	0	0	1	85
1966	12	10	JP	IN	2	1	ASG	TH	25	1464	1509	+9	−3	78	63
1966	12	11	JP	IR	3	1	ASG	TH	42	1506	1568	+12	−5	66	49
1966	12	14	JP	MY	1	0	ASG	TH	7	1513	1240	+2	−1	63	128
1966	12	16	JP	SG	5	1	ASG	TH	23	1536	1352	+4	−2	59	102
1966	12	17	TH	JP	1	5	ASG		-22	1266	1558	−6	+7	124	52
1966	12	18	IR	JP	1	0	ASG	TH	19	1602	1539	+2	−5	46	57
1966	12	19	JP	SG	2	0	ASG	TH	14	1553	1320	+5	−4	52	111
1967	07	28	PE	JP	1	0	F		6	1619	1547	0	−2	42	56
1967	07	30	PE	JP	0	0	F		-5	1614	1552	0	0	42	56
1967	07	30	TW	JP	2	2	SQ		4	1394	1548	+2	0	96	56
1967	08	01	JP	KR	2	1	SQ	TW	16	1564	1455	+5	−8	52	81
1967	08	03	JP	PH	2	0	SQ	TW	2	1566	1017	+1	0	51	157
1967	08	06	JP	ID	2	1	SQ	TW	14	1580	1436	+1	−4	50	86
1967	09	27	JP	PH	15	0	OQ		3	1583	1007	0	0	51	157
1967	09	30	JP	TW	4	0	OQ		13	1596	1400	+2	−2	49	96
1967	10	03	JP	LB	3	1	OQ		8	1604	1370	+2	−3	47	103
1967	10	07	JP	KR	3	3	OQ		-7	1597	1593	−2	+2	49	50
1967	10	10	JP	RV	1	0	OQ		7	1604	1434	+2	−3	47	86
1968	03	30	AU	JP	2	2	F		-2	1584	1606	−3	+1	54	47
1968	03	31	AU	JP	3	1	F		12	1596	1594	+4	−4	50	51
1968	04	04	AU	JP	1	3	F		-19	1577	1613	−5	+6	54	44
1968	07	18	RU	JP	2	0	F		2	1963	1611	0	−1	6	46
1968	10	14	JP	NG	3	1	OG	MX	41	1652	1540	+8	−9	37	63
1969	10	10	AU	JP	3	1	WQ	KR	37	1607	1615	+6	−9	50	47
1969	10	12	KR	JP	2	2	WQ		-3	1568	1618	+1	0	55	47
1969	10	16	AU	JP	1	1	WQ	KR	-1	1629	1619	−1	0	43	48
1969	10	18	KR	JP	2	0	WQ		28	1573	1591	+6	−2	55	50
1970	07	31	HK	JP	2	1	MRD	MY	27	1235	1564	+5	−3	127	56
1970	08	02	JP	KR	1	1	MRD	MY	1	1565	1588	0	0	56	52
1970	08	04	JP	TH	0	0	MRD	MY	-10	1555	1310	−1	+3	57	111
1970	08	08	JP	ID	4	3	MRD	MY	15	1570	1540	0	−7	56	63
1970	08	10	JP	SG	4	0	MRD	MY	5	1575	1150	0	0	56	143
1970	08	16	JP	TW	3	2	MRD	MY	6	1581	1310	+2	−2	54	113
1970	12	10	JP	MY	1	0	ASG	TH	8	1589	1343	+2	−4	52	109
1970	12	12	JP	KU	1	0	ASG	TH	4	1593	1203	+2	−1	50	133
1970	12	14	JP	BU	2	1	ASG	TH	17	1610	1530	+3	−2	47	64
1970	12	16	JP	ID	2	1	ASG	TH	9	1619	1392	0	0	47	93
1970	12	17	JP	IN	1	0	ASG	TH	9	1628	1407	+4	−4	43	92
1970	12	18	KR	JP	2	1	ASG	TH	20	1645	1608	+5	−4	40	47
1970	12	19	IN	JP	1	0	ASG	TH	31	1420	1577	+6	−8	87	55
1971	07	28	DK	JP	3	2	F		7	1575	1570	+2	−2	55	57
1971	08	13	IS	JP	0	2	F		-8	1280	1578	−4	+2	118	55
1971	09	23	MY	JP	3	0	OQ	KR	56	1399	1522	+14	−11	92	65
1971	09	27	JP	PH	8	1	OQ	KR	6	1528	1058	+2	0	63	157
1971	09	29	JP	TW	5	1	OQ	KR	11	1539	1217	+1	−1	62	130
1971	10	02	KR	JP	2	1	OQ		11	1611	1528	+4	−1	45	63
1972	07	12	JP	KU	4	1	MRD	MY	15	1543	1354	+1	−4	62	105
1972	07	16	JP	LK	5	0	MRD	MY	2	1545	974	0	0	62	164
1972	07	18	JP	PH	5	1	MRD	MY	4	1549	1090	+1	−1	61	155
1972	07	22	MY	JP	3	1	MRD		21	1487	1528	+4	−2	66	63
1972	07	26	KR	JP	3	0	MRD	MY	24	1583	1504	+5	−1	51	64
1972	08	04	JP	PH	4	1	FT	SG	4	1508	1077	0	0	64	155
1972	08	06	ID	JP	1	0	FT	SG	18	1465	1490	+7	−1	72	65
1972	09	14	JP	KR	2	2	F		0	1490	1598	0	0	65	50
1973	05	16	IL	JP	2	1	WQ	KR	9	1714	1481	+1	−2	30	66
1973	05	20	JP	RV	4	0	WQ	KR	24	1505	1326	+2	−4	64	109
1973	05	22	HK	JP	1	0	WQ	KR	31	1332	1474	+12	−3	107	67
1973	05	26	IL	JP	1	0	WQ	KR	8	1734	1466	0	−2	27	69
1973	06	23	KR	JP	2	0	F		7	1596	1459	+3	−1	49	70
1974	00	00	KW	JP	4	3	F		8	1443	1451	+10	−3	75	77
1974	02	12	SG	JP	0	1	F		-4	1109	1455	−1	+1	150	75
1974	02	16	MY	JP	0	1	F		-14	1477	1469	−3	+4	68	71
1974	02	20	HK	JP	0	0	F		1	1344	1468	0	−1	106	72
1974	07	23	RO	JP	4	1	F		3	1804	1465	0	0	19	73
1974	09	03	JP	PH	4	0	ASG	IR	6	1471	1027	+1	−1	72	159
1974	09	05	JP	MY	1	1	ASG	IR	-2	1469	1443	0	+1	72	79
1974	09	07	IL	JP	3	0	ASG	IR	13	1742	1456	+1	−4	26	76
1974	09	28	JP	KR	4	1	F		16	1472	1517	+5	−3	72	63
1975	06	14	HK	JP	0	0	SQ		0	1371	1472	0	+1	100	75
1975	06	17	KP	JP	1	0	SQ	HK	14	1601	1458	+2	−2	46	77
1975	06	21	JP	SG	2	1	SQ	HK	5	1463	1131	0	−1	76	143
1975	06	23	CN	JP	2	1	SQ	HK	12	1631	1451	+1	−2	42	79
1975	06	26	HK	JP	0	1	SQ		-21	1347	1472	−4	+4	106	75
1975	07	30	HK	JP	2	0	MRD	MY	30	1377	1442	+6	−8	99	82
1975	08	02	MY	JP	2	0	MRD		17	1440	1425	+6	−5	83	87
1975	08	04	JP	BD	3	0	MRD	MY	5	1430	1032	+1	0	86	158
1975	08	07	JP	ID	4	1	MRD	MY	24	1454	1382	+9	−5	77	97
1975	08	09	KR	JP	3	1	MRD	MY	14	1599	1440	+1	−7	48	85
1975	08	11	JP	TH	4	0	MRD	MY	15	1455	1249	+7	−2	78	124
1975	08	14	JP	BU	2	0	MRD	MY	29	1484	1533	+8	−5	70	58
1975	09	08	KR	JP	3	0	F		7	1635	1477	+2	−2	41	73
1976	01	25	JP	BG	1	3	F		-7	1470	1800	−1	+1	73	19
1976	01	28	JP	BG	1	1	F		6	1476	1794	+1	−1	72	20
1976	02	01	JP	BG	0	3	F		-8	1468	1802	−1	+1	73	19
1976	03	14	JP	PH	3	0	OQ		3	1471	1014	0	0	72	160
1976	03	17	JP	PH	3	0	OQ		3	1474	1011	0	−1	72	161
1976	03	21	JP	KR	0	2	OQ		-23	1451	1682	−4	+6	76	33
1976	03	27	KR	JP	2	2	OQ		-15	1667	1466	−3	+4	36	72
1976	03	31	IL	JP	3	0	OQ	KR	13	1737	1453	0	−4	28	76
1976	04	11	IL	JP	4	1	OQ		6	1776	1447	0	−2	23	78
1976	08	08	JP	IN	5	1	MRD	MY	19	1466	1305	+4	−3	73	114
1976	08	10	JP	ID	6	0	MRD	MY	22	1488	1332	+6	−5	67	110
1976	08	13	BU	JP	2	2	MRD	MY	-2	1524	1490	−1	+1	61	66
1976	08	16	JP	TH	2	2	MRD	MY	-7	1483	1319	−2	0	67	110
1976	08	18	JP	KR	0	0	MRD	MY	6	1489	1637	+2	−1	65	43
1976	08	20	MY	JP	2	2	MRD		-3	1449	1492	0	0	78	65
1976	08	22	MY	JP	2	0	MRD		19	1468	1473	+4	−7	74	72
1976	12	04	JP	KR	1	2	F		-8	1465	1654	−4	+1	77	39
1977	03	06	IL	JP	2	0	WQ		7	1725	1458	+1	0	28	78
1977	03	10	IL	JP	2	0	WQ		6	1731	1452	+1	−3	27	81
1977	03	26	JP	KR	0	0	WQ		6	1458	1660	+2	0	78	38
1977	04	03	KR	JP	1	0	WQ		6	1666	1452	+1	−2	36	80
1977	06	15	KR	JP	2	1	F		3	1669	1449	0	0	35	80
1978	05	23	JP	TH	3	0	KRN		10	1459	1281	+2	−2	76	119
1978	07	13	IQ	JP	0	0	MRD	MY	-6	1588	1465	−1	+1	51	76
1978	07	15	ID	JP	2	1	MRD	MY	19	1383	1446	+3	−4	94	80
1978	07	17	JP	SY	3	2	MRD	MY	10	1456	1326	+5	−2	75	108
1978	07	19	KR	JP	4	0	MRD	MY	9	1757	1447	+1	−4	24	79
1978	07	21	MY	JP	4	1	MRD		19	1463	1428	+5	−6	75	85
1978	07	23	SG	JP	2	1	MRD	MY	25	1159	1403	+6	−8	138	92
1978	07	26	JP	TH	4	0	MRD	MY	23	1426	1319	+7	−3	85	108
1978	11	19	JP	SU	1	4	F		-4	1422	1911	−2	+1	89	10
1978	11	23	JP	SU	1	4	F		-3	1419	1914	0	0	89	10
1978	11	26	JP	SU	0	3	F		-3	1416	1917	0	0	89	10
1978	12	11	KW	JP	2	0	ASG	TH	10	1696	1406	0	−2	34	91
1978	12	13	JP	BH	4	0	ASG	TH	12	1418	1108	+3	−3	88	148
1978	12	15	KR	JP	3	1	ASG	TH	6	1808	1412	0	−1	20	89
1979	03	04	JP	KR	2	1	F		17	1429	1815	+6	−2	84	18
1979	05	31	JP	ID	4	0	KRN		10	1439	1246	+4	−2	83	122
1979	06	16	KR	JP	4	1	F		2	1817	1437	0	0	18	83
1979	06	27	MY	JP	1	1	MRD		-5	1448	1442	−2	+1	80	82
1979	06	29	JP	TH	2	1	MRD	MY	11	1453	1337	+3	−3	79	107
1979	07	01	JP	BU	1	0	MRD	MY	12	1465	1381	+4	−3	75	96
1979	07	11	ID	JP	0	0	MRD	MY	8	1276	1457	+2	−2	118	78
1979	07	13	JP	SG	3	1	MRD	MY	5	1462	1101	+2	0	76	149
1979	08	23	KP	JP	0	0	F		-7	1685	1469	−1	+2	33	78
1980	03	22	KR	JP	3	1	OQ	MY	7	1835	1462	0	−2	17	79
1980	03	24	JP	PH	10	0	OQ	MY	6	1468	968	+2	0	77	165
1980	03	28	JP	ID	2	0	OQ	MY	10	1478	1179	+5	−2	73	138
1980	03	30	MY	JP	1	1	OQ		-8	1517	1486	−2	+2	68	71
1980	04	02	JP	BN	2	1	OQ	MY	1	1487	918	0	0	71	169
1980	06	09	JP	HK	3	1	FT	CN	17	1504	1379	+2	−3	68	94
1980	06	11	CN	JP	1	0	FT		7	1606	1497	0	0	50	68
1980	06	18	JP	HK	2	0	FT	CN	15	1512	1355	+1	−2	67	97
1980	12	22	JP	SG	1	0	WQ	HK	8	1520	1273	+3	−1	64	118
1980	12	26	CN	JP	1	0	WQ	HK	17	1597	1503	+3	−6	46	70
1980	12	28	JP	MO	3	0	WQ	HK	5	1508	1045	+1	−1	69	157
1980	12	30	KP	JP	1	0	WQ	HK	15	1613	1493	+1	−2	44	71
1981	01	25	JP	PL	0	2	F		-3	1490	1951	0	0	71	8
1981	01	27	JP	PL	2	4	F		-3	1487	1954	−2	+1	73	7
1981	01	30	JP	PL	1	4	F		-4	1483	1958	0	+1	73	6
1981	02	01	JP	PL	0	3	F		-4	1479	1962	−2	0	75	6
1981	02	08	MY	JP	1	0	F		6	1516	1473	0	−1	67	76
1981	02	10	MY	JP	1	1	F		-4	1512	1477	0	0	67	76
1981	02	17	SG	JP	0	1	F		-7	1271	1484	−1	+3	117	73
1981	02	19	SG	JP	0	0	F		3	1274	1481	0	0	117	73
1981	02	24	ID	JP	2	0	F		20	1280	1461	+4	−4	116	77
1981	02	26	PH	JP	0	6	F		-4	944	1465	0	0	166	77
1981	03	08	JP	KR	0	1	F		-6	1459	1718	−2	+1	79	28
1981	06	02	JP	CN	0	0	KRN		3	1462	1618	0	0	77	45
1981	06	19	JP	MY	2	0	PRS	KR	22	1484	1426	+2	−5	75	86
1981	06	21	KR	JP	2	0	PRS		6	1716	1478	+1	−1	29	76
1981	08	30	MY	JP	0	2	MRD		-26	1400	1504	−4	+5	91	70
1981	09	03	JP	IN	3	2	MRD	MY	5	1509	1218	+1	−2	69	134
1981	09	08	JP	AE	3	2	MRD	MY	2	1511	1015	+1	0	67	161
1981	09	12	NZ	JP	1	0	MRD	MY	14	1545	1497	+3	−4	59	72
1981	09	14	JP	ID	2	0	MRD	MY	8	1505	1215	+1	−3	71	135
1981	09	18	IQ	JP	2	0	MRD	MY	10	1724	1495	0	−2	30	73
1982	03	21	KR	JP	3	0	F		6	1677	1489	0	−2	35	73
1982	06	02	JP	SG	2	0	KRN		5	1494	1235	+3	−3	71	131
1982	07	15	RO	JP	4	0	F		4	1778	1490	0	−1	20	71
1982	07	18	RO	JP	3	1	F		3	1781	1487	0	−1	20	72
1982	11	21	JP	IR	1	0	ASG	IN	33	1520	1724	+7	−6	67	30
1982	11	23	JP	DY	3	1	ASG	IN	10	1530	1220	+5	−3	62	134
1982	11	25	JP	KR	2	1	ASG	IN	25	1555	1593	+2	−6	60	49
1982	11	28	IQ	JP	1	0	ASG	IN	12	1714	1543	+3	0	30	60
1983	02	12	SY	JP	2	2	F		5	1264	1538	+1	−2	122	62
1983	02	25	QA	JP	1	0	F		15	1241	1523	+2	−1	129	63
1983	03	06	JP	KR	1	1	F		-1	1522	1594	0	0	63	48
1983	06	07	JP	SY	1	0	KRN		3	1525	1261	+1	0	64	121
1983	08	25	JP	RU	1	1	F		8	1533	2036	0	0	64	2
1983	09	04	JP	PH	7	0	OQ		1	1534	891	0	0	64	175
1983	09	07	JP	PH	10	1	OQ		1	1535	890	0	0	64	175
1983	09	15	JP	TW	2	0	OQ		4	1539	1189	+1	0	63	141
1983	09	20	TW	JP	1	1	OQ		12	1201	1527	+2	−2	139	65
1983	09	25	NZ	JP	3	1	OQ		16	1620	1511	+3	−2	42	67
1983	10	07	JP	NZ	0	1	OQ		-19	1492	1642	−4	+2	71	39
1984	03	06	BN	JP	1	7	F		-3	947	1495	0	+1	168	70
1984	04	15	TH	JP	5	2	OQ	SG	42	1465	1453	+9	−11	79	81
1984	04	18	MY	JP	2	1	OQ	SG	27	1352	1426	+9	−8	95	89
1984	04	21	IQ	JP	2	1	OQ	SG	8	1682	1418	+1	0	35	89
1984	04	26	QA	JP	2	1	OQ	SG	15	1518	1403	+3	−1	66	90
1984	05	31	JP	CN	1	0	KRN		19	1422	1579	+1	−6	89	52
1984	09	30	KR	JP	1	2	F		-17	1587	1439	−4	+2	48	85
1985	02	23	SG	JP	1	3	WQ		-23	1236	1462	−6	+1	129	82
1985	03	21	JP	KP	1	0	WQ		20	1482	1540	+7	−2	76	60
1985	04	30	KP	JP	0	0	WQ		-9	1531	1491	−2	+4	63	72
1985	05	18	JP	SG	5	0	WQ		9	1500	1227	+4	−2	68	131
1985	05	26	JP	UY	1	4	KRN		-9	1491	1889	−5	+1	73	8
1985	08	11	JP	HK	3	0	WQ		15	1506	1346	+4	−4	70	100
1985	09	22	HK	JP	1	2	WQ		-17	1329	1523	−5	+3	104	67
1985	10	26	JP	KR	1	2	WQ		-22	1501	1602	−6	+5	73	48
1985	11	03	KR	JP	1	0	WQ		10	1612	1491	+3	−2	45	75
1986	07	25	JP	SY	2	1	MRD	MY	10	1501	1370	0	−1	73	94
1986	08	01	MY	JP	2	1	MRD		17	1368	1484	+1	−3	95	76
1986	09	20	JP	NP	5	0	ASG	KR	2	1486	845	0	0	76	182
1986	09	22	IR	JP	2	0	ASG	KR	15	1689	1471	0	−3	34	78
1986	09	24	KW	JP	2	0	ASG	KR	20	1615	1451	+3	−4	46	81
1986	09	28	JP	BD	4	0	ASG	KR	9	1460	1105	+1	−1	80	151
1987	04	08	JP	ID	3	0	OQ		7	1467	1171	0	−3	75	144
1987	04	12	JP	SG	1	0	OQ		5	1472	1213	0	0	76	133
1987	05	27	JP	SN	2	2	KRN		0	1472	1579	0	0	77	56
1987	06	14	SG	JP	0	1	OQ		-11	1185	1483	−2	+1	139	76
1987	06	26	ID	JP	1	2	OQ		-10	1178	1493	−2	+1	140	75
1987	09	02	TH	JP	0	0	OQ		7	1281	1486	+1	−3	119	76
1987	09	15	JP	NP	5	0	OQ		1	1487	885	0	0	76	177
1987	09	18	JP	NP	9	0	OQ		2	1489	883	0	0	76	178
1987	09	26	JP	TH	1	0	OQ		6	1495	1290	+2	−3	74	110
1987	10	04	CN	JP	0	1	OQ		-30	1560	1525	−8	+5	59	69
1987	10	26	JP	CN	0	2	OQ		-34	1491	1611	−5	+8	73	48
1988	01	27	AE	JP	1	1	F		0	1391	1491	0	0	92	75
1988	01	30	AE	JP	2	0	F		15	1406	1476	+2	−2	90	77
1988	02	02	OM	JP	1	1	F		7	1045	1469	+3	0	159	77
1988	04	08	KW	JP	1	0	SQ	MY	17	1540	1452	+3	−2	62	79
1988	04	11	MY	JP	0	1	SQ		-16	1273	1468	−6	+2	117	77
1988	04	16	JP	JO	1	1	SQ	MY	-12	1456	1243	−2	+3	79	126
1988	04	18	JP	PK	4	1	SQ	MY	5	1461	1014	0	0	79	165
1988	06	02	JP	CN	0	3	KRN		-23	1438	1623	−1	+4	81	46
1988	10	26	JP	KR	0	1	F		-8	1430	1622	−5	0	85	44
1988	12	04	IR	JP	0	0	AC	QA	-16	1669	1446	0	+3	37	80
1988	12	06	KR	JP	2	0	AC	QA	19	1658	1427	+3	−5	40	85
1988	12	10	AE	JP	1	0	AC	QA	23	1473	1404	+7	−6	74	92
1988	12	12	QA	JP	3	0	AC		30	1449	1374	+6	−5	82	97
1989	01	20	IR	JP	2	2	F		-7	1595	1381	−1	+2	46	95
1989	05	05	KR	JP	1	0	F		1	1727	1380	0	0	29	95
1989	05	10	JP	CN	2	2	F		3	1383	1594	0	0	96	48
1989	05	13	JP	CN	2	0	F		20	1403	1574	+4	−4	92	52
1989	05	22	HK	JP	0	0	WQ		1	1295	1402	0	−1	109	93
1989	05	28	ID	JP	0	0	WQ		4	1227	1398	+2	−1	128	93
1989	06	04	JP	KP	2	1	WQ		24	1422	1540	+7	−8	86	63
1989	06	11	JP	ID	5	0	WQ		13	1435	1222	+2	−4	84	131
1989	06	18	JP	HK	0	0	WQ		-13	1422	1289	−2	+2	86	112
1989	06	25	KP	JP	2	0	WQ		13	1553	1409	+2	−4	58	90
1989	07	23	BR	JP	1	0	F		0	1980	1409	0	0	4	91
1990	07	27	KR	JP	2	0	DNS	CN	8	1683	1401	0	−3	35	92
1990	07	29	CN	JP	1	0	DNS		5	1569	1396	+4	0	52	92
1990	07	31	KP	JP	1	0	DNS	CN	11	1508	1385	0	−2	67	94
1990	09	26	JP	BD	3	0	ASG	CN	10	1395	1059	+2	0	92	164
1990	09	28	SA	JP	2	0	ASG	CN	16	1594	1379	+1	−4	51	96
1990	10	01	IR	JP	1	0	ASG	CN	9	1604	1370	0	−2	50	98
1991	06	02	JP	TH	1	0	KRN		9	1379	1312	+2	−2	97	114
1991	07	27	JP	KR	0	1	F		-4	1375	1713	0	0	97	33
1992	05	30	JP	AR	0	1	KRN		-2	1373	1987	0	0	104	3
1992	06	07	JP	WA	0	1	KRN		-5	1368	1774	−3	+2	108	24
1992	08	22	JP	KR	0	0	DNS	CN	11	1379	1671	+1	−3	108	39
1992	08	24	CN	JP	0	2	DNS		-35	1461	1414	−10	+10	85	98
1992	08	26	JP	KP	4	1	DNS	CN	36	1450	1512	+9	−6	89	72
1992	08	29	JP	KR	2	2	DNS	CN	9	1459	1673	+3	−2	85	37
1992	10	30	JP	AE	0	0	AC		-5	1454	1489	−3	+2	88	77
1992	11	01	JP	KP	1	1	AC		-5	1449	1494	−4	+1	91	76
1992	11	03	JP	IR	1	0	AC		32	1481	1621	+12	−9	79	51
1992	11	06	JP	CN	3	2	AC		18	1499	1459	+5	−6	74	86
1992	11	08	JP	SA	1	0	AC		29	1528	1625	+5	−8	69	49
1993	03	07	JP	HU	0	1	KRN		-11	1517	1726	−3	+1	72	30
1993	03	14	JP	US	3	1	KRN		27	1544	1655	+7	−4	65	38
1993	04	08	JP	TH	1	0	WQ		6	1550	1339	0	−1	65	116
1993	04	11	JP	BD	8	0	WQ		3	1553	1068	+1	−1	64	181
1993	04	15	JP	LK	5	0	WQ		1	1554	845	0	0	64	202
1993	04	18	JP	AE	2	0	WQ		20	1574	1516	+3	−6	61	75
1993	04	28	JP	TH	1	0	WQ	AE	8	1582	1336	+1	−1	60	118
1993	04	30	JP	BD	4	1	WQ	AE	3	1585	1058	+1	0	59	181
1993	05	05	JP	LK	6	0	WQ	AE	1	1586	839	0	−1	59	203
1993	05	07	AE	JP	1	1	WQ		-2	1525	1588	0	+2	70	57
1993	10	04	JP	CI	1	0	AAC		22	1610	1618	+5	−8	55	52
1993	10	15	JP	SA	0	0	WQ	QA	2	1612	1643	+1	−1	55	41
1993	10	18	IR	JP	2	1	WQ	QA	23	1583	1589	+4	−5	61	60
1993	10	21	JP	KP	3	0	WQ	QA	34	1623	1541	+10	−6	50	69
1993	10	25	JP	KR	1	0	WQ	QA	23	1646	1644	+9	−7	40	42
1993	10	28	IQ	JP	2	2	WQ	QA	-1	1656	1647	−2	−1	40	41
1994	05	22	JP	AU	1	1	KRN		-1	1646	1721	−1	0	45	29
1994	05	29	JP	FR	1	4	KRN		-14	1632	1929	−2	0	48	8
1994	07	08	JP	GH	3	2	ACS		10	1642	1612	+3	−4	45	53
1994	07	14	JP	GH	2	1	ACS		10	1652	1602	+3	−3	42	56
1994	09	29	JP	AU	0	0	F		-1	1651	1719	0	0	41	29
1994	10	03	JP	AE	1	1	ASG		-13	1638	1498	−2	+2	42	80
1994	10	05	JP	QA	1	1	ASG		-14	1624	1435	−5	+4	47	92
1994	10	09	JP	MM	5	0	ASG		4	1628	1191	+1	0	46	155
1994	10	11	JP	KR	2	3	ASG		-24	1604	1681	−8	+4	54	35
1995	01	06	NG	JP	3	0	IC	SA	23	1802	1581	0	−7	24	62
1995	01	08	AR	JP	5	1	IC	SA	14	1898	1567	+3	−1	12	63
1995	01	24	AE	JP	1	1	F		-2	1529	1569	−3	0	72	63
1995	02	15	AU	JP	2	1	F		4	1717	1565	+1	−1	29	64
1995	02	21	JP	KR	1	1	DNS	HK	3	1568	1633	+1	−2	63	44
1995	02	23	JP	CN	2	1	DNS	HK	17	1585	1594	+3	−5	60	55
1995	02	26	JP	KR	2	2	DNS	HK	2	1587	1631	+2	0	58	44
1995	05	21	JP	SQ	0	0	KRN		3	1590	1766	+1	0	58	26
1995	05	28	JP	EC	3	0	KRN		22	1612	1606	+8	−9	50	53
1995	06	03	EN	JP	2	1	UMB		3	1884	1609	0	−1	14	51
1995	06	06	BR	JP	3	0	UMB	EN	3	2072	1606	0	0	1	53
1995	06	10	JP	SE	2	2	UMB	EN	9	1615	1853	+4	−3	49	21
1995	08	06	JP	CR	3	0	F		13	1628	1609	+5	−4	45	51
1995	08	09	JP	BR	1	5	F		-4	1624	2102	−2	0	47	1
1995	09	20	JP	PY	1	2	ADC		-13	1611	1774	−4	+4	50	25
1995	10	24	JP	SA	2	1	ADC		10	1621	1577	+2	−3	47	61
1995	10	28	JP	SA	2	1	ADC		9	1630	1568	+3	−2	44	63
1996	02	10	AU	JP	1	4	F		-26	1683	1656	−2	+5	35	40
1996	02	14	AU	JP	3	0	F		11	1694	1645	+1	−3	35	43
1996	02	19	JP	PL	5	0	CBG	HK	36	1681	1680	+7	−5	36	37
1996	02	22	JP	SE	1	1	CBG	HK	7	1688	1841	+1	−1	35	18
1996	05	26	JP	YU	1	0	KRN		21	1709	1920	+1	−1	32	8
1996	05	29	JP	MX	3	2	KRN		18	1727	1852	+2	−2	30	18
1996	08	25	JP	UY	5	3	F		13	1740	1770	+2	−1	28	25
1996	09	11	JP	UZ	1	0	F		6	1746	1666	+1	−1	26	37
1996	10	13	JP	TN	1	0	F		4	1750	1620	+2	−2	26	50
1996	12	06	JP	SY	2	1	AC	AE	9	1759	1481	+2	−3	26	82
1996	12	09	JP	UZ	4	0	AC	AE	35	1794	1631	+3	−8	23	46
1996	12	12	JP	CN	1	0	AC	AE	12	1806	1575	+1	−3	22	62
1996	12	15	KW	JP	2	0	AC	AE	59	1641	1747	+16	−6	44	28
1997	02	09	TH	JP	1	1	KNG		9	1413	1738	+2	−1	104	28
1997	03	15	TH	JP	3	1	F		24	1425	1714	+8	−5	98	31
1997	03	23	OM	JP	0	1	WQ		-4	1251	1718	−2	0	140	30
1997	03	25	JP	MO	10	0	WQ	OM	2	1720	999	0	0	30	188
1997	03	27	JP	NP	6	0	WQ	OM	0	1720	825	0	0	30	205
1997	05	21	JP	KR	1	1	F		-5	1715	1649	0	+1	30	46
1997	06	08	JP	HR	4	3	KRN		18	1733	1869	+3	−2	27	13
1997	06	15	JP	TR	1	0	KRN		9	1742	1682	0	0	27	39
1997	06	22	JP	MO	10	0	WQ		1	1743	989	0	0	28	189
1997	06	25	JP	NP	3	0	WQ		0	1743	819	0	0	28	205
1997	06	28	JP	OM	1	1	WQ		-19	1724	1297	0	+2	28	134
1997	08	13	JP	BR	0	3	F		-5	1719	2147	−1	0	31	1
1997	09	07	JP	UZ	6	3	WQ		16	1735	1586	+4	−3	29	58
1997	09	19	AE	JP	0	0	WQ		3	1583	1732	0	0	59	30
1997	09	28	JP	KR	1	2	WQ		-28	1704	1722	−7	+4	37	34
1997	10	04	KZ	JP	1	1	WQ		6	1499	1698	+2	−1	75	38
1997	10	11	UZ	JP	1	1	WQ		3	1555	1695	0	0	65	39
1997	10	26	JP	AE	1	1	WQ		-12	1683	1575	−1	+2	41	59
1997	11	01	KR	JP	0	2	WQ		-44	1716	1727	−9	+12	35	29
1997	11	08	JP	KZ	5	1	WQ		11	1738	1501	+3	0	27	76
1997	11	16	JP	IR	3	2	WQ	MY	16	1754	1658	+3	−2	25	46
1998	02	15	AU	JP	0	3	OPS		-39	1791	1793	−6	+7	24	21
1998	03	01	JP	KR	2	1	DNS		9	1802	1744	0	−1	21	30
1998	03	07	JP	CN	0	2	DNS		-37	1765	1663	−4	+7	25	45
1998	04	01	KR	JP	2	1	F		7	1762	1758	+2	−2	26	28
1998	05	17	JP	PY	1	1	KRN		-4	1754	1768	−1	0	29	25
1998	05	24	JP	CZ	0	0	KRN		1	1755	1886	−1	0	29	12
1998	05	31	MX	JP	2	1	F	CH	7	1852	1748	0	−1	17	30
1998	06	03	YU	JP	1	0	F	CH	4	1974	1744	+2	0	5	30
1998	06	14	AR	JP	1	0	WC	FR	18	1911	1726	+1	−3	9	33
1998	06	20	HR	JP	1	0	WC	FR	17	1910	1709	+1	−2	10	35
1998	06	26	JM	JP	2	1	WC	FR	39	1646	1670	+6	−10	48	43
1998	10	28	JP	EG	1	0	F		7	1677	1644	+2	−2	43	51
1998	12	01	JP	NP	5	0	ASG	TH	0	1677	755	0	0	42	207
1998	12	03	JP	IN	1	0	ASG	TH	2	1679	1113	0	−1	42	172
1998	12	07	KR	JP	2	0	ASG	TH	28	1725	1651	+5	−8	30	50
1998	12	09	JP	KW	2	1	ASG	TH	24	1675	1696	+6	−3	43	36
1998	12	11	AE	JP	1	0	ASG	TH	29	1540	1646	+6	−6	67	49
1999	03	31	JP	BR	0	2	F		-5	1641	2040	−2	0	52	2
1999	06	03	JP	BE	0	0	KRN		1	1642	1754	+1	0	50	23
1999	06	06	JP	PE	0	0	KRN		-1	1641	1725	−1	0	52	33
1999	06	29	PE	JP	3	2	CA	PY	21	1725	1620	+5	−1	32	51
1999	07	02	PY	JP	4	0	CA		17	1794	1603	0	−4	19	55
1999	07	05	BO	JP	1	1	CA	PY	-4	1651	1607	0	+3	47	52
1999	09	08	JP	IR	1	1	F		1	1608	1754	0	−1	54	27
2000	02	05	MX	JP	1	0	CBG	HK	4	1915	1604	+2	0	10	55
2000	02	13	JP	SG	3	0	SQ	MO	11	1615	1296	+1	−2	55	131
2000	02	16	JP	BN	9	0	SQ	MO	1	1616	760	+1	0	54	208
2000	02	20	MO	JP	0	3	SQ		-3	982	1619	0	−1	190	55
2000	03	15	JP	CN	0	0	F		0	1619	1706	0	0	55	39
2000	04	26	KR	JP	1	0	F		5	1718	1614	+1	−2	35	57
2000	06	04	FR	JP	2	2	KHC	MA	-13	2051	1627	0	+3	2	54
2000	06	06	JP	JM	4	0	KHC	MA	20	1647	1502	+3	−4	51	76
2000	06	11	JP	SK	1	1	KRN		-2	1645	1697	+1	+2	50	38
2000	06	18	JP	BO	2	0	KRN		15	1660	1603	+2	−1	49	57
2000	08	16	JP	AE	3	1	F		6	1666	1524	+1	0	46	71
2000	10	14	JP	SA	4	1	AC	LB	43	1709	1614	+9	−6	38	57
2000	10	17	JP	UZ	8	1	AC	LB	29	1738	1494	+8	−8	30	81
2000	10	20	JP	QA	1	1	AC	LB	-15	1723	1514	−3	+3	34	74
2000	10	24	JP	IQ	4	1	AC	LB	35	1758	1621	+5	−6	29	56
2000	10	26	JP	CN	3	2	AC	LB	22	1780	1701	+7	−4	22	39
2000	10	29	JP	SA	1	0	AC	LB	19	1799	1678	+1	−3	21	45
2000	12	20	JP	KR	1	1	F		-4	1795	1764	0	+1	21	26
2001	03	24	FR	JP	5	0	F		3	2116	1792	0	−1	1	22
2001	04	25	ES	JP	1	0	F		4	1960	1788	0	−1	7	23
2001	05	31	JP	CA	3	0	CC		16	1804	1618	+3	−1	21	56
2001	06	02	JP	CM	2	0	CC		17	1821	1676	+1	−4	20	44
2001	06	04	JP	BR	0	0	CC		4	1825	1967	0	0	20	6
2001	06	07	JP	AU	1	0	CC		19	1844	1814	+5	−2	15	21
2001	06	10	JP	FR	0	1	CC		-13	1831	2131	−4	0	20	1
2001	07	01	JP	PY	2	0	KRN		20	1851	1867	+5	−1	15	12
2001	07	04	JP	YU	1	0	KRN		10	1861	1826	+1	0	14	19
2001	08	15	JP	AU	3	0	AOC		26	1887	1840	+2	−5	11	17
2001	10	04	SN	JP	2	0	F	FR	26	1584	1861	+4	−4	58	13
2001	10	07	JP	NG	2	2	F	EN	-4	1857	1718	0	0	13	38
2001	11	07	JP	IT	1	1	F		2	1859	2017	+1	0	12	3
2002	03	21	JP	UA	1	0	F		4	1863	1698	0	0	13	41
2002	03	27	PL	JP	0	2	F		-15	1745	1878	−3	+1	31	12
2002	04	17	JP	CR	1	1	F		-5	1873	1787	−1	−1	13	27
2002	04	29	JP	SK	1	0	KRN		5	1878	1698	+2	0	11	40
2002	05	02	JP	HN	3	3	KRN		-9	1869	1758	−2	0	13	28
2002	05	14	NO	JP	3	0	F		19	1767	1850	+2	−1	27	14
2002	05	25	JP	SE	1	1	F		-2	1848	1866	0	0	15	13
2002	06	04	JP	BE	2	2	WC		-9	1839	1846	−3	+2	18	16
2002	06	09	JP	RU	1	0	WC		20	1859	1804	+3	−1	16	23
2002	06	14	JP	TN	2	0	WC		11	1870	1603	0	−1	15	53
2002	06	18	JP	TR	0	1	WC		-45	1825	1823	−7	+6	20	21
2002	10	16	JP	JM	1	1	F		-8	1817	1543	−2	+1	19	67
2002	11	20	JP	AR	0	2	F		-12	1805	1996	−1	+1	20	3
2003	03	28	JP	UY	2	2	F		-4	1801	1782	0	+2	20	24
2003	04	16	KR	JP	0	1	F		-12	1756	1813	−2	+1	28	19
2003	05	31	JP	KR	0	1	F		-14	1799	1770	0	+5	20	25
2003	06	08	JP	AR	1	4	KRN		-18	1781	2032	−1	0	21	3
2003	06	11	JP	PY	0	0	KRN		-4	1777	1778	−2	+3	23	21
2003	06	18	JP	NZ	3	0	CC	FR	20	1797	1549	+2	−4	21	67
2003	06	20	FR	JP	2	1	CC		8	1981	1789	0	0	4	21
2003	06	22	CO	JP	1	0	CC	FR	20	1875	1769	+2	−5	12	27
2003	08	20	JP	NG	3	0	F		12	1781	1736	+2	−2	23	32
2003	09	10	JP	SN	0	1	F		-14	1767	1756	−2	+2	25	28
2003	10	08	TN	JP	0	1	F		-9	1635	1776	−2	0	53	25
2003	10	11	RO	JP	1	1	F		-3	1794	1779	0	0	21	25
2003	11	19	JP	CM	0	0	F		-3	1776	1783	−1	−1	26	25
2003	12	04	JP	CN	2	0	EAH		10	1786	1579	+1	−2	25	63
2003	12	07	JP	HK	1	0	EAH		1	1787	1189	0	0	25	154
2003	12	10	JP	KR	0	0	EAH		-11	1776	1694	−1	+1	26	39
2004	02	07	JP	MY	4	0	F		1	1777	1267	0	0	24	137
2004	02	12	JP	IQ	2	0	F		5	1782	1612	0	0	24	55
2004	02	18	JP	OM	1	0	WQ		5	1787	1543	0	−4	24	72
2004	03	31	SG	JP	1	2	WQ		-2	1167	1789	−1	+2	160	22
2004	04	25	HU	JP	3	2	F		14	1556	1775	+3	−4	68	26
2004	04	28	CZ	JP	0	1	F		-17	1951	1792	0	+4	6	22
2004	05	30	JP	IS	3	2	FT	EN	7	1799	1574	+3	−1	19	63
2004	06	01	EN	JP	1	1	FT		-9	1934	1808	0	+1	8	19
2004	06	09	JP	IN	7	0	WQ		1	1809	1164	0	+1	19	161
2004	07	09	JP	SK	3	1	KRN		9	1818	1655	+1	−3	19	48
2004	07	13	JP	RM	1	0	KRN		8	1826	1731	0	−1	19	30
2004	07	20	JP	OM	1	0	AC	CN	9	1835	1554	+1	−1	19	67
2004	07	24	JP	TH	4	1	AC	CN	6	1841	1383	+2	−1	17	110
2004	07	28	IR	JP	0	0	AC	CN	8	1736	1833	+1	−2	31	19
2004	07	31	JP	JO	1	1	AC	CN	-12	1821	1672	0	+2	19	43
2004	08	03	JP	BH	4	3	AC	CN	11	1832	1581	0	−2	19	63
2004	08	07	CN	JP	1	3	AC		-29	1623	1861	−8	+6	56	13
2004	08	18	JP	AR	1	2	F		-9	1852	2019	−1	+1	14	1
2004	09	08	IN	JP	0	4	WQ		-3	1168	1855	0	0	160	14
2004	10	13	OM	JP	0	1	WQ		-12	1589	1867	−2	0	65	14
2004	11	17	JP	SG	1	0	WQ		0	1867	1167	0	−2	14	163
2004	12	16	JP	DE	0	3	F		-22	1845	1898	−2	+2	16	10
2005	01	29	JP	KZ	4	0	F		1	1846	1348	0	0	16	120
2005	02	02	JP	SY	3	0	F		2	1848	1440	0	−1	16	94
2005	02	09	JP	KP	2	1	WQ		2	1850	1465	+1	0	15	91
2005	03	25	IR	JP	2	1	WQ		17	1814	1833	+3	−2	21	18
2005	03	30	JP	BH	1	0	WQ		5	1838	1609	+1	0	17	55
2005	05	22	JP	PE	0	1	KRN		-25	1813	1699	−4	+6	21	40
2005	05	27	JP	AE	0	1	KRN		-28	1785	1436	−5	+5	26	97
2005	06	03	BH	JP	0	1	WQ		-16	1596	1801	−7	+3	62	22
2005	06	08	JP	KP	2	0	WQ	TH	7	1808	1446	−1	0	24	93
2005	06	16	MX	JP	2	1	CC	DE	18	1929	1790	0	−3	8	27
2005	06	19	JP	GR	1	0	CC	DE	29	1819	1817	+6	−5	20	21
2005	06	22	BR	JP	2	2	CC	DE	-10	1956	1829	0	+2	5	18
2005	07	31	KP	JP	1	0	EAH	KR	36	1482	1793	+3	−7	89	25
2005	08	03	CN	JP	2	2	EAH	KR	9	1642	1784	0	0	54	25
2005	08	07	KR	JP	0	1	EAH		-20	1669	1804	−5	+2	49	23
2005	08	17	JP	IR	2	1	WQ		16	1820	1818	+6	−2	18	19
2005	09	07	JP	HN	5	4	F		5	1825	1725	+1	−1	19	37
2005	10	08	LV	JP	2	2	F		6	1476	1819	+1	−2	88	21
2005	10	12	UA	JP	1	0	F		9	1775	1810	+3	0	26	21
2005	11	16	JP	AO	1	0	F		2	1812	1547	0	+2	21	69
2006	02	10	US	JP	3	2	F		7	1835	1805	+1	0	17	22
2006	02	18	JP	FI	2	0	F		6	1811	1640	0	−1	22	52
2006	02	22	JP	IN	6	0	SQ		1	1812	1185	0	+1	22	159
2006	02	28	BA	JP	2	2	F	DE	5	1635	1807	+1	0	53	22
2006	03	30	JP	EC	1	0	F		5	1812	1715	+1	0	22	40
2006	05	09	JP	BG	1	2	KRN		-22	1790	1745	−3	+3	25	36
2006	05	13	JP	SQ	0	0	KRN		-7	1783	1707	0	+1	25	42
2006	05	30	DE	JP	2	2	F		-5	1887	1788	0	0	11	26
2006	06	04	JP	MT	1	0	F	DE	1	1789	1251	0	0	26	141
2006	06	12	AU	JP	3	1	WC	DE	44	1842	1745	+8	−9	14	34
2006	06	18	HR	JP	0	0	WC	DE	-7	1815	1752	0	+2	18	31
2006	06	22	BR	JP	4	1	WC	DE	15	2085	1737	0	−2	1	35
2006	08	09	JP	TT	2	0	F		5	1742	1549	0	0	34	71
2006	08	16	JP	YE	2	0	SQ		2	1744	1222	+2	−2	32	151
2006	09	03	SA	JP	1	0	SQ		25	1579	1719	+4	−8	66	40
2006	09	06	YE	JP	0	1	SQ		-4	1216	1723	−3	+2	154	38
2006	10	04	JP	GH	0	1	F		-13	1710	1733	−4	+6	42	35
2006	10	11	IN	JP	0	3	SQ		-3	1051	1713	0	+1	180	42
2006	11	15	JP	SA	3	1	SQ		13	1726	1579	+2	0	40	61
2007	03	24	JP	PE	2	0	F		7	1733	1624	+1	−1	39	53
2007	06	01	JP	ME	2	0	KRN		13	1746	1669	+5	−2	35	45
2007	06	05	JP	CO	0	0	KRN		-1	1745	1821	−1	0	35	18
2007	07	09	JP	QA	1	1	AC	VN	-16	1729	1506	−3	+4	39	80
2007	07	13	JP	AE	3	1	AC	VN	14	1743	1457	+3	−1	36	90
2007	07	16	VN	JP	1	4	AC		-13	1324	1756	−5	+4	127	32
2007	07	21	AU	JP	1	1	AC	VN	3	1722	1753	+1	−1	39	33
2007	07	25	SA	JP	3	2	AC	VN	31	1701	1722	+1	−5	42	38
2007	07	28	JP	KR	0	0	AC	ID	-4	1718	1665	−3	0	41	46
2007	08	22	JP	CM	2	0	F		14	1732	1770	+4	−2	37	27
2007	09	07	AT	JP	0	0	CTS		1	1618	1731	0	0	58	37
2007	09	11	JP	CH	4	3	CTS	AT	20	1751	1834	+5	0	32	15
2007	10	17	JP	EG	4	1	AAC		27	1778	1681	+6	−1	25	41
2008	01	26	JP	CL	0	0	F		-4	1774	1732	0	+1	27	36
2008	01	30	JP	BA	3	0	F		4	1778	1537	+1	−2	27	76
2008	02	06	JP	TH	4	1	WQ		5	1783	1435	0	−1	27	99
2008	02	17	JP	KP	1	1	EAH	CN	-14	1769	1511	−1	+4	28	81
2008	02	20	CN	JP	0	1	EAH		-14	1539	1783	−1	+1	73	27
2008	02	23	JP	KR	1	1	EAH	CN	-6	1777	1680	0	+1	27	42
2008	03	26	BH	JP	1	0	WQ		29	1533	1748	+4	−5	78	32
2008	05	24	JP	CI	1	0	KRN		10	1758	1729	0	−6	32	39
2008	05	27	JP	PY	0	0	KRN		-3	1755	1798	0	+1	32	21
2008	06	02	JP	OM	3	0	WQ		9	1764	1504	+1	−5	30	87
2008	06	07	OM	JP	1	1	WQ		9	1513	1755	+3	−1	84	31
2008	06	14	TH	JP	0	3	WQ		-15	1409	1770	−4	+5	105	25
2008	06	22	JP	BH	1	0	WQ		5	1775	1537	+2	−4	25	76
2008	08	20	JP	UY	1	3	F		-18	1757	1828	−2	+2	28	16
2008	09	06	BH	JP	2	3	WQ		-14	1539	1771	−8	+1	78	27
2008	10	09	JP	AE	1	1	F		-9	1762	1412	−2	0	27	107
2008	10	15	JP	UZ	1	1	WQ		-15	1747	1554	−4	+7	32	70
2008	11	13	JP	SY	3	1	F		4	1751	1529	+1	0	31	77
2008	11	19	QA	JP	0	3	WQ		-22	1495	1773	−7	+5	90	26
2009	01	20	JP	YE	2	1	SQ		1	1774	1189	0	0	25	156
2009	01	28	BH	JP	1	0	SQ		28	1553	1746	+9	−8	70	33
2009	02	04	JP	FI	5	1	F		10	1756	1661	+2	−1	30	47
2009	02	11	JP	AU	0	0	WQ		-6	1750	1745	−2	−1	32	36
2009	03	28	JP	BH	1	0	WQ		7	1757	1582	+2	−1	30	61
2009	05	27	JP	CL	4	0	KRN		24	1781	1787	+2	−8	26	24
2009	05	31	JP	BE	4	0	KRN		9	1790	1583	+2	−1	23	62
2009	06	06	UZ	JP	0	1	WQ		-13	1542	1803	−4	+3	74	20
2009	06	10	JP	QA	1	1	WQ		-16	1787	1536	−5	+8	25	75
2009	06	17	AU	JP	2	1	WQ		18	1746	1769	+5	−3	32	28
2009	09	05	NL	JP	3	0	F		4	2036	1765	0	−1	3	28
2009	09	09	JP	GH	4	3	F	NL	10	1775	1740	+1	−3	27	35
2009	10	08	JP	HK	6	0	SQ		2	1777	1233	0	0	27	146
2009	10	10	JP	SQ	2	0	F		8	1785	1687	+4	−1	23	44
2009	10	14	JP	TG	5	0	F		3	1788	1446	+2	+1	21	95
2009	11	14	ZA	JP	0	0	F		5	1519	1783	−1	−2	84	23
2009	11	18	HK	JP	0	4	SQ		-5	1228	1788	−3	+4	149	19
2010	01	06	YE	JP	2	3	SQ		-2	1210	1790	−1	0	154	19
2010	02	02	JP	VE	0	0	F		-5	1785	1726	0	+1	19	36
2010	02	06	JP	CN	0	0	EAH		-15	1770	1570	−7	+8	26	66
2010	02	11	JP	HK	3	0	EAH		2	1772	1218	0	0	26	151
2010	02	14	JP	KR	1	3	EAH		-44	1728	1740	−9	+8	35	33
2010	03	03	JP	BH	2	0	SQ		9	1737	1526	+1	+1	34	81
2010	04	07	JP	RS	0	3	F		-17	1720	1858	−3	+1	37	13
2010	05	24	JP	KR	0	2	F		-17	1703	1782	−3	+3	40	21
2010	05	30	EN	JP	2	1	F	AT	3	2001	1700	0	−2	4	40
2010	06	04	CI	JP	2	0	F	CH	14	1739	1686	+3	−1	30	41
2010	06	10	JP	ZW	0	0	F	ZA	-8	1678	1348	−3	+1	45	120
2010	06	14	JP	CM	1	0	WC	ZA	31	1709	1663	+7	−7	38	48
2010	06	19	NL	JP	1	0	WC	ZA	7	2066	1702	0	0	2	39
2010	06	24	JP	DK	3	1	WC	ZA	55	1757	1729	+12	−10	26	32
2010	06	29	JP	PY	0	0	WC	ZA	3	1760	1787	0	0	26	19
2010	09	04	JP	PY	1	0	F		8	1768	1779	+3	0	24	20
2010	09	07	JP	GT	2	1	F		2	1770	1448	0	+5	24	98
2010	10	08	JP	AR	1	0	F		13	1783	1979	+5	0	19	5
2010	10	12	KR	JP	0	0	F		-2	1735	1785	−3	+1	32	19
2011	01	09	JP	JO	1	1	AC	QA	-18	1767	1490	−4	+2	22	91
2011	01	13	JP	SY	2	1	AC	QA	11	1778	1532	+2	−2	20	79
2011	01	17	JP	SA	5	0	AC	QA	25	1803	1558	+3	−9	17	72
2011	01	21	QA	JP	2	3	AC		-15	1542	1818	−3	+3	76	14
2011	01	25	JP	KR	2	2	AC	QA	-3	1815	1779	−1	+1	15	22
2011	01	29	JP	AU	1	0	AC	QA	25	1840	1793	+3	−5	12	19
2011	06	01	JP	PE	0	0	KRN		-11	1829	1648	0	+6	13	48
2011	06	07	JP	CZ	0	0	KRN		-8	1821	1738	0	+1	15	33
2011	08	10	JP	KR	3	0	F		12	1833	1803	0	−1	15	17
2011	09	02	JP	KP	1	0	WQ		3	1836	1493	+1	−2	14	89
2011	09	06	UZ	JP	1	1	WQ		8	1588	1828	+1	−2	62	16
2011	10	07	JP	VN	1	0	F		0	1828	1274	0	0	16	139
2011	10	11	JP	TJ	8	0	WQ		2	1830	1252	0	+1	16	140
2011	11	11	TJ	JP	0	4	WQ		-4	1248	1834	−2	+1	142	15
2011	11	15	KP	JP	1	0	WQ		33	1502	1801	+7	−4	87	19
2012	02	24	JP	IS	3	1	F		2	1803	1439	+1	0	19	100
2012	02	29	JP	UZ	0	1	WQ		-34	1769	1628	−8	+1	27	57
2012	05	23	JP	AZ	2	0	F		2	1771	1386	0	0	27	110
2012	06	03	JP	OM	3	0	WQ		8	1779	1513	+2	−2	23	85
2012	06	08	JP	JO	6	0	WQ		12	1791	1547	0	−1	23	73
2012	06	12	AU	JP	1	1	WQ		-6	1795	1797	−2	+3	19	18
2012	08	15	JP	VE	1	1	F		-5	1792	1698	−3	−2	21	40
2012	09	06	JP	AE	1	0	F		1	1793	1420	+1	0	20	104
2012	09	11	JP	IQ	1	0	WQ		7	1800	1605	+2	−2	21	59
2012	10	12	FR	JP	0	1	F		-15	1858	1815	−2	+3	15	18
2012	10	16	BR	JP	4	0	F	PL	7	2080	1808	0	−2	2	21
2012	11	14	OM	JP	1	2	WQ		-10	1518	1818	−3	+1	81	20
2013	02	06	JP	LV	3	0	F		3	1821	1507	+1	−2	18	84
2013	03	22	JP	CA	2	1	F	QA	4	1825	1587	0	0	18	61
2013	03	26	JO	JP	2	1	WQ		31	1545	1794	+12	−4	71	21
2013	05	30	JP	BG	0	2	F		-23	1771	1700	−3	+3	24	39
2013	06	04	JP	AU	1	1	WQ		-7	1764	1754	−2	+2	26	30
2013	06	11	JP	IQ	1	0	WQ	QA	10	1774	1558	+3	−3	25	69
2013	06	15	BR	JP	3	0	CC		9	2051	1765	0	−1	3	26
2013	06	19	IT	JP	4	3	CC	BR	14	1945	1751	0	−2	7	29
2013	06	22	MX	JP	2	1	CC	BR	19	1848	1732	+1	−2	17	31
2013	07	21	CN	JP	3	3	EAH	KR	9	1567	1723	+3	+1	64	30
2013	07	25	JP	AU	3	2	EAH	KR	23	1746	1751	0	−4	31	29
2013	07	28	KR	JP	1	2	EAH		-23	1682	1769	−7	+6	43	25
2013	08	14	JP	UY	2	4	F		-16	1753	1871	−2	+4	27	11
2013	09	06	JP	GT	3	0	F		4	1757	1477	+1	−2	26	92
2013	09	10	JP	GH	3	1	F		9	1766	1688	+1	−2	25	40
2013	10	11	RS	JP	2	0	F		12	1739	1754	+5	0	26	25
2013	10	15	BY	JP	1	0	F		12	1594	1742	+3	−2	57	27
2013	11	16	JP	NL	2	2	F	BE	7	1749	2008	+1	−1	27	5
2013	11	19	BE	JP	2	3	F		-15	1834	1764	−3	+2	18	25
2014	03	05	JP	NZ	4	2	F		4	1768	1543	+1	−1	24	73
2014	05	27	JP	CY	1	0	F		1	1769	1385	+1	0	24	112
2014	06	02	JP	CR	3	1	F	US	13	1782	1711	+1	−1	23	33
2014	06	06	JP	ZM	4	3	F	US	3	1785	1483	+1	0	23	89
2014	06	14	CI	JP	2	1	WC	BR	31	1803	1754	+4	−4	21	27
2014	06	19	GR	JP	0	0	WC	BR	-3	1782	1757	0	0	23	27
2014	06	24	CO	JP	4	1	WC	BR	23	2000	1734	+1	−4	5	31
2014	09	05	JP	UY	0	2	F		-13	1721	1892	−3	+1	32	11
2014	09	09	JP	VE	2	2	F		-4	1717	1687	+1	0	31	38
2014	10	10	JP	JM	1	0	F		3	1720	1506	0	−1	30	84
2014	10	14	BR	JP	4	0	F	SG	6	2030	1714	0	−2	4	34
2014	11	14	JP	HN	6	0	F		8	1722	1547	+2	−1	31	71
2014	11	18	JP	AU	2	1	F		6	1728	1652	+1	−1	29	49
2015	01	12	JP	PS	4	0	AC	AU	9	1737	1332	+2	−1	27	126
2015	01	16	JP	IQ	1	0	AC	AU	12	1749	1520	0	−3	27	77
2015	01	20	JP	JO	2	0	AC	AU	16	1765	1508	+2	−6	25	81
2015	01	23	JP	AE	1	1	AC	AU	-7	1758	1676	0	+3	25	45
2015	03	27	JP	TN	2	0	F		5	1763	1560	+1	−1	25	66
2015	03	31	JP	UZ	5	1	F		8	1771	1624	+1	0	24	54
2015	06	11	JP	IQ	4	0	F		5	1776	1528	0	−1	24	75
2015	06	16	JP	SG	0	0	WQS		-19	1757	1198	−2	+5	26	161
2015	08	02	KP	JP	2	1	EAH	CN	33	1532	1724	+10	−9	74	36
2015	08	05	JP	KR	1	1	EAH	CN	3	1727	1772	0	0	36	24
2015	08	09	CN	JP	1	1	EAH		2	1593	1725	0	0	61	36
2015	09	03	JP	KH	3	0	WQS		0	1725	735	0	0	36	216
2015	09	08	JP	AF	6	0	WQS	IR	2	1727	1094	0	0	34	179
2015	10	08	JP	SY	3	0	WQS	OM	16	1743	1502	+3	−6	31	85
2015	10	13	IR	JP	1	1	F		-2	1725	1745	−2	−1	36	31
2015	11	12	SG	JP	0	3	WQS		-5	1196	1750	−2	+2	162	29
2015	11	17	KH	JP	0	2	WQS		0	732	1750	0	0	216	31
2016	03	24	JP	AF	5	0	WQS		1	1751	1129	+1	0	30	175
2016	03	29	JP	SY	5	0	WQS		11	1762	1517	+1	−3	28	79
2016	06	03	JP	BG	7	2	KRN		12	1774	1602	+4	−3	23	59
2016	06	07	JP	BA	1	2	KRN		-20	1754	1761	−8	+7	31	27
2016	09	01	JP	AE	1	2	WQ		-34	1720	1599	−10	+7	38	60
2016	09	06	TH	JP	0	2	WQ		-14	1405	1734	−3	+4	108	33
2016	10	06	JP	IQ	2	1	WQ		4	1738	1456	+1	0	32	95
2016	10	11	AU	JP	1	1	WQ		-5	1725	1743	0	0	35	33
2016	11	11	JP	OM	4	0	F		4	1747	1462	0	−3	32	93
2016	11	15	JP	SA	2	1	WQ		7	1754	1580	+3	−3	30	65
2017	03	23	AE	JP	0	2	WQ		-24	1561	1778	−6	+7	71	23
2017	03	28	JP	TH	4	0	WQ		4	1782	1389	−1	0	23	109
2017	06	07	JP	SY	1	1	F		-7	1775	1572	−1	+1	25	65
2017	06	13	IQ	JP	1	1	WQ	IR	13	1522	1762	+3	−3	79	28
2017	08	31	JP	AU	2	0	WQ		19	1781	1704	+3	−1	25	36
2017	09	05	SA	JP	1	0	WQ		25	1615	1756	+2	−6	59	31
2017	10	06	JP	NZ	2	1	F		2	1758	1515	+1	0	30	78
2017	10	10	JP	HT	3	3	F		-8	1750	1479	+1	+3	29	87
2017	11	10	BR	JP	3	1	F	FR	3	2115	1747	+1	+1	1	28
2017	11	14	BE	JP	1	0	F		3	1926	1744	0	−2	8	30
2017	12	09	JP	KP	1	0	EAH		4	1748	1451	+3	−1	27	96
2017	12	12	JP	CN	2	1	EAH		7	1755	1571	+2	0	25	68
2017	12	16	JP	KR	1	4	EAH		-49	1706	1760	−16	+14	41	25
2018	03	23	JP	ML	1	1	F	BE	-5	1701	1516	0	+1	41	79
2018	03	27	UA	JP	2	1	F	BE	9	1742	1692	+1	−2	32	44
2018	05	30	JP	GH	0	2	F		-22	1670	1635	−3	+4	47	52
2018	06	08	CH	JP	2	0	F		4	1888	1666	0	0	14	47
2018	06	12	JP	PY	4	2	F	AT	18	1684	1728	+3	−9	43	37
2018	06	19	JP	CO	2	1	WC	RU	48	1732	1879	+11	−7	33	16
2018	06	24	JP	SN	2	2	WC	RU	4	1736	1779	0	+1	33	22
2018	06	28	PL	JP	1	0	WC	RU	29	1782	1707	+5	−10	21	43
2018	07	02	BE	JP	3	2	WC	RU	9	2007	1698	0	−1	4	45
2018	09	11	JP	CR	3	0	F		13	1711	1702	+2	−5	41	43
2018	10	12	JP	PA	3	0	F		7	1718	1572	+2	−2	38	64
2018	10	16	JP	UY	4	3	F		13	1731	1930	+4	−3	34	10
2018	11	16	JP	VE	1	1	F		-2	1729	1754	0	−1	34	29
2018	11	20	JP	KG	4	0	F		1	1730	1265	0	0	35	143
2019	01	09	JP	TM	3	2	AC	AE	3	1733	1250	0	−2	35	151
2019	01	13	JP	OM	1	0	AC	AE	11	1744	1505	+1	−2	34	82
2019	01	17	JP	UZ	2	1	AC	AE	17	1761	1605	+7	−7	27	58
2019	01	21	JP	SA	1	0	AC	AE	13	1774	1575	+3	−1	24	63
2019	01	24	JP	VN	1	0	AC	AE	4	1778	1355	0	−2	24	115
2019	01	28	JP	IR	3	0	AC	AE	51	1829	1789	+4	−4	19	22
2019	02	01	QA	JP	3	1	AC	AE	49	1771	1780	+14	−3	26	22
2019	03	22	JP	CO	0	1	F		-8	1772	1968	−4	−1	26	7
2019	03	26	JP	BO	1	0	F		4	1776	1638	−1	0	28	50
2019	06	05	JP	TT	0	0	F		-9	1767	1440	0	+1	28	95
2019	06	09	JP	SV	2	0	F		4	1771	1533	+1	−1	27	71
2019	06	17	CL	JP	4	0	CA	BR	38	1874	1733	+1	−10	16	36
2019	06	20	JP	UY	2	2	CA	BR	14	1747	1943	+4	0	32	9
2019	06	24	EC	JP	1	1	CA	BR	2	1715	1745	0	−1	39	32
2019	09	05	JP	PY	2	0	F		10	1755	1726	+3	−4	29	40
2019	09	10	MM	JP	0	2	WQS		-2	1022	1757	0	0	188	27
2019	10	10	JP	MN	6	0	WQS		0	1757	733	−1	0	28	217
2019	10	15	TJ	JP	0	3	WQS		-7	1267	1764	0	+1	142	29
2019	11	14	KG	JP	0	2	WQS		-6	1281	1770	−2	+3	139	26
2019	11	19	JP	VE	1	4	F		-21	1749	1830	−1	0	29	20
2019	12	10	JP	CN	2	1	EAH	KR	6	1755	1454	+1	−2	28	91
2019	12	14	JP	HK	5	0	EAH	KR	3	1758	1183	0	0	28	163
2019	12	18	KR	JP	1	0	EAH		14	1772	1744	+1	−1	27	29
2020	10	09	CM	JP	0	0	F	NL	4	1582	1740	+1	−3	62	33
2020	10	13	JP	CI	1	0	F	NL	7	1747	1617	0	−3	34	57
2020	11	13	JP	PA	1	0	F	AT	5	1752	1542	+1	0	34	73
2020	11	17	MX	JP	2	0	F	AT	8	1928	1744	+1	−1	13	35
2021	03	25	JP	KR	3	0	F		14	1758	1759	+4	−4	33	32
2021	03	30	JP	MN	14	0	WQS		0	1758	731	+1	0	33	216
2021	05	28	JP	MM	10	0	WQS		1	1759	1050	+1	0	31	184
2021	06	07	JP	TJ	4	1	WQS		2	1761	1254	0	0	31	144
2021	06	11	JP	RS	1	0	F		8	1769	1785	+3	−3	29	27
2021	06	15	JP	KG	5	1	WQS		2	1771	1256	0	−1	29	145
2021	09	02	JP	OM	0	1	WQ		-36	1735	1540	−6	+5	35	75
2021	09	07	JP	CN	1	0	WQ	QA	8	1743	1483	+2	−1	33	83
2021	10	07	SA	JP	1	0	WQ		20	1658	1723	+4	−2	48	35
2021	10	12	JP	AU	2	1	WQ		17	1740	1756	+1	−4	35	33
2021	11	11	VN	JP	0	1	WQ		-7	1368	1747	−3	+1	110	33
2021	11	16	OM	JP	0	1	WQ		-13	1506	1760	−3	+1	80	31
2022	01	27	JP	CN	2	0	WQ		7	1767	1498	+2	−2	30	82
2022	02	01	JP	SA	2	0	WQ		13	1780	1625	+1	−5	29	59
2022	03	24	AU	JP	0	2	WQ		-34	1697	1814	−7	+1	41	28
2022	03	29	JP	VN	1	1	WQ		-18	1796	1373	−1	+5	29	109
2022	06	02	JP	PY	4	1	F		10	1806	1718	+2	−2	27	36
2022	06	06	JP	BR	0	1	F		-4	1802	2166	−4	0	29	1
2022	06	10	JP	GH	4	1	KRN		6	1808	1527	+2	0	25	76
2022	06	14	JP	TN	0	3	KRN		-43	1765	1685	−6	+4	31	46
2022	07	19	JP	HK	6	0	EAH		1	1766	1151	+1	0	30	169
2022	07	24	JP	CN	0	0	EAH		-17	1749	1465	−3	+3	33	87
2022	07	27	JP	KR	3	0	EAH		32	1781	1783	+4	−3	29	28
2022	09	23	JP	US	2	0	F	DE	17	1798	1801	+1	−5	27	26
2022	09	27	EC	JP	0	0	F	DE	-1	1839	1799	−1	+1	18	24
2022	11	17	CA	JP	2	1	F	AE	11	1775	1788	0	−4	29	27
2022	11	23	JP	DE	2	1	WC	QA	44	1832	1918	+6	−4	19	13
2022	11	27	CR	JP	1	0	WC	QA	39	1762	1793	+10	−6	29	26
2022	12	01	JP	ES	2	1	WC	QA	49	1842	2008	+6	−2	19	5
2022	12	05	HR	JP	1	1	WC	QA	-9	1935	1851	0	+1	11	17
2023	03	24	JP	UY	1	1	F		-1	1850	1905	0	0	17	13
2023	03	28	JP	CO	1	2	F		-11	1839	1929	−1	0	19	12
2023	06	15	JP	SV	6	0	F		3	1842	1467	0	−4	19	88
2023	06	20	JP	PE	4	1	F		13	1855	1842	+5	−4	15	20
2023	09	09	DE	JP	1	4	F		-25	1888	1880	0	+1	13	14
2023	09	12	JP	TR	4	2	F	BE	8	1888	1705	0	−2	14	41
2023	10	13	JP	CA	4	1	F		6	1894	1718	0	−2	14	41
2023	10	17	JP	TN	2	0	F		6	1900	1730	0	0	14	37
2023	11	16	JP	MM	5	0	WQS		0	1900	920	0	0	14	197
2023	11	21	JP	SY	5	0	WQS	SA	5	1905	1426	0	+1	13	98
2024	01	01	JP	TH	5	0	F		1	1906	1383	0	0	13	109
2024	01	09	JP	JO	6	1	F	QA	4	1910	1513	0	0	13	75
2024	01	14	JP	VN	4	2	AC	QA	3	1913	1376	0	−1	13	113
2024	01	19	IQ	JP	2	1	AC	QA	42	1667	1871	+7	−2	48	15
2024	01	24	JP	ID	3	1	AC	QA	2	1873	1284	0	−1	15	144
2024	01	31	JP	BH	3	1	AC	QA	7	1880	1459	0	−1	15	94
2024	02	03	IR	JP	2	1	AC	QA	29	1853	1851	+5	−1	15	16
2024	03	21	JP	KP	1	0	WQS		1	1852	1369	−1	0	16	110
2024	06	06	MM	JP	0	5	WQS		-1	922	1853	0	0	197	17
2024	06	11	JP	SY	5	0	WQS		4	1857	1419	0	−1	16	100
2024	09	05	JP	CN	7	0	WQ		3	1860	1396	0	−2	17	108
2024	09	10	BH	JP	0	5	WQ		-14	1478	1874	−1	+2	87	14
2024	10	10	SA	JP	0	2	WQ		-15	1574	1889	−7	0	68	14
2024	10	15	JP	AU	1	1	WQ		-13	1876	1741	0	+2	14	35
2024	11	15	ID	JP	0	4	WQ		-6	1353	1882	+1	+1	118	15
2024	11	19	CN	JP	1	3	WQ		-7	1413	1889	−1	0	101	13
2025	03	20	JP	BH	2	0	WQ		4	1893	1526	−1	−1	14	78
2025	03	25	JP	SA	0	0	WQ		-17	1876	1562	0	+6	14	66
2025	06	05	AU	JP	1	0	WQ		22	1758	1854	+4	−1	32	15
2025	06	10	JP	ID	6	0	WQ		3	1857	1357	0	−2	16	121
2025	07	08	JP	HK	6	1	EAH	KR	1	1858	1147	0	0	17	164
2025	07	12	JP	CN	2	0	EAH	KR	4	1862	1395	+1	−4	16	105
2025	07	15	KR	JP	0	1	EAH		-21	1754	1883	−4	+3	34	13
2025	09	06	JP	MX	0	0	F	US	-1	1882	1862	0	0	13	16
2025	09	09	US	JP	2	0	F		19	1698	1863	+3	−3	45	17
2025	10	10	JP	PY	2	2	F		-3	1860	1847	0	+1	17	20
2025	10	14	JP	BR	3	2	F		11	1871	1978	+1	0	17	7
2025	11	14	JP	GH	2	0	F		2	1873	1511	0	+1	17	79
2025	11	18	JP	BO	3	0	F		5	1878	1676	0	0	16	49
2026	03	28	SQ	JP	0	1	F		-10	1780	1888	−1	+2	27	14
2026	03	31	EN	JP	0	1	F		-16	2020	1904	0	+1	4	13
2026	05	31	JP	IS	1	0	F		2	1906	1569	0	−2	13	71
2026	06	14	JP	NL	2	2	WC	US	4	1910	1944	+1	0	12	8
2026	06	20	JP	TN	4	0	WC	MX	15	1925	1570	0	−1	11	70