1953	08	01	SY	JO	3	1	PAR	EG	21	1334	1179	+4	−	84	111
1953	08	03	JO	LB	4	1	PAR	EG	45	1224	1236	+2	−10	109	108
1953	08	09	LY	JO	3	2	PAR	EG	7	1490	1217	+3	−1	59	109
1957	00	00	SY	JO	6	1	F		10	1315	1207	+2	+1	99	121
1957	10	20	SY	JO	6	1	PAR	LB	27	1351	1180	+4	−4	97	125
1957	10	22	JO	SA	1	0	PAR	LB	31	1211	1368	+3	−5	122	94
1957	10	24	LB	JO	6	3	PAR		19	1299	1192	+5	−1	105	123
1963	01	06	KW	JO	2	1	F		7	1210	1185	0	−2	129	133
1963	03	31	SY	JO	4	0	ARC	LB	18	1407	1167	+3	−1	91	135
1963	04	02	KW	JO	4	0	ARC	LB	35	1228	1132	+4	−2	127	137
1963	04	04	TN	JO	4	0	ARC	LB	9	1495	1123	+3	−1	69	138
1963	04	06	LB	JO	5	0	ARC		10	1369	1113	+1	−1	102	139
1964	11	13	JO	LB	0	0	ARC	KW	14	1127	1404	+2	−6	141	92
1964	11	15	KW	JO	2	0	ARC		17	1209	1110	+3	−2	131	143
1964	11	16	IQ	JO	3	1	ARC	KW	3	1631	1107	0	0	41	143
1964	11	18	LY	JO	5	2	ARC	KW	8	1479	1099	0	0	76	143
1965	07	30	JO	IQ	0	0	F		8	1107	1622	0	−1	144	43
1966	04	02	IQ	JO	2	1	ARC		1	1620	1106	0	−1	42	147
1966	04	05	LB	JO	2	1	ARC	IQ	6	1416	1100	+1	0	92	147
1966	04	07	JO	BH	5	1	ARC	IQ	45	1145	1130	+4	−6	143	145
1966	04	08	KW	JO	4	0	ARC	IQ	34	1212	1111	+4	−4	133	147
1969	06	27	JO	EG	1	6	F		-2	1109	1733	0	0	150	26
1970	03	17	SA	JO	1	0	F		3	1342	1106	0	0	106	149
1970	03	20	SA	JO	1	2	F		-17	1325	1123	−2	+3	108	146
1971	12	11	JO	SY	0	0	SQ	KW	13	1136	1387	+1	0	146	92
1971	12	13	JO	BH	3	2	SQ	KW	21	1157	1133	+4	−5	142	147
1971	12	16	JO	CE	2	1	SQ	KW	13	1170	1015	+1	0	141	160
1971	12	18	IQ	JO	2	0	SQ	KW	5	1577	1165	+1	−1	55	142
1971	12	21	KW	JO	2	0	SQ		10	1359	1155	+4	0	102	142
1971	12	24	LB	JO	2	0	SQ	KW	15	1359	1140	+6	−2	101	144
1974	00	00	SY	JO	2	0	F		2	1487	1138	+1	0	66	144
1974	09	27	MA	JO	2	1	KUN	SY	2	1649	1136	0	−1	37	143
1974	09	29	DZ	JO	6	0	KUN	SY	5	1562	1131	0	0	51	143
1974	10	01	JO	LB	0	0	KUN	SY	9	1140	1364	+1	−5	142	104
1974	10	03	EG	JO	5	0	KUN	SY	3	1661	1137	+1	0	36	142
1974	10	05	TN	JO	5	0	KUN	SY	2	1687	1135	0	−1	32	143
1976	10	07	SY	JO	1	0	PAR		3	1478	1132	0	−1	72	146
1976	10	10	JO	MR	2	1	PAR	SY	11	1143	942	+4	0	142	165
1976	10	12	MA	JO	3	0	PAR	SY	3	1710	1140	0	−1	29	143
1976	10	14	PS	JO	2	1	PAR	SY	17	1217	1123	+4	−3	131	146
1976	10	18	JO	SA	1	0	PAR	SY	31	1154	1299	+6	−5	140	114
1976	10	20	JO	DY	3	2	PAR	SY	27	1181	1252	+3	−6	137	124
1977	04	08	SY	JO	0	1	F		-17	1366	1198	−3	+1	99	136
1980	02	06	AE	JO	3	1	F		18	1045	1180	+4	−3	157	138
1980	02	08	AE	JO	1	1	F		1	1046	1179	0	0	157	138
1980	02	15	SY	JO	1	2	F		-15	1269	1194	−2	+3	118	135
1980	03	16	IQ	JO	4	0	OQ		2	1712	1192	0	0	29	137
1980	03	19	DY	JO	2	1	OQ	IQ	17	1260	1175	+2	−2	122	139
1980	03	23	SY	JO	2	0	OQ	IQ	23	1285	1152	+7	−3	114	142
1980	03	29	KW	JO	1	0	OQ	IQ	2	1644	1150	0	0	43	142
1980	09	06	QA	JO	0	1	F		-13	1134	1163	−1	+1	145	141
1980	09	08	QA	JO	3	0	F		14	1148	1149	+1	−1	144	142
1981	02	06	JO	IQ	0	2	F		-2	1147	1720	−2	+1	145	28
1981	02	08	JO	IQ	0	2	F		-2	1145	1722	0	0	145	28
1981	02	14	OM	JO	0	1	F		-4	787	1149	0	+2	180	143
1981	02	16	OM	JO	0	2	F		-5	782	1154	0	0	180	143
1981	02	27	BH	JO	1	0	F		7	1181	1147	+1	−2	140	145
1981	03	01	BH	JO	1	0	F		6	1187	1141	0	0	140	145
1981	03	11	SA	JO	2	1	F		2	1389	1139	+1	0	93	145
1981	03	14	SA	JO	2	0	F		4	1393	1135	+1	0	92	145
1982	02	19	IQ	JO	3	1	F		1	1725	1134	0	0	30	145
1982	02	21	IQ	JO	7	1	F		1	1726	1133	0	0	30	145
1983	04	17	SL	JO	2	1	F		3	1325	1130	+1	−1	105	147
1983	08	12	SY	JO	3	2	OQ		8	1269	1122	+2	−1	120	148
1983	08	26	JO	SY	0	1	OQ		-17	1105	1286	−3	+3	151	117
1983	09	08	QA	JO	2	1	OQ		7	1283	1098	0	−2	120	153
1983	09	15	KW	JO	3	0	OQ		1	1694	1097	0	0	35	153
1983	10	14	JO	QA	0	0	OQ		6	1103	1295	+2	−1	151	115
1983	10	21	JO	KW	0	2	OQ		-4	1099	1689	−2	+1	153	33
1983	12	23	JO	EG	1	3	F		-2	1097	1640	0	0	152	38
1983	12	25	JO	EG	1	3	F		-2	1095	1642	0	0	152	38
1984	05	18	JO	IQ	3	2	ARQ		37	1132	1627	+6	−3	145	39
1984	09	10	HK	JO	1	1	SQ	CN	-8	1280	1140	−1	+2	120	146
1984	09	15	CN	JO	6	0	SQ		4	1582	1136	+1	0	51	146
1984	09	17	QA	JO	2	0	SQ	CN	6	1539	1130	+1	−2	60	148
1984	09	20	JO	AF	6	1	SQ	CN	16	1146	872	+2	−2	146	177
1985	03	15	JO	QA	1	0	WQ		33	1179	1481	+3	−11	143	77
1985	03	29	JO	IQ	2	3	WQ		-5	1174	1629	0	+3	144	42
1985	04	03	MT	JO	3	1	F		5	1353	1169	0	−1	97	145
1985	04	12	QA	JO	2	0	WQ		4	1550	1165	+1	−1	59	146
1985	04	19	IQ	JO	2	0	WQ	KW	5	1597	1160	+2	0	50	146
1985	06	26	BH	JO	5	2	F		6	1355	1154	+1	0	97	145
1985	07	03	SA	JO	4	0	ARC		3	1584	1151	+1	0	50	145
1985	07	05	QA	JO	2	0	ARC	SA	6	1539	1145	+1	−2	62	147
1985	10	10	SY	JO	2	0	F		4	1375	1141	+1	−1	94	148
1985	10	18	JO	MX	0	0	F		9	1150	1813	+3	−1	145	23
1987	02	27	SY	JO	1	1	F		-7	1354	1157	0	0	94	146
1987	03	17	BH	JO	0	1	F		-17	1328	1174	−2	+3	103	143
1987	03	20	BH	JO	0	0	F		-6	1322	1180	−2	+2	105	141
1987	03	25	JO	CY	2	1	F		10	1190	1263	+1	−4	140	123
1987	04	03	JO	AE	1	1	OQ		9	1199	1448	+2	−2	138	81
1987	04	10	AE	JO	3	0	OQ		8	1456	1191	+2	0	79	138
1987	04	17	JO	IQ	1	2	OQ		-7	1184	1559	−1	+3	139	57
1987	04	24	IQ	JO	2	0	OQ	KW	6	1565	1178	+1	−1	57	140
1988	01	15	AE	JO	1	0	F	BH	4	1426	1174	0	−1	83	143
1988	01	18	JO	AE	2	0	F	BH	24	1198	1402	+4	−7	139	90
1988	01	28	OM	JO	1	1	F		2	1036	1196	0	−1	163	140
1988	01	29	OM	JO	0	0	F		2	1038	1194	+1	0	162	140
1988	03	25	JO	SY	0	0	F		3	1197	1405	0	−1	139	89
1988	04	10	JO	PK	1	0	SQ	MY	11	1208	1023	+4	−2	135	165
1988	04	12	JO	KW	0	0	SQ	MY	15	1223	1525	+3	−3	132	65
1988	04	14	MY	JO	0	0	SQ		-8	1265	1231	−2	+2	119	130
1988	04	16	JP	JO	1	1	SQ	MY	-12	1456	1243	−2	+3	79	126
1988	06	19	SY	JO	1	0	F		2	1488	1241	+1	−2	72	126
1988	06	20	NY	JO	0	2	F		-7	929	1248	0	+2	174	124
1988	07	03	JO	LB	1	0	F		7	1255	1217	+4	−2	120	133
1988	07	08	JO	BH	0	0	ARC		2	1257	1381	0	0	120	95
1988	07	10	JO	KW	0	1	ARC		-11	1246	1545	−4	+2	124	62
1988	07	14	JO	DZ	2	1	ARC		34	1280	1600	+9	−4	116	47
1988	07	16	JO	SY	2	0	ARC		43	1323	1494	+11	−7	104	71
1988	07	19	JO	IQ	0	3	ARC		-13	1310	1692	−1	+1	105	36
1988	07	21	JO	EG	0	2	ARC		-11	1299	1673	−2	0	107	38
1988	11	17	AE	JO	2	1	F		3	1484	1296	+1	0	73	108
1988	11	20	AE	JO	3	2	F		3	1487	1293	+1	+1	70	107
1988	11	25	SY	JO	3	2	F		3	1513	1290	0	−1	64	108
1989	01	06	QA	JO	1	0	WQ		7	1456	1283	+1	−5	80	114
1989	01	13	JO	IQ	0	1	WQ		-6	1277	1696	0	0	114	35
1989	01	20	JO	OM	2	0	WQ		10	1287	1080	+3	−3	111	158
1989	01	27	JO	QA	1	1	WQ		5	1292	1466	+2	−2	109	77
1989	02	03	IQ	JO	4	0	WQ		5	1674	1287	+1	−2	37	111
1989	02	10	OM	JO	0	2	WQ		-21	1054	1308	0	+5	160	106
1992	00	00	SY	JO	1	0	F		3	1488	1305	0	0	74	120
1992	08	18	JO	SD	3	0	FT		23	1328	1338	+8	−3	120	115
1992	08	20	JO	PK	2	0	FT		4	1332	1011	+3	0	117	182
1992	08	22	JO	MD	1	0	FT		18	1350	1483	+4	−4	113	78
1992	08	26	JO	CG	2	1	FT		17	1367	1468	+3	−6	110	82
1992	08	28	JO	IQ	2	0	FT		35	1402	1655	+5	−7	105	41
1992	09	08	EG	JO	1	1	PGC	SY	-11	1617	1413	−4	+2	52	101
1992	09	10	KW	JO	4	1	PGC	SY	28	1509	1385	+5	−6	73	107
1993	03	02	JO	SY	1	1	F		-2	1383	1431	0	+1	108	92
1993	03	12	QA	JO	1	2	F		-15	1480	1398	−4	+4	84	104
1993	03	14	QA	JO	1	1	F		-5	1475	1403	0	+2	84	102
1993	03	26	LB	JO	1	0	F		11	1263	1392	+3	−3	138	105
1993	03	29	SY	JO	2	3	F		-14	1418	1406	−4	+4	98	101
1993	04	20	JO	SY	2	2	F		-2	1404	1420	−1	+1	100	95
1993	05	17	JO	LB	3	1	F		5	1409	1239	+2	−1	100	143
1993	05	22	JO	YE	1	1	WQ		-15	1394	1192	−2	+3	103	155
1993	05	24	JO	IQ	1	1	WQ		9	1403	1651	0	−2	103	36
1993	05	26	JO	CN	0	3	WQ		-37	1366	1516	−10	+10	113	75
1993	05	30	JO	PK	3	1	WQ		3	1369	975	+1	0	112	189
1993	06	12	JO	YE	1	1	WQ	CN	-7	1362	1245	−4	+2	115	142
1993	06	14	IQ	JO	4	0	WQ	CN	11	1681	1351	0	−2	33	117
1993	06	16	CN	JO	4	1	WQ		15	1488	1336	+3	−1	84	118
1993	06	20	JO	PK	5	0	WQ	CN	8	1344	949	0	−2	118	193
1993	10	26	AE	JO	2	1	F		3	1528	1341	0	0	70	117
1993	10	28	AE	JO	0	2	F		-25	1503	1366	−7	+4	77	113
1995	00	00	JO	SY	1	3	F		-16	1350	1457	−8	+3	121	87
1995	00	00	SY	JO	2	0	F		7	1464	1343	+3	−8	87	121
1996	08	09	JO	PK	4	0	SQ		3	1346	873	+1	−1	119	200
1996	08	11	JO	IQ	0	1	SQ		-9	1337	1664	−1	+1	120	39
1997	00	00	JO	SY	0	0	F		1	1338	1482	0	−1	123	82
1997	00	00	SY	JO	0	0	F		-6	1476	1344	−1	0	82	123
1997	02	02	LB	JO	1	0	F		6	1409	1338	+2	0	104	121
1997	02	07	JO	LB	0	0	F		-1	1337	1410	0	0	121	104
1997	02	09	LB	JO	0	0	F		-5	1405	1342	−2	0	106	121
1997	02	16	IQ	JO	1	0	F		2	1652	1340	0	0	44	121
1997	02	23	IQ	JO	1	0	F		2	1654	1338	0	0	44	121
1997	04	08	JO	AE	0	0	WQ	BH	12	1350	1567	0	−2	121	61
1997	04	14	BH	JO	1	0	WQ		13	1382	1337	+5	0	113	121
1997	04	19	JO	BH	4	1	WQ	AE	40	1377	1342	+6	−8	115	121
1997	04	26	AE	JO	2	0	WQ		8	1599	1369	+2	−2	56	117
1997	06	06	PS	JO	0	0	F		1	1231	1368	0	−1	142	116
1997	07	13	LB	JO	1	1	PAR		-7	1394	1375	−4	+3	107	112
1997	07	17	JO	LY	1	1	PAR	LB	5	1380	1451	+1	−1	111	87
1997	07	20	JO	OM	3	1	PAR	LB	25	1405	1291	+8	−7	103	136
1997	07	23	JO	KW	3	2	PAR	LB	32	1437	1614	+12	−6	91	52
1997	07	27	JO	SY	1	0	PAR	LB	27	1464	1532	+6	−6	85	72
1997	09	21	JO	TD	1	0	ARR	LY	6	1470	1222	+2	−3	83	147
1997	09	23	BH	JO	0	0	ARR	LY	6	1332	1464	+1	−2	124	85
1997	09	25	LY	JO	1	1	ARR		-3	1443	1467	−1	+1	90	84
1998	07	20	SY	JO	3	0	ARQ	LB	28	1562	1439	+6	−6	62	91
1998	07	23	LB	JO	0	2	ARQ		-37	1385	1476	−6	+9	109	83
1998	07	26	JO	PS	1	1	ARQ	LB	-13	1463	1229	−6	+5	88	144
1998	09	24	JO	LY	2	1	ARC	QA	15	1478	1358	+5	−1	83	117
1998	09	26	QA	JO	2	0	ARC		17	1553	1461	+3	−5	64	88
1999	06	18	SA	JO	2	1	F		2	1726	1459	0	−2	33	88
1999	06	22	SA	JO	2	0	F		3	1729	1456	0	0	32	88
1999	06	28	JO	IQ	0	1	F		-9	1447	1615	−4	0	92	52
1999	06	30	JO	IQ	1	1	F		2	1449	1613	0	0	92	52
1999	07	16	JO	SY	1	0	F		9	1458	1500	+4	−1	88	77
1999	07	18	JO	SY	4	0	F		16	1474	1484	+6	−3	82	80
1999	08	16	JO	QA	3	0	PAR		28	1502	1480	+7	−7	76	82
1999	08	18	JO	PS	2	0	PAR		6	1508	1223	+1	0	75	149
1999	08	23	JO	LB	1	3	PAR		-46	1462	1447	−13	+12	88	95
1999	08	25	JO	IQ	2	1	PAR		23	1485	1597	+9	−4	79	54
1999	08	27	JO	OM	2	0	PAR		13	1498	1350	+3	−4	76	118
1999	08	29	JO	PS	4	1	PAR		11	1509	1298	+2	−1	74	131
1999	08	31	JO	IQ	4	4	PAR		2	1511	1635	0	0	74	49
2000	02	23	LB	JO	1	1	F		0	1409	1511	0	−1	106	76
2000	03	06	SY	JO	0	0	F		-2	1472	1513	0	0	83	76
2000	03	08	JO	LB	1	1	F		-5	1508	1414	0	+3	76	103
2000	03	11	JO	BA	0	0	F		-2	1506	1530	0	+1	76	68
2000	03	13	JO	SY	0	0	F		-4	1502	1476	0	0	76	83
2000	03	15	JO	BA	1	2	F		-12	1490	1542	−4	0	80	67
2000	03	17	JO	SY	0	0	F		-3	1487	1479	−1	+1	81	82
2000	03	25	BH	JO	1	1	F	AE	5	1296	1482	0	0	133	80
2000	03	31	KZ	JO	1	0	SQ	QA	20	1502	1462	+3	−9	76	88
2000	04	04	JO	PS	5	1	SQ	QA	21	1483	1273	+9	−4	80	136
2000	04	06	JO	PK	5	0	SQ	QA	2	1485	815	−1	0	81	206
2000	04	08	QA	JO	2	2	SQ		-5	1460	1490	−2	+1	89	79
2000	05	13	JO	LB	1	1	F	CY	-2	1488	1416	−1	0	82	102
2000	05	23	JO	KG	2	0	WAH		6	1494	1196	+3	−1	77	154
2000	05	25	JO	IQ	0	0	WAH		3	1497	1643	0	0	77	50
2000	05	27	JO	LB	0	0	WAH		-9	1488	1433	−1	+4	78	95
2000	05	31	JO	IR	0	1	WAH		-12	1476	1738	−4	+6	82	28
2000	06	02	JO	IQ	1	4	WAH		-28	1448	1670	−8	+4	90	46
2000	08	11	JO	BH	2	0	FRT	SY	14	1462	1303	+5	−1	85	127
2000	08	13	SY	JO	1	0	FRT		8	1542	1454	+1	−2	69	87
2000	10	02	JO	SA	1	0	F		13	1467	1634	+3	−3	83	54
2000	10	07	JO	CN	1	1	F		3	1470	1689	+1	−2	82	41
2001	01	06	QA	JO	3	1	F		10	1505	1460	+2	−1	76	81
2001	01	16	JO	HK	2	0	MLM	IN	9	1469	1200	+1	−2	80	156
2001	01	28	JO	KP	1	0	F		7	1476	1440	+2	−2	79	89
2001	01	30	JO	KP	0	2	F		-21	1455	1461	−6	+8	85	81
2001	02	28	JO	BG	0	2	F		-10	1445	1697	−2	+3	87	40
2001	03	04	JO	LB	0	0	F		-3	1442	1426	0	+1	87	94
2001	03	07	JO	HU	1	1	F		4	1446	1667	0	−1	87	48
2001	04	23	TM	JO	2	0	WQ	UZ	32	1454	1414	+10	−14	87	103
2001	04	25	JO	TW	2	0	WQ	UZ	6	1420	1028	+4	−1	99	185
2001	04	27	UZ	JO	2	2	WQ		-7	1447	1427	−2	+3	89	96
2001	05	03	JO	TW	6	0	WQ		4	1431	1017	+3	−1	93	186
2001	05	05	JO	TM	1	2	WQ		-27	1404	1438	−11	+12	104	91
2001	05	07	JO	UZ	1	1	WQ		-1	1403	1488	0	+2	104	78
2002	02	09	MT	JO	2	1	FT		19	1228	1384	+3	−3	152	111
2002	02	11	MD	JO	2	0	FT	MT	23	1405	1361	+5	−4	108	115
2002	02	13	JO	LT	3	0	FT	MT	31	1392	1398	+6	−6	109	107
2002	08	17	JO	KE	1	1	F		-3	1389	1396	−2	+1	111	107
2002	08	19	JO	SD	0	0	F		-2	1387	1424	0	0	111	102
2002	08	30	JO	IR	1	0	WAH	SY	36	1423	1721	+10	−7	101	37
2002	09	01	JO	LB	1	0	WAH	SY	20	1443	1402	+9	−4	92	106
2002	09	05	SY	JO	1	2	WAH		-25	1411	1468	−8	+3	104	88
2002	09	07	IQ	JO	3	2	WAH	SY	12	1625	1456	+1	+1	51	87
2002	11	29	JO	MY	1	0	IND	AE	7	1463	1254	+3	−2	89	142
2002	11	30	JO	SG	3	1	IND	AE	9	1472	1221	+5	−4	84	153
2002	12	07	BH	JO	0	3	PMC		-35	1464	1507	−11	+13	88	71
2002	12	09	CN	JO	0	0	PMC	BH	-4	1608	1511	−1	0	56	71
2002	12	12	JO	SY	3	0	PMC	BH	20	1531	1411	+2	−4	69	107
2002	12	16	JO	PS	1	1	ARC	KW	-13	1518	1267	−1	+6	70	138
2002	12	18	JO	MA	1	1	ARC	KW	5	1523	1605	0	−1	70	56
2002	12	20	JO	SD	2	1	ARC	KW	12	1535	1355	+2	−2	68	121
2002	12	23	KW	JO	1	2	ARC		-25	1499	1560	−8	+4	78	64
2002	12	28	BH	JO	2	1	ARC	KW	25	1494	1535	+7	−4	79	68
2003	08	26	JO	IQ	2	1	F		10	1545	1613	+2	−2	67	55
2003	09	05	IR	JO	4	1	SQ		13	1707	1532	+2	−1	37	70
2003	09	19	JO	SY	0	0	F		-6	1526	1411	−1	+3	70	106
2003	09	26	JO	IR	3	2	SQ		25	1551	1682	+3	−5	67	41
2003	10	08	OM	JO	2	1	F		9	1484	1542	+1	−1	83	68
2003	10	17	JO	LB	1	0	SQ		9	1551	1408	+2	−1	66	105
2003	11	12	LB	JO	0	2	SQ		-26	1378	1577	−6	+2	114	64
2003	11	18	JO	KP	3	0	SQ		15	1592	1431	+5	−4	59	96
2004	02	12	JO	ID	2	1	F		2	1594	1343	0	−1	60	126
2004	02	18	JO	LA	5	0	WQ		1	1595	894	0	0	59	197
2004	03	21	BH	JO	0	0	F		-2	1576	1597	0	0	65	59
2004	03	23	BH	JO	0	2	F		-18	1558	1615	−2	+3	67	56
2004	03	31	JO	QA	1	0	WQ		9	1624	1502	+1	−2	55	78
2004	04	30	LY	JO	1	0	LGC	NG	23	1456	1601	+6	−2	91	58
2004	05	19	CY	JO	0	0	F		1	1474	1600	+1	−1	84	59
2004	05	30	DZ	JO	1	1	F		0	1488	1600	0	+1	80	58
2004	06	09	IR	JO	0	1	WQ		-31	1696	1631	−7	+4	39	54
2004	06	17	JO	PS	1	1	WAH	IR	-15	1616	1311	−1	+4	56	129
2004	06	21	JO	IQ	2	0	WAH	IR	27	1643	1559	+3	−6	53	67
2004	06	23	JO	SY	1	1	WAH	IR	-10	1633	1464	−2	+4	55	90
2004	06	25	JO	IQ	3	1	WAH	IR	23	1656	1529	+3	−5	52	74
2004	07	08	TH	JO	0	0	F		4	1392	1652	0	0	109	50
2004	07	19	JO	KR	0	0	AC	CN	3	1655	1692	0	0	48	33
2004	07	23	JO	KW	2	0	AC	CN	21	1676	1469	+6	−4	41	86
2004	07	27	JO	AE	0	0	AC	CN	-16	1660	1431	−4	+4	45	99
2004	07	31	JP	JO	1	1	AC	CN	-12	1821	1672	0	+2	19	43
2004	08	18	JO	AZ	1	1	F		-8	1664	1383	−1	+3	44	111
2004	08	31	JO	LB	2	2	F		-8	1656	1365	−2	+2	46	116
2004	09	08	JO	IR	0	2	WQ		-28	1628	1807	−7	+3	55	23
2004	10	08	TH	JO	2	3	F		-5	1327	1633	−1	+2	123	53
2004	10	13	LA	JO	2	3	WQ		-1	886	1634	0	+2	197	51
2004	10	20	JO	EC	3	0	LGC	LY	28	1662	1633	+6	−7	46	53
2004	10	22	LY	JO	1	0	LGC		17	1543	1645	+4	−3	69	49
2004	11	11	AE	JO	4	0	F		28	1389	1617	+7	−8	107	57
2004	11	17	QA	JO	2	0	WQ		36	1488	1581	+6	−8	86	65
2005	01	28	JO	NO	0	0	F		3	1584	1797	+2	−1	65	25
2005	03	26	CY	JO	2	1	F		11	1446	1573	+1	−1	94	68
2005	06	08	JO	IQ	0	1	F		-14	1559	1522	0	+3	68	76
2005	08	17	JO	AM	0	0	F		-6	1553	1397	−1	0	70	103
2005	11	16	GE	JO	3	2	F		9	1498	1544	0	−1	85	70
2006	01	17	CI	JO	2	0	F	AE	9	1710	1535	0	−2	40	73
2006	01	23	JO	SE	0	0	F	AE	8	1543	1889	+1	−1	71	11
2006	02	01	TH	JO	0	0	F		3	1321	1540	0	0	122	72
2006	02	07	KW	JO	2	1	F		11	1433	1529	+2	−2	98	74
2006	02	14	JO	KZ	2	0	F		4	1533	1314	+2	−2	72	125
2006	02	22	JO	PK	3	0	SQ		1	1534	884	−1	0	73	198
2006	03	01	OM	JO	3	0	SQ		23	1577	1511	+5	−4	64	77
2006	07	21	JO	IQ	2	1	F		9	1520	1580	+2	0	75	64
2006	07	30	JO	SY	3	0	F		10	1530	1459	+1	−3	75	95
2006	08	09	JO	IQ	0	1	F		-11	1519	1601	−1	+4	76	60
2006	08	16	JO	AE	1	2	SQ		-26	1493	1529	−9	+4	85	76
2006	09	02	BH	JO	0	2	F		-19	1467	1512	−5	+3	92	82
2006	09	06	AE	JO	0	0	SQ		-6	1516	1518	0	+4	79	78
2006	10	06	JO	IR	0	0	LGC		6	1524	1766	0	0	78	26
2006	10	11	PK	JO	0	3	SQ		-3	898	1527	−1	−1	198	77
2006	11	08	SA	JO	2	1	F		6	1592	1521	0	0	61	78
2006	11	15	JO	OM	3	0	SQ		32	1553	1562	+6	−9	72	69
2007	06	08	JO	IQ	1	1	F		-2	1551	1591	0	0	71	59
2007	06	12	JO	IQ	0	0	F		-2	1549	1593	0	0	71	59
2007	06	18	JO	SY	0	1	WAH		-29	1520	1511	−8	+8	78	80
2007	06	20	JO	LB	3	0	WAH		11	1531	1326	+3	−3	75	125
2007	06	22	JO	IR	0	1	WAH		-12	1519	1782	−3	+1	78	26
2007	09	07	BH	JO	1	3	F		-17	1437	1536	−5	+3	98	74
2007	10	18	KG	JO	2	0	WQ		50	1200	1486	+10	−9	158	84
2007	10	28	JO	KG	2	0	WQ		6	1492	1194	+1	0	84	158
2007	12	11	OM	JO	0	3	F		-25	1527	1517	−7	+5	79	81
2008	01	24	IQ	JO	1	1	F	AE	-3	1640	1520	−1	0	52	82
2008	01	28	JO	LB	4	1	F		6	1526	1333	+1	−3	80	122
2008	01	31	JO	SG	2	1	F		4	1530	1370	0	−1	80	113
2008	02	06	JO	KP	0	1	WQ		-29	1501	1497	−4	+6	83	85
2008	03	16	QA	JO	2	1	F		8	1466	1493	0	−2	92	85
2008	03	22	UZ	JO	4	1	F		9	1579	1484	+2	−3	61	90
2008	03	26	TM	JO	0	2	WQ		-29	1345	1513	−6	+7	116	83
2008	05	25	CN	JO	2	0	F		9	1559	1504	+1	−6	71	88
2008	05	31	KR	JO	2	2	WQ		-13	1657	1517	−1	+8	46	81
2008	06	07	JO	KR	0	1	WQ		-18	1499	1675	−8	+2	89	45
2008	06	14	KP	JO	2	0	WQ		20	1533	1479	+7	−3	77	92
2008	06	22	JO	TM	2	0	WQ		11	1490	1315	+1	−2	90	126
2008	08	07	JO	SY	0	0	WAH	IR	2	1492	1528	+1	0	90	79
2008	08	11	JO	OM	3	1	WAH	IR	31	1523	1478	+10	−9	80	92
2008	08	13	JO	QA	3	0	WAH	IR	35	1558	1491	+12	−11	68	90
2008	08	15	IR	JO	2	1	WAH		5	1785	1553	+1	0	24	68
2008	09	05	KR	JO	1	0	F		4	1679	1549	+2	−3	43	72
2008	10	26	PS	JO	1	1	F		6	1231	1543	+2	−4	149	76
2008	11	14	OM	JO	2	0	F		12	1515	1531	+4	−1	86	76
2008	12	21	JO	CN	0	1	F		-13	1518	1531	−7	+7	83	76
2009	01	14	JO	TH	0	0	SQ		-10	1508	1436	−4	+1	87	101
2009	01	28	SG	JO	2	1	SQ		22	1388	1486	+5	−3	115	88
2009	05	13	JO	ZW	2	0	F		8	1494	1389	+1	−3	85	113
2009	06	03	BH	JO	4	0	F		9	1602	1485	+2	0	58	87
2009	09	05	JO	MY	0	0	F		-8	1477	1159	−2	0	88	165
2009	09	09	JO	NZ	1	3	F		-19	1458	1490	−4	+3	92	87
2009	10	10	KW	JO	2	1	F	EG	11	1451	1447	+7	−3	92	95
2009	10	14	AE	JO	3	1	F		14	1393	1433	+6	−4	109	101
2009	11	14	IR	JO	1	0	SQ		4	1705	1429	+2	−2	41	104
2009	11	22	JO	IR	1	0	SQ		29	1458	1670	+10	−4	94	46
2009	12	30	CN	JO	2	2	F		-5	1545	1463	−2	+1	76	94
2010	01	06	TH	JO	0	0	SQ		-6	1469	1469	−3	+2	92	92
2010	02	25	JO	AZ	0	2	F		-21	1448	1441	−5	+6	97	101
2010	03	03	JO	SG	2	1	SQ		10	1458	1354	+3	−1	94	119
2010	09	16	JO	IQ	4	1	F		17	1475	1540	+3	−3	92	78
2010	09	19	JO	BH	2	0	F		13	1488	1522	+2	−2	90	81
2010	09	24	JO	SY	1	1	WAH		-3	1485	1530	−1	0	91	79
2010	09	28	JO	KW	2	2	WAH		-3	1482	1538	0	0	91	80
2010	11	16	JO	CY	0	0	F		-1	1481	1551	0	+1	93	74
2010	12	28	BH	JO	2	1	F	AE	10	1476	1471	+4	−3	93	95
2011	01	02	JO	UZ	2	2	F	AE	1	1472	1507	0	0	94	85
2011	01	09	JP	JO	1	1	AC	QA	-18	1767	1490	−4	+2	22	91
2011	01	13	JO	SA	1	0	AC	QA	34	1524	1583	+11	−7	82	63
2011	01	17	JO	SY	2	1	AC	QA	26	1550	1506	+5	−8	77	86
2011	01	21	UZ	JO	2	1	AC	QA	22	1609	1528	+7	−3	56	80
2011	03	26	JO	KW	1	1	F	AE	0	1528	1533	−1	0	82	78
2011	03	29	JO	KP	1	1	F	AE	-1	1527	1489	+1	+1	82	92
2011	07	05	SY	JO	3	1	F	TR	15	1536	1512	+6	−5	78	85
2011	07	08	JO	YE	4	0	F	TR	9	1521	1301	+1	−1	84	131
2011	07	13	JO	SA	1	1	FT		-3	1518	1561	−1	0	85	67
2011	07	16	JO	IQ	1	1	FT		-3	1515	1554	0	+1	85	69
2011	07	23	JO	NP	9	0	WQ		2	1517	975	0	0	85	189
2011	07	28	NP	JO	1	1	WQ		17	992	1500	−1	−2	190	87
2011	08	22	JO	TN	3	3	F		-1	1499	1583	0	0	86	63
2011	08	27	JO	ID	1	0	F		4	1503	1328	0	−2	86	128
2011	09	02	IQ	JO	0	2	WQ		-43	1517	1546	−12	+12	81	74
2011	09	06	JO	CN	2	1	WQ		21	1567	1642	+7	−5	66	52
2011	10	06	TH	JO	0	0	F		1	1429	1566	0	0	102	66
2011	10	11	SG	JO	0	3	WQ		-21	1299	1587	−2	+4	131	65
2011	11	11	JO	SG	2	0	WQ		6	1593	1293	+4	−3	60	134
2011	11	15	JO	IQ	1	3	WQ		-38	1555	1633	−10	+5	70	54
2011	12	11	JO	PS	4	1	PAR	QA	8	1563	1202	0	−3	70	155
2011	12	14	JO	SD	0	0	PAR	QA	-6	1557	1458	−1	+2	71	98
2011	12	17	JO	LY	0	0	PAR	QA	-4	1553	1494	−1	+1	72	90
2011	12	20	JO	KW	2	0	PAR	QA	35	1588	1571	+10	−10	62	68
2011	12	23	BH	JO	1	0	PAR	QA	22	1573	1566	+5	−8	68	70
2012	02	23	IR	JO	2	2	F	AE	-5	1739	1571	−1	+2	32	70
2012	02	29	CN	JO	3	1	WQ		18	1638	1553	+3	−2	53	72
2012	05	18	LB	JO	1	2	F		-6	1307	1559	0	0	128	72
2012	05	26	JO	SL	4	0	F		4	1563	1298	−1	−1	73	131
2012	06	03	JO	IQ	1	1	WQ		-4	1559	1590	0	+1	72	61
2012	06	08	JP	JO	6	0	WQ		12	1791	1547	0	−1	23	73
2012	08	13	JO	UZ	0	1	F		-11	1536	1607	−4	+4	79	59
2012	08	15	JO	UZ	2	0	F		14	1550	1593	+4	−6	75	65
2012	09	05	JO	IR	0	0	F		2	1552	1712	0	0	74	33
2012	09	11	JO	AU	2	1	WQ		27	1579	1757	+5	0	65	25
2012	10	08	QA	JO	1	1	F		0	1490	1579	0	0	89	65
2012	10	16	OM	JO	2	1	WQ		17	1542	1562	+3	−6	75	71
2012	11	08	BH	JO	3	0	F		19	1444	1543	+7	−3	97	74
2012	11	14	IQ	JO	1	0	WQ	QA	18	1597	1525	+4	−4	61	78
2012	12	10	IQ	JO	1	0	WAH	KW	16	1609	1509	+8	−4	55	83
2012	12	16	SY	JO	2	1	WAH	KW	21	1511	1488	+8	−7	82	90
2013	01	31	JO	ID	5	0	F		5	1493	1233	0	−1	89	149
2013	02	06	JO	SG	4	0	SQ		11	1504	1268	+4	−1	85	141
2013	03	21	JO	BY	1	0	F		10	1514	1587	+3	−4	83	62
2013	03	26	JO	JP	2	1	WQ		31	1545	1794	+12	−4	71	21
2013	05	27	JO	LY	1	0	F		7	1552	1539	+1	−4	71	75
2013	06	11	AU	JO	4	0	WQ		11	1765	1541	+3	−3	27	74
2013	06	18	JO	OM	1	0	WQ		15	1556	1542	+7	−6	69	76
2013	08	06	JO	PS	4	1	F		4	1560	1316	+1	0	68	130
2013	08	09	JO	LY	2	1	F		7	1567	1551	+3	−3	65	72
2013	08	15	JO	SY	1	1	SQ	IR	-3	1564	1518	−2	+2	68	83
2013	09	06	JO	UZ	1	1	WQ		-2	1562	1638	−1	0	68	51
2013	09	10	UZ	JO	1	1	WQ		-9	1629	1571	−3	+6	54	64
2013	10	09	JO	KW	1	1	F		-3	1568	1581	0	+1	64	62
2013	10	15	JO	OM	0	0	SQ		-7	1561	1557	−2	+3	67	68
2013	10	28	JO	NG	1	0	F		12	1573	1717	+2	−1	65	32
2013	11	06	JO	ZM	1	0	F	QA	9	1582	1528	+3	−1	62	77
2013	11	13	JO	UY	0	5	WQ		-16	1566	1935	−5	0	67	7
2013	11	20	UY	JO	0	0	WQ		-17	1918	1583	−3	+7	9	63
2013	12	26	JO	LB	0	0	WAH	QA	-10	1573	1392	−2	+3	65	110
2014	01	01	JO	KW	2	1	WAH	QA	21	1594	1567	+8	−8	58	68
2014	01	04	JO	BH	1	0	WAH	QA	13	1607	1457	+2	−3	56	97
2014	01	07	QA	JO	2	0	WAH		28	1561	1579	+6	−8	69	64
2014	01	31	OM	JO	0	0	SQ		-5	1559	1584	−1	+1	69	63
2014	02	04	SG	JO	1	3	SQ		-13	1250	1597	−2	+6	145	57
2014	03	05	JO	SY	2	1	SQ		8	1605	1459	−1	−2	58	96
2014	06	06	CO	JO	3	0	F	AR	5	1922	1600	+2	−1	8	59
2014	09	04	UZ	JO	2	0	F		10	1623	1590	+3	−3	53	61
2014	09	09	CN	JO	1	1	F		-2	1550	1592	−2	0	72	62
2014	10	10	JO	KW	0	1	F		-15	1577	1508	−1	+4	63	83
2014	10	13	JO	KW	1	1	F		-5	1572	1513	−1	0	65	82
2014	11	14	JO	KR	0	1	F		-11	1561	1639	−2	+2	67	51
2014	11	18	EE	JO	1	0	F		10	1466	1551	+2	−2	94	69
2014	12	21	UZ	JO	2	1	F	AE	8	1647	1543	+1	−6	50	74
2014	12	30	AE	JO	1	0	F	AU	7	1641	1536	+2	−1	51	75
2015	01	04	BH	JO	1	0	F	AU	12	1486	1524	+4	−4	89	78
2015	01	12	IQ	JO	1	0	AC	AU	26	1532	1498	+9	−12	75	87
2015	01	16	JO	PS	5	1	AC	AU	26	1524	1306	+11	−6	75	132
2015	01	20	JP	JO	2	0	AC	AU	16	1765	1508	+2	−6	25	81
2015	03	26	JO	SY	0	1	F		-14	1494	1492	−5	+4	83	86
2015	03	30	SA	JO	2	1	F		8	1483	1486	+1	−4	90	89
2015	05	30	JO	LB	0	0	F		-5	1481	1414	−1	0	90	108
2015	06	05	JO	KW	2	2	F	TR	-1	1480	1452	0	0	90	99
2015	06	11	TJ	JO	1	3	WQS		-21	1249	1501	−2	+7	141	83
2015	06	16	JO	TT	3	0	F		12	1513	1486	+2	−5	80	89
2015	09	03	JO	KG	0	0	WQS		-18	1495	1145	−6	+4	85	172
2015	09	08	BD	JO	0	4	WQS		-5	942	1500	−1	+2	197	83
2015	10	03	JO	IQ	3	0	F		14	1514	1520	+4	−2	80	77
2015	10	08	JO	AU	2	0	WQS		40	1554	1700	+10	−10	70	40
2015	10	13	JO	TJ	3	0	WQS		6	1560	1227	0	−1	69	152
2015	11	11	JO	MT	2	0	F	TR	4	1564	1232	+1	−1	68	149
2015	11	17	KG	JO	1	0	WQS		34	1185	1530	+7	−7	164	75
2016	01	27	EG	JO	0	1	F		-15	1594	1545	−3	+3	58	72
2016	03	24	JO	BD	8	0	WQS		1	1546	900	+1	0	71	202
2016	03	29	AU	JO	5	1	WQS		14	1720	1532	+3	−2	37	75
2016	06	03	JO	AE	3	1	KNG	TH	29	1561	1602	+7	−9	69	59
2016	06	05	TH	JO	2	0	KNG		26	1437	1535	+6	−6	100	75
2016	08	18	QA	JO	3	2	F	CH	10	1554	1525	+2	−2	70	76
2016	08	31	LB	JO	1	1	F		2	1370	1523	0	0	115	79
2016	09	04	BH	JO	0	0	F		0	1430	1523	0	0	101	79
2016	10	07	OM	JO	1	1	F		-1	1469	1524	+1	+1	88	78
2016	10	10	MA	JO	2	1	F		6	1585	1518	+4	0	61	78
2016	11	06	JO	IQ	0	0	F		-4	1514	1491	−2	0	80	86
2016	11	10	UZ	JO	1	0	F		4	1679	1510	0	−1	45	81
2016	11	15	JO	LB	0	0	F		-6	1504	1371	0	+1	81	115
2017	01	25	JO	GE	1	0	F	AE	9	1513	1468	+3	−1	80	87
2017	03	23	JO	HK	4	0	F		3	1516	1197	0	−1	80	165
2017	03	28	JO	KH	7	0	SQ		1	1517	802	+2	0	79	210
2017	06	01	IQ	JO	1	0	F		8	1503	1509	0	−3	84	82
2017	06	07	HK	JO	0	0	F		6	1193	1503	0	−1	166	83
2017	06	13	VN	JO	0	0	SQ		7	1278	1496	+2	−1	140	84
2017	08	29	BH	JO	0	0	F		0	1406	1496	0	0	106	84
2017	09	05	JO	AF	4	1	SQ		4	1500	1126	+1	0	84	172
2017	10	04	JO	OM	1	1	F	AE	-1	1499	1455	+1	0	83	95
2017	10	10	AF	JO	3	3	SQ	TJ	16	1142	1483	0	−3	172	85
2017	11	14	KH	JO	0	1	SQ		-1	814	1484	0	0	208	85
2017	12	25	JO	LY	1	1	F		-3	1481	1473	−1	0	85	88
2018	01	11	FI	JO	2	1	F	AE	7	1601	1474	+2	−1	63	87
2018	03	21	JO	KW	1	0	F		6	1480	1419	+1	−2	86	100
2018	03	27	JO	VN	1	1	SQ		-14	1466	1288	−1	+3	87	136
2018	05	20	JO	CY	3	0	F		10	1476	1402	+1	−3	86	107
2018	09	06	JO	LB	0	1	F		-13	1463	1470	−3	+3	89	87
2018	09	11	JO	OM	0	0	F		-1	1462	1541	+1	+1	88	71
2018	10	10	AL	JO	0	0	F		-5	1555	1467	0	0	68	88
2018	10	15	HR	JO	2	1	F		1	1917	1466	−1	0	11	89
2018	11	17	JO	IN	2	1	F		2	1468	1214	−1	−1	88	159
2018	11	20	JO	SA	1	1	F		0	1468	1578	−1	0	88	62
2018	12	20	KG	JO	1	0	F	QA	15	1280	1453	+3	−4	140	92
2018	12	23	QA	JO	2	0	F		8	1538	1445	+1	−4	73	96
2018	12	28	CN	JO	1	1	F	QA	-2	1514	1447	0	+1	79	95
2019	01	06	JO	AU	1	0	AC	AE	42	1489	1694	+10	−8	85	43
2019	01	10	JO	SY	2	0	AC	AE	48	1537	1537	+11	−11	74	74
2019	01	15	JO	PS	0	0	AC	AE	-10	1527	1394	−1	+2	75	106
2019	01	20	JO	VN	1	1	AC	AE	-12	1515	1359	−5	+5	79	113
2019	03	23	SY	JO	1	0	FRT	IQ	15	1530	1500	+3	−5	74	82
2019	03	26	IQ	JO	3	2	FRT		7	1605	1493	+2	−3	58	85
2019	06	07	SK	JO	5	1	F		4	1749	1489	+1	0	33	85
2019	06	11	JO	ID	4	1	F		4	1493	1211	0	0	85	156
2019	08	04	BH	JO	1	0	WAH	IQ	24	1443	1469	+4	−2	97	86
2019	08	07	JO	KW	1	1	WAH	IQ	-1	1468	1458	0	+1	86	90
2019	08	10	JO	SA	3	0	WAH	IQ	42	1510	1493	+10	−12	76	84
2019	08	30	MY	JO	0	1	F		-3	1129	1513	−1	0	175	76
2019	09	05	TW	JO	1	2	WQS		-3	997	1516	0	0	190	76
2019	09	10	JO	PY	2	4	F		-10	1506	1736	−2	+1	80	36
2019	10	05	JO	SG	0	0	F		-9	1497	1149	−4	+1	84	172
2019	10	10	JO	KW	0	0	WQS		-10	1487	1427	−2	+1	85	99
2019	10	15	JO	NP	3	0	WQS		2	1489	934	+1	0	83	196
2019	11	14	JO	AU	0	1	WQS		-14	1475	1713	−4	+1	87	41
2019	11	19	JO	TW	5	0	WQS		2	1477	943	0	−1	87	195
2020	11	12	IQ	JO	0	0	F	AE	-4	1619	1481	−4	0	56	86
2020	11	16	JO	SY	1	0	F	AE	10	1491	1486	+7	−1	80	82
2021	02	01	JO	TJ	2	0	F	AE	5	1496	1225	+1	−2	81	152
2021	02	05	TJ	JO	1	0	F	AE	17	1242	1479	+3	−6	149	87
2021	02	15	UZ	JO	2	0	F	AE	12	1564	1467	+4	−2	67	89
2021	03	20	JO	OM	0	0	F	AE	1	1468	1503	0	−1	89	79
2021	03	24	JO	LB	1	0	F	AE	8	1476	1388	+1	+1	88	104
2021	03	30	BH	JO	1	2	F		-15	1557	1491	−4	+6	68	81
2021	05	24	AE	JO	5	1	F		16	1453	1475	+3	−4	92	86
2021	05	31	JO	VN	1	1	F	AE	-2	1473	1413	−1	0	87	100
2021	06	07	JO	NP	3	0	WQS	KW	3	1476	942	+1	0	86	195
2021	06	11	KW	JO	0	0	WQS		-1	1391	1477	−1	−2	105	87
2021	06	15	AU	JO	1	0	WQS	KW	7	1739	1470	+2	−1	35	89
2021	09	04	HT	JO	2	0	FT	BH	20	1526	1450	+3	−2	77	89
2021	09	07	BH	JO	1	2	FT		-24	1560	1474	−7	+2	70	86
2021	10	06	JO	MY	4	0	FT		6	1480	1200	+1	−1	85	157
2021	10	12	JO	UZ	3	0	FT		24	1504	1531	+2	−3	81	74
2021	11	10	KO	JO	0	2	F		-18	1456	1522	−3	+5	87	76
2021	11	16	BY	JO	1	0	F		9	1452	1513	+1	−1	89	77
2021	12	01	JO	SA	1	0	ARC	QA	29	1542	1655	+4	−5	73	49
2021	12	04	MA	JO	4	0	ARC	QA	19	1750	1523	+2	−3	33	76
2021	12	07	JO	PS	5	1	ARC	QA	28	1551	1403	+8	−9	68	101
2021	12	11	EG	JO	3	1	ARC	QA	22	1674	1529	+3	−4	47	72
2022	01	28	JO	NZ	3	1	F	AE	15	1544	1513	+1	−6	70	78
2022	01	31	JO	SS	2	1	F	AE	1	1545	1080	0	0	70	181
2022	05	28	JO	IN	2	0	F	QA	4	1549	1196	+1	0	69	160
2022	06	01	AU	JO	2	1	F	QA	6	1684	1543	+2	−2	44	71
2022	06	08	JO	NP	2	0	SQ	KW	2	1545	947	0	0	71	194
2022	06	11	JO	ID	1	0	SQ	KW	6	1551	1237	+1	−2	70	151
2022	06	14	KW	JO	0	3	SQ		-23	1300	1574	−15	+4	138	65
2022	09	23	JO	SY	2	0	FT		10	1584	1450	+1	0	64	90
2022	09	26	JO	OM	1	0	FT		10	1594	1548	+1	−1	62	71
2022	11	17	JO	ES	1	3	F		-4	1590	2049	0	0	62	3
2023	03	28	JO	PH	4	0	F	QA	2	1592	1045	0	−1	65	184
2023	06	16	RS	JO	3	2	F	AT	3	1866	1589	0	0	16	65
2023	06	19	JO	JM	2	1	F	AT	9	1598	1529	0	−1	63	74
2023	09	07	NO	JO	6	0	F		9	1735	1589	+2	0	35	62
2023	09	12	AZ	JO	2	1	F		12	1417	1577	+6	−1	101	65
2023	10	13	JO	IR	1	3	FT		-14	1563	1823	−1	+3	66	23
2023	10	17	JO	IQ	2	2	FT		-3	1560	1600	0	0	66	62
2023	11	16	TJ	JO	1	1	WQS		5	1370	1555	+5	−1	110	67
2023	11	21	JO	SA	0	2	WQS		-39	1516	1586	−8	+7	75	63
2023	12	28	LB	JO	2	1	F		13	1312	1503	+7	−1	134	76
2024	01	05	QA	JO	1	2	F		-14	1520	1517	−3	+1	73	75
2024	01	09	JP	JO	6	1	F	QA	4	1910	1513	0	0	13	75
2024	01	15	JO	MY	4	0	AC	QA	22	1535	1283	+5	−9	69	145
2024	01	20	JO	KR	2	2	AC	QA	17	1552	1795	+3	−3	67	25
2024	01	25	BH	JO	1	0	AC	QA	33	1466	1519	+6	−6	92	73
2024	01	29	JO	IQ	3	2	AC	QA	35	1554	1639	+5	−7	69	52
2024	02	02	JO	TJ	1	0	AC	QA	15	1569	1386	+6	−3	64	108
2024	02	06	JO	KR	2	0	AC	QA	58	1627	1730	+9	−11	56	36
2024	02	10	QA	JO	3	1	AC		30	1631	1597	+8	−7	55	63
2024	03	21	PK	JO	0	3	WQS		-1	830	1598	0	+1	207	63
2024	03	26	JO	PK	7	0	WQS		1	1599	829	0	0	64	207
2024	06	06	JO	TJ	3	0	WQS		10	1609	1379	0	0	63	108
2024	06	11	SA	JO	1	2	WQS		-26	1588	1635	−3	+9	63	53
2024	08	27	JO	KP	0	0	F		-7	1628	1404	−3	+3	56	104
2024	08	29	JO	KP	2	1	F		3	1631	1401	+2	−1	54	105
2024	09	05	JO	KW	1	1	WQ		-16	1615	1344	−4	0	58	128
2024	09	10	JO	PS	3	1	WQ	MY	15	1630	1410	−1	−2	57	101
2024	10	10	JO	KR	0	2	WQ		-29	1601	1774	−2	+7	59	28
2024	10	15	JO	OM	4	0	WQ		19	1620	1498	+4	−1	56	82
2024	11	14	IQ	JO	0	0	WQ		-7	1649	1627	0	0	53	56
2024	11	19	KW	JO	1	1	WQ		10	1347	1617	+2	0	125	55
2025	01	27	JO	UZ	0	0	F	QA	2	1619	1682	0	0	54	49
2025	03	14	JO	KP	1	1	F		-7	1612	1411	0	+4	54	101
2025	03	20	JO	PS	3	1	WQ		9	1621	1398	−2	−1	56	105
2025	03	25	KR	JO	1	1	WQ		-12	1746	1633	−2	+1	32	54
2025	05	30	SA	JO	2	0	F		14	1576	1619	+3	−1	65	55
2025	06	05	OM	JO	0	3	WQ		-37	1505	1656	−9	+4	81	51
2025	06	10	JO	IQ	0	1	WQ		-32	1624	1550	−6	+6	57	72
2025	09	04	RU	JO	0	0	F		-6	1787	1630	+1	+3	27	54
2025	09	09	JO	DO	3	0	F		3	1633	1286	+1	0	56	140
2025	10	10	BO	JO	1	0	F	TR	8	1697	1625	+3	−2	46	58
2025	10	14	AL	JO	4	2	F		9	1673	1616	+2	−1	51	58
2025	11	14	TN	JO	3	2	F		7	1642	1609	+1	−4	55	62
2025	11	18	JO	ML	0	0	F	TN	0	1609	1612	+1	+1	61	60
2025	12	03	JO	AE	2	1	ARC	QA	16	1625	1516	+3	−3	58	79
2025	12	06	JO	KW	3	1	ARC	QA	10	1635	1344	+4	−2	54	118
2025	12	09	JO	EG	3	0	ARC	QA	34	1669	1590	+5	−7	50	66
2025	12	12	JO	IQ	1	0	ARC	QA	16	1685	1582	+1	−3	49	67
2025	12	15	JO	SA	1	0	ARC	QA	16	1701	1595	+5	−2	44	63
2025	12	18	MA	JO	3	2	ARC	QA	12	1854	1689	+1	−3	19	47
2026	03	27	CR	JO	2	2	NSM	TR	2	1634	1687	+1	0	59	50
2026	03	31	JO	NG	2	2	NSM	TR	3	1690	1752	0	0	50	32
2026	05	31	CH	JO	4	1	F		5	1894	1685	+1	0	15	51
2026	06	07	CO	JO	2	0	F	US	5	1982	1680	0	−2	7	52
2026	06	16	AT	JO	3	1	WC	US	27	1857	1653	+4	−2	20	54
2026	06	22	DZ	JO	2	1	WC	US	21	1780	1632	+7	−2	27	57