1923	01	01	GT	MX	2	3	F		-7	1495	1707	−1	−	38	16
1923	01	04	GT	MX	3	1	F		20	1515	1687	+1	−4	37	20
1923	01	07	GT	MX	1	4	F		-14	1501	1701	−1	+2	38	18
1923	12	09	MX	GT	2	1	F		3	1704	1498	0	−1	18	38
1923	12	12	MX	GT	2	0	F		4	1708	1494	+1	0	17	38
1923	12	16	MX	GT	3	3	F		-7	1701	1501	−1	+1	18	37
1928	05	30	ES	MX	7	1	OG	NL	20	2010	1681	+1	−1	3	22
1928	06	05	CL	MX	3	1	OG	NL	68	1554	1613	+4	−6	38	27
1930	07	13	FR	MX	4	1	WC	UY	62	1609	1551	+9	−8	28	36
1930	07	16	CL	MX	3	0	WC	UY	49	1624	1502	+7	−4	27	40
1930	07	19	AR	MX	6	3	WC	UY	4	2081	1498	0	0	1	40
1934	03	04	MX	CU	3	2	WQ		25	1523	1658	+4	−2	44	25
1934	03	11	MX	CU	5	0	WQ		44	1567	1614	+2	−8	42	33
1934	03	18	MX	CU	4	1	WQ		30	1597	1584	+7	−5	35	38
1934	05	24	US	MX	4	2	WQ	IT	17	1778	1580	+1	−3	14	39
1935	03	24	MX	HN	2	1	F	SV	5	1585	1406	+2	0	38	61
1935	03	27	SV	MX	1	8	CAG		-46	1443	1631	−5	+10	56	28
1935	03	28	MX	GT	5	1	CAG	SV	18	1649	1412	+1	−3	27	61
1935	03	30	MX	CU	6	1	CAG	SV	32	1681	1549	+7	−2	20	42
1935	04	01	MX	HN	8	2	CAG	SV	15	1696	1398	+3	−3	18	61
1935	04	02	MX	CR	2	0	CAG	SV	43	1739	1819	0	−1	18	12
1937	09	12	MX	US	7	2	CCB		20	1759	1700	0	−1	14	20
1937	09	19	MX	US	7	3	CMZ		16	1775	1684	0	0	14	20
1937	09	26	MX	US	5	1	CCN		14	1789	1670	0	−3	14	23
1938	02	10	MX	CO	3	1	CAC	PA	6	1795	1394	0	−	14	60
1938	02	14	MX	VE	1	0	CAC	PA	2	1797	1284	0	+1	14	76
1938	02	18	MX	SV	6	0	CAC	PA	10	1807	1433	0	0	14	57
1938	02	20	PA	MX	2	2	CAC		17	1291	1790	+4	0	75	14
1938	02	22	MX	CR	2	1	CAC	PA	23	1813	1825	0	0	14	13
1947	07	13	MX	US	5	0	NAC	CU	31	1844	1639	+3	−6	10	36
1947	07	17	CU	MX	1	3	NAC		-16	1502	1860	−1	+1	53	9
1948	08	02	KR	MX	5	3	OG	EN	64	1766	1796	+8	−4	16	14
1949	09	04	MX	US	6	0	WQN		13	1809	1545	0	−3	11	49
1949	09	11	MX	CU	2	0	WQN		8	1817	1542	0	−1	11	49
1949	09	18	MX	US	6	2	WQN		10	1827	1535	0	−6	11	54
1949	09	25	MX	CU	3	0	WQN		7	1834	1490	0	−1	11	60
1950	06	24	BR	MX	4	0	WC		23	1990	1811	+2	−1	3	13
1950	06	28	YU	MX	4	1	WC	BR	46	1903	1765	+1	0	10	13
1950	07	02	CH	MX	2	1	WC	BR	36	1733	1729	+6	−7	18	20
1952	03	23	UY	MX	3	1	PAC	CL	23	1895	1706	+1	−3	10	24
1952	03	26	CL	MX	4	0	PAC		40	1701	1666	+6	−6	24	30
1952	04	06	BR	MX	2	0	PAC	CL	9	2022	1657	0	−1	2	31
1952	04	10	MX	PA	4	2	PAC	CL	18	1675	1439	+3	−2	28	68
1952	04	20	PE	MX	3	0	PAC	CL	38	1762	1637	+5	−5	16	33
1953	07	19	MX	HT	8	0	WQ		11	1648	1376	+3	−1	31	80
1953	12	27	HT	MX	0	4	WQ		-22	1369	1670	−1	+3	83	27
1954	01	10	MX	US	4	0	WQ		17	1687	1542	+1	−4	26	54
1954	01	14	MX	US	3	1	WQ		12	1699	1530	+1	−1	25	55
1954	06	16	BR	MX	5	0	WC	CH	16	2046	1683	0	−1	3	25
1954	06	19	FR	MX	3	2	WC	CH	24	1781	1659	+1	−4	15	30
1956	02	26	MX	CR	1	1	PAC		-3	1656	1723	0	0	32	22
1956	03	04	MX	PE	0	2	PAC		-39	1617	1782	−7	+3	39	16
1956	03	08	MX	BR	1	2	PAC		-8	1609	2013	−1	0	40	3
1956	03	13	MX	AR	0	0	PAC		20	1629	2055	+4	0	36	2
1956	03	17	MX	CL	2	1	PAC		29	1658	1759	+4	−3	32	17
1957	04	07	MX	US	6	0	WQ		18	1676	1508	+3	−2	31	62
1957	04	28	US	MX	2	7	WQ		-32	1476	1708	−8	+6	70	24
1957	06	30	MX	CA	3	0	WQ		19	1727	1615	+5	−2	19	43
1957	07	03	MX	CA	2	0	WQ		14	1741	1601	0	−2	19	45
1957	10	20	MX	CR	2	0	WQ		28	1769	1787	+2	−2	18	16
1957	10	27	CR	MX	1	1	WQ		-7	1780	1776	−1	0	17	18
1958	06	08	SE	MX	3	0	WC		34	1837	1742	+1	−2	13	20
1958	06	11	MX	WA	1	1	WC	SE	0	1742	1741	−1	−1	21	22
1958	06	15	HU	MX	4	0	WC	SE	19	2037	1723	−1	−3	2	24
1959	03	01	MX	CR	3	1	JSC		20	1743	1760	+4	−4	22	20
1959	03	08	CR	MX	1	2	JSC		-20	1740	1763	−2	+2	22	20
1959	05	24	MX	EN	2	1	F		12	1775	1913	+2	−1	18	7
1960	03	06	BR	MX	2	2	PAC	CR	-15	2011	1790	0	0	1	16
1960	03	10	AR	MX	3	2	PAC	CR	13	1979	1777	+1	−1	2	17
1960	03	13	CR	MX	1	1	PAC		-10	1820	1787	−1	0	15	17
1960	03	15	BR	MX	2	1	PAC	CR	15	1942	1772	+3	−1	3	18
1960	03	17	AR	MX	2	0	PAC	CR	14	2045	1758	0	−3	1	21
1960	03	19	CR	MX	0	3	PAC		-55	1696	1813	−8	+6	32	15
1960	06	26	MX	NL	3	1	F		7	1820	1698	0	−2	13	32
1960	11	06	US	MX	3	3	WQ		13	1451	1807	+2	0	78	14
1960	11	13	MX	US	3	0	WQ		5	1812	1446	0	−1	14	79
1961	03	22	CR	MX	1	0	WQ		18	1767	1794	+4	−2	19	16
1961	04	05	MX	AN	7	0	WQ		7	1801	1458	+1	−2	14	76
1961	04	12	MX	CR	4	1	WQ		23	1824	1752	0	−4	14	23
1961	04	19	NL	MX	1	2	F		-10	1730	1834	−1	0	26	14
1961	04	29	CS	MX	2	1	F		5	1935	1829	0	0	9	14
1961	05	10	EN	MX	8	0	F		10	1975	1819	0	0	5	15
1961	05	16	NO	MX	1	1	F		5	1544	1814	+1	0	56	15
1961	05	21	AN	MX	0	0	WQ		11	1514	1803	+3	0	66	16
1961	10	29	MX	PY	1	0	WQ		8	1811	1657	0	−1	17	38
1961	11	05	PY	MX	0	0	WQ		3	1660	1808	0	0	38	17
1962	03	28	AR	MX	1	0	F		4	1980	1804	0	0	5	15
1962	04	01	CO	MX	0	1	F		-4	1434	1808	−1	0	83	15
1962	04	04	CO	MX	2	2	F		7	1441	1801	+1	0	82	15
1962	04	25	MX	CO	1	0	F		1	1802	1440	0	0	16	82
1962	05	22	MX	WA	2	1	F		7	1809	1798	+1	−1	15	16
1962	05	30	BR	MX	2	0	WC	CL	14	2117	1795	0	−1	1	16
1962	06	03	ES	MX	1	0	WC	CL	19	1953	1776	+1	0	7	17
1962	06	07	MX	CS	3	1	WC	CL	72	1848	1942	+1	−5	15	8
1963	03	24	AN	MX	2	1	CCH	SV	42	1594	1806	+8	−3	49	18
1963	03	28	MX	JM	8	0	CCH	SV	6	1812	1287	0	−1	18	115
1963	03	30	CR	MX	0	0	CCH	SV	6	1739	1806	0	0	24	18
1965	02	28	HN	MX	0	1	WQ		-7	1419	1813	−1	+1	85	17
1965	03	04	MX	HN	3	0	WQ		4	1817	1415	0	−1	17	86
1965	03	07	US	MX	2	2	WQ		12	1480	1805	0	−2	77	19
1965	03	12	MX	US	2	0	WQ		5	1810	1475	+1	+1	18	76
1965	03	28	MX	SV	2	0	CCH	GT	13	1823	1528	0	−3	17	61
1965	04	01	MX	AN	5	0	CCH	GT	13	1836	1483	+2	−4	15	75
1965	04	04	MX	HT	3	0	CCH	GT	9	1845	1442	+1	0	14	83
1965	04	06	CR	MX	1	1	CCH	GT	2	1826	1843	0	0	17	14
1965	04	11	GT	MX	1	2	CCH		-10	1502	1853	−1	0	69	14
1965	04	25	CR	MX	0	0	WQ		-2	1780	1855	0	0	20	14
1965	05	03	JM	MX	2	3	WQ		-3	1312	1858	−1	0	113	14
1965	05	07	MX	JM	8	0	WQ		2	1860	1310	+1	0	13	113
1965	05	16	MX	CR	1	0	WQ		11	1871	1772	+2	0	11	20
1966	04	24	MX	PY	7	0	F		11	1882	1771	0	−3	10	22
1966	05	11	MX	CL	1	0	FT		7	1889	1769	0	−2	10	23
1966	05	29	CL	MX	0	1	FT		-15	1766	1904	−4	+2	22	8
1966	06	18	CH	MX	1	1	F		4	1657	1900	0	0	38	8
1966	06	22	EI	MX	4	1	F		22	1727	1878	+1	−2	28	10
1966	06	29	IT	MX	5	0	F		10	1973	1868	0	−1	5	11
1966	07	13	FR	MX	1	1	WC	EN	9	1768	1859	+1	−4	20	14
1966	07	16	EN	MX	2	0	WC		20	1996	1839	+3	0	2	14
1966	07	19	MX	UY	0	0	WC	EN	4	1843	1884	0	0	14	10
1967	01	05	MX	CH	3	0	F		4	1847	1601	0	−1	12	46
1967	03	06	MX	NI	4	0	CCH	HN	1	1848	1053	0	0	13	154
1967	03	10	GT	MX	1	0	CCH	HN	43	1585	1805	+11	−4	48	17
1967	03	12	MX	TT	4	0	CCH	HN	11	1816	1446	+2	−7	15	87
1967	03	14	MX	HT	1	0	CCH	HN	6	1822	1449	0	−2	15	84
1967	03	19	HN	MX	0	1	CCH		-6	1384	1828	0	+2	99	13
1967	05	28	SU	MX	2	0	F		6	1980	1822	0	−1	6	15
1967	06	01	RU	MX	0	1	F		-16	1964	1838	0	+1	6	14
1967	06	04	OR	MX	1	2	F		-3	1398	1841	−	+1	−	13
1967	08	22	MX	AR	2	1	F		11	1852	1973	0	−1	13	6
1967	12	06	MX	HU	2	1	F		11	1863	1967	−1	0	13	3
1967	12	08	MX	HU	0	2	F		-15	1848	1982	−1	0	14	3
1968	03	03	MX	SU	0	0	F		1	1849	1973	0	0	14	4
1968	03	07	MX	SU	1	1	F		1	1850	1972	0	0	14	4
1968	03	10	MX	SU	0	0	F		1	1851	1971	0	0	14	4
1968	05	21	MX	UY	3	3	F		-2	1849	1899	0	0	15	9
1968	05	28	MX	UY	2	2	F		-1	1848	1900	0	0	15	9
1968	07	07	MX	BR	0	2	F		-13	1835	2002	0	0	16	3
1968	07	10	MX	BR	2	1	F		12	1847	1990	0	0	16	3
1968	08	28	MX	CL	3	1	F		8	1855	1757	+2	−1	14	19
1968	09	29	MX	ET	3	0	F		4	1859	1573	+3	−2	12	55
1968	10	16	CO	MX	0	1	F		-3	1433	1862	0	+1	84	12
1968	10	20	PE	MX	3	3	F		4	1603	1858	+1	−2	49	15
1968	10	23	CL	MX	3	1	F		15	1772	1843	+1	0	19	15
1968	10	26	UY	MX	0	2	F		-20	1849	1863	−3	+3	15	12
1968	10	31	BR	MX	1	2	F		-16	1996	1879	0	+1	3	11
1968	11	03	BR	MX	2	1	F		4	2000	1875	0	0	3	11
1968	12	22	MX	WG	0	0	F		1	1876	2011	0	0	12	2
1969	01	01	MX	IT	2	3	F		-10	1866	1986	0	+1	12	4
1969	01	05	MX	IT	1	1	F		1	1867	1985	0	0	12	4
1969	01	22	MX	DK	3	0	F		4	1871	1623	0	−1	12	45
1969	02	04	MX	CO	1	0	F		1	1872	1432	0	0	12	85
1969	04	06	PT	MX	0	0	F		-4	1896	1876	0	0	8	12
1969	04	10	LU	MX	2	1	F		19	1327	1857	+4	−1	109	13
1969	04	16	BE	MX	2	0	F		13	1823	1844	0	−1	17	14
1969	04	23	ES	MX	0	0	F		-3	1846	1847	−2	+1	14	13
1969	05	01	SE	MX	1	0	F		10	1768	1837	+2	−1	20	15
1969	05	06	DK	MX	3	1	F		20	1643	1817	+3	−3	42	17
1969	05	08	NO	MX	0	2	F		-9	1557	1826	−4	+2	60	15
1969	05	20	MX	PE	0	1	F		-17	1809	1650	−2	+5	17	39
1969	05	22	MX	PE	3	0	F		6	1815	1644	0	−3	17	42
1969	06	01	MX	EN	0	0	F		4	1819	2079	+1	0	16	1
1969	06	03	MX	EN	0	4	F		-11	1808	2090	−1	0	17	1
1969	10	21	MX	BM	3	0	CCQ		2	1810	1305	+1	0	16	113
1969	11	02	BM	MX	2	1	CCQ		36	1341	1774	+6	−4	105	20
1969	11	05	MX	BE	1	0	F		8	1782	1787	0	−1	20	19
1969	11	11	MX	NO	4	0	F		4	1786	1527	0	−2	21	67
1969	11	27	MX	JM	2	0	CCH	CR	3	1789	1241	+3	0	18	126
1969	11	30	CR	MX	2	0	CCH		41	1698	1748	+2	−7	34	25
1969	12	02	GT	MX	1	0	CCH	CR	36	1627	1712	+7	−6	45	31
1969	12	04	MX	AN	2	2	CCH	CR	-16	1696	1457	−3	+6	34	77
1969	12	07	MX	TT	0	0	CCH	CR	-19	1677	1381	0	+2	34	98
1970	02	15	MX	BG	1	1	F		2	1679	1836	0	−1	35	11
1970	02	18	MX	BG	2	0	F		17	1696	1819	+1	−3	33	14
1970	02	22	MX	SE	0	0	F		1	1697	1823	+1	0	31	14
1970	02	26	MX	SU	0	0	F		4	1701	1942	+1	0	31	6
1970	03	01	MX	SE	0	1	F		-9	1692	1832	−3	+2	34	11
1970	03	05	PE	MX	0	1	F		-13	1692	1705	−4	+4	34	30
1970	03	08	PE	MX	1	0	F		8	1700	1697	+3	−3	31	33
1970	03	15	MX	PE	3	1	F		11	1708	1689	+3	−3	30	34
1970	03	18	MX	PE	3	3	F		-3	1705	1692	0	0	30	34
1970	05	31	MX	SU	0	0	WC		11	1716	1925	+2	0	28	6
1970	06	07	MX	SV	4	0	WC		17	1733	1497	+1	−4	28	71
1970	06	11	MX	BE	1	0	WC		24	1757	1742	+5	−6	23	26
1970	06	14	MX	IT	1	4	WC		-33	1724	2023	−6	0	29	4
1970	09	30	BR	MX	2	1	EGM		1	2173	1723	0	0	1	29
1970	12	01	MX	AU	3	0	F		11	1734	1673	+2	−1	27	37
1971	02	17	MX	SU	0	0	F		3	1737	1942	0	0	28	5
1971	02	19	MX	SU	0	0	F		3	1740	1939	+1	0	27	5
1971	04	18	HT	MX	1	1	F		3	1518	1737	0	−1	66	27
1971	04	21	HT	MX	3	1	F		20	1538	1717	0	−2	66	29
1971	07	06	MX	GR	1	1	F		-5	1712	1628	0	0	31	44
1971	08	16	MX	DD	0	1	GCT		-11	1701	1917	−1	0	31	6
1971	09	08	WG	MX	5	0	F		3	2045	1698	+1	−1	2	33
1971	09	11	MA	MX	2	1	F		8	1672	1690	0	−2	39	35
1971	09	18	DD	MX	1	1	F		-7	1910	1697	0	+2	6	33
1971	09	22	YU	MX	4	0	F		6	1890	1691	0	−2	8	35
1971	09	25	IT	MX	2	0	F		2	2011	1689	0	0	4	35
1971	09	30	GR	MX	0	1	F		-11	1617	1700	0	+4	41	32
1971	10	03	BM	MX	0	2	CCQ		-12	1348	1712	−5	+2	106	30
1971	10	13	MX	BM	4	0	CCQ		5	1717	1343	0	0	30	106
1971	11	21	HT	MX	0	0	CCH	TT	13	1534	1704	+2	−4	62	34
1971	11	26	TT	MX	0	2	CCH		-15	1349	1719	−2	+3	104	30
1971	11	28	MX	CU	1	0	CCH	TT	7	1726	1407	0	−1	30	89
1971	12	02	MX	CR	1	0	CCH	TT	24	1750	1683	+3	−4	27	37
1971	12	04	MX	HN	2	1	CCH	TT	6	1756	1387	+2	0	25	94
1972	01	26	MX	CL	2	0	F		11	1767	1753	+4	−3	21	25
1972	04	05	MX	PE	2	1	F		6	1773	1722	0	0	22	30
1972	08	06	CR	MX	1	0	F		11	1632	1762	+2	−2	43	26
1972	08	09	PE	MX	3	2	F		9	1708	1753	+2	0	32	26
1972	08	16	CL	MX	0	2	F		-19	1719	1772	−2	+2	29	24
1972	08	24	CA	MX	0	1	WCQ		-14	1547	1786	−6	+2	62	22
1972	09	03	MX	US	3	1	WCQ		5	1791	1450	+3	−3	20	76
1972	09	06	MX	CA	2	1	WCQ		5	1796	1545	+1	−1	19	61
1972	09	10	US	MX	1	2	WCQ		-8	1442	1804	−3	+1	79	18
1972	10	12	MX	CR	3	1	F		6	1810	1642	+1	−2	17	40
1973	02	06	MX	AR	2	0	F		14	1824	1865	+3	−1	17	12
1973	08	05	PL	MX	1	0	F	US	6	1962	1818	0	0	5	19
1973	08	08	MX	PL	1	2	F		-9	1809	1971	−1	0	20	5
1973	09	20	MX	CL	1	2	F		-14	1795	1776	−1	+3	21	23
1973	10	16	MX	US	2	0	F		2	1797	1458	0	−1	21	74
1973	11	30	GT	MX	0	0	WQC	HT	14	1590	1783	+2	−1	51	22
1973	12	03	HN	MX	1	1	WQC	HT	18	1476	1765	+5	−4	69	26
1973	12	08	MX	AN	8	0	WQC	HT	13	1778	1387	+3	−3	23	95
1973	12	14	TT	MX	4	0	WQC	HT	79	1562	1699	+9	−7	58	30
1973	12	18	HT	MX	0	1	WQC		-28	1613	1727	−4	+2	44	28
1974	03	31	BR	MX	1	1	F		-9	2125	1736	0	0	1	28
1974	09	05	MX	US	3	1	F		3	1739	1440	0	−2	26	81
1974	09	08	US	MX	0	1	F		-5	1435	1744	−1	+1	82	26
1975	08	01	DD	MX	3	2	F	US	7	1860	1737	+1	−1	14	25
1975	08	03	DD	MX	1	0	F	US	7	1867	1730	0	−2	14	27
1975	08	06	MX	DD	1	0	F		11	1741	1856	+3	0	24	14
1975	08	17	MX	CR	7	0	CDM		14	1755	1601	0	−3	24	47
1975	08	24	MX	US	2	0	CDM		3	1758	1410	0	−1	24	90
1975	08	31	MX	AR	1	1	CDM		1	1759	1874	0	−1	24	13
1975	10	20	IL	MX	1	0	F		8	1741	1751	+1	0	26	24
1976	02	03	MX	HU	4	1	F		16	1767	1811	+3	0	23	18
1976	06	04	MX	BR	0	3	F		-8	1759	2085	−2	0	26	2
1976	10	03	US	MX	0	0	WCQ		12	1431	1747	+4	−1	87	25
1976	10	10	CA	MX	1	0	WCQ		29	1500	1718	+11	−3	63	28
1976	10	15	MX	US	3	0	WCQ		7	1725	1424	0	−1	28	88
1976	10	27	MX	CA	0	0	WCQ		-15	1710	1487	0	+6	28	68
1977	02	01	MX	YU	5	1	F		22	1732	1851	+4	−3	26	15
1977	02	08	MX	YU	0	1	F		-9	1723	1860	−3	0	29	15
1977	02	22	MX	HU	1	1	F		1	1724	1861	0	0	29	14
1977	05	17	MX	PE	1	1	F		-1	1723	1774	0	0	29	22
1977	05	24	MX	PE	2	1	F		9	1732	1765	+1	−1	28	23
1977	06	14	MX	WG	2	2	F		7	1739	2135	0	0	26	1
1977	09	27	MX	US	3	0	F		3	1742	1449	0	−1	26	80
1977	10	09	MX	HT	4	1	WQC		16	1758	1562	0	−3	26	53
1977	10	12	MX	SV	3	1	WQC		8	1766	1490	+3	−2	23	68
1977	10	15	MX	SR	8	1	WQC		9	1775	1440	+2	−3	21	83
1977	10	19	MX	GT	2	1	WQC		6	1781	1538	0	−3	21	60
1977	10	22	MX	CA	3	1	WQC		9	1790	1536	0	−3	21	60
1978	02	15	SV	MX	1	5	F		-9	1489	1799	0	+2	68	20
1978	04	04	MX	BG	3	0	F		10	1809	1737	+2	−1	19	26
1978	04	11	PE	MX	1	0	F	US	12	1755	1797	0	−2	25	21
1978	04	26	ES	MX	2	0	F		5	1966	1792	0	−1	5	22
1978	05	03	FI	MX	0	1	F		-4	1444	1796	−1	+1	81	21
1978	06	02	TN	MX	3	1	WC	AR	62	1723	1734	+8	−3	29	25
1978	06	06	WG	MX	6	0	WC	AR	15	2100	1719	0	−4	2	29
1978	06	10	PL	MX	3	1	WC	AR	18	1973	1701	+1	−4	6	33
1979	05	01	SV	MX	0	1	F		-7	1475	1708	−3	0	73	31
1979	11	01	MX	PE	1	0	F		8	1716	1736	+1	−2	28	26
1979	11	20	MX	FI	1	1	F		-7	1709	1515	0	+1	28	66
1979	12	04	SV	MX	0	2	F		-10	1468	1719	−6	+1	79	28
1979	12	18	MX	SV	1	1	F		-8	1711	1476	−1	+6	29	73
1980	02	26	KR	MX	1	0	F	US	7	1828	1704	0	−1	17	30
1980	03	18	HN	MX	0	1	F		-6	1444	1710	0	+1	81	30
1980	04	08	MX	HN	5	0	F		4	1714	1440	+1	−2	29	83
1980	04	15	GT	MX	2	4	F		-11	1510	1725	−1	+3	68	26
1980	04	29	MX	GT	2	2	F		-7	1718	1517	−3	0	29	68
1980	06	08	BR	MX	2	0	F		2	2053	1716	0	0	2	29
1980	08	20	NZ	MX	4	0	F		27	1470	1689	+4	−3	81	34
1980	08	24	AU	MX	2	2	F		-2	1657	1691	0	+1	40	33
1980	08	26	AU	MX	1	1	F		-2	1655	1693	0	0	40	33
1980	08	30	FJ	MX	0	2	F		-3	1238	1696	0	0	124	33
1980	09	02	TI	MX	0	1	F		-8	1520	1704	0	+1	62	32
1980	10	18	CA	MX	1	1	WCQ		3	1558	1701	0	0	56	31
1980	11	09	MX	US	5	1	WCQ		11	1712	1484	+1	−3	30	75
1980	11	16	MX	CA	1	1	WCQ		-12	1700	1583	−2	+3	31	50
1980	11	23	US	MX	2	1	WCQ		26	1510	1674	+7	−3	68	34
1981	01	20	MX	BG	1	1	F		-3	1671	1679	−1	+1	36	33
1981	02	10	MX	KR	4	0	F		16	1687	1712	+4	−2	32	29
1981	06	24	MX	ES	1	3	F		-13	1674	1847	−3	0	37	17
1981	11	01	MX	CU	4	0	WQC	HN	38	1712	1570	+3	−5	32	50
1981	11	06	SV	MX	1	0	WQC	HN	37	1569	1675	+9	−3	52	35
1981	11	11	HT	MX	1	1	WQC	HN	11	1518	1664	+2	−3	67	38
1981	11	15	CA	MX	1	1	WQC	HN	6	1591	1658	+1	−1	48	39
1981	11	22	HN	MX	0	0	WQC		-5	1620	1663	−1	+1	44	38
1983	03	15	CR	MX	0	1	F		-8	1482	1671	−1	0	75	39
1983	03	22	MX	CR	1	0	F		3	1674	1479	+1	−1	38	76
1983	04	05	MX	GT	2	0	F	US	8	1682	1499	0	−1	38	71
1983	10	25	MX	SV	5	0	F	US	10	1692	1480	+2	−1	33	74
1983	11	22	MX	SE	2	0	F		18	1710	1846	+1	−4	32	16
1983	11	29	MQ	MX	4	4	F		3	1489	1707	0	0	74	32
1983	12	06	MX	CA	5	0	F		8	1715	1557	0	−2	32	61
1984	02	04	IT	MX	5	0	F		8	1864	1707	+2	−1	11	33
1984	08	08	IE	MX	0	0	F		-3	1730	1710	0	+2	30	31
1984	08	11	DD	MX	1	1	F		-7	1884	1717	−2	0	10	32
1984	08	16	FI	MX	0	3	F		-11	1471	1728	−1	+1	79	31
1984	08	19	SU	MX	3	0	F		3	2038	1725	0	0	1	32
1984	08	22	SE	MX	1	1	F		-5	1830	1730	0	+1	18	31
1984	08	25	HU	MX	0	2	F		-21	1767	1751	−1	+2	25	29
1984	09	18	MX	AR	1	1	F		2	1753	1915	0	0	29	6
1984	10	09	MX	CO	1	0	CBS	US	9	1762	1598	+3	−2	27	46
1984	10	11	MX	SV	1	0	CBS	US	5	1767	1481	+1	−1	26	77
1984	10	17	MX	US	2	1	F		3	1770	1586	+1	−1	25	49
1984	10	25	AR	MX	1	1	F		-6	1909	1776	−1	0	7	25
1984	10	28	CL	MX	1	0	F		7	1773	1769	+2	−1	25	26
1984	10	31	UY	MX	1	1	F		-6	1894	1775	−1	+1	9	25
1984	11	11	TT	MX	0	2	F		-7	1466	1782	−2	+3	81	22
1984	12	04	MX	EC	3	2	F	US	4	1786	1527	0	−2	23	64
1985	02	05	MX	PL	5	0	FT		30	1816	1853	+2	−3	21	12
1985	02	06	MX	CH	1	2	FT		-22	1794	1769	−2	+2	23	28
1985	02	26	MX	FI	2	1	F		2	1796	1477	0	−1	23	79
1985	06	02	MX	IT	1	1	CDM		0	1796	1891	0	0	23	7
1985	06	09	MX	EN	1	0	MAZ		17	1813	1916	+1	−3	21	7
1985	06	15	MX	WG	2	0	AZT		27	1840	1954	+4	−1	17	3
1985	08	27	BG	MX	1	1	NTC	US	0	1842	1840	0	0	16	17
1985	09	20	MX	PE	0	0	F	US	-3	1837	1740	0	0	17	30
1985	09	22	MX	PE	1	0	F	US	7	1844	1733	+2	0	15	30
1985	10	11	LY	MX	3	1	F		22	1585	1822	+5	−3	52	19
1985	10	15	NY	MX	0	2	F		0	861	1822	0	0	181	19
1985	10	18	JO	MX	0	0	F		9	1150	1813	+3	−1	145	23
1985	10	20	EG	MX	2	1	F		13	1633	1800	+1	0	41	23
1985	10	22	AE	MX	2	2	F		7	1384	1793	+1	−1	90	24
1985	10	25	KW	MX	0	0	F		5	1501	1788	0	−1	74	25
1985	11	14	AR	MX	1	1	F	US	-3	1881	1791	0	+2	8	24
1985	11	17	MX	AR	1	1	F		0	1791	1881	+1	0	23	9
1985	12	03	MX	KR	2	1	F	US	5	1796	1607	0	−1	23	46
1985	12	07	MX	DZ	2	0	FT		11	1807	1686	0	−1	23	33
1985	12	10	MX	KR	2	1	FT		4	1811	1598	0	−2	23	50
1985	12	14	MX	HU	2	0	FT		21	1832	1870	+4	−4	19	11
1986	02	15	DD	MX	2	1	F	US	8	1901	1824	0	−1	7	19
1986	02	19	MX	SU	1	0	F		12	1836	1974	+2	0	17	2
1986	04	13	MX	UY	1	0	F	US	11	1847	1850	0	0	17	15
1986	04	27	MX	CA	3	0	F		5	1852	1650	+2	0	15	36
1986	05	17	EN	MX	3	0	F	US	12	1985	1840	0	−5	2	19
1986	06	03	MX	BE	2	1	WC		20	1860	1803	+4	−3	12	24
1986	06	07	MX	PY	1	1	WC		-11	1849	1836	−3	+5	14	17
1986	06	11	MX	IQ	1	0	WC		6	1855	1561	+1	0	12	57
1986	06	15	MX	BG	2	0	WC		25	1880	1768	+2	−2	10	26
1986	06	21	MX	WG	0	0	WC		-5	1875	1932	0	0	9	8
1987	01	13	MX	SV	3	1	F	US	4	1879	1521	0	−1	12	67
1987	03	17	MX	CN	3	2	F		2	1881	1589	0	−2	12	51
1987	03	29	BS	MX	0	3	PAQ		0	848	1881	0	0	182	11
1987	04	01	BM	MX	2	1	OQ		37	1361	1844	+7	−2	97	13
1987	04	28	MX	BS	13	0	PAQ		0	1844	848	0	0	13	182
1987	05	13	MX	BM	6	0	OQ		3	1847	1339	0	0	15	102
1987	08	09	MX	GT	1	0	PAG	US	9	1856	1584	+1	−2	16	52
1987	10	06	MX	CA	4	0	F		4	1860	1571	0	0	14	56
1987	12	02	MX	GY	9	0	OQ	US	4	1864	1280	+3	−2	11	116
1988	01	13	HN	MX	0	1	F		-6	1610	1870	−2	0	50	11
1988	02	03	MX	GT	2	1	OQ		4	1874	1567	0	−4	11	58
1988	02	14	GT	MX	0	3	OQ		-16	1551	1890	−3	0	61	11
1988	03	29	MX	SV	8	0	F		3	1893	1510	0	0	11	67
1988	04	12	CA	MX	1	0	F		16	1583	1877	+4	−2	53	12
1988	04	14	CA	MX	1	1	F		5	1588	1872	0	0	53	12
1988	04	26	MX	HN	4	1	F		4	1876	1603	0	−1	12	51
1989	02	14	MX	PL	3	1	F		8	1884	1806	0	−2	11	20
1989	02	21	MX	GT	2	1	FRC	US	3	1887	1495	0	−1	11	67
1989	02	23	MX	SV	2	0	FRC	US	4	1891	1487	+2	−3	9	71
1989	08	10	MX	KR	4	2	FT	US	13	1904	1730	+1	0	11	27
1990	01	17	MX	AR	2	0	F	US	11	1915	1791	+1	0	10	19
1990	03	20	MX	UY	2	1	F	US	10	1925	1895	+1	−1	9	12
1990	04	17	MX	CO	2	0	F	US	10	1935	1797	0	−1	8	19
1990	05	10	MX	US	1	0	NAC	CA	6	1941	1587	0	−1	8	50
1990	05	13	CA	MX	2	1	NAC		41	1630	1900	+6	−4	43	12
1990	06	02	BE	MX	3	0	F		16	1848	1884	0	−4	17	15
1990	12	12	BR	MX	0	0	F	US	-2	1957	1886	0	+2	5	10
1991	01	29	MX	CO	0	0	F		-6	1880	1771	−2	+1	13	24
1991	03	12	US	MX	2	2	NAC		14	1571	1866	+3	0	52	14
1991	03	13	AR	MX	0	0	F		-3	1878	1869	0	0	13	14
1991	03	14	MX	CA	3	0	NAC	US	18	1887	1612	+2	−5	12	49
1991	04	09	MX	CL	1	0	F		5	1892	1788	0	0	11	21
1991	04	17	CR	MX	0	0	F		3	1669	1889	0	0	36	11
1991	05	07	UY	MX	2	0	CML	US	26	1859	1863	+1	−2	16	14
1991	06	28	MX	JM	4	1	CCH	US	6	1869	1393	0	−1	13	91
1991	06	30	MX	CA	3	1	CCH	US	10	1879	1528	0	−4	13	64
1991	07	03	HN	MX	1	1	CCH	US	17	1615	1862	+1	0	49	13
1991	07	05	US	MX	2	0	CCH		48	1706	1814	+3	−5	35	18
1991	07	07	MX	CR	2	0	CCH	US	17	1831	1580	+2	−4	16	55
1991	11	20	MX	UY	1	1	F		-3	1828	1842	−1	0	16	14
1991	11	27	CR	MX	1	1	F	US	6	1592	1822	+3	−2	52	18
1991	12	04	MX	HU	3	0	F		9	1831	1724	+3	0	15	30
1992	07	26	SV	MX	1	2	F		-3	1438	1834	0	0	91	17
1992	07	31	BR	MX	5	0	FRC	US	20	1976	1814	+1	−3	5	20
1992	08	02	CO	MX	0	0	FRC	US	2	1776	1812	0	0	24	20
1992	08	16	RU	MX	2	0	F		9	1879	1803	+1	0	10	20
1992	08	19	BG	MX	1	1	F		-2	1788	1805	0	0	21	20
1992	08	26	RO	MX	2	0	F		10	1840	1795	+1	0	16	20
1992	10	07	MX	SV	2	0	F	US	4	1799	1455	+1	−2	20	86
1992	10	14	DE	MX	1	1	F		-7	1996	1806	−1	0	2	20
1992	10	22	HR	MX	3	0	F		10	1870	1796	+1	−1	13	21
1992	11	08	VC	MX	0	4	WQ		-7	1293	1803	0	+1	130	20
1992	11	15	MX	HN	2	0	WQ		13	1816	1675	+1	−1	19	33
1992	11	22	MX	CR	4	0	WQ		9	1825	1564	+2	0	18	61
1992	11	29	CR	MX	2	0	WQ		43	1607	1782	+9	−5	52	23
1992	12	06	MX	VC	11	0	WQ		3	1785	1263	0	−1	24	137
1992	12	13	HN	MX	1	1	WQ		-1	1700	1786	0	0	32	24
1993	01	20	IT	MX	2	0	F		5	1984	1781	0	0	4	23
1993	01	27	ES	MX	1	1	F		-4	1827	1785	0	0	16	23
1993	02	10	MX	RO	2	0	F		12	1797	1800	+1	0	22	19
1993	04	04	SV	MX	2	1	WQ		30	1527	1767	+7	−8	70	28
1993	04	11	MX	HN	3	0	WQ		19	1786	1680	+6	−2	22	33
1993	04	18	MX	SV	3	1	WQ		6	1792	1502	0	−1	22	79
1993	04	25	MX	CA	4	0	WQ		13	1805	1601	+3	−3	19	54
1993	05	02	HN	MX	1	4	WQ		-31	1631	1836	−10	+2	45	17
1993	05	09	CA	MX	1	2	WQ		-14	1606	1850	−4	+3	53	14
1993	06	10	MX	PY	3	1	F		6	1856	1700	0	0	14	31
1993	06	16	CO	MX	2	1	CA	EC	30	1814	1826	+3	−6	21	20
1993	06	20	AR	MX	1	1	CA	EC	-12	2002	1838	0	+3	2	17
1993	06	23	BO	MX	0	0	CA	EC	16	1602	1822	+7	−3	54	19
1993	06	27	MX	PE	4	2	CA	EC	18	1840	1603	+3	−8	16	54
1993	06	29	CR	MX	0	2	F		-9	1587	1849	−2	+2	61	14
1993	06	30	EC	MX	0	2	CA		-37	1709	1886	−2	+4	31	10
1993	07	04	AR	MX	2	1	CA	EC	19	1994	1867	+1	−4	2	14
1993	07	11	MX	MQ	9	0	CCH		8	1875	1485	+3	−1	11	84
1993	07	15	MX	CR	1	1	CCH		-20	1855	1607	−3	+9	14	51
1993	07	18	MX	CA	8	0	CCH		13	1868	1584	0	−4	14	61
1993	07	22	MX	JM	6	1	CCH		6	1874	1475	+3	0	11	85
1993	07	25	MX	US	4	0	CCH		12	1886	1636	+1	−4	10	44
1993	08	08	BR	MX	1	1	F		-3	1907	1889	−1	0	9	10
1993	09	22	MX	CM	1	0	F	US	4	1893	1626	+1	−2	10	49
1993	10	06	MX	ZA	4	0	F	US	6	1899	1602	0	0	10	56
1993	10	13	US	MX	1	1	F		4	1649	1895	+1	−1	39	11
1993	10	20	MX	UA	2	1	F	US	4	1899	1631	+1	−5	10	49
1993	11	03	MX	CN	3	0	F	US	4	1903	1514	0	−1	10	71
1993	12	16	MX	BR	0	1	F		-12	1891	1950	0	0	10	4
1993	12	22	MX	DE	0	0	F		1	1892	2014	0	0	10	1
1994	01	19	BG	MX	1	1	F	US	3	1792	1889	0	0	24	10
1994	01	26	CH	MX	5	1	F	US	21	1864	1868	0	−4	15	14
1994	02	02	RU	MX	4	1	F	US	19	1856	1849	+3	−2	15	16
1994	02	24	MX	SE	2	1	F	US	11	1860	1887	+2	0	15	11
1994	03	02	MX	CO	0	0	F		-1	1859	1939	0	0	15	5
1994	06	04	US	MX	1	0	F		14	1614	1845	+1	0	56	18
1994	06	11	MX	EI	3	0	F	US	10	1855	1677	+1	−2	18	36
1994	06	19	NO	MX	1	0	WC	US	30	1881	1825	+6	−3	14	22
1994	06	24	MX	IE	2	1	WC	US	37	1862	1867	+6	−3	16	13
1994	06	28	IT	MX	1	1	WC	US	-9	1961	1871	0	+4	3	14
1994	07	05	BG	MX	1	1	WC	US	4	1834	1867	+1	0	20	13
1994	12	14	MX	HU	5	1	F		4	1871	1607	0	−2	17	53
1995	01	06	SA	MX	0	2	IC		-24	1614	1895	−8	+4	50	13
1995	01	10	DK	MX	1	1	IC	SA	-2	1921	1897	0	+2	7	12
1995	01	13	MX	NG	1	1	IC	SA	-6	1891	1815	−2	0	14	23
1995	02	01	MX	UY	1	0	F	US	8	1899	1805	+2	0	12	24
1995	03	29	CL	MX	2	1	F	US	14	1754	1885	0	−1	28	13
1995	06	18	US	MX	4	0	USC		40	1669	1845	+9	−9	34	20
1995	06	21	CO	MX	0	0	USC	US	-3	1915	1848	0	0	7	20
1995	06	24	MX	NG	2	1	USC	US	12	1860	1774	+3	−1	17	26
1995	07	06	PY	MX	2	1	CA	UY	34	1762	1826	+2	−3	28	20
1995	07	09	MX	VE	3	1	CA	UY	5	1831	1348	0	0	20	120
1995	07	13	UY	MX	1	1	CA		-6	1811	1837	0	0	22	20
1995	07	17	MX	US	0	0	CA	UY	-6	1831	1752	0	+1	20	29
1995	10	11	MX	SA	2	1	F	US	4	1835	1587	−1	−1	22	58
1995	11	15	MX	YU	1	4	F		-18	1817	1938	−1	0	23	7
1995	11	29	CO	MX	2	2	F	US	-1	1860	1818	0	+1	15	22
1995	12	06	MX	SI	1	2	F		-18	1800	1596	−1	+5	23	53
1995	12	20	JM	MX	2	1	F		15	1539	1785	+5	0	70	23
1996	01	11	MX	VC	5	0	CCH	US	6	1791	1294	0	−4	23	132
1996	01	14	MX	GT	1	0	CCH	US	6	1797	1448	0	−2	23	94
1996	01	19	MX	GT	1	0	CCH	US	7	1804	1467	+1	−2	22	87
1996	01	21	MX	BR	2	0	CCH	US	65	1869	2065	+9	0	13	1
1996	02	07	CL	MX	2	1	F		12	1698	1857	+1	−2	34	15
1996	05	18	MX	SK	5	2	F	US	10	1867	1680	+1	−4	16	36
1996	05	23	MX	YU	0	0	KRN	JP	3	1870	1941	0	0	16	7
1996	05	29	JP	MX	3	2	KRN		18	1727	1852	+2	−2	30	18
1996	06	08	MX	BO	1	0	USC	US	8	1860	1667	0	0	17	36
1996	06	12	IE	MX	2	2	USC	US	6	1707	1854	0	0	33	17
1996	06	16	US	MX	2	2	USC		1	1721	1853	0	0	32	17
1996	08	31	FR	MX	2	0	F		5	2021	1848	0	−1	3	17
1996	09	15	VC	MX	0	3	WQ		-5	1281	1853	+1	0	136	16
1996	09	21	HN	MX	2	1	WQ		31	1557	1822	+6	−2	66	18
1996	10	16	MX	JM	2	1	WQ		4	1826	1521	+1	−1	18	72
1996	10	23	EC	MX	1	0	F	US	14	1700	1812	+2	−2	33	20
1996	10	30	MX	VC	5	1	WQ		2	1814	1248	0	−1	20	143
1996	11	06	MX	HN	3	1	WQ		7	1821	1554	+2	0	18	63
1996	11	17	JM	MX	1	0	WQ		30	1567	1791	+3	−6	64	23
1996	11	20	MX	SV	3	1	F	US	5	1796	1526	+1	−1	22	71
1997	01	19	US	MX	0	2	USC		-22	1665	1818	−5	+2	40	20
1997	01	22	MX	PE	0	0	USC	US	-7	1811	1653	−1	+1	21	44
1997	02	05	MX	EC	3	1	F		6	1817	1661	+1	−2	20	40
1997	02	19	GT	MX	1	1	F	US	7	1511	1810	+3	0	73	21
1997	03	02	MX	CA	4	0	WQ		15	1825	1660	+2	−4	19	40
1997	03	16	CR	MX	0	0	WQ		7	1600	1818	+2	−1	56	20
1997	03	29	EN	MX	2	0	F		7	1939	1811	0	−1	8	21
1997	04	13	MX	JM	6	0	WQ		10	1821	1552	+1	−4	19	67
1997	04	20	US	MX	2	2	WQ		3	1666	1818	0	0	42	19
1997	04	30	BR	MX	4	0	F	US	7	2079	1811	0	−1	2	20
1997	06	08	SV	MX	0	1	WQ		-9	1484	1820	−1	+1	81	20
1997	06	13	MX	CO	2	1	CA	BO	26	1846	1806	+3	−4	16	21
1997	06	16	BR	MX	3	2	CA	BO	10	2087	1836	0	0	1	16
1997	06	19	CR	MX	1	1	CA	BO	14	1624	1822	+4	−3	50	19
1997	06	22	EC	MX	1	1	CA	BO	3	1784	1819	0	+1	25	17
1997	06	25	BO	MX	3	1	CA		32	1798	1787	+5	−8	21	25
1997	06	28	MX	PE	1	0	CA	BO	19	1806	1686	+4	−3	21	37
1997	10	05	MX	SV	5	0	WQ		8	1814	1518	0	−2	20	74
1997	10	12	CA	MX	2	2	WQ		8	1577	1806	+1	0	61	20
1997	11	02	MX	US	0	0	WQ		-12	1794	1676	−1	+2	21	42
1997	11	09	MX	CR	3	3	WQ		-14	1780	1600	−2	+2	23	54
1997	11	16	JM	MX	0	0	WQ		2	1639	1778	+1	0	47	23
1997	12	12	AU	MX	3	1	CC	SA	32	1857	1746	+2	−4	15	27
1997	12	14	SA	MX	0	5	CC		-50	1599	1796	−8	+6	54	21
1997	12	16	BR	MX	3	2	CC	SA	6	2150	1790	0	−1	1	22
1998	02	04	MX	TT	4	2	CCH	US	12	1802	1482	+2	−2	20	81
1998	02	07	MX	HN	2	0	CCH	US	13	1815	1513	+1	−4	19	75
1998	02	12	MX	JM	1	0	CCH	US	17	1832	1683	+2	−2	17	40
1998	02	15	US	MX	0	1	CCH		-29	1764	1861	−4	+2	26	15
1998	02	24	NL	MX	3	2	F	US	7	1957	1854	0	−1	8	16
1998	03	18	MX	PY	1	1	F		-5	1849	1767	0	+1	17	25
1998	04	15	MX	PE	1	0	F	US	7	1856	1723	+1	−2	16	34
1998	05	09	MX	EE	6	0	F	IT	1	1857	1180	0	0	17	161
1998	05	20	NO	MX	5	2	F		11	1897	1846	+1	0	10	17
1998	05	23	IE	MX	0	0	F		1	1699	1845	+1	0	37	17
1998	05	31	MX	JP	2	1	F	CH	7	1852	1748	0	−1	17	30
1998	06	03	MX	SA	0	0	F	FR	-5	1847	1646	0	+2	17	47
1998	06	13	MX	KR	3	1	WC	FR	33	1880	1717	+4	−7	13	35
1998	06	20	BE	MX	2	2	WC	FR	4	1837	1876	+1	−2	18	15
1998	06	25	MX	NL	2	2	WC	FR	8	1884	1965	+1	0	14	7
1998	06	29	DE	MX	2	1	WC	FR	15	2087	1869	+1	−2	1	16
1998	11	17	MX	SV	2	0	HRT	US	5	1874	1492	0	−2	15	80
1998	11	18	GT	MX	2	2	HRT	US	11	1571	1863	+2	0	61	15
1999	02	10	AR	MX	1	0	F	US	8	1942	1855	+1	0	9	15
1999	02	19	MX	EG	3	0	CBG	HK	13	1868	1651	0	−1	15	47
1999	03	11	MX	BO	2	1	USC	US	8	1876	1688	0	−2	15	41
1999	03	13	US	MX	1	2	USC		-13	1724	1889	0	+2	32	13
1999	04	14	MX	EC	0	0	F		-6	1883	1754	0	+5	14	22
1999	04	28	PY	MX	2	1	F		10	1800	1873	+1	−2	18	16
1999	06	09	AR	MX	2	2	RBK	US	-3	1943	1876	−2	0	8	16
1999	06	12	KR	MX	1	1	KOR		2	1726	1874	+1	0	31	16
1999	06	16	HR	MX	2	1	KOR	KR	14	1919	1860	+1	0	11	16
1999	06	18	MX	EG	2	0	KOR	KR	12	1872	1670	0	−1	16	45
1999	06	30	MX	CL	1	0	CA	PY	17	1889	1742	+1	−4	15	28
1999	07	03	BR	MX	2	1	CA	PY	14	2062	1875	0	−1	1	16
1999	07	06	MX	VE	3	1	CA	PY	5	1880	1400	+1	−1	15	104
1999	07	10	MX	PE	3	3	CA	PY	-10	1870	1741	0	+1	16	30
1999	07	14	BR	MX	2	0	CA	PY	17	2100	1853	0	0	1	16
1999	07	17	MX	CL	2	1	CA	PY	20	1873	1757	0	−3	16	24
1999	07	25	MX	SA	5	1	CC		17	1890	1690	+2	−6	14	42
1999	07	27	MX	EG	2	2	CC		-18	1872	1687	−2	+3	16	42
1999	07	29	MX	BO	1	0	CC		7	1879	1648	0	+1	16	46
1999	08	01	MX	US	1	0	CC		13	1892	1786	+2	−1	13	21
1999	08	04	MX	BR	4	3	CC		36	1928	2117	+6	0	7	1
1999	10	13	PY	MX	1	0	F	US	14	1812	1914	0	−4	20	12
1999	10	20	CO	MX	0	0	F	US	3	1795	1911	0	−2	21	14
1999	10	27	EC	MX	0	0	F	US	6	1690	1905	0	0	42	14
2000	01	09	MX	IR	2	1	F	US	6	1911	1754	+2	−2	11	26
2000	02	05	MX	JP	1	0	CBG	HK	4	1915	1604	+2	0	10	55
2000	02	08	CZ	MX	2	1	CBG	HK	14	1957	1901	+1	−4	4	14
2000	02	13	MX	TT	4	0	CCH	US	12	1913	1559	+3	−1	11	64
2000	02	17	GT	MX	1	1	CCH	US	21	1524	1892	+3	−3	72	14
2000	02	20	CA	MX	2	1	CCH	US	42	1635	1850	+7	−2	51	16
2000	06	04	IE	MX	2	2	USC	US	4	1757	1846	+1	0	24	16
2000	06	07	MX	ZA	4	2	USC	US	12	1858	1653	+1	−5	15	50
2000	06	11	US	MX	3	0	USC		23	1829	1835	+3	−2	18	17
2000	07	01	MX	SV	3	0	F	US	3	1838	1437	0	0	15	95
2000	07	05	MX	VE	2	1	F		1	1839	1427	0	0	15	96
2000	07	16	PA	MX	0	1	WQ		-5	1405	1844	−1	0	105	15
2000	07	23	TT	MX	1	0	WQ		28	1626	1816	+2	−1	54	16
2000	08	15	MX	CA	2	0	WQ		11	1827	1648	0	−2	16	50
2000	09	03	MX	PA	7	1	WQ		4	1831	1401	0	−1	17	109
2000	09	20	MX	EC	2	0	F	US	8	1839	1661	+2	−5	15	47
2000	09	27	MX	BO	1	0	F	US	4	1843	1569	+1	0	14	61
2000	10	08	MX	TT	7	0	WQ		15	1858	1644	+1	−1	13	51
2000	10	25	US	MX	2	0	F		14	1800	1844	0	−2	20	14
2000	11	15	CA	MX	0	0	WQ		7	1632	1837	0	0	54	14
2000	12	20	AR	MX	2	0	RBK	US	13	2005	1824	+1	−3	5	17
2001	01	24	MX	BG	0	2	F		-25	1799	1687	−3	+6	20	43
2001	01	31	CO	MX	3	2	F	US	11	1778	1788	+2	−1	23	21
2001	02	28	US	MX	2	0	WQ		21	1819	1767	+2	−6	17	28
2001	03	07	MX	BR	3	3	F		4	1771	2026	+3	0	25	2
2001	03	25	MX	JM	4	0	WQ		13	1784	1582	+1	−2	24	61
2001	04	11	MX	CL	1	0	F		5	1789	1673	+1	0	23	45
2001	04	25	TT	MX	1	1	WQ		4	1627	1785	0	−2	54	25
2001	05	25	EN	MX	4	0	F		9	1894	1776	+1	0	10	25
2001	05	30	AU	MX	2	0	CC	KR	38	1813	1738	+7	−7	19	32
2001	06	01	KR	MX	2	1	CC		16	1789	1722	0	−2	25	34
2001	06	03	FR	MX	4	0	CC	KR	10	2102	1712	0	−1	1	35
2001	06	16	MX	CR	1	2	WQ		-31	1681	1634	−8	+5	42	54
2001	06	20	HN	MX	3	1	WQ		21	1710	1660	+3	−5	34	47
2001	07	01	MX	US	1	0	WQ		24	1684	1811	+6	−3	41	22
2001	07	12	MX	BR	1	0	CA	CO	39	1723	1855	+10	−5	32	14
2001	07	15	MX	PY	0	0	CA	CO	9	1732	1846	+3	−1	29	15
2001	07	18	PE	MX	1	0	CA	CO	29	1707	1703	+9	−8	35	37
2001	07	22	MX	CL	2	0	CA	CO	37	1740	1657	+10	−8	29	49
2001	07	25	MX	UY	2	1	CA	CO	29	1769	1760	+3	−2	27	28
2001	07	29	CO	MX	1	0	CA		12	1874	1757	+1	−1	11	27
2001	08	23	MX	LR	5	4	F		2	1759	1497	0	0	26	78
2001	09	02	JM	MX	1	2	WQ		-15	1559	1774	−1	0	62	27
2001	09	05	MX	TT	3	0	WQ		9	1783	1528	+2	0	25	68
2001	10	07	CR	MX	0	0	WQ		-5	1759	1788	0	+2	26	23
2001	10	31	MX	SV	4	1	F		3	1791	1489	0	0	23	81
2001	11	11	MX	HN	3	0	WQ		22	1813	1731	+2	−4	21	34
2001	11	14	ES	MX	1	0	F		4	1967	1809	0	−1	6	22
2002	01	19	MX	SV	1	0	CCH	US	7	1816	1481	+1	−2	21	84
2002	01	21	MX	GT	3	1	CCH	US	16	1832	1567	+2	−2	19	63
2002	01	27	MX	KR	0	0	CCH	US	-5	1827	1770	0	0	19	27
2002	02	13	YU	MX	2	1	F	US	10	1844	1817	+1	−1	16	21
2002	03	13	MX	AL	4	0	F	US	4	1821	1454	+1	−2	20	90
2002	04	03	US	MX	1	0	F		8	1814	1813	+3	−3	21	22
2002	04	17	MX	BG	1	0	F	US	6	1819	1665	+1	0	21	47
2002	05	12	MX	CO	2	1	F		9	1828	1874	+4	−3	17	12
2002	05	16	MX	BO	1	0	F	US	4	1832	1556	+1	−1	16	63
2002	06	03	MX	HR	1	0	WC	JP	34	1866	1847	+4	−6	14	16
2002	06	09	MX	EC	2	1	WC	JP	18	1884	1695	+3	−3	12	38
2002	06	13	IT	MX	1	1	WC	JP	-8	1972	1892	0	+1	4	13
2002	06	17	US	MX	2	0	WC	KR	58	1845	1834	+10	−7	16	18
2003	02	04	AR	MX	1	0	F	US	5	2011	1829	0	−1	3	16
2003	02	12	CO	MX	0	0	F	US	-1	1863	1830	0	0	13	15
2003	03	19	MX	BO	2	0	F	US	5	1835	1541	0	−1	16	67
2003	03	26	MX	PY	1	1	F	US	-2	1833	1765	0	+1	16	29
2003	04	30	MX	BR	0	0	F		3	1836	2035	+2	0	15	2
2003	05	08	US	MX	0	0	F		-3	1831	1839	0	0	16	15
2003	07	06	SV	MX	2	1	F	US	17	1535	1822	+4	−2	69	17
2003	07	13	MX	BR	1	0	CCH		31	1853	1975	+3	0	14	4
2003	07	17	MX	HN	0	0	CCH		-17	1836	1687	−2	+5	16	40
2003	07	20	MX	JM	5	0	CCH		13	1849	1594	+3	−3	14	60
2003	07	24	MX	CR	2	0	CCH		21	1870	1760	0	−6	14	28
2003	07	27	MX	BR	1	0	CCH		29	1899	1995	+3	−1	11	4
2003	08	20	PE	MX	3	1	F	US	25	1658	1874	+5	−3	46	14
2003	10	15	UY	MX	2	0	F	US	17	1841	1857	+2	−1	14	13
2003	11	19	IS	MX	0	0	F	US	7	1588	1850	+2	0	62	13
2004	02	18	CL	MX	1	1	F	US	6	1634	1844	−1	+1	54	12
2004	03	10	MX	EC	2	1	F		4	1848	1714	0	0	12	35
2004	03	31	MX	CR	2	0	F	US	10	1858	1724	0	−2	12	34
2004	04	28	US	MX	1	0	F		8	1838	1850	−1	0	16	12
2004	06	19	MX	DM	10	0	WQ	US	1	1851	1082	+1	0	13	174
2004	06	27	MX	DM	8	0	WQ		1	1852	1081	0	0	14	174
2004	07	07	MX	UY	2	2	CA	PE	-10	1842	1713	−2	+3	16	32
2004	07	10	MX	AR	1	0	CA	PE	35	1877	1953	+5	−2	11	6
2004	07	13	MX	EC	2	1	CA	PE	13	1890	1674	+1	−5	10	43
2004	07	18	BR	MX	4	0	CA	PE	34	2020	1856	+1	−4	2	14
2004	09	08	TT	MX	1	3	WQ		-10	1467	1866	−4	+2	92	11
2004	10	06	MX	VC	7	0	WQ		2	1868	1274	0	−2	11	139
2004	10	10	VC	MX	0	1	WQ		-2	1272	1870	0	+1	140	12
2004	10	13	MX	TT	3	0	WQ		4	1874	1479	+1	−2	11	90
2004	10	27	MX	EC	2	1	F	US	4	1878	1635	0	0	11	52
2004	11	10	MX	GT	2	0	F	US	6	1884	1622	+1	−1	10	55
2004	11	13	MX	KN	5	0	WQ	US	2	1886	1281	0	−1	10	134
2004	11	17	MX	KN	8	0	WQ		2	1888	1279	0	0	10	134
2005	01	26	MX	SE	0	0	F	US	-1	1887	1869	0	0	10	13
2005	02	09	CR	MX	1	2	WQ		-14	1670	1901	−4	+1	44	9
2005	02	23	MX	CO	1	1	F		-5	1896	1809	0	0	9	21
2005	03	09	AR	MX	1	1	F	US	-4	2024	1900	0	0	1	9
2005	03	27	MX	US	2	1	WQ		12	1912	1839	+2	−2	9	17
2005	03	30	PA	MX	1	1	WQ		15	1488	1897	+3	−2	85	11
2005	04	27	MX	PL	1	1	F	US	-3	1894	1789	0	+2	11	24
2005	06	04	GT	MX	0	2	WQ		-14	1578	1908	−2	+2	66	9
2005	06	08	MX	TT	2	0	WQ		3	1911	1493	+1	0	8	83
2005	06	16	MX	JP	2	1	CC	DE	18	1929	1790	0	−3	8	27
2005	06	19	MX	BR	1	0	CC	DE	30	1959	1966	+2	−1	6	5
2005	06	22	GR	MX	0	0	CC	DE	10	1827	1949	+2	−1	19	7
2005	06	26	AR	MX	1	1	CC	DE	-6	2024	1955	0	0	1	7
2005	06	29	DE	MX	4	3	CC		23	1906	1932	+3	−1	9	8
2005	07	08	ZA	MX	2	1	CCH	US	44	1616	1888	+7	−4	58	12
2005	07	10	MX	GT	4	0	CCH	US	12	1900	1539	+2	−1	10	70
2005	07	13	MX	JM	1	0	CCH	US	11	1911	1666	+2	−2	8	50
2005	07	17	CO	MX	2	1	CCH	US	35	1798	1876	+2	−4	25	12
2005	08	17	MX	CR	2	0	WQ		11	1887	1706	0	−1	12	39
2005	09	03	US	MX	2	0	WQ		23	1890	1864	+3	−3	11	15
2005	09	07	MX	PA	5	0	WQ		6	1870	1517	+1	−2	14	78
2005	10	08	MX	GT	5	2	WQ		6	1876	1541	0	−4	14	72
2005	10	12	TT	MX	2	1	WQ		32	1557	1844	+6	−2	68	16
2005	10	26	MX	UY	3	1	F		11	1855	1830	+2	−1	14	19
2005	11	16	BG	MX	3	0	F	US	25	1717	1830	+5	−4	38	18
2005	12	14	MX	HU	2	0	F	US	6	1836	1594	0	−1	18	59
2006	01	25	MX	NO	2	1	F	US	8	1844	1759	+1	−4	16	32
2006	02	15	KR	MX	1	0	F	US	13	1746	1831	+1	−3	36	18
2006	03	01	MX	GH	1	0	F	US	4	1835	1566	−1	−1	19	67
2006	03	29	MX	PY	2	1	F	US	8	1843	1768	+3	0	16	29
2006	05	05	MX	VE	1	0	F	US	4	1847	1603	+1	0	14	56
2006	05	12	MX	CD	2	1	F		1	1848	1484	0	0	14	87
2006	05	27	FR	MX	1	0	F		5	1961	1843	+1	−1	5	15
2006	06	01	NL	MX	2	1	F		4	2001	1839	0	−2	2	17
2006	06	11	MX	IR	3	1	WC	DE	45	1884	1796	+3	−10	12	23
2006	06	16	AO	MX	0	0	WC	DE	22	1580	1862	+9	0	63	12
2006	06	21	PT	MX	2	1	WC	DE	22	1973	1840	0	−1	6	14
2006	06	24	AR	MX	2	1	WC	DE	19	1999	1821	+2	−2	4	17
2007	02	07	US	MX	2	0	F		13	1778	1808	+6	0	24	19
2007	02	28	MX	VE	3	1	F	US	8	1816	1630	0	−1	19	53
2007	03	25	MX	PY	2	1	F		6	1822	1755	0	−1	18	33
2007	03	28	MX	EC	4	2	F	US	12	1834	1748	+2	0	16	32
2007	06	02	MX	IR	4	0	F		11	1845	1777	+1	−6	15	27
2007	06	05	MX	PY	0	1	F		-15	1830	1760	−2	+3	17	32
2007	06	08	MX	CU	2	1	CCH	US	8	1838	1521	+1	−3	16	80
2007	06	10	HN	MX	2	1	CCH	US	38	1681	1800	+8	−4	43	20
2007	06	13	MX	PA	1	0	CCH	US	11	1811	1571	+3	−4	18	66
2007	06	17	MX	CR	1	0	CCH	US	15	1826	1648	+1	−4	17	50
2007	06	21	MX	GP	1	0	CCH	US	5	1831	1446	+1	−1	16	93
2007	06	24	US	MX	2	1	CCH		19	1838	1812	+3	−3	16	19
2007	06	27	MX	BR	2	0	CA	VE	60	1872	1999	+5	−2	13	3
2007	07	01	MX	EC	2	1	CA	VE	14	1886	1700	0	0	13	42
2007	07	04	CL	MX	0	0	CA	VE	9	1761	1877	+3	0	32	13
2007	07	08	MX	PY	6	0	CA	VE	48	1925	1793	+5	−7	8	23
2007	07	11	AR	MX	3	0	CA	VE	29	2078	1896	+1	−3	1	11
2007	07	14	MX	UY	3	1	CA	VE	33	1929	1823	+3	−2	8	17
2007	08	22	CO	MX	1	0	F	US	14	1795	1915	+6	−1	20	9
2007	09	09	MX	PA	1	0	F		1	1916	1570	+1	0	8	64
2007	09	12	BR	MX	3	1	F	US	8	2094	1908	0	−1	1	9
2007	10	14	MX	NG	2	2	F		-6	1902	1746	0	0	11	34
2007	10	17	GT	MX	3	2	F	US	18	1520	1884	0	−2	79	13
2008	02	06	US	MX	2	2	F		0	1772	1884	+1	+1	28	11
2008	03	26	MX	GH	2	1	F	EN	8	1892	1789	0	−3	11	25
2008	04	16	MX	CN	1	0	F	US	3	1895	1554	0	−1	11	72
2008	06	04	AR	MX	4	1	F	US	11	2037	1884	+1	0	2	11
2008	06	08	MX	PE	4	0	F	US	7	1891	1626	0	−1	12	52
2008	06	15	MX	BZ	2	0	WQ	US	1	1892	1098	+2	0	11	177
2008	06	21	MX	BZ	7	0	WQ		1	1893	1097	−1	0	12	177
2008	08	20	MX	HN	2	1	WQ		6	1899	1677	+1	−1	10	43
2008	09	06	MX	JM	3	0	WQ		5	1904	1549	+1	−2	9	71
2008	09	10	MX	CA	2	1	WQ		4	1908	1594	+1	−1	8	58
2008	09	24	CL	MX	1	0	F	US	13	1795	1895	+2	0	21	8
2008	10	11	JM	MX	1	0	WQ		33	1570	1862	+12	−3	66	11
2008	10	15	CA	MX	2	2	WQ		10	1591	1852	+2	0	61	11
2008	11	12	MX	EC	2	1	F	US	6	1858	1714	0	0	11	38
2008	11	19	HN	MX	1	0	WQ		23	1724	1835	+4	−2	38	13
2009	01	28	SE	MX	1	0	F	US	12	1764	1823	+2	−4	29	17
2009	02	11	US	MX	2	0	WQ		23	1833	1800	+5	−3	14	20
2009	03	11	MX	BO	5	1	F	US	9	1809	1596	+1	0	19	58
2009	03	28	MX	CR	2	0	WQ		17	1826	1735	+4	−3	15	34
2009	04	01	HN	MX	3	1	WQ		32	1730	1794	+11	−8	33	23
2009	06	06	SV	MX	2	1	WQ		30	1537	1764	+8	−6	76	28
2009	06	10	MX	TT	2	1	WQ		6	1770	1546	0	0	28	71
2009	06	24	MX	VE	4	0	F	US	15	1785	1694	+2	−3	25	45
2009	06	28	GT	MX	0	0	F	US	8	1433	1777	+2	−1	101	27
2009	07	05	MX	NI	2	0	CCH	US	1	1778	1094	0	0	26	176
2009	07	09	MX	PA	1	1	CCH	US	-15	1763	1548	−1	+7	27	71
2009	07	12	MX	GP	2	0	CCH	US	13	1776	1482	+1	−2	26	88
2009	07	19	MX	HT	4	0	CCH	US	12	1788	1429	+2	−2	24	101
2009	07	23	CR	MX	1	1	CCH	US	1	1771	1787	0	−1	27	25
2009	07	26	US	MX	0	5	CCH		-76	1810	1863	−8	+14	17	11
2009	08	12	MX	US	2	1	WQ		12	1875	1798	0	−3	11	20
2009	09	05	CR	MX	0	3	WQ		-31	1709	1906	−7	+4	42	7
2009	09	09	MX	HN	1	0	WQ		8	1914	1766	0	−1	7	28
2009	09	30	CO	MX	2	1	F	US	15	1744	1899	+2	−1	35	8
2009	10	10	MX	SV	4	1	WQ		4	1903	1527	+1	−2	7	82
2009	10	14	TT	MX	2	2	WQ		13	1538	1890	+7	−1	76	8
2010	02	24	MX	BO	5	0	F	US	6	1896	1595	0	−2	8	59
2010	03	03	MX	NZ	2	0	F	US	3	1899	1520	0	0	8	85
2010	03	17	MX	KP	2	1	F		1	1900	1545	0	0	8	78
2010	03	24	IS	MX	0	0	F	US	9	1465	1891	+2	−1	92	9
2010	05	07	EC	MX	0	0	F	US	5	1727	1886	+1	0	36	9
2010	05	10	MX	SN	1	0	F	US	3	1889	1567	0	−1	9	67
2010	05	13	MX	AO	1	0	F	US	1	1890	1450	0	0	9	96
2010	05	16	MX	CL	1	0	F		7	1897	1871	+1	−1	8	12
2010	05	24	EN	MX	3	1	F		7	1998	1890	0	0	4	9
2010	05	26	NL	MX	2	1	F	DE	6	2039	1884	0	0	3	9
2010	05	30	MX	GM	5	1	F	DE	2	1886	1408	0	0	9	110
2010	06	03	MX	IT	2	1	F	BE	12	1898	1938	+1	0	8	6
2010	06	11	ZA	MX	1	1	WC		16	1609	1882	+9	−2	54	10
2010	06	17	MX	FR	2	0	WC	ZA	42	1924	1818	+3	−2	7	15
2010	06	22	UY	MX	1	0	WC	ZA	34	1913	1890	+4	−3	8	11
2010	06	27	AR	MX	3	1	WC	ZA	33	2020	1857	0	0	4	11
2010	08	11	MX	ES	1	1	F		5	1862	2159	0	0	11	1
2010	09	04	MX	EC	1	2	F		-16	1846	1733	−1	+2	12	33
2010	09	07	MX	CO	1	0	F		5	1851	1757	+2	−3	10	29
2010	10	12	MX	VE	2	2	F		-6	1845	1717	−1	+1	12	34
2011	02	09	MX	BA	2	0	F	US	7	1852	1621	0	−1	11	54
2011	03	26	MX	PY	3	1	F	US	12	1864	1772	+1	−1	11	23
2011	03	29	MX	VE	1	1	F	US	-4	1860	1718	−1	+1	12	36
2011	05	28	EC	MX	1	1	F	US	4	1726	1856	+1	0	34	12
2011	06	01	MX	NZ	3	0	F	US	6	1862	1568	0	−3	12	66
2011	06	05	MX	SV	5	0	CCH	US	11	1873	1479	+1	0	11	93
2011	06	09	MX	CU	5	0	CCH	US	8	1881	1429	+1	−2	10	104
2011	06	12	MX	CR	4	1	CCH	US	21	1902	1658	+2	−5	8	49
2011	06	18	MX	GT	2	1	CCH	US	4	1906	1449	+1	−1	7	98
2011	06	22	MX	HN	2	0	CCH	US	14	1920	1640	+2	−4	6	53
2011	06	25	US	MX	2	4	CCH		-32	1737	1952	−9	+1	33	5
2011	07	04	CL	MX	2	1	CA	AR	28	1934	1924	+3	−2	5	7
2011	07	08	PE	MX	1	0	CA	AR	41	1707	1883	+8	−4	39	10
2011	07	12	UY	MX	1	0	CA	AR	26	1896	1857	+2	−2	9	12
2011	08	10	US	MX	1	1	F		1	1738	1856	+1	−1	33	13
2011	09	02	PL	MX	1	1	F		2	1688	1854	+3	+1	40	12
2011	09	04	MX	CL	1	0	F	ES	11	1865	1889	0	0	12	9
2011	10	11	MX	BR	1	2	F		-8	1857	2057	−2	0	13	4
2011	11	11	MX	RS	2	0	F		7	1864	1734	+1	+1	12	33
2012	01	25	MX	VE	3	1	F	US	9	1873	1697	+1	−2	12	40
2012	02	29	CO	MX	2	0	F	US	19	1786	1854	+4	−3	22	14
2012	05	27	MX	WA	2	0	F	US	7	1861	1628	+1	0	13	56
2012	05	31	MX	BA	2	1	F	US	5	1866	1682	0	−1	13	42
2012	06	03	MX	BR	2	0	F	US	23	1889	2057	+2	−1	9	3
2012	06	08	MX	GY	3	1	WQ		2	1891	1361	0	−1	9	117
2012	06	12	SV	MX	1	2	WQ		-9	1563	1900	−3	0	71	10
2012	08	15	MX	US	0	1	F		-16	1884	1761	0	+3	11	26
2012	09	07	CR	MX	0	2	WQ		-20	1641	1904	−4	+1	49	10
2012	09	11	MX	CR	1	0	WQ		4	1908	1637	+1	0	9	49
2012	10	12	MX	GY	5	0	WQ	US	3	1911	1335	+1	0	8	123
2012	10	16	MX	SV	2	0	WQ		4	1915	1535	0	−1	8	76
2013	02	06	MX	JM	0	0	WQ		-17	1898	1575	−2	+5	9	65
2013	03	22	HN	MX	2	2	WQ		7	1687	1891	+5	−1	38	10
2013	03	26	MX	US	0	0	WQ		-12	1879	1767	−2	+3	13	25
2013	04	17	MX	PE	0	0	F	US	-4	1875	1744	−1	0	14	31
2013	05	31	MX	NG	2	2	F	US	-5	1870	1709	−2	0	15	37
2013	06	04	JM	MX	0	1	WQ		-9	1553	1879	−2	+3	71	12
2013	06	07	PA	MX	0	0	WQ		4	1705	1875	+1	+1	37	11
2013	06	11	MX	CR	0	0	WQ		-13	1862	1724	−1	+3	12	32
2013	06	16	IT	MX	2	1	CC	BR	22	1931	1840	+2	−4	7	16
2013	06	19	BR	MX	2	0	CC		11	2062	1829	+1	−2	2	18
2013	06	22	MX	JP	2	1	CC	BR	19	1848	1732	+1	−2	17	31
2013	07	07	PA	MX	2	1	CCH	US	37	1707	1811	+8	−3	36	20
2013	07	11	MX	CA	2	0	CCH	US	12	1823	1515	+2	−5	18	84
2013	07	14	MX	MQ	3	1	CCH	US	7	1830	1417	0	−2	18	105
2013	07	20	MX	TT	1	0	CCH	US	5	1835	1440	0	−1	18	100
2013	07	24	PA	MX	2	1	CCH	US	33	1753	1802	+2	−4	29	23
2013	08	14	MX	CI	4	1	F	US	18	1820	1794	+3	−4	20	24
2013	09	06	MX	HN	1	2	WQ		-33	1787	1669	−3	+7	23	44
2013	09	10	US	MX	2	0	WQ		18	1855	1769	+1	−2	16	24
2013	10	11	MX	PA	2	1	WQ		12	1781	1717	+2	−6	22	34
2013	10	15	CR	MX	2	1	WQ		18	1742	1763	+4	−1	27	24
2013	11	13	MX	NZ	5	1	WQ		12	1775	1568	0	−3	24	66
2013	11	20	NZ	MX	2	4	WQ		-21	1547	1796	−4	+1	72	22
2014	01	29	MX	KR	4	0	F	US	14	1810	1683	+1	−2	21	43
2014	03	05	MX	NG	0	0	F	US	-2	1808	1729	−1	+2	22	29
2014	04	02	US	MX	2	2	F		-4	1846	1812	−1	+1	14	21
2014	05	28	MX	IL	3	0	F		5	1817	1614	+2	0	19	55
2014	05	31	MX	EC	3	1	F	US	16	1833	1833	+2	−3	17	17
2014	06	03	BA	MX	1	0	F	US	12	1785	1821	+1	−1	23	19
2014	06	06	PT	MX	1	0	F	US	7	1935	1814	0	−2	7	21
2014	06	13	MX	CM	1	0	WC	BR	14	1828	1592	+1	−3	19	61
2014	06	17	BR	MX	0	0	WC		-25	2120	1853	0	+3	1	15
2014	06	23	MX	HR	3	1	WC	BR	43	1896	1793	+5	−5	10	22
2014	06	29	NL	MX	2	1	WC	BR	14	2116	1882	+1	0	1	11
2014	09	06	CL	MX	0	0	F	US	-3	1978	1885	0	0	7	12
2014	09	09	MX	BO	1	0	F	US	3	1888	1609	−1	0	13	57
2014	10	09	MX	HN	2	0	F		2	1890	1547	+1	−2	12	75
2014	10	12	MX	PA	1	0	F		3	1893	1708	+1	−2	11	35
2014	11	12	NL	MX	2	3	F		-16	2027	1909	−1	+2	4	10
2014	11	18	BY	MX	3	2	F		17	1548	1892	+7	−3	72	13
2015	03	28	MX	EC	1	0	F	US	9	1901	1837	+1	0	12	16
2015	03	31	MX	PY	1	0	F	US	5	1906	1686	0	−1	12	43
2015	04	15	US	MX	2	0	F		15	1825	1891	0	0	18	12
2015	05	30	MX	GT	3	0	F		2	1893	1524	0	0	12	75
2015	06	03	PE	MX	1	1	F		2	1721	1891	0	0	36	12
2015	06	07	BR	MX	2	0	F		5	2069	1886	0	−1	2	13
2015	06	12	BO	MX	0	0	CA	CL	16	1640	1870	0	−1	53	14
2015	06	15	CL	MX	3	3	CA		-12	1943	1882	0	+1	7	13
2015	06	19	EC	MX	2	1	CA	CL	32	1818	1850	+3	−2	18	15
2015	06	27	CR	MX	2	2	F	US	0	1838	1850	0	0	16	15
2015	07	01	HN	MX	0	0	F	US	7	1534	1843	+1	0	72	15
2015	07	09	MX	CU	6	0	CCH	US	7	1850	1369	0	−2	15	117
2015	07	12	GT	MX	0	0	CCH	US	20	1494	1830	+5	−1	87	16
2015	07	15	MX	TT	4	4	CCH	US	-16	1814	1572	−1	+3	17	64
2015	07	19	MX	CR	1	0	CCH	US	23	1837	1766	+2	−2	15	24
2015	07	22	MX	PA	2	1	CCH	US	15	1852	1681	+1	−1	14	44
2015	07	26	MX	JM	3	1	CCH	US	17	1869	1626	+1	−3	13	54
2015	09	04	MX	TT	3	3	F	US	-7	1862	1588	−1	+3	14	60
2015	09	08	AR	MX	2	2	F	US	-5	2067	1867	0	0	2	14
2015	10	10	US	MX	2	3	CFC		-22	1772	1889	−3	+2	23	13
2015	10	13	MX	PA	1	0	F		3	1892	1672	+1	0	12	43
2015	11	13	MX	SV	3	0	WQ		4	1896	1477	−1	0	14	90
2015	11	17	HN	MX	0	2	WQ		-10	1503	1906	−6	+1	86	13
2016	03	25	CA	MX	0	3	WQ		-12	1513	1918	−3	+1	82	11
2016	03	29	MX	CA	2	0	WQ		3	1921	1510	+1	+2	10	80
2016	05	28	MX	PY	1	0	F	US	5	1926	1747	−1	−2	11	33
2016	06	01	MX	CL	1	0	F	US	11	1937	1937	+2	0	9	9
2016	06	05	MX	UY	3	1	CA	US	41	1978	1924	+3	−2	6	10
2016	06	09	MX	JM	2	0	CA	US	7	1985	1565	0	−4	6	69
2016	06	13	MX	VE	1	1	CA	US	-18	1967	1693	−3	+2	7	42
2016	06	18	CL	MX	7	0	CA	US	60	2001	1907	+5	−5	4	11
2016	09	02	SV	MX	1	3	WQ		-6	1415	1913	−2	+1	106	10
2016	09	06	MX	HN	0	0	WQ		-18	1895	1559	−2	+3	13	69
2016	10	08	MX	NZ	2	1	F	US	2	1897	1539	+1	−2	13	75
2016	10	11	MX	PA	1	0	F	US	4	1901	1660	+1	−1	12	48
2016	11	11	US	MX	1	2	WQ		-18	1755	1919	−1	0	27	12
2016	11	15	PA	MX	0	0	WQ		8	1688	1911	+3	0	41	12
2017	02	08	MX	IS	1	0	F	US	6	1917	1766	+1	−1	11	26
2017	03	24	MX	CR	2	0	WQ		12	1929	1772	+2	−2	9	23
2017	03	28	TT	MX	0	1	WQ		-4	1456	1933	−4	0	93	9
2017	05	27	HR	MX	2	1	F	US	12	1870	1921	+2	−2	13	11
2017	06	01	MX	IE	3	1	F	US	9	1930	1771	+2	−1	9	25
2017	06	08	MX	HN	3	0	WQ		5	1935	1587	0	0	9	62
2017	06	11	MX	US	1	1	WQ		-13	1922	1766	−1	+5	10	27
2017	06	18	MX	PT	2	2	CC	RU	1	1923	1928	0	0	10	9
2017	06	21	MX	NZ	2	1	CC	RU	5	1928	1533	0	−1	10	75
2017	06	24	RU	MX	1	2	CC		-16	1682	1944	−5	0	43	10
2017	06	28	MX	GH	1	0	F	US	2	1946	1577	0	0	10	65
2017	06	29	DE	MX	4	1	CC	RU	31	2081	1915	0	0	2	10
2017	07	01	MX	PY	2	1	F	US	5	1920	1708	0	0	10	36
2017	07	02	PT	MX	2	1	CC	RU	23	1977	1897	+4	−1	5	11
2017	07	09	MX	SV	3	1	CCH	US	5	1902	1420	0	−2	11	102
2017	07	13	JM	MX	0	0	CCH	US	21	1521	1881	+2	−1	80	12
2017	07	16	MX	CW	2	0	CCH	US	2	1883	1248	0	−1	12	147
2017	07	20	MX	HN	1	0	CCH	US	7	1890	1560	0	−2	12	70
2017	07	23	JM	MX	1	0	CCH	US	44	1587	1846	+9	−5	64	17
2017	09	01	MX	PA	1	0	WQ		7	1853	1658	+2	−1	14	48
2017	09	05	CR	MX	1	1	WQ		-3	1796	1856	0	−1	20	15
2017	10	06	MX	TT	3	1	WQ		2	1858	1402	0	−1	15	106
2017	10	10	HN	MX	3	2	WQ		29	1626	1829	+7	−4	55	19
2017	11	10	BE	MX	3	3	F		-5	1923	1834	+1	0	8	18
2017	11	13	PL	MX	0	1	F		-13	1841	1847	−1	+1	18	17
2018	01	31	MX	BA	1	0	F	US	7	1854	1720	0	0	17	36
2018	03	23	MX	IS	3	0	F	US	15	1869	1798	+2	0	15	21
2018	03	27	HR	MX	1	0	F	US	11	1853	1858	+1	0	17	16
2018	05	28	MX	WA	0	0	F	US	-2	1856	1778	0	0	16	24
2018	06	02	MX	SQ	1	0	F		4	1860	1708	+1	−1	15	41
2018	06	09	DK	MX	2	0	F		11	1854	1849	+2	−2	16	18
2018	06	17	MX	DE	1	0	WC	RU	47	1896	2029	+5	−1	13	3
2018	06	23	MX	KR	2	1	WC	RU	14	1910	1676	+2	0	11	45
2018	06	27	SE	MX	3	0	WC	RU	68	1870	1842	+3	−6	17	19
2018	07	02	BR	MX	2	0	WC	RU	14	2155	1828	0	0	1	19
2018	09	07	UY	MX	4	1	F	US	12	1956	1816	+1	0	6	19
2018	09	11	US	MX	1	0	F		9	1765	1807	+3	−2	27	20
2018	10	11	MX	CR	3	2	F		5	1812	1697	0	+1	20	42
2018	10	16	MX	CL	0	1	F		-12	1800	1864	−2	0	22	17
2018	11	16	AR	MX	2	0	ADI		11	1911	1789	−1	0	13	22
2018	11	20	AR	MX	2	0	ADI		10	1921	1779	+2	−1	11	23
2019	03	22	MX	CL	3	1	F	US	18	1797	1833	+3	0	20	17
2019	03	26	MX	PY	4	2	F	US	12	1809	1706	+1	−4	20	40
2019	06	05	MX	VE	3	1	F	US	14	1823	1763	0	−3	20	29
2019	06	09	MX	EC	3	2	F	US	8	1831	1752	+2	0	18	32
2019	06	15	MX	CU	7	0	CCH	US	6	1837	1323	+1	−3	16	130
2019	06	19	MX	CA	3	1	CCH	US	15	1852	1584	0	−4	17	61
2019	06	23	MX	MQ	3	2	CCH	US	5	1857	1456	0	−3	17	93
2019	06	29	CR	MX	1	1	CCH	US	12	1683	1845	+3	0	45	17
2019	07	02	MX	HT	1	0	CCH	US	10	1855	1589	0	−4	17	61
2019	07	07	US	MX	0	1	CCH		-26	1737	1881	−7	+1	34	16
2019	09	06	US	MX	0	3	F		-15	1722	1896	−6	+2	40	14
2019	09	10	AR	MX	4	0	F	US	17	1944	1879	+1	−1	11	15
2019	10	02	MX	TT	2	0	F		1	1880	1376	0	0	15	113
2019	10	11	BM	MX	1	5	CLA		-4	1297	1884	−5	0	137	15
2019	10	15	MX	PA	3	1	CLA		4	1888	1515	−1	−2	16	78
2019	11	15	PA	MX	0	3	CLA		-12	1503	1900	−4	+2	81	14
2019	11	19	MX	BM	2	1	CLA		1	1901	1299	0	+1	14	132
2020	09	30	MX	GT	3	0	F		2	1903	1480	0	0	13	86
2020	10	07	NL	MX	0	1	F		-15	1978	1918	−2	0	8	13
2020	10	13	DZ	MX	2	2	F	NL	4	1755	1914	−2	0	32	13
2020	11	14	MX	KR	3	2	F	AT	6	1920	1766	0	0	14	28
2020	11	17	MX	JP	2	0	F	AT	8	1928	1744	+1	−1	13	35
2021	03	27	WA	MX	1	0	F		10	1833	1918	+1	0	18	13
2021	03	30	MX	CR	1	0	F	AT	3	1921	1621	0	+1	13	52
2021	05	29	MX	IS	2	1	F	US	3	1924	1601	0	−1	13	58
2021	06	03	CR	MX	0	0	CNL	US	14	1635	1910	+3	−1	49	14
2021	06	06	US	MX	3	2	CNL		22	1790	1888	+1	−1	25	15
2021	06	12	HN	MX	0	0	F	US	7	1606	1881	+2	0	58	15
2021	06	30	MX	PA	3	0	F	US	5	1886	1548	0	−1	15	71
2021	07	03	MX	NG	4	0	F	US	8	1894	1662	0	−1	15	44
2021	07	10	MX	TT	0	0	CCH	US	-23	1871	1383	0	+11	15	108
2021	07	14	MX	GT	3	0	CCH	US	8	1879	1454	0	0	15	88
2021	07	18	MX	SV	1	0	CCH	US	7	1886	1549	0	−2	15	71
2021	07	24	MX	HN	3	0	CCH	US	14	1900	1584	0	−2	15	61
2021	07	29	MX	CA	2	1	CCH	US	14	1914	1723	+1	−2	14	39
2021	08	01	US	MX	1	0	CCH		23	1861	1891	0	−1	17	15
2021	09	02	MX	JM	2	1	WQ		3	1894	1569	0	−1	15	66
2021	09	05	CR	MX	0	1	WQ		-11	1617	1905	−1	0	54	15
2021	09	08	PA	MX	1	1	WQ		11	1599	1894	+2	0	59	15
2021	10	07	MX	CA	1	1	WQ		-13	1881	1748	0	+2	15	33
2021	10	10	MX	HN	3	0	WQ		6	1887	1567	0	−4	15	68
2021	10	13	SV	MX	0	2	WQ		-11	1511	1898	−4	0	80	15
2021	10	27	EC	MX	3	2	F	US	13	1807	1885	+5	0	22	15
2021	11	12	US	MX	2	0	WQ		25	1866	1860	+2	−1	15	16
2021	11	16	CA	MX	2	1	WQ		20	1784	1840	+1	−3	28	19
2021	12	08	CL	MX	2	2	F	US	1	1790	1839	0	0	26	19
2022	01	27	JM	MX	1	2	WQ		-12	1571	1851	0	+1	65	18
2022	01	30	MX	CR	0	0	WQ		-15	1836	1647	−1	+1	20	53
2022	02	02	MX	PA	1	0	WQ		6	1842	1624	0	−4	20	59
2022	03	24	MX	US	0	0	WQ		-6	1836	1844	0	+4	20	18
2022	03	27	HN	MX	0	1	WQ		-6	1445	1842	−3	+1	93	19
2022	03	30	MX	SV	2	0	WQ		5	1847	1504	+2	0	17	81
2022	04	27	GT	MX	0	0	F	US	8	1502	1839	+3	−2	81	19
2022	05	28	MX	NG	2	1	F	US	5	1844	1638	+1	0	18	53
2022	06	02	UY	MX	3	0	F	US	14	1936	1830	+1	−2	11	21
2022	06	05	EC	MX	0	0	F	US	0	1844	1830	0	0	17	20
2022	06	11	MX	SR	3	0	CLA		2	1832	1317	0	−1	21	125
2022	06	14	JM	MX	1	1	CLA		10	1548	1822	+1	−2	71	22
2022	08	31	PY	MX	1	0	F	US	13	1736	1809	+2	−2	35	24
2022	09	24	MX	PE	1	0	F	US	11	1820	1838	+1	−2	22	19
2022	09	27	CO	MX	3	2	F	US	8	1911	1812	0	0	15	22
2022	11	09	MX	IQ	4	0	F	ES	8	1820	1566	+1	−1	21	66
2022	11	16	SE	MX	2	1	F	ES	12	1748	1808	+3	−1	33	22
2022	11	22	MX	PL	0	0	WC	QA	0	1808	1813	0	0	22	21
2022	11	26	AR	MX	2	0	WC	QA	15	2101	1793	0	−2	2	26
2022	11	30	MX	SA	2	1	WC	QA	19	1812	1644	0	−3	24	53
2023	03	23	SR	MX	0	2	CLA		-6	1314	1818	−3	0	131	23
2023	03	26	MX	JM	2	2	CLA		-16	1802	1548	−1	+5	24	69
2023	04	19	US	MX	1	1	F		-3	1808	1805	0	0	23	24
2023	06	07	MX	GT	2	0	F		2	1807	1475	0	0	24	83
2023	06	10	CM	MX	2	2	F	US	5	1631	1802	0	0	53	24
2023	06	15	US	MX	3	0	CNL		25	1833	1777	+2	−5	21	29
2023	06	18	MX	PA	1	0	CNL	US	13	1790	1633	+1	0	27	51
2023	06	25	MX	HN	4	0	CCH	US	13	1803	1455	+3	0	25	90
2023	06	29	MX	HT	3	1	CCH	US	16	1819	1554	0	−2	25	70
2023	07	02	QA	MX	1	0	CCH	US	43	1557	1776	+7	−3	70	28
2023	07	08	MX	CR	2	0	CCH	US	26	1802	1637	+3	−5	25	51
2023	07	12	MX	JM	3	0	CCH	US	21	1823	1584	+2	−1	23	63
2023	07	16	MX	PA	1	0	CCH	US	17	1840	1689	+3	−3	20	45
2023	09	09	AU	MX	2	2	F	US	2	1773	1838	0	−1	29	21
2023	09	12	MX	UZ	3	3	F	US	-6	1832	1610	+1	0	20	60
2023	10	14	MX	GH	2	0	F	US	6	1838	1581	0	−1	20	64
2023	10	17	DE	MX	2	2	F	US	-2	1916	1840	−1	0	13	20
2023	11	17	HN	MX	2	0	CLA		48	1538	1792	+12	−8	71	26
2023	11	21	MX	HN	2	0	CLA		7	1799	1531	+1	0	24	71
2023	12	16	CO	MX	3	2	F	US	5	1984	1794	0	−1	9	25
2024	03	21	MX	PA	3	0	CNL	US	32	1826	1733	+4	−9	19	36
2024	03	24	US	MX	2	0	CNL		26	1798	1800	+6	−2	22	21
2024	05	31	MX	BO	1	0	F	US	5	1805	1599	+1	−1	21	63
2024	06	05	UY	MX	4	0	F	US	10	1991	1795	+1	−2	8	23
2024	06	08	BR	MX	3	2	F	US	4	2031	1791	0	0	3	23
2024	06	22	MX	JM	1	0	CA	US	15	1806	1626	+1	−7	20	57
2024	06	26	VE	MX	1	0	CA	US	27	1805	1779	+5	−7	21	27
2024	06	30	EC	MX	0	0	CA	US	-6	1852	1785	−1	+2	17	24
2024	09	07	MX	NZ	3	0	F	US	8	1793	1562	+3	−1	22	69
2024	09	10	CA	MX	0	0	F	US	1	1769	1792	0	0	28	21
2024	10	15	MX	US	2	0	F		9	1801	1728	0	−4	23	40
2024	11	15	HN	MX	2	0	CNL		44	1572	1757	+7	−11	70	33
2024	11	19	MX	HN	4	0	CNL		12	1769	1560	+3	+1	32	69
2025	03	20	MX	CA	2	0	CNL	US	31	1800	1753	+9	−8	24	34
2025	03	23	MX	PA	2	1	CNL	US	17	1817	1723	+2	−3	22	39
2025	06	07	CH	MX	4	2	F	US	15	1826	1802	+1	−2	23	25
2025	06	10	MX	TR	1	0	F	US	11	1813	1836	+1	−5	24	22
2025	06	14	MX	DO	3	2	CCH	US	2	1815	1286	0	−1	24	143
2025	06	18	MX	SR	2	0	CCH	US	6	1821	1394	0	−3	24	104
2025	06	22	CR	MX	0	0	CCH	US	10	1683	1811	+2	−1	47	25
2025	06	28	MX	SA	2	0	CCH	US	16	1827	1568	+2	−3	23	68
2025	07	02	MX	HN	1	0	CCH	US	10	1837	1585	+2	−2	21	65
2025	07	06	US	MX	1	2	CCH		-24	1696	1861	−5	+5	45	16
2025	09	06	JP	MX	0	0	F	US	-1	1882	1862	0	0	13	16
2025	09	09	MX	KR	2	2	F	US	-3	1859	1774	0	+1	18	30
2025	10	11	CO	MX	4	0	F	US	12	1993	1847	+1	−1	6	19
2025	10	14	MX	EC	1	1	F		-1	1846	1930	−1	0	20	9
2025	11	15	MX	UY	0	0	F		-1	1845	1914	0	+1	20	11
2025	11	18	PY	MX	2	1	F	US	11	1833	1834	+2	0	21	20
2026	01	22	PA	MX	0	1	F		-10	1733	1844	−3	0	38	21
2026	01	25	BO	MX	0	1	F		-8	1657	1852	−3	+1	54	20
2026	02	25	MX	IS	4	0	F		4	1856	1562	0	0	20	71
2026	03	28	MX	PT	0	0	F		1	1857	1975	−1	0	21	6
2026	03	31	BE	MX	1	1	F	US	0	1867	1857	0	+1	19	20
2026	05	22	MX	GH	2	0	F		2	1859	1503	0	0	20	82
2026	05	30	MX	AU	1	0	F	US	8	1867	1774	+1	0	19	26
2026	06	04	MX	RS	5	1	F		8	1875	1734	0	−1	18	36
2026	06	11	MX	ZA	2	0	WC		6	1881	1511	0	0	18	80
2026	06	18	MX	KR	1	0	WC		15	1896	1771	+1	−5	12	31