1905	04	30	BE	NL	1	4	VDA		-25	1765	1925	−1	−	9	3
1905	05	14	NL	BE	4	0	RNC		11	1936	1763	0	0	3	9
1906	04	29	BE	NL	5	0	VDA		35	1815	1901	0	−2	9	5
1906	05	13	NL	BE	2	3	RNC		-22	1879	1837	−2	+1	7	8
1907	04	01	NL	EN	1	8	F		-24	1855	1980	0	0	6	2
1907	04	04	BE	NL	1	3	VDA		-28	1809	1883	0	0	9	6
1907	05	09	NL	BE	1	2	RNC		-23	1860	1815	−1	+1	6	9
1907	12	21	EN	NL	12	2	F		12	1979	1848	0	0	2	6
1908	03	29	BE	NL	1	4	VDA		-31	1784	1879	0	0	10	6
1908	04	26	NL	BE	3	1	RNC		11	1890	1766	+1	0	5	10
1908	05	10	NL	FR	4	1	F		3	1893	1591	0	0	5	12
1908	10	22	EN	NL	4	0	OG		16	2125	1877	0	−2	1	5
1908	10	23	NL	SE	2	0	OG	EN	23	1900	1666	+1	−1	4	13
1908	10	25	NL	SE	5	3	F		4	1904	1662	0	0	4	13
1909	03	21	BE	NL	1	4	VDA		-24	1747	1928	0	0	11	4
1909	04	12	NL	EN	0	4	F		-12	1916	2166	0	0	4	1
1909	04	25	NL	BE	4	1	RNC		9	1925	1736	0	0	4	11
1909	12	11	EN	NL	9	1	F		5	2207	1920	0	0	1	4
1910	03	13	BE	NL	3	2	VDA		18	1760	1902	0	0	11	4
1910	04	10	NL	BE	7	0	RNC		15	1917	1765	0	0	4	11
1910	04	24	NL	DE	4	2	F		4	1921	1682	0	0	4	12
1910	10	16	DE	NL	1	2	F		-6	1658	1927	0	0	14	4
1911	03	19	BE	NL	1	5	VDA		-24	1757	1951	0	+1	11	3
1911	04	02	NL	BE	3	1	RNC		7	1958	1750	0	0	3	11
1911	04	17	NL	EN	0	1	F		-8	1950	2138	0	0	3	1
1912	03	10	BE	NL	1	2	VDA		-11	1751	1961	0	0	11	3
1912	03	16	EN	NL	4	0	F		6	2161	1955	0	0	1	3
1912	03	24	NL	DE	5	5	F		-8	1947	1656	−1	+1	4	13
1912	04	28	NL	BE	4	3	RNC		5	1952	1743	+1	0	3	11
1912	06	29	SE	NL	3	4	OG		-18	1690	1970	0	0	12	3
1912	06	30	NL	AT	3	1	OG	SE	33	2003	1846	0	−2	3	9
1912	07	02	DK	NL	4	1	OG	SE	52	2057	1951	0	0	2	3
1912	07	04	NL	FI	9	0	OG	SE	21	1972	1611	0	−1	3	15
1912	11	17	DE	NL	2	3	F		-5	1689	1977	0	0	12	3
1913	03	09	BE	NL	3	3	VDA		5	1753	1972	0	0	11	3
1913	03	24	NL	EN	2	1	F		13	1985	2167	0	0	3	1
1913	04	20	NL	BE	2	4	RNC		-39	1946	1792	−1	0	4	11
1913	11	15	EN	NL	2	1	F		3	2174	1943	0	0	1	4
1914	03	15	BE	NL	2	4	VDA		-18	1759	1961	0	0	11	4
1914	04	05	NL	DE	4	4	F		-8	1953	1659	0	0	4	12
1914	04	26	NL	BE	4	2	RNC		7	1960	1752	0	0	4	11
1914	05	17	DK	NL	4	3	F		5	2053	1955	0	0	2	4
1919	06	09	NL	SE	3	1	F		3	1958	1652	0	0	5	16
1919	08	24	SE	NL	4	1	F		27	1665	1931	+1	0	15	5
1919	08	31	NO	NL	1	1	F		8	1438	1923	0	−1	27	6
1920	04	05	NL	DK	2	0	F		13	1936	1959	+1	0	5	4
1920	05	13	IT	NL	1	1	F		6	1626	1930	0	0	18	5
1920	05	16	CH	NL	2	1	F		17	1526	1913	+1	−1	23	6
1920	08	28	NL	LU	3	0	OG	BE	3	1916	1297	−1	−3	6	35
1920	08	29	NL	SE	5	4	OG	BE	13	1929	1683	+1	0	5	16
1920	08	31	BE	NL	3	0	OG		51	1892	1878	+2	−5	9	10
1920	09	05	ES	NL	3	1	OG	BE	32	2016	1846	+2	−1	1	11
1921	03	28	NL	CH	2	0	F		3	1849	1552	0	0	10	26
1921	05	08	NL	IT	2	2	F		-7	1842	1663	0	0	10	18
1921	05	15	BE	NL	1	1	F		-5	1907	1847	0	0	8	10
1921	06	12	DK	NL	1	1	F		-5	1928	1852	−1	0	5	10
1921	11	13	FR	NL	0	5	F		-13	1607	1865	0	0	23	10
1922	03	26	BE	NL	4	0	VDA		20	1887	1845	+1	0	8	10
1922	04	17	NL	DK	2	0	F		14	1859	1912	0	0	10	6
1922	05	07	NL	BE	1	2	RNC		-18	1841	1903	0	0	10	8
1922	11	19	CH	NL	5	0	F		29	1595	1812	+4	−2	28	13
1923	04	02	NL	FR	8	1	F		6	1818	1587	0	−1	13	30
1923	04	29	NL	BE	1	1	RNC		-2	1816	1885	−1	0	13	9
1923	05	10	DE	NL	0	0	F		1	1667	1815	0	0	22	13
1923	11	25	NL	CH	4	1	F		5	1820	1598	0	0	12	27
1924	03	23	NL	BE	1	1	F		-1	1819	1874	0	0	13	7
1924	04	21	NL	DE	0	1	F		-16	1803	1688	0	+2	13	21
1924	04	27	BE	NL	1	1	VDA		-7	1867	1810	−1	0	8	13
1924	05	27	NL	RO	6	0	OG	FR	27	1837	1557	+2	−8	11	36
1924	06	02	NL	IE	2	1	OG	FR	12	1849	1585	+1	0	9	28
1924	06	06	UY	NL	2	1	OG	FR	16	2045	1833	0	−2	1	11
1924	06	08	NL	SE	1	1	OG	FR	-2	1831	1808	0	0	11	13
1924	06	09	SE	NL	3	1	OG	FR	48	1856	1783	+6	−2	7	13
1924	11	02	NL	ZA	2	1	F		7	1790	1773	0	−3	13	17
1925	03	15	BE	NL	0	1	VDA		-19	1757	1809	−2	0	17	13
1925	03	29	NL	DE	2	1	F		4	1813	1667	0	0	13	24
1925	04	19	CH	NL	4	1	F		15	1772	1798	+1	0	15	13
1925	05	03	NL	BE	5	0	F		12	1810	1745	0	0	13	17
1925	10	25	NL	DK	4	2	F		14	1824	1863	0	−3	13	10
1926	03	14	BE	NL	1	1	LVC		-1	1742	1825	0	0	17	12
1926	03	28	NL	CH	5	0	F		11	1836	1735	+1	−1	11	18
1926	04	18	DE	NL	4	2	F		16	1723	1820	0	−1	20	12
1926	05	02	NL	BE	1	5	F		-28	1792	1757	−1	+3	13	15
1926	06	13	DK	NL	4	1	F		10	1873	1782	+1	0	8	13
1926	10	31	NL	DE	2	3	F		-14	1768	1739	−1	+2	14	16
1927	03	13	BE	NL	2	0	LVC		20	1733	1748	+2	−1	16	15
1927	05	01	NL	BE	3	2	F		7	1755	1736	0	0	15	16
1927	06	12	DK	NL	1	1	F		-6	1865	1761	0	0	9	15
1927	11	13	NL	SE	1	0	F		9	1770	1828	+1	0	14	10
1927	11	20	DE	NL	2	2	F		-2	1725	1772	0	0	18	14
1928	03	11	NL	BE	1	1	F		-5	1767	1665	−1	0	16	24
1928	04	01	BE	NL	1	0	LVC		15	1680	1752	0	0	24	16
1928	04	22	NL	DK	2	0	F		16	1768	1861	0	0	16	8
1928	05	06	CH	NL	2	1	F		10	1691	1758	+1	0	23	16
1928	05	30	NL	UY	0	2	OG		-26	1732	2038	−2	+1	19	1
1928	06	01	NL	US	3	2	F		6	1738	1671	+1	0	18	23
1928	06	05	NL	BE	3	1	OG		25	1763	1647	+1	0	17	22
1928	06	08	NL	CL	2	2	OG		-21	1742	1575	0	+4	17	34
1928	06	14	NL	EG	1	2	F		-14	1728	1705	−1	0	18	20
1928	11	04	NL	BE	1	1	F		-5	1723	1652	−1	0	18	23
1928	12	02	IT	NL	3	2	F		3	1947	1720	0	0	4	18
1929	03	17	NL	CH	3	2	F		5	1725	1603	0	−1	17	28
1929	05	05	BE	NL	3	1	LVC		22	1659	1703	+1	−1	23	18
1929	06	04	NL	SQ	0	2	F		-6	1697	2035	−1	0	19	3
1929	06	09	SE	NL	6	2	F		8	1822	1689	0	−1	12	20
1929	06	12	NO	NL	4	4	F		1	1543	1688	0	0	39	20
1929	11	03	NL	NO	1	4	F		-25	1663	1650	−2	+1	22	24
1929	12	08	NL	BE	1	0	F		7	1670	1648	0	−1	22	24
1930	04	06	NL	IT	1	1	F		5	1675	1940	+2	0	21	6
1930	05	04	NL	BE	2	2	F		-3	1672	1670	0	0	21	24
1930	05	18	BE	NL	3	1	LVC		18	1668	1654	+2	−4	23	25
1930	06	08	HU	NL	6	2	F		7	1810	1647	+1	−1	13	26
1930	09	14	BE	NL	4	1	F		15	1604	1632	+2	−2	30	27
1930	11	02	CH	NL	6	3	F		17	1557	1615	+3	−1	35	29
1931	03	29	NL	BE	3	2	F		7	1622	1597	+1	0	28	30
1931	04	26	NL	DE	1	1	F		2	1624	1798	0	0	28	13
1931	05	03	BE	NL	4	2	LVC		18	1615	1606	+1	−2	29	30
1931	06	14	DK	NL	0	2	F		-26	1821	1632	−2	+3	12	27
1931	11	29	FR	NL	3	4	F		-12	1599	1644	−1	0	31	26
1932	02	14	NL	BE	2	3	F		-14	1630	1630	−1	+3	27	27
1932	03	20	BE	NL	1	4	LVC		-34	1596	1664	−4	+4	31	23
1932	04	17	NL	BE	2	1	F		6	1670	1590	0	−1	23	32
1932	05	08	NL	IE	0	2	F		-20	1650	1674	−2	+3	25	22
1932	05	29	NL	CS	1	2	F		-8	1642	1823	−2	0	27	11
1932	10	16	BE	NL	2	3	F		-12	1601	1654	0	+1	30	26
1932	12	04	DE	NL	0	2	F		-24	1770	1678	0	+2	12	25
1933	01	22	NL	CH	0	2	F		-21	1657	1658	−4	+2	28	27
1933	03	05	NL	HU	1	2	F		-8	1649	1821	0	0	28	11
1933	04	09	BE	NL	1	3	F		-16	1566	1665	−3	+1	38	26
1933	05	07	NL	BE	1	2	F		-15	1650	1581	−1	+2	27	36
1933	06	25	NL	HU	6	5	F		12	1662	1822	0	−1	27	11
1933	12	10	NL	AT	0	1	F		-4	1658	2000	0	0	26	4
1934	03	11	NL	BE	9	3	F		11	1669	1574	+2	−1	23	39
1934	04	08	NL	IE	5	2	WQ		25	1694	1639	+2	−4	21	28
1934	04	29	BE	NL	2	4	WQ		-28	1546	1722	−2	+2	42	19
1934	05	10	NL	FR	4	5	F		-15	1707	1626	−1	+2	20	31
1934	05	27	CH	NL	3	2	WC	IT	38	1653	1669	+9	−3	25	23
1934	11	04	CH	NL	2	4	F		-18	1630	1687	−3	+4	30	19
1935	02	17	NL	DE	2	3	F		-7	1680	1889	−1	0	20	8
1935	03	31	NL	BE	4	2	F		6	1686	1523	+1	0	20	44
1935	05	12	BE	NL	0	2	F		-12	1504	1698	−4	+2	48	19
1935	05	18	NL	EN	0	1	F		-5	1693	2003	0	0	19	3
1935	06	30	NL	HU	2	3	F		-9	1684	1835	−2	0	21	11
1935	11	03	NL	DK	3	0	F		13	1697	1683	+1	−2	19	21
1935	12	08	IE	NL	3	5	F		-16	1605	1713	−1	+1	34	18
1936	01	12	FR	NL	1	6	F		-22	1626	1735	−1	+1	31	17
1936	03	29	NL	BE	8	0	F		6	1741	1503	+1	−3	16	49
1936	05	03	BE	NL	1	1	F		4	1507	1737	+1	−1	48	17
1936	11	01	NL	NO	3	3	F		-3	1734	1748	0	+1	17	14
1936	12	09	NL	HU	0	1	F		-8	1726	1895	0	0	17	9
1937	01	31	DE	NL	2	2	F		-5	1812	1731	0	0	13	17
1937	03	07	NL	CH	2	1	F		5	1736	1628	+1	0	16	32
1937	04	04	BE	NL	2	1	F		13	1559	1723	+1	−2	43	18
1937	05	02	NL	BE	1	0	F		3	1726	1543	+1	0	17	44
1937	10	31	NL	FR	2	3	F		-16	1710	1612	−1	+3	19	34
1937	11	28	NL	LU	4	0	WQ		3	1713	1242	0	−1	19	79
1938	02	27	NL	BE	7	2	F		7	1720	1526	0	0	19	47
1938	04	03	BE	NL	1	1	WQ		5	1541	1715	0	0	47	19
1938	05	21	NL	SQ	1	3	F		-8	1707	1994	−1	0	20	3
1938	06	05	CS	NL	3	0	WC	FR	36	1859	1671	+3	−5	9	25
1938	06	26	NL	DI	9	2	F		6	1677	1454	+2	0	24	55
1938	10	23	DK	NL	2	2	F		-3	1693	1680	0	0	20	22
1939	02	26	NL	HU	3	2	F		14	1694	1927	+3	0	20	6
1939	03	19	BE	NL	5	4	F		12	1543	1682	0	−3	45	23
1939	04	23	NL	BE	3	2	F		4	1686	1539	0	0	23	45
1939	05	07	CH	NL	2	1	F		6	1752	1680	0	0	15	23
1939	06	11	NL	YU	4	1	F		10	1690	1600	+3	−1	22	39
1939	12	10	NL	BE	5	2	F		6	1696	1516	0	−1	23	49
1940	03	17	BE	NL	7	1	F		26	1542	1670	+2	−4	47	26
1940	03	31	NL	LU	4	5	F		-19	1651	1269	−6	+3	32	82
1940	04	21	NL	BE	4	2	F		7	1658	1535	+3	−1	30	48
1946	03	10	LU	NL	2	6	F		-7	1281	1665	−3	+4	84	27
1946	05	12	NL	BE	6	3	F		7	1672	1523	+5	−1	25	51
1946	05	30	BE	NL	2	2	F		1	1524	1671	0	−1	51	26
1946	11	27	EN	NL	8	2	F		4	1974	1667	+2	−3	3	30
1947	04	07	NL	BE	2	1	F		4	1671	1520	+3	0	27	51
1947	05	04	BE	NL	1	2	F		-9	1511	1680	−3	+2	53	26
1947	05	26	FR	NL	4	0	F		12	1724	1668	0	−5	18	31
1947	09	21	NL	CH	6	2	F		19	1687	1757	+5	0	26	16
1948	03	14	BE	NL	1	1	F		2	1517	1685	0	0	51	26
1948	04	18	NL	BE	2	2	F		-6	1679	1523	−1	0	27	52
1948	05	26	NO	NL	1	2	F		-10	1563	1689	−2	+1	44	26
1948	06	09	NL	SE	1	0	F		12	1701	1850	+1	−2	25	12
1948	11	21	BE	NL	1	1	F		1	1550	1700	+1	0	48	26
1949	03	13	NL	BE	3	3	F		-6	1694	1565	0	+2	25	43
1949	04	23	NL	FR	4	1	F		16	1710	1752	0	−1	24	18
1949	06	12	DK	NL	1	2	F		-15	1788	1725	−3	+3	14	22
1949	06	16	FI	NL	1	4	F		-5	1294	1730	−1	+1	87	21
1949	11	06	NL	BE	0	1	F		-15	1715	1643	−5	+2	25	33
1949	12	11	NL	DK	0	1	F		-11	1704	1800	0	0	25	13
1950	04	16	BE	NL	2	0	F		14	1647	1690	+2	0	32	25
1950	06	08	SE	NL	4	1	F		4	1974	1686	+1	−1	3	27
1950	06	11	FI	NL	4	1	F		28	1378	1658	+4	−4	76	31
1950	10	15	CH	NL	7	5	F		8	1741	1650	+1	−2	17	32
1950	11	12	BE	NL	7	2	F		13	1688	1637	+2	−3	26	34
1950	12	10	FR	NL	5	2	F		10	1710	1627	+1	0	23	34
1951	04	15	NL	BE	5	4	F		9	1636	1679	0	0	33	26
1951	06	06	NL	NO	2	3	F		-14	1622	1593	−2	+4	35	40
1951	10	27	NL	FI	4	4	F		-8	1614	1391	−2	+2	37	77
1951	10	31	NL	FI	4	1	F		5	1619	1386	+2	−1	35	78
1951	11	25	NL	BE	6	7	F		-12	1607	1672	−3	+1	38	28
1952	04	06	BE	NL	4	2	F		8	1699	1599	0	0	25	37
1952	05	14	NL	SE	0	0	F		4	1603	1850	0	0	37	12
1952	08	10	NL	EG	1	1	F		-5	1598	1535	0	+1	38	49
1952	09	21	DK	NL	3	2	F		4	1726	1594	0	−3	20	41
1952	10	19	BE	NL	2	1	F		5	1692	1589	+1	−2	24	42
1953	03	07	NL	DK	1	2	F		-11	1578	1679	−1	+2	43	25
1953	03	12	FR	NL	1	2	F		-17	1757	1595	−1	+3	16	41
1953	03	22	NL	CH	1	2	F		-10	1585	1713	−2	0	43	22
1953	04	19	NL	BE	0	2	F		-14	1571	1713	−2	+2	45	21
1953	09	27	NO	NL	4	0	F		11	1626	1560	+3	0	36	45
1953	10	25	NL	BE	1	0	F		13	1573	1752	0	−2	45	18
1954	04	04	BE	NL	4	0	F		6	1754	1567	0	−2	16	50
1954	05	19	SE	NL	6	1	F		5	1811	1562	0	0	13	51
1954	05	30	CH	NL	3	1	F		7	1672	1555	+1	−1	27	53
1954	10	24	BE	NL	4	3	F		3	1777	1552	0	−1	15	54
1955	03	13	NL	DK	1	1	F		0	1552	1651	0	0	53	31
1955	04	03	NL	BE	1	0	F		13	1565	1763	+4	−1	49	16
1955	05	01	IE	NL	1	0	F		5	1650	1560	+2	−1	32	50
1955	05	19	NL	CH	4	1	F		20	1580	1689	+4	−2	45	25
1955	10	16	NL	BE	2	2	F		1	1581	1718	0	0	45	23
1955	11	06	NL	NO	3	0	F		15	1596	1619	+2	−2	43	39
1955	11	16	SP	NL	1	2	F		-12	1564	1608	−2	+2	48	41
1956	03	14	WG	NL	1	2	F		-19	1968	1627	−2	+4	6	37
1956	04	08	BE	NL	0	1	F		-15	1693	1642	−2	+1	26	36
1956	05	10	NL	IE	1	4	F		-21	1621	1683	−2	+4	39	26
1956	06	06	NL	SP	3	2	F		6	1627	1557	0	−3	40	52
1956	09	15	CH	NL	2	3	F		-14	1641	1641	−3	+4	36	36
1956	10	14	BE	NL	2	3	F		-15	1695	1656	−2	+3	25	35
1956	11	04	DK	NL	2	2	F		-2	1625	1658	0	+1	42	34
1957	01	30	ES	NL	5	1	F		7	1819	1651	0	−1	14	36
1957	03	20	NL	LU	4	1	WQ		5	1656	1281	0	0	36	109
1957	04	03	NL	WG	1	2	F		-6	1650	1912	0	0	36	6
1957	04	28	NL	BE	1	1	F		-3	1647	1662	−1	+1	36	33
1957	05	26	AT	NL	3	2	WQ		5	1901	1642	+1	−1	6	38
1957	09	11	NL	LU	5	2	WQ		5	1647	1276	0	−1	39	109
1957	09	25	NL	AT	1	1	WQ		8	1655	1896	+3	0	36	7
1957	11	17	NL	BE	5	2	F		14	1669	1677	+4	−2	33	31
1958	04	02	NL	BG	1	2	F		-12	1657	1693	−3	+1	37	29
1958	04	13	BE	NL	2	7	F		-26	1645	1683	−6	+6	38	31
1958	04	23	NL	CW	8	1	F		8	1691	1503	+1	−1	30	63
1958	05	04	NL	TR	1	2	F		-12	1679	1722	−1	+3	31	24
1958	05	28	NO	NL	0	0	F		-1	1603	1680	0	0	46	32
1958	09	17	NL	SP	3	3	F		-6	1674	1563	0	−	33	−
1958	09	28	BE	NL	2	3	F		-13	1650	1687	−3	+1	39	32
1958	10	15	NL	DK	5	1	F		9	1696	1578	+1	−2	32	50
1958	11	02	NL	CH	2	0	F		7	1703	1597	+2	0	29	46
1958	11	12	NL	ZA	9	3	F		20	1723	1764	+4	−3	25	19
1959	04	19	NL	BE	2	2	F		-4	1719	1659	−1	0	28	39
1959	05	10	TR	NL	0	0	F		-3	1717	1722	−2	+2	29	27
1959	05	13	BG	NL	3	2	F		8	1704	1714	0	−4	33	31
1959	05	27	NL	SQ	1	2	F		-10	1704	1821	−1	0	32	13
1959	09	23	NL	SP	4	1	F		7	1711	1556	+1	−	31	−
1959	10	04	NL	BE	9	1	F		13	1724	1629	+4	−1	27	41
1959	10	21	WG	NL	7	0	F		9	1872	1715	0	−3	10	30
1959	11	04	NL	NO	7	1	F		6	1721	1507	+3	−2	28	63
1960	04	03	NL	BG	4	2	F		10	1731	1693	+1	−2	26	33
1960	04	24	BE	NL	2	1	F		9	1660	1722	+1	−1	37	26
1960	05	18	CH	NL	3	1	F		17	1590	1705	+3	−5	45	31
1960	06	26	MX	NL	3	1	F		7	1820	1698	0	−2	13	32
1960	06	29	AN	NL	0	0	F		3	1507	1695	+3	−1	63	33
1960	07	03	UM	NL	3	4	F		-7	1480	1702	−3	+3	74	30
1960	09	21	NL	SP	3	1	F		6	1708	1550	+3	−	28	−
1960	10	02	BE	NL	1	4	F		-20	1629	1728	−2	+2	41	26
1960	10	30	CS	NL	4	0	F		6	1923	1722	+1	0	8	25
1961	02	22	NL	RO	4	0	F		10	1732	1636	+1	−2	24	40
1961	03	22	NL	BE	6	2	F		8	1740	1596	0	−2	25	47
1961	04	19	NL	MX	1	2	F		-10	1730	1834	−1	0	26	14
1961	04	30	NL	HU	0	3	WQ		-21	1709	2001	−1	+1	26	3
1961	05	14	DD	NL	1	1	WQ		5	1527	1704	+1	−4	62	28
1961	09	20	NL	SP	5	0	F		8	1712	1542	+3	−	25	−
1961	10	22	HU	NL	3	3	WQ		-16	1983	1728	−1	+1	3	22
1961	11	12	NL	BE	0	4	F		-30	1698	1628	−6	+5	28	40
1962	04	01	BE	NL	3	1	F		13	1664	1685	+3	−2	37	29
1962	05	09	NL	EI	4	0	F		9	1694	1588	+1	−2	29	48
1962	05	16	NO	NL	2	1	F		14	1469	1680	+2	−2	76	31
1962	09	05	NL	AN	8	0	F		10	1690	1543	+2	−3	27	57
1962	09	26	DK	NL	4	1	F		12	1705	1678	+1	−3	26	31
1962	10	14	BE	NL	2	0	F		12	1669	1666	+4	−2	31	33
1962	11	11	NL	CH	3	1	EQ		19	1685	1617	+2	−5	28	43
1963	03	03	NL	BE	0	1	F		-13	1672	1682	−3	+2	32	30
1963	03	31	CH	NL	1	1	EQ		-2	1606	1674	−1	0	46	32
1963	04	17	NL	FR	1	0	F		11	1685	1805	+1	−3	31	18
1963	05	02	NL	BR	1	0	F		14	1699	1936	+5	−3	28	6
1963	09	11	NL	LU	1	1	EQ		-18	1681	1332	−4	+2	32	106
1963	10	20	NL	BE	1	1	F		-2	1679	1700	0	0	33	30
1963	10	30	NL	LU	1	2	EQ		-37	1642	1369	−5	+3	38	103
1964	03	22	BE	NL	0	0	F		-5	1726	1647	0	+1	27	37
1964	04	12	NL	AT	1	1	F		2	1649	1800	+1	0	36	17
1964	04	29	NL	SE	0	1	F		-6	1643	1910	−2	+1	39	9
1964	05	24	NL	AL	2	0	WQ		15	1658	1544	+3	−3	37	58
1964	09	30	BE	NL	1	0	F		6	1701	1652	0	0	29	36
1964	10	25	AL	NL	0	2	WQ		-29	1515	1681	−10	+7	69	31
1964	12	09	NL	EN	1	1	F		4	1685	1923	+1	−2	32	7
1965	01	26	IL	NL	0	1	F		-11	1593	1696	−2	+1	46	30
1965	03	17	EI	NL	2	1	WQ		17	1672	1679	+2	−2	35	32
1965	04	07	NL	EI	0	0	WQ		-8	1671	1631	−1	+2	33	40
1965	09	29	NL	LU	3	0	F		3	1674	1330	0	−1	35	113
1965	10	17	NL	CH	0	0	WQ		-9	1665	1621	−1	+3	37	42
1965	11	14	CH	NL	2	1	WQ		17	1638	1648	+5	−1	39	37
1966	03	23	NL	WG	2	4	F		-8	1640	1918	0	0	38	7
1966	04	17	NL	BE	3	1	F		16	1656	1746	0	−1	38	27
1966	05	11	SQ	NL	0	3	F		-29	1812	1685	−1	+2	15	34
1966	09	07	NL	HU	2	2	EQ		9	1694	1946	0	0	34	6
1966	09	18	AT	NL	2	1	F		5	1774	1689	0	−1	19	34
1966	11	06	NL	CS	1	2	F		-7	1682	1903	0	0	33	9
1966	11	30	NL	DK	2	0	EQ		13	1695	1549	+4	−4	31	54
1967	04	05	DD	NL	4	3	EQ		8	1836	1687	0	−2	13	33
1967	04	16	BE	NL	1	0	F		5	1781	1682	0	0	20	33
1967	05	10	HU	NL	2	1	EQ		4	1976	1678	0	0	5	33
1967	09	13	NL	DD	1	0	EQ		23	1701	1814	+3	−1	31	15
1967	10	04	DK	NL	3	2	EQ		20	1625	1681	+4	−2	42	33
1967	11	01	NL	YU	1	2	F		-9	1672	1825	0	0	34	15
1967	11	29	NL	SU	3	1	F		23	1695	1955	+5	−2	32	5
1968	04	07	NL	BE	1	2	F		-12	1683	1731	−2	+1	34	26
1968	05	01	PL	NL	0	0	F		-3	1699	1686	−2	0	32	34
1968	05	30	NL	SQ	0	0	F		2	1688	1856	0	−1	33	13
1968	06	05	RO	NL	0	0	F		-5	1769	1693	−1	+1	19	33
1968	09	04	NL	LU	2	0	WQ		4	1697	1316	+1	0	32	112
1968	10	27	BG	NL	2	0	WQ		10	1887	1687	0	0	10	31
1969	03	26	NL	LU	4	0	WQ		5	1692	1308	0	0	30	113
1969	04	16	NL	CS	2	0	F		20	1712	1904	+2	0	28	7
1969	05	07	NL	PL	1	0	WQ		15	1727	1716	+2	−3	27	29
1969	09	07	PL	NL	2	1	WQ		14	1743	1713	+2	−1	25	29
1969	10	22	NL	BG	1	1	WQ		5	1718	1896	+1	0	28	8
1969	11	05	NL	EN	0	1	F		-4	1714	2090	−1	0	31	1
1970	01	14	EN	NL	0	0	F		-9	2083	1723	0	0	1	30
1970	01	28	IL	NL	0	1	F		-12	1667	1735	−2	+3	36	27
1970	10	11	NL	YU	1	1	EQ		0	1735	1839	0	0	27	12
1970	11	11	DD	NL	1	0	EQ		7	1909	1728	0	0	7	28
1970	12	02	NL	RO	2	0	F		14	1742	1795	+4	0	25	17
1971	02	24	NL	LU	6	0	EQ		3	1745	1286	0	−1	26	117
1971	04	04	YU	NL	2	0	EQ		14	1868	1731	+1	−3	8	28
1971	10	10	NL	DD	3	2	EQ		24	1755	1882	+4	−1	23	8
1971	11	17	NL	LU	8	0	EQ		4	1759	1296	0	0	24	114
1971	12	01	NL	SQ	2	1	F		7	1766	1759	+3	−3	21	24
1972	02	16	GR	NL	0	5	F		-17	1597	1783	−8	+1	53	21
1972	05	03	NL	PE	3	0	F		10	1793	1705	+1	−2	18	32
1972	08	30	CS	NL	1	2	F		-15	1854	1808	−2	+1	13	17
1972	11	01	NL	NO	9	0	WQ		7	1815	1449	+2	−3	19	75
1972	11	19	BE	NL	0	0	WQ		-8	1859	1823	0	+1	13	17
1973	03	28	AT	NL	1	0	F		7	1830	1816	+2	−2	16	20
1973	05	02	NL	ES	3	2	F		9	1825	1887	+2	0	17	10
1973	08	22	NL	IS	5	0	WQ		2	1827	1260	0	0	17	126
1973	08	29	NL	IS	8	1	WQ		2	1829	1258	0	0	17	126
1973	09	12	NO	NL	1	2	WQ		-8	1488	1837	0	+1	65	16
1973	10	10	NL	PL	1	1	F		1	1838	1975	0	0	15	5
1973	11	18	NL	BE	0	0	WQ		-3	1835	1880	−1	0	16	12
1974	03	27	NL	AT	1	1	F		-4	1831	1806	0	+1	16	18
1974	05	26	NL	AR	4	1	F		17	1848	1895	0	−1	16	9
1974	06	05	NL	RO	0	0	F		-4	1844	1801	0	0	16	20
1974	06	15	NL	UY	2	0	WC	WG	34	1878	1726	+4	−2	13	28
1974	06	19	NL	SE	0	0	WC	WG	0	1878	1883	−1	0	15	13
1974	06	23	NL	BG	4	1	WC	WG	44	1922	1775	+7	−4	8	22
1974	06	26	NL	AR	4	0	WC	WG	52	1974	1846	+4	−6	4	17
1974	06	30	NL	DD	2	0	WC	WG	44	2018	1926	0	−2	4	8
1974	07	03	NL	BR	2	0	WC	WG	59	2077	2068	+2	−2	2	3
1974	07	07	WG	NL	2	1	WC		18	2145	2059	0	0	1	3
1974	09	04	SE	NL	1	5	F		-16	1899	2075	−1	+1	9	2
1974	09	25	FI	NL	1	3	EQ		-2	1420	2077	0	0	89	2
1974	10	09	NL	CH	1	0	F		1	2078	1692	0	0	2	31
1974	11	20	NL	IT	3	1	EQ		13	2091	1947	0	0	2	6
1975	04	30	BE	NL	1	0	F		12	1917	2079	+1	0	7	2
1975	05	17	WG	NL	1	1	F		-3	2098	2082	0	0	1	2
1975	05	31	YU	NL	3	0	F		22	1911	2060	+3	0	8	2
1975	09	03	NL	FI	4	1	EQ		1	2061	1384	0	−1	3	95
1975	09	10	PL	NL	4	1	EQ		26	2076	2035	+2	−1	2	4
1975	10	15	NL	PL	3	0	EQ		30	2065	2050	+1	−1	2	3
1975	11	22	IT	NL	1	0	EQ		22	1951	2043	0	0	7	2
1976	04	25	NL	BE	5	0	EQ		15	2058	1873	0	0	2	13
1976	05	22	BE	NL	1	2	EQ		-15	1858	2073	0	0	13	2
1976	06	16	CS	NL	3	1	EC	YU	53	1978	2020	+4	0	5	3
1976	06	19	YU	NL	2	3	EC		-25	1891	2045	−3	0	12	3
1976	09	08	IS	NL	0	1	WQ		-1	1372	2046	0	0	100	3
1976	10	13	NL	EI	2	2	WQ		-16	2030	1762	0	+1	3	24
1977	02	09	EN	NL	0	2	F		-16	1947	2046	0	0	7	3
1977	03	26	BE	NL	0	2	WQ		-24	1847	2070	−1	+1	14	2
1977	08	31	NL	IS	4	1	WQ		1	2071	1409	0	0	3	91
1977	10	05	NL	SU	0	0	F		-7	2064	1904	0	+1	3	11
1977	10	12	EI	NL	0	1	WQ		-7	1689	2071	0	0	33	3
1977	10	26	NL	BE	1	0	WQ		5	2076	1845	+1	0	2	17
1978	02	22	IL	NL	1	2	F		-4	1706	2080	0	0	32	2
1978	04	05	TN	NL	0	4	F		-5	1659	2085	−2	0	37	2
1978	05	20	AT	NL	0	1	F		-7	1859	2092	0	0	15	2
1978	06	03	NL	IR	3	0	WC	AR	17	2109	1786	0	−2	1	23
1978	06	07	NL	PE	0	0	WC	AR	-20	2089	1842	−1	+2	2	17
1978	06	11	SQ	NL	3	2	WC	AR	47	1917	2042	+3	−2	11	3
1978	06	14	NL	AT	5	1	WC	AR	35	2077	1867	+1	−2	2	14
1978	06	18	NL	WG	2	2	WC	AR	0	2077	2072	0	0	2	3
1978	06	21	NL	IT	2	1	WC	AR	28	2105	2026	0	+1	2	3
1978	06	25	AR	NL	3	1	WC		46	2041	2059	+3	0	3	2
1978	09	20	NL	IS	3	0	EQ		1	2060	1397	0	0	2	93
1978	10	11	CH	NL	1	3	EQ		-7	1607	2067	−1	0	45	2
1978	11	15	NL	DD	3	0	EQ		16	2083	1936	0	0	2	8
1978	12	20	WG	NL	3	1	F		13	2039	2070	0	0	4	2
1979	02	24	IT	NL	3	0	F		16	2012	2054	+1	0	5	2
1979	03	28	NL	CH	3	0	EQ		3	2057	1599	0	−1	2	49
1979	05	02	PL	NL	2	0	EQ		33	1956	2024	+3	−2	7	4
1979	05	22	AR	NL	0	0	FT	CH	-1	2042	2025	0	0	2	5
1979	09	05	IS	NL	0	4	EQ		-3	1368	2028	−1	0	99	4
1979	09	26	NL	BE	1	0	F		3	2031	1809	+1	+1	3	19
1979	10	17	NL	PL	1	1	EQ		-9	2022	1977	−1	+1	4	6
1979	11	21	DD	NL	2	3	EQ		-21	1911	2043	−3	0	11	4
1980	01	23	ES	NL	1	0	F		11	1905	2032	+2	0	12	4
1980	03	26	FR	NL	0	0	F		0	1928	2032	0	0	9	4
1980	06	11	NL	GR	1	0	EC	IT	6	2038	1667	+1	−1	3	37
1980	06	14	WG	NL	3	2	EC	IT	21	2115	2017	0	−1	1	4
1980	06	17	CS	NL	1	1	EC	IT	7	1921	2010	+3	0	10	3
1980	09	10	IE	NL	2	1	WQ		30	1754	1980	+2	−1	25	5
1980	10	11	NL	WG	1	1	F		1	1981	2109	0	0	6	1
1980	11	19	BE	NL	1	0	WQ		17	1951	1964	+2	0	8	6
1980	12	30	UY	NL	2	0	MND		44	1733	1920	+4	−6	26	12
1981	01	06	IT	NL	1	1	MND	UY	-3	1969	1923	0	0	5	12
1981	02	22	NL	CY	3	0	WQ		1	1924	1260	0	−1	11	120
1981	03	25	NL	FR	1	0	WQ		14	1938	1905	+1	0	10	12
1981	04	29	CY	NL	0	1	WQ		-1	1256	1939	0	0	121	10
1981	09	01	CH	NL	2	1	F		15	1644	1924	+2	−2	41	9
1981	09	09	NL	IE	2	2	WQ		-13	1911	1756	−2	+2	11	25
1981	10	14	NL	BE	3	0	WQ		30	1941	1931	+3	−2	6	7
1981	11	18	FR	NL	2	0	WQ		28	1896	1913	+2	−1	13	7
1982	03	23	SQ	NL	2	1	F		9	1846	1904	0	−2	17	11
1982	04	14	NL	GR	1	0	F		2	1906	1641	+1	0	12	38
1982	05	25	EN	NL	2	0	F		10	1947	1896	0	0	6	11
1982	09	01	IS	NL	1	1	EQ		14	1512	1882	+2	−2	67	12
1982	09	22	NL	IE	2	1	EQ		8	1890	1728	+1	−2	11	28
1982	11	10	NL	FR	1	2	F		-12	1878	1922	−2	0	13	8
1982	12	19	NL	MT	6	0	EQ	WG	5	1883	1403	0	0	12	88
1983	02	16	ES	NL	1	0	EQ		17	1855	1866	+1	0	15	12
1983	04	27	NL	SE	0	3	F		-29	1837	1730	−4	+5	16	28
1983	09	07	NL	IS	3	0	EQ		5	1842	1488	+1	−2	16	74
1983	09	21	BE	NL	1	1	F		-5	1934	1847	0	+1	6	15
1983	10	12	IE	NL	2	3	EQ		-20	1731	1867	−3	+3	31	12
1983	11	16	NL	ES	2	1	EQ		15	1882	1869	+3	−2	9	11
1983	12	17	NL	MT	5	0	EQ		2	1884	1365	0	0	9	94
1984	03	14	NL	DK	6	0	F		12	1896	1815	+1	−1	7	22
1984	10	17	NL	HU	1	2	WQ		-31	1865	1823	−4	+2	14	18
1984	11	14	AT	NL	1	0	WQ		19	1798	1846	+2	−4	22	17
1984	12	23	CY	NL	0	1	WQ		-3	1294	1849	0	+1	114	15
1985	02	27	NL	CY	7	1	WQ		2	1851	1292	0	−1	13	115
1985	05	01	NL	AT	1	1	WQ		-10	1841	1763	−1	+1	13	28
1985	05	14	HU	NL	0	1	WQ		-28	1855	1869	−2	+3	11	10
1985	09	04	NL	BG	1	0	F		6	1875	1836	+1	0	9	16
1985	10	16	BE	NL	1	0	WQ		16	1857	1859	0	−6	16	15
1985	11	20	NL	BE	2	1	WQ		14	1873	1843	+4	−1	11	17
1986	03	12	DD	NL	0	1	F		-14	1903	1887	0	+2	7	9
1986	04	29	NL	SQ	0	0	F		-3	1884	1874	0	+1	9	11
1986	05	14	WG	NL	3	1	F		9	1940	1875	+1	−1	3	10
1986	09	10	CS	NL	1	0	F		8	1857	1867	0	−2	13	11
1986	10	15	HU	NL	0	1	EQ		-23	1803	1890	−2	+3	19	9
1986	11	19	NL	PL	0	0	EQ		-11	1879	1782	−1	+3	10	22
1986	12	21	CY	NL	0	2	EQ		-3	1281	1882	−1	+1	114	10
1987	01	21	ES	NL	1	1	F		-5	1990	1887	−1	+1	4	9
1987	03	25	NL	GR	1	1	EQ		-15	1872	1682	−2	0	12	36
1987	04	29	NL	HU	2	0	EQ		15	1887	1767	0	−1	11	23
1987	09	09	NL	BE	0	0	F		-4	1883	1824	0	0	11	18
1987	10	14	PL	NL	0	2	EQ		-30	1751	1913	−6	+4	28	7
1987	10	28	NL	CY	8	0	EQ		1	1914	1281	0	0	6	117
1987	12	09	NL	CY	4	0	EQ		1	1915	1275	0	0	7	118
1987	12	16	GR	NL	0	3	EQ		-22	1663	1937	−3	+1	37	6
1988	03	23	EN	NL	2	2	F		-5	2002	1942	0	+1	1	6
1988	05	24	NL	BG	1	2	F		-16	1926	1801	0	+1	7	21
1988	06	01	NL	RO	2	0	F		8	1934	1846	0	0	7	13
1988	06	12	SU	NL	1	0	EC	WG	22	1998	1912	+1	−1	1	8
1988	06	15	NL	EN	3	1	EC	WG	43	1955	1919	+1	−2	6	7
1988	06	18	NL	IE	1	0	EC	WG	19	1974	1858	+2	−1	4	12
1988	06	21	WG	NL	1	2	EC		-33	1964	2007	−3	+2	5	2
1988	06	25	NL	SU	2	0	EC	WG	43	2050	2011	+1	−1	1	2
1988	09	14	NL	WA	1	0	WQ		5	2055	1795	0	−2	1	23
1988	10	19	WG	NL	0	0	WQ		-2	1983	2057	−1	0	4	1
1988	11	16	IT	NL	1	0	F		10	1971	2047	0	0	5	1
1989	01	04	IL	NL	0	2	F		-4	1606	2051	0	0	45	1
1989	03	22	NL	SU	2	0	F		9	2060	1991	0	−1	1	3
1989	04	26	NL	WG	1	1	WQ		-9	2051	1999	0	+1	1	3
1989	05	31	FI	NL	0	1	WQ		-4	1586	2055	−2	0	51	1
1989	09	06	NL	DK	2	2	F		-6	2049	1910	0	0	1	9
1989	10	11	WA	NL	1	2	WQ		-10	1739	2059	−2	0	29	1
1989	11	15	NL	FI	3	0	WQ		3	2062	1607	0	0	1	46
1989	12	20	NL	BR	0	1	F		-14	2048	2008	0	+1	1	2
1990	02	21	NL	IT	0	0	F		-5	2043	1968	0	0	1	4
1990	03	28	SU	NL	2	1	F		10	1967	2033	0	0	5	1
1990	05	30	AT	NL	3	2	F		15	1765	2018	+3	0	23	1
1990	06	03	YU	NL	0	2	F		-15	1893	2033	−1	0	11	1
1990	06	12	EG	NL	1	1	WC	IT	25	1652	2008	+5	−2	40	3
1990	06	16	EN	NL	0	0	WC	IT	6	1946	2002	0	0	5	3
1990	06	21	IE	NL	1	1	WC	IT	10	1888	1992	+2	−1	11	4
1990	06	24	WG	NL	2	1	WC	IT	28	2046	1964	+1	−1	1	5
1990	09	26	IT	NL	1	0	F		5	2038	1959	0	0	2	5
1990	10	17	PT	NL	1	0	EQ		25	1804	1934	−1	−2	20	7
1990	11	21	NL	GR	2	0	EQ		8	1942	1704	0	0	6	33
1990	12	19	MT	NL	0	8	EQ		-6	1367	1948	−2	0	99	6
1991	03	13	NL	MT	1	0	EQ		1	1949	1357	0	0	7	101
1991	04	17	NL	FI	2	0	EQ		5	1954	1621	+2	−1	5	44
1991	06	05	FI	NL	1	1	EQ		11	1638	1943	+1	−2	42	7
1991	09	11	NL	PL	1	1	F		-6	1937	1791	−1	0	8	22
1991	10	16	NL	PT	1	0	EQ		8	1945	1785	+2	−2	6	23
1991	12	04	GR	NL	0	2	EQ		-17	1673	1962	−2	+1	37	6
1992	02	12	PT	NL	2	0	F		18	1811	1944	+3	−1	18	7
1992	03	25	NL	YU	2	0	F		11	1955	1932	0	0	7	8
1992	05	27	NL	AT	3	2	F		1	1956	1602	+1	−1	6	50
1992	05	30	NL	WA	4	0	F		6	1962	1776	0	0	6	23
1992	06	05	FR	NL	1	1	F		-3	1973	1965	0	0	5	6
1992	06	12	NL	SQ	1	0	EC	SE	13	1978	1763	+1	−4	5	27
1992	06	15	DS	NL	0	0	EC	SE	3	1935	1975	0	0	8	5
1992	06	18	NL	DE	3	1	EC	SE	47	2022	2022	+3	0	1	1
1992	06	22	DK	NL	2	2	EC	SE	9	1901	2013	0	0	9	2
1992	09	09	NL	IT	2	3	F		-14	1999	1996	−2	0	3	5
1992	09	23	NO	NL	2	1	WQ		29	1757	1970	+1	−2	28	5
1992	10	14	NL	PL	2	2	WQ		-14	1956	1798	0	+2	5	21
1992	12	16	TR	NL	1	3	WQ		-10	1574	1966	0	0	59	5
1993	02	24	NL	TR	3	1	WQ		3	1969	1571	0	0	5	60
1993	03	24	NL	SM	6	0	WQ		0	1969	1015	0	0	5	185
1993	04	28	EN	NL	2	2	WQ		-5	1950	1974	0	0	6	5
1993	06	09	NL	NO	0	0	WQ		-13	1961	1829	0	+1	5	19
1993	09	22	NL	SM	7	0	WQ	IT	0	1961	1014	0	0	3	186
1993	10	13	NL	EN	2	0	WQ		16	1977	1876	0	−3	3	14
1993	11	17	PL	NL	1	3	WQ		-16	1692	1993	−3	0	33	3
1994	01	19	TN	NL	2	2	F		6	1641	1987	0	0	47	3
1994	03	23	SQ	NL	0	1	F		-7	1758	1994	−1	0	26	2
1994	04	20	NL	IE	0	1	F		-16	1978	1856	0	+2	2	17
1994	05	27	NL	SQ	3	1	F		4	1982	1764	0	0	2	26
1994	06	01	NL	HU	7	1	F		3	1985	1621	0	−2	2	52
1994	06	12	CA	NL	0	3	F		-5	1586	1990	−2	+1	60	2
1994	06	20	NL	SA	2	1	WC	US	7	1997	1629	0	−1	2	49
1994	06	25	BE	NL	1	0	WC	US	43	1883	1954	+6	−2	13	5
1994	06	29	NL	MA	2	1	WC	US	8	1962	1609	+2	−4	3	56
1994	07	04	NL	IE	2	0	WC	US	33	1995	1833	0	−6	3	20
1994	07	09	BR	NL	3	2	WC	US	28	2044	1967	+1	−1	1	4
1994	09	07	LU	NL	0	4	EQ		-1	1167	1968	0	0	161	5
1994	10	12	NO	NL	1	1	EQ		0	1860	1968	+1	+1	15	4
1994	11	16	NL	CZ	0	0	EQ		-11	1957	1865	−1	0	5	18
1994	12	14	NL	LU	5	0	EQ		0	1957	1160	0	0	5	162
1995	01	18	NL	FR	0	1	F		-14	1943	1922	−2	+2	7	8
1995	02	22	NL	PT	0	1	F		-15	1928	1874	0	+3	7	17
1995	03	29	NL	MT	4	0	EQ		2	1930	1360	+1	−1	6	117
1995	04	26	CZ	NL	3	1	EQ		27	1897	1903	+5	−4	12	10
1995	06	07	BY	NL	1	0	EQ		36	1440	1867	+7	−7	95	17
1995	09	06	NL	BY	1	0	EQ		2	1869	1442	0	0	14	94
1995	10	11	MT	NL	0	4	EQ		-6	1346	1875	0	+3	119	11
1995	11	15	NL	NO	3	0	EQ		23	1898	1825	+2	−5	8	21
1995	12	13	NL	IE	2	0	EQ	EN	18	1916	1739	0	0	8	28
1996	04	24	NL	DE	0	1	F		-9	1907	2056	−1	0	10	2
1996	05	29	NL	CN	2	0	F		3	1910	1610	+1	−1	9	50
1996	06	04	NL	IE	3	1	F		5	1915	1711	0	−1	9	33
1996	06	10	NL	SQ	0	0	EC	EN	-10	1905	1777	0	+1	9	25
1996	06	13	NL	CH	2	0	EC	EN	28	1933	1787	+3	−3	7	24
1996	06	18	EN	NL	4	1	EC		36	1928	1897	+4	−4	7	11
1996	06	22	FR	NL	0	0	EC	EN	-9	2022	1906	0	0	3	12
1996	08	31	NL	BR	2	2	F		2	1908	2064	+1	0	10	2
1996	10	05	WA	NL	1	3	WQ		-15	1603	1923	−4	+1	53	9
1996	11	09	NL	WA	7	1	WQ		7	1930	1596	0	−2	9	56
1996	12	14	BE	NL	0	3	WQ		-31	1756	1961	−2	+2	26	7
1997	02	26	FR	NL	2	1	F		6	2035	1955	0	0	3	7
1997	03	29	NL	SM	4	0	WQ		0	1955	957	0	0	7	195
1997	04	02	TR	NL	1	0	WQ		29	1719	1926	+5	−2	30	9
1997	04	30	SM	NL	0	6	WQ		-1	956	1927	0	0	195	9
1997	06	04	ZA	NL	0	2	NMC		-15	1697	1942	−4	0	35	9
1997	09	06	NL	BE	3	1	WQ		11	1953	1779	0	−1	8	22
1997	10	11	NL	TR	0	0	WQ		-15	1938	1714	−1	+2	8	36
1998	02	21	US	NL	0	2	F		-12	1752	1950	−4	0	31	8
1998	02	24	NL	MX	3	2	F	US	7	1957	1854	0	−1	8	16
1998	05	27	NL	CM	0	0	F		-9	1948	1568	0	+2	8	60
1998	06	01	NL	PY	5	1	F		6	1954	1752	0	−2	8	29
1998	06	05	NL	NG	5	1	F		5	1959	1703	0	0	8	36
1998	06	13	BE	NL	0	0	WC	FR	11	1833	1948	0	−1	19	8
1998	06	20	NL	KR	5	0	WC	FR	25	1973	1692	+2	−4	6	39
1998	06	25	MX	NL	2	2	WC	FR	8	1884	1965	+1	0	14	7
1998	06	29	NL	YU	2	1	WC	FR	33	1998	1962	+3	−2	5	8
1998	07	04	NL	AR	2	1	WC	FR	27	2025	1932	+3	−1	2	10
1998	07	07	BR	NL	1	1	WC	FR	-6	2090	2031	0	0	1	2
1998	07	11	HR	NL	2	1	WC	FR	35	2008	1996	+2	−4	5	7
1998	10	10	NL	PE	2	0	F		3	1999	1720	+1	−1	4	31
1998	10	13	NL	GH	0	0	F		-9	1990	1534	0	+1	4	67
1998	11	18	DE	NL	1	1	F		-3	1976	1993	−1	0	6	4
1999	02	10	NL	PT	0	0	F	FR	-2	1991	1908	0	0	4	12
1999	03	31	NL	AR	1	1	F		-4	1987	1946	−1	+2	5	7
1999	04	28	NL	MA	1	2	F		-17	1970	1768	0	+5	5	21
1999	06	05	BR	NL	2	2	F		-5	2035	1975	0	0	2	5
1999	06	08	BR	NL	3	1	F		9	2044	1966	+1	0	1	5
1999	08	18	DK	NL	0	0	F		1	1829	1965	0	0	17	5
1999	09	04	NL	BE	5	5	F		-7	1958	1756	0	+2	5	25
1999	10	09	NL	BR	2	2	F		1	1959	2094	+1	0	4	1
1999	11	13	NL	CZ	1	1	F		-3	1956	1943	0	+1	4	5
2000	02	23	NL	DE	2	1	F		5	1961	1880	+1	0	4	14
2000	03	29	BE	NL	2	2	F		2	1794	1959	+1	0	20	4
2000	04	26	NL	SQ	0	0	F		-7	1952	1728	−2	0	6	33
2000	05	27	NL	RO	2	1	F		5	1957	1852	+2	0	4	15
2000	06	04	NL	PL	3	1	F	CH	6	1963	1724	0	−5	4	37
2000	06	11	NL	CZ	1	0	EC		17	1980	1927	0	−2	4	8
2000	06	16	NL	DK	3	0	EC		15	1995	1791	+1	−1	3	21
2000	06	21	NL	FR	3	2	EC		25	2020	2072	+1	−1	3	2
2000	06	25	NL	YU	6	1	EC		25	2045	1904	+1	−1	3	10
2000	06	29	NL	IT	0	0	EC		-9	2036	2030	0	0	3	4
2000	09	02	NL	IE	2	2	WQ		-16	2020	1789	0	+3	2	21
2000	10	07	CY	NL	0	4	WQ		-8	1546	2028	−1	0	65	2
2000	10	11	NL	PT	0	2	WQ		-42	1986	2017	−3	+3	5	3
2000	11	15	ES	NL	1	2	F		-12	1962	1998	−1	0	7	5
2001	02	28	NL	TR	0	0	F		-8	1990	1762	0	+1	6	29
2001	03	24	NL	AD	5	0	WQ	ES	0	1990	1052	0	0	6	183
2001	03	28	PT	NL	2	2	WQ		-7	2011	1997	0	+1	4	5
2001	04	25	NL	CY	4	0	WQ		2	1999	1508	0	−1	5	73
2001	06	02	EE	NL	2	4	WQ		-3	1392	2002	+1	+1	109	4
2001	08	15	EN	NL	0	2	F		-16	1900	2018	−1	0	8	4
2001	09	01	IE	NL	1	0	WQ		24	1867	1994	+1	−1	13	5
2001	09	05	NL	EE	5	0	WQ		1	1995	1348	0	0	5	119
2001	10	06	NL	AD	4	0	WQ		0	1995	1051	0	0	5	183
2001	11	10	DK	NL	1	1	F		1	1848	1994	+1	0	13	5
2002	02	13	NL	EN	1	1	F		-4	1990	1936	0	0	5	7
2002	03	27	NL	ES	1	0	F		7	1997	1958	+1	0	4	6
2002	05	19	US	NL	0	2	F		-12	1808	2009	−2	+1	22	3
2002	08	21	NO	NL	0	1	F		-6	1754	2015	−2	0	31	2
2002	09	07	NL	BY	3	0	EQ		3	2018	1589	0	0	2	58
2002	10	16	AT	NL	0	3	EQ		-16	1691	2034	−2	0	40	2
2002	11	20	DE	NL	1	3	F		-16	1935	2050	−1	0	7	2
2003	02	12	NL	AR	1	0	F		6	2056	2013	+1	0	1	3
2003	03	29	NL	CZ	1	1	EQ		-13	2043	1902	0	0	1	10
2003	04	02	MD	NL	1	2	EQ		-1	1361	2044	0	0	121	1
2003	04	30	NL	PT	1	1	F		-5	2039	1938	0	0	1	7
2003	06	07	BY	NL	0	2	EQ		-6	1560	2045	+1	0	64	1
2003	08	20	BE	NL	1	1	F		4	1782	2041	0	0	22	1
2003	09	06	NL	AT	3	1	EQ		4	2045	1686	0	−2	1	43
2003	09	10	CZ	NL	3	1	EQ		31	1966	2014	+1	−2	7	3
2003	10	11	NL	MD	5	0	EQ		1	2015	1411	0	0	3	105
2003	11	15	SQ	NL	1	0	EQ		33	1686	1982	+9	−2	39	5
2003	11	19	NL	SQ	6	0	EQ		8	1990	1678	+1	−1	4	40
2004	02	18	NL	US	1	0	F		4	1994	1828	0	0	4	16
2004	03	31	NL	FR	0	0	F		-1	1993	2060	0	0	4	1
2004	04	28	NL	GR	4	0	F		6	1999	1804	0	0	4	19
2004	05	29	NL	BE	0	1	F		-17	1982	1789	−1	+3	5	24
2004	06	01	NL	FO	3	0	F	CH	0	1982	1238	0	0	5	147
2004	06	05	NL	IE	0	1	F		-16	1966	1844	0	+2	5	14
2004	06	15	DE	NL	1	1	EC	PT	7	1874	1959	0	−1	10	6
2004	06	19	CZ	NL	3	2	EC	PT	25	1986	1934	0	−1	5	7
2004	06	23	NL	LV	3	0	EC	PT	8	1942	1531	0	−2	8	74
2004	06	26	NL	SE	0	0	EC	PT	-6	1936	1860	0	+1	8	12
2004	06	30	PT	NL	2	1	EC		20	1924	1916	+1	−1	8	9
2004	08	18	SE	NL	2	2	F		-1	1859	1917	+2	0	12	9
2004	09	03	NL	LI	3	0	F		0	1917	1052	0	0	9	183
2004	09	08	NL	CZ	2	0	WQ		28	1945	1963	+1	−2	7	6
2004	10	09	MK	NL	2	2	WQ		14	1543	1931	+5	0	70	7
2004	10	13	NL	FI	3	1	WQ		7	1938	1682	0	−4	7	40
2004	11	17	NL	AD	3	0	WQ	ES	1	1939	1093	0	0	7	175
2005	02	09	EN	NL	0	0	F		-4	1973	1943	0	0	4	7
2005	03	26	RO	NL	0	2	WQ		-28	1792	1971	−6	+2	25	5
2005	03	30	NL	AM	2	0	WQ		1	1972	1418	0	0	5	99
2005	06	04	NL	RO	2	0	WQ		10	1982	1791	+1	−4	4	26
2005	06	08	FI	NL	0	4	WQ		-21	1692	2003	−2	+3	40	2
2005	08	17	NL	DE	2	2	F		-5	1998	1911	0	−1	2	9
2005	09	03	AM	NL	0	1	WQ		-2	1395	2000	−1	0	104	2
2005	09	07	NL	AD	4	0	WQ		0	2000	1123	0	−1	2	170
2005	10	08	CZ	NL	0	2	WQ		-34	1918	2034	−4	0	8	2
2005	10	12	NL	MK	0	0	WQ		-19	2015	1479	−1	+4	2	87
2005	11	12	NL	IT	1	3	F		-23	1992	1945	0	+1	2	7
2006	03	01	NL	EC	1	0	F		2	1994	1720	0	0	2	40
2006	05	27	NL	CM	1	0	F		3	1997	1780	0	−1	2	27
2006	06	01	NL	MX	2	1	F		4	2001	1839	0	−2	2	17
2006	06	04	NL	AU	1	1	F		-7	1994	1797	0	0	2	25
2006	06	11	NL	RM	1	0	WC	DE	15	2009	1785	0	−4	2	26
2006	06	16	NL	CI	2	1	WC	DE	11	2020	1738	0	−3	2	36
2006	06	21	AR	NL	0	0	WC	DE	4	1980	2016	0	0	5	2
2006	06	25	PT	NL	1	0	WC	DE	34	2007	1982	+4	−5	3	7
2006	08	16	IE	NL	0	4	F		-16	1807	1998	−3	0	19	6
2006	09	02	LU	NL	0	1	EQ		0	979	1998	0	0	190	6
2006	09	06	NL	BY	3	0	EQ		3	2001	1556	0	−1	5	70
2006	10	07	BG	NL	1	1	EQ		9	1747	1992	0	+1	34	4
2006	10	11	NL	AL	2	1	EQ		1	1993	1509	0	+1	4	81
2006	11	15	NL	EN	1	1	F		-4	1989	1960	0	0	4	7
2007	02	07	NL	RU	4	1	F		5	1994	1772	−1	0	5	26
2007	03	24	NL	RO	0	0	EQ		-11	1983	1880	−1	+1	6	12
2007	03	28	SI	NL	0	1	EQ		-6	1562	1989	−3	+1	70	5
2007	06	02	KR	NL	0	2	F		-7	1673	1996	−2	0	45	4
2007	06	06	TH	NL	1	3	F		-1	1353	1997	0	0	116	4
2007	08	22	CH	NL	2	1	F		12	1843	1985	+1	−1	15	6
2007	09	08	NL	BG	2	0	EQ		8	1993	1749	0	−1	6	32
2007	09	12	AL	NL	0	1	EQ		-4	1519	1997	0	0	77	6
2007	10	13	RO	NL	1	0	EQ		19	1927	1978	0	0	9	6
2007	10	17	NL	SI	2	0	EQ		3	1981	1561	+1	−2	5	69
2007	11	17	NL	LU	1	0	EQ		0	1981	1038	0	0	5	185
2007	11	21	BY	NL	2	1	EQ		35	1566	1946	+11	−1	67	6
2008	02	06	HR	NL	0	3	F		-20	1874	1966	−1	0	12	6
2008	03	26	AT	NL	3	4	F		-3	1588	1969	−1	0	60	6
2008	05	24	NL	UA	3	0	F		5	1974	1734	0	−3	6	36
2008	05	29	NL	DK	1	1	F		-6	1968	1833	0	+1	6	15
2008	06	01	NL	WA	2	0	F		3	1971	1654	0	−1	6	47
2008	06	09	NL	IT	3	0	EC	CH	51	2022	1981	+4	−3	3	6
2008	06	13	NL	FR	4	1	EC	CH	41	2063	1958	+2	−1	1	6
2008	06	17	NL	RO	2	0	EC	CH	23	2086	1897	0	0	1	10
2008	06	21	RU	NL	3	1	EC	CH	60	1902	2026	+5	−1	10	2
2008	08	20	RU	NL	1	1	F		1	1875	2025	0	0	12	2
2008	09	06	NL	AU	1	2	F		-18	2007	1714	−2	+2	4	39
2008	09	10	MK	NL	1	2	WQ		-6	1589	2013	0	+1	59	3
2008	10	11	NL	IS	2	0	WQ		1	2014	1419	+1	0	2	103
2008	10	15	NO	NL	0	1	WQ		-10	1713	2024	+1	+1	39	2
2008	11	19	NL	SE	3	1	F		3	2027	1758	0	0	2	30
2009	02	11	TN	NL	1	1	F		7	1622	2020	+2	0	54	3
2009	03	28	NL	SQ	3	0	WQ		6	2026	1714	0	0	3	39
2009	04	01	NL	MK	4	0	WQ		3	2029	1554	0	−1	2	71
2009	06	06	IS	NL	1	2	WQ		-2	1431	2031	0	−1	101	3
2009	06	10	NL	NO	2	0	WQ		5	2036	1705	0	−3	3	45
2009	08	12	NL	EN	2	2	F		-4	2032	1996	0	0	3	4
2009	09	05	NL	JP	3	0	F		4	2036	1765	0	−1	3	28
2009	09	09	SQ	NL	0	1	WQ		-8	1695	2044	0	0	43	3
2009	10	10	AU	NL	0	0	F		5	1763	2039	+4	0	26	3
2009	11	14	IT	NL	0	0	F		0	1953	2039	0	0	6	3
2009	11	18	NL	PY	0	0	F		-8	2031	1760	0	+5	3	28
2010	03	03	NL	US	2	1	F		2	2033	1781	0	−1	3	21
2010	05	26	NL	MX	2	1	F	DE	6	2039	1884	0	0	3	9
2010	06	01	NL	GH	4	1	F		2	2041	1680	0	0	3	43
2010	06	05	NL	HU	6	1	F		2	2043	1606	0	0	3	56
2010	06	14	NL	DK	2	0	WC	ZA	16	2059	1762	0	−2	3	24
2010	06	19	NL	JP	1	0	WC	ZA	7	2066	1702	0	0	2	39
2010	06	24	NL	CM	2	1	WC	ZA	5	2071	1636	+1	−2	2	51
2010	06	28	NL	SK	2	1	WC	ZA	6	2077	1672	0	−2	3	46
2010	07	02	NL	BR	2	1	WC	ZA	34	2111	2095	+2	−2	1	3
2010	07	06	NL	UY	3	2	WC	ZA	15	2126	1902	0	−1	1	7
2010	07	11	ES	NL	1	0	WC	ZA	29	2164	2097	0	0	1	2
2010	08	11	UA	NL	1	1	F		5	1812	2092	0	0	15	3
2010	09	03	SM	NL	0	5	EQ		0	913	2092	0	0	197	3
2010	09	07	NL	FI	2	1	EQ		1	2093	1618	0	0	3	54
2010	10	08	MD	NL	0	1	EQ		-2	1465	2095	−1	0	95	3
2010	10	12	NL	SE	4	1	EQ		7	2102	1807	0	0	3	14
2010	11	17	NL	TR	1	0	F		2	2104	1777	+1	+1	2	21
2011	02	09	NL	AT	3	1	F		1	2105	1603	0	0	2	57
2011	03	25	HU	NL	0	4	EQ		-9	1640	2114	0	0	50	2
2011	03	29	NL	HU	5	3	EQ		2	2116	1638	0	−3	2	52
2011	06	04	BR	NL	0	0	F		-2	2081	2118	0	0	3	2
2011	06	08	UY	NL	1	1	CYC		6	1877	2112	+1	0	10	2
2011	09	02	NL	SM	11	0	EQ		0	2112	898	0	0	2	199
2011	09	06	FI	NL	0	2	EQ		-5	1608	2117	+1	0	57	2
2011	10	07	NL	MD	1	0	EQ		0	2117	1414	0	+1	2	104
2011	10	11	SE	NL	3	2	EQ		29	1878	2088	+3	0	11	2
2011	11	11	NL	CH	0	0	F		-8	2080	1766	0	+3	2	28
2011	11	15	DE	NL	3	0	F		13	2082	2067	+1	−1	2	3
2012	02	29	EN	NL	2	3	F		-10	1945	2077	0	+1	6	2
2012	05	26	NL	BG	1	2	F		-19	2058	1651	−1	+6	3	50
2012	05	30	NL	SK	2	0	F		1	2059	1587	0	0	3	60
2012	06	02	NL	EI	6	0	F		1	2060	1449	0	0	3	96
2012	06	09	DK	NL	1	0	EC	UA	40	1856	2020	+2	−2	14	4
2012	06	13	DE	NL	2	1	EC	UA	22	2078	1998	0	0	2	4
2012	06	17	PT	NL	2	1	EC	UA	33	1910	1965	+2	−2	10	6
2012	08	15	BE	NL	4	2	F		22	1704	1943	+3	−2	38	8
2012	09	07	NL	TR	2	0	WQ		10	1953	1744	+2	+1	6	27
2012	09	11	HU	NL	1	4	WQ		-19	1668	1972	−2	0	42	6
2012	10	12	NL	AD	3	0	WQ		0	1972	999	−1	0	6	189
2012	10	16	RO	NL	1	4	WQ		-25	1745	1997	−2	+1	28	5
2012	11	14	NL	DE	0	0	F		-1	1996	2052	0	0	5	3
2013	02	06	NL	IT	1	1	F		-5	1991	1915	0	+1	5	7
2013	03	22	NL	EE	3	0	WQ		2	1993	1488	0	−1	5	92
2013	03	26	NL	RO	4	0	WQ		10	2003	1756	0	−3	5	28
2013	06	07	ID	NL	0	3	F		-1	1217	2004	0	+1	151	4
2013	06	11	CN	NL	0	2	F		-4	1592	2008	−1	0	61	4
2013	08	14	PT	NL	1	1	F		0	1911	2008	−1	−1	9	5
2013	09	06	EE	NL	2	2	WQ		17	1488	1991	+2	0	90	5
2013	09	10	AD	NL	0	2	WQ		0	996	1991	0	0	190	5
2013	10	11	NL	HU	8	1	WQ		8	1999	1680	0	−3	5	43
2013	10	15	TR	NL	0	2	WQ		-16	1706	2015	−3	0	36	5
2013	11	16	JP	NL	2	2	F	BE	7	1749	2008	+1	−1	27	5
2013	11	19	NL	CO	0	0	F		-5	2003	1933	0	+1	5	7
2014	03	05	FR	NL	2	0	F		16	1896	1987	0	0	12	5
2014	05	17	NL	EC	1	1	F		-6	1981	1849	0	+3	5	13
2014	05	31	NL	GH	1	0	F		2	1983	1685	0	−1	5	42
2014	06	04	NL	WA	2	0	F		2	1985	1592	0	−1	5	62
2014	06	13	NL	ES	5	1	WC	BR	75	2060	2032	+2	−2	3	4
2014	06	18	NL	AU	3	2	WC	BR	6	2066	1681	0	−2	3	41
2014	06	23	NL	CL	2	0	WC	BR	36	2102	1962	+1	−3	2	8
2014	06	29	NL	MX	2	1	WC	BR	14	2116	1882	+1	0	1	11
2014	07	05	CR	NL	0	0	WC	BR	21	1846	2095	+4	0	15	3
2014	07	09	AR	NL	0	0	WC	BR	1	2083	2094	0	0	3	2
2014	07	12	BR	NL	0	3	WC		-59	1979	2153	−3	0	7	2
2014	09	04	IT	NL	2	0	F		23	1872	2130	+1	0	13	2
2014	09	09	CZ	NL	2	1	EQ		34	1764	2096	+5	0	25	2
2014	10	10	NL	KZ	3	1	EQ		1	2097	1366	0	+1	2	117
2014	10	13	IS	NL	2	0	EQ		54	1674	2043	+12	−1	44	3
2014	11	12	NL	MX	2	3	F		-16	2027	1909	−1	+2	4	10
2014	11	16	NL	LV	6	0	EQ		2	2029	1445	0	0	4	100
2015	03	28	NL	TR	1	1	EQ		-17	2012	1701	−1	+1	5	41
2015	03	31	NL	ES	2	0	F		9	2021	1951	0	−1	5	7
2015	06	05	NL	US	3	4	F		-17	2004	1842	0	+2	5	16
2015	06	12	LV	NL	0	2	EQ		-5	1466	2009	0	0	93	5
2015	09	03	NL	IS	0	1	EQ		-37	1972	1733	−2	+10	6	33
2015	09	06	TR	NL	3	0	EQ		51	1755	1921	+13	−3	28	9
2015	10	10	KZ	NL	1	2	EQ		-3	1354	1924	−1	0	119	9
2015	10	13	NL	CZ	2	3	EQ		-34	1890	1765	−3	+8	13	25
2015	11	13	WA	NL	2	3	F		-7	1672	1897	−1	+1	44	13
2016	03	25	NL	FR	2	3	F		-11	1886	1964	0	+2	14	5
2016	03	29	EN	NL	1	2	F		-15	1958	1901	−4	+1	9	13
2016	05	27	IE	NL	1	1	F		1	1775	1900	0	0	24	13
2016	06	01	PL	NL	1	2	F		-10	1774	1910	−1	0	23	13
2016	06	04	AT	NL	0	2	F		-14	1777	1924	−3	+1	22	11
2016	09	01	NL	GR	1	2	F		-18	1906	1633	−2	+4	12	51
2016	09	06	SE	NL	1	1	WQ		4	1737	1902	0	0	32	12
2016	10	07	NL	BY	4	1	WQ		7	1909	1605	0	−2	12	59
2016	10	10	NL	FR	0	1	WQ		-21	1888	2011	−2	0	14	4
2016	11	09	NL	BE	1	1	F		-3	1885	1901	0	+1	14	12
2016	11	13	LU	NL	1	3	WQ		-3	1243	1888	−1	0	149	14
2017	03	25	BG	NL	2	0	WQ		46	1632	1842	+10	−3	54	17
2017	03	28	NL	IT	1	2	F		-10	1832	1956	−1	−1	18	8
2017	05	31	MA	NL	1	2	F		-7	1609	1839	0	0	58	18
2017	06	04	NL	CI	5	0	F		8	1847	1687	0	0	18	39
2017	06	09	NL	LU	5	0	WQ		1	1848	1246	0	+1	17	147
2017	08	31	FR	NL	4	0	WQ		16	1989	1832	+1	−2	5	18
2017	09	03	NL	BG	3	1	WQ		9	1841	1629	0	−3	17	53
2017	10	07	BY	NL	1	3	WQ		-13	1509	1854	−3	+1	79	16
2017	10	10	NL	SE	2	0	WQ		18	1872	1790	+4	−1	13	21
2017	11	09	SQ	NL	0	1	F		-9	1719	1881	−1	+1	36	12
2017	11	14	RO	NL	0	3	F		-13	1687	1894	−4	0	46	11
2018	03	23	NL	EN	0	1	F		-12	1882	1944	−1	0	12	7
2018	03	26	NL	PT	3	0	F	CH	23	1905	1973	+2	−2	10	6
2018	05	31	SK	NL	1	1	F		1	1762	1904	0	0	26	11
2018	06	04	IT	NL	1	1	F		-2	1890	1906	0	0	12	11
2018	09	06	NL	PE	2	1	F		7	1913	1884	+1	−1	10	14
2018	09	09	FR	NL	2	1	ENA		6	2127	1907	0	0	1	10
2018	10	13	NL	DE	3	0	ENA		31	1938	1941	+1	−3	9	8
2018	10	16	BE	NL	1	1	F		-6	2076	1944	0	+3	3	7
2018	11	16	NL	FR	2	0	ENA		37	1981	2088	+3	0	5	2
2018	11	19	DE	NL	2	2	ENA		-3	1937	1984	0	0	9	5
2019	03	21	NL	BY	4	0	EQ		3	1987	1535	0	0	5	73
2019	03	24	NL	DE	2	3	EQ		-28	1959	1959	−2	+2	7	7
2019	06	06	NL	EN	3	1	ENL	PT	40	1999	1942	+2	−4	5	9
2019	06	09	PT	NL	1	0	ENL		21	1981	1978	+2	−1	5	6
2019	09	06	DE	NL	2	4	EQ		-38	1932	2016	−2	+2	10	5
2019	09	09	EE	NL	0	4	EQ		-4	1432	2020	0	0	98	5
2019	10	10	NL	EI	3	1	EQ		4	2024	1658	0	−1	5	49
2019	10	13	BY	NL	1	2	EQ		-3	1506	2027	0	+1	79	4
2019	11	16	EI	NL	0	0	EQ		12	1685	2015	+1	−1	44	5
2019	11	19	NL	EE	5	0	EQ		2	2017	1433	0	+1	5	96
2020	09	04	NL	PL	1	0	ENA		5	2022	1784	0	0	5	24
2020	09	07	NL	IT	0	1	ENA		-29	1993	1981	−1	+4	6	8
2020	10	07	NL	MX	0	1	F		-15	1978	1918	−2	0	8	13
2020	10	11	BA	NL	0	0	ENA		11	1681	1967	+3	−4	42	12
2020	10	14	IT	NL	1	1	ENA		-6	1971	1973	0	+2	9	8
2020	11	11	NL	ES	1	1	F		-1	1972	2027	0	0	8	5
2020	11	15	NL	BA	3	1	ENA		5	1977	1646	−1	0	9	47
2020	11	18	PL	NL	1	2	ENA		-17	1812	1994	−4	+1	22	7
2021	03	24	TR	NL	4	2	WQ		42	1794	1952	+9	−3	24	10
2021	03	27	NL	LV	2	0	WQ		1	1953	1249	0	0	10	146
2021	03	30	GI	NL	0	7	WQ		-1	1087	1954	0	0	181	10
2021	06	02	NL	SQ	2	2	F	PT	-7	1947	1673	−1	+1	11	42
2021	06	06	NL	GE	3	0	F		2	1949	1527	0	0	10	75
2021	06	13	NL	UA	3	2	EC		10	1959	1805	0	−1	9	20
2021	06	17	NL	AT	2	0	EC		12	1971	1757	0	−4	9	33
2021	06	21	NL	NM	3	0	EC		5	1976	1563	0	−2	8	67
2021	06	27	CZ	NL	2	0	EC	HU	55	1853	1921	+5	−2	17	11
2021	09	01	NO	NL	1	1	WQ		5	1743	1916	+1	0	35	12
2021	09	04	NL	ME	4	0	WQ		4	1920	1527	0	0	11	76
2021	09	07	NL	TR	6	1	WQ		12	1932	1707	+1	−1	11	39
2021	10	08	LV	NL	0	1	WQ		-2	1296	1934	0	0	134	12
2021	10	11	NL	GI	6	0	WQ		0	1934	1065	0	0	12	182
2021	11	13	ME	NL	2	2	WQ		15	1528	1919	+5	−1	74	12
2021	11	16	NL	NO	2	0	WQ		10	1929	1733	0	0	12	34
2022	03	26	NL	DK	4	2	F		11	1940	1926	+2	−2	10	12
2022	03	29	NL	DE	1	1	F		-2	1938	1966	0	0	10	9
2022	06	03	BE	NL	1	4	ENA		-55	2013	1993	−2	+3	6	7
2022	06	08	WA	NL	1	2	ENA		-17	1823	2010	−4	0	22	8
2022	06	11	NL	PL	2	2	ENA		-14	1996	1817	0	+1	8	25
2022	06	14	NL	WA	3	2	ENA		7	2003	1822	+2	0	6	22
2022	09	22	PL	NL	0	2	ENA		-22	1781	2025	−1	0	28	6
2022	09	25	NL	BE	1	0	ENA		15	2040	2024	+3	−2	3	5
2022	11	21	NL	SN	2	0	WC	QA	10	2050	1674	+1	−1	3	47
2022	11	25	EC	NL	1	1	WC	QA	14	1884	2036	+1	0	16	4
2022	11	29	QA	NL	0	2	WC		-11	1577	2047	−1	+2	65	4
2022	12	03	NL	US	3	1	WC	QA	21	2068	1817	0	−4	3	24
2022	12	09	AR	NL	2	2	WC	QA	-5	2121	2073	0	0	2	3
2023	03	24	FR	NL	4	0	EQ		26	2107	2047	0	0	3	4
2023	03	27	NL	GI	3	0	EQ		0	2047	1066	0	0	4	181
2023	06	14	NL	HR	2	4	ENL		-56	1991	2012	−3	+5	7	4
2023	06	18	NL	IT	2	3	ENL		-36	1955	1961	−3	+3	10	9
2023	09	07	NL	GR	3	0	EQ		8	1963	1686	+1	−1	9	45
2023	09	10	IE	NL	1	2	EQ		-9	1648	1972	−1	0	50	9
2023	10	13	NL	FR	1	2	EQ		-18	1954	2120	−1	0	10	2
2023	10	16	GR	NL	0	1	EQ		-13	1709	1967	−4	+1	42	8
2023	11	18	NL	IE	1	0	EQ		3	1970	1613	0	−1	9	58
2023	11	21	GI	NL	0	6	EQ	PT	0	1057	1970	0	−1	181	10
2024	03	22	NL	SQ	4	0	F		7	1977	1793	0	0	10	22
2024	03	26	DE	NL	2	1	F		9	1920	1968	0	0	13	10
2024	06	06	NL	CA	4	0	F		4	1972	1711	0	−1	10	40
2024	06	10	NL	IS	4	0	F		2	1974	1561	0	0	10	67
2024	06	16	NL	PL	2	1	EC	DE	11	1985	1734	0	−5	10	37
2024	06	21	FR	NL	0	0	EC	DE	-7	2080	1992	0	+1	2	7
2024	06	25	AT	NL	3	2	EC	DE	33	1910	1959	0	−2	14	10
2024	07	02	NL	RO	3	0	EC	DE	16	1975	1682	0	−2	8	45
2024	07	06	NL	TR	2	1	EC	DE	14	1989	1805	+1	−3	7	22
2024	07	10	EN	NL	2	1	EC	DE	26	1996	1963	+1	−1	7	8
2024	09	07	NL	BA	5	2	ENA		2	1965	1474	0	−1	8	89
2024	09	10	NL	DE	2	2	ENA		-6	1959	1956	0	+1	8	9
2024	10	11	HU	NL	1	1	ENA		5	1771	1954	+1	−1	30	9
2024	10	14	DE	NL	1	0	ENA		14	1974	1940	+1	0	7	9
2024	11	16	NL	HU	4	0	ENA		14	1954	1772	0	−5	10	31
2024	11	19	BA	NL	1	1	ENA		16	1485	1938	+2	−1	84	10
2025	03	20	NL	ES	2	2	ENL		10	1948	2168	+1	0	9	1
2025	03	23	ES	NL	3	3	ENL		-18	2150	1966	0	+1	1	8
2025	06	07	FI	NL	0	2	WQ		-8	1532	1974	0	0	74	7
2025	06	10	NL	MT	8	0	WQ		1	1975	1250	0	0	7	153
2025	09	04	NL	PL	1	1	WQ		-16	1959	1698	0	+4	7	44
2025	09	07	LT	NL	2	3	WQ		-1	1285	1960	0	0	142	7
2025	10	09	MT	NL	0	4	WQ		-2	1257	1962	+1	0	149	8
2025	10	12	NL	FI	4	0	WQ		4	1966	1543	0	0	8	72
2025	11	14	PL	NL	1	1	WQ		8	1730	1958	+1	0	37	8
2025	11	17	NL	LT	4	0	WQ		1	1959	1277	0	0	8	146
2026	03	27	NL	NO	2	1	F		6	1965	1916	0	−1	8	12
2026	03	31	NL	EC	1	1	F		-4	1961	1933	0	+1	8	9
2026	06	03	NL	DZ	0	1	F		-17	1944	1760	0	+2	8	32
2026	06	08	NL	UZ	2	1	F	US	4	1948	1714	0	0	8	40
2026	06	14	JP	NL	2	2	WC	US	4	1910	1944	+1	0	12	8
2026	06	20	NL	SE	5	1	WC	US	28	1972	1727	+1	−4	7	39