1919	05	11	PY	AR	1	5	F		-14	1786	2000	−	0	11	4
1919	05	15	PY	AR	0	3	F		-13	1773	1983	−1	0	12	4
1919	05	21	PY	AR	1	2	F		-8	1765	1948	−1	0	13	6
1919	05	24	PY	AR	1	2	F		-8	1757	1959	0	+1	13	5
1921	04	07	PY	AR	3	1	F		18	1775	1915	0	−2	14	7
1921	04	14	PY	AR	2	2	F		1	1776	1914	0	0	14	7
1921	10	09	PY	UY	2	1	SA	AR	41	1817	1993	+2	−1	13	2
1921	10	12	BR	PY	3	0	SA	AR	45	1855	1772	+4	−2	10	15
1921	10	16	AR	PY	3	0	SA		17	1938	1755	+4	0	3	15
1921	11	02	UY	PY	4	2	F		4	1990	1751	0	0	2	15
1922	09	24	BR	PY	1	1	SA		-11	1805	1762	0	0	13	15
1922	10	05	PY	CL	3	0	SA	BR	11	1773	1417	0	0	15	40
1922	10	12	PY	UY	1	0	SA	BR	40	1813	1975	+2	0	13	2
1922	10	18	AR	PY	2	0	SA	BR	29	1925	1784	+2	0	5	14
1922	10	22	BR	PY	3	0	SA		23	1889	1761	+2	−1	8	15
1922	10	29	BR	PY	3	1	RAC		10	1899	1751	+1	0	7	15
1923	05	20	AR	PY	0	2	RCB		-36	1855	1787	−1	+1	10	14
1923	05	25	AR	PY	1	0	RCB		8	1863	1779	+1	−1	9	15
1923	10	29	AR	PY	4	3	SA	UY	15	1941	1764	+1	0	3	15
1923	11	04	UY	PY	2	0	SA		13	1946	1751	+2	0	2	15
1923	11	11	PY	BR	1	0	SA	UY	35	1786	1864	+1	−2	14	10
1923	11	22	BR	PY	2	0	RAC	UY	19	1863	1767	0	−1	10	15
1924	05	15	PY	AR	1	3	RCB		-20	1747	1923	−1	+2	16	4
1924	05	18	PY	AR	2	1	RCB		18	1765	1905	+1	−1	15	5
1924	10	12	AR	PY	0	0	SA	UY	-13	1947	1778	0	+2	3	16
1924	10	26	UY	PY	3	1	SA		9	2036	1769	0	−1	1	17
1924	11	01	PY	CL	3	1	SA	UY	8	1777	1401	+1	0	16	44
1925	07	09	AR	PY	1	1	RCB		-10	1958	1787	−1	0	4	14
1925	07	12	AR	PY	1	1	RCB		-10	1948	1797	0	0	4	14
1925	07	14	UY	PY	0	1	BOC		-26	1992	1823	−1	+2	2	12
1925	07	18	UY	PY	0	1	BOC		-25	1967	1848	0	+1	2	11
1925	08	15	PY	UY	1	0	BOC		16	1864	1951	+1	−1	10	3
1925	08	19	PY	UY	0	1	BOC		-16	1848	1967	−1	+1	11	2
1925	08	23	PY	UY	0	0	BOC		1	1849	1966	0	0	11	2
1925	11	29	AR	PY	2	0	SA		18	1966	1831	+1	0	3	11
1925	12	06	BR	PY	5	2	SA	AR	39	1908	1792	+2	−3	6	14
1925	12	17	BR	PY	3	1	SA	AR	28	1911	1764	+1	−1	6	15
1925	12	20	AR	PY	3	1	SA		10	2001	1754	0	−1	2	16
1926	05	29	AR	PY	2	1	RCB		4	1993	1750	0	0	3	16
1926	06	03	AR	PY	2	1	RCB		4	1997	1746	0	0	3	16
1926	10	20	AR	PY	8	0	SA	CL	22	2021	1724	+2	−2	1	18
1926	10	23	PY	BO	6	1	SA	CL	7	1731	1266	+1	0	17	58
1926	11	01	UY	PY	6	1	SA	CL	16	2032	1715	+1	−3	1	20
1926	11	03	CL	PY	5	1	SA		68	1510	1647	+5	−5	40	25
1928	08	15	PY	UY	3	1	F		27	1674	2077	+1	0	21	1
1928	08	19	PY	UY	1	1	F		7	1681	2070	0	0	21	1
1929	11	01	PY	UY	3	0	SA	AR	78	1759	1972	+6	−2	15	3
1929	11	10	AR	PY	4	1	SA		8	2061	1751	0	0	1	15
1929	11	16	PY	PE	5	0	SA	AR	26	1777	1541	0	−4	15	39
1930	07	17	US	PY	3	0	WC	UY	61	1784	1716	+2	−3	15	18
1930	07	20	PY	BE	1	0	WC	UY	21	1737	1589	+2	−2	16	31
1931	04	19	PY	AR	0	1	F		-4	1733	2064	−1	0	17	1
1931	04	25	PY	AR	1	1	F		6	1739	2058	+1	0	16	1
1931	07	04	AR	PY	1	1	RCB		-13	2045	1752	0	0	1	16
1931	07	09	AR	PY	3	1	RCB		4	2049	1748	0	0	1	16
1937	01	02	PY	UY	4	2	SA	AR	61	1809	1940	0	−2	14	5
1937	01	09	AR	PY	6	1	SA		15	2026	1794	0	0	2	14
1937	01	13	BR	PY	5	0	SA	AR	38	1918	1756	+2	0	7	14
1937	01	17	PY	CL	3	2	SA	AR	19	1775	1645	0	−5	14	29
1937	01	24	PE	PY	1	0	SA	AR	39	1588	1736	+4	−2	39	16
1939	01	15	PY	CL	5	1	SA	PE	34	1770	1604	+1	−4	15	39
1939	01	29	PE	PY	3	0	SA		44	1713	1726	+8	−1	18	16
1939	02	05	UY	PY	3	1	SA	PE	24	1879	1702	+2	−4	9	20
1939	02	12	PY	EC	3	1	SA	PE	6	1708	1284	0	−2	20	78
1939	02	26	CL	PY	4	2	F		16	1604	1692	+2	−2	39	22
1939	08	14	PY	AR	0	1	RCB		-5	1687	2096	−2	0	23	2
1939	08	16	PY	AR	2	2	RCB		11	1698	2085	+3	0	20	2
1940	02	18	AR	PY	3	1	RCB		3	2088	1695	0	−1	1	23
1940	02	25	AR	PY	4	0	RCB		3	2088	1692	0	0	1	23
1942	01	11	AR	PY	4	3	SA	UY	4	2111	1688	0	−2	1	24
1942	01	18	PY	PE	1	1	SA	UY	1	1689	1701	+1	0	23	21
1942	01	22	PY	CL	2	0	SA	UY	26	1715	1554	+4	−3	18	47
1942	01	25	PY	EC	3	1	SA	UY	5	1720	1257	+1	−2	17	87
1942	01	28	UY	PY	3	1	SA		10	1963	1710	0	−4	5	21
1942	02	05	BR	PY	1	1	SA	UY	-12	1872	1722	0	+4	8	17
1943	07	10	PY	AR	2	5	RCB		-9	1713	2097	−1	0	19	1
1943	07	11	PY	AR	2	1	RCB		25	1738	2072	+1	−1	18	2
1945	01	06	AR	PY	5	2	RCB		4	2085	1734	+1	0	1	17
1945	01	09	AR	PY	5	3	RCB		3	2088	1731	0	0	1	17
1945	07	07	PY	AR	5	1	RCB		47	1778	2060	+1	−1	15	2
1945	07	09	PY	AR	1	3	RCB		-12	1766	2072	0	0	15	2
1946	01	12	AR	PY	2	0	SA		8	2041	1758	0	0	2	16
1946	01	19	CL	PY	2	1	SA	AR	33	1680	1725	+9	0	24	16
1946	01	26	PY	BO	4	2	SA	AR	6	1731	1300	0	−4	16	80
1946	01	29	BR	PY	1	1	SA	AR	-16	1980	1747	0	0	4	16
1946	02	08	PY	UY	2	1	SA	AR	33	1780	1823	0	−1	16	12
1947	12	02	AR	PY	6	0	SA	EC	16	2095	1764	0	0	1	15
1947	12	06	PY	PE	2	2	SA	EC	-7	1757	1677	−2	+1	17	30
1947	12	13	PY	UY	4	2	SA	EC	49	1806	1815	+2	−5	15	14
1947	12	18	PY	BO	3	1	SA	EC	4	1810	1292	0	−1	15	86
1947	12	20	PY	CO	2	0	SA	EC	9	1819	1449	0	−2	15	61
1947	12	23	PY	CL	1	0	SA	EC	17	1836	1683	+2	−2	13	26
1947	12	30	EC	PY	0	4	SA		-5	1218	1841	−1	+1	94	12
1949	04	06	PY	CO	3	0	SA	BR	7	1848	1401	0	0	11	69
1949	04	10	PY	EC	1	0	SA	BR	1	1849	1216	0	0	11	97
1949	04	13	PY	PE	3	1	SA	BR	19	1868	1645	+1	−4	10	33
1949	04	20	UY	PY	2	1	SA	BR	28	1850	1840	+3	−3	10	12
1949	04	27	PY	CL	4	2	SA	BR	18	1858	1622	+1	−2	10	34
1949	04	30	PY	BO	7	0	SA	BR	7	1865	1368	0	0	10	75
1949	05	08	BR	PY	1	2	SA		-39	1948	1904	0	+2	5	8
1949	05	11	BR	PY	7	0	SA		34	1982	1870	0	−1	5	9
1950	03	25	AR	PY	2	2	RCB		-11	2065	1881	0	0	1	10
1950	03	29	AR	PY	4	0	RCB		9	2074	1872	0	0	1	10
1950	04	30	PY	UY	3	2	TPC	BR	9	1881	1718	0	−2	10	23
1950	05	07	BR	PY	2	0	OCC		12	1967	1869	+1	0	5	10
1950	05	13	BR	PY	3	3	OCC		-8	1959	1877	0	0	5	10
1950	06	29	PY	SE	2	2	WC	BR	11	1888	1993	0	0	11	3
1950	07	02	IT	PY	2	0	WC	BR	38	1981	1850	+1	−2	5	12
1953	02	25	PY	CL	3	0	SA	PE	31	1881	1714	+3	−3	9	20
1953	03	04	EC	PY	0	0	SA	PE	24	1275	1857	+5	−2	99	11
1953	03	08	PE	PY	2	2	SA		3	1716	1854	+1	0	20	11
1953	03	12	PY	UY	2	2	SA	PE	-2	1852	1830	0	0	11	13
1953	03	16	PY	BO	2	1	SA	PE	4	1856	1442	0	−2	11	72
1953	03	27	PY	BR	2	1	SA	PE	37	1893	2003	+1	−1	9	4
1953	04	01	PY	BR	3	2	SA	PE	33	1926	1970	+3	0	6	4
1954	02	14	PY	CL	4	0	WQ		11	1937	1701	+2	−1	6	23
1954	02	21	CL	PY	1	3	WQ		-19	1682	1956	−3	+1	26	5
1954	03	07	PY	BR	0	1	WQ		-24	1932	2009	−2	+1	7	3
1954	03	21	BR	PY	4	1	WQ		18	2030	1914	0	−1	3	8
1954	04	10	UY	PY	1	4	F		-21	1863	1935	−1	0	10	7
1954	04	18	PY	UY	1	1	F		-5	1930	1868	0	0	7	10
1955	03	02	AR	PY	5	3	SA	CL	24	2090	1906	0	0	2	9
1955	03	09	UY	PY	3	1	SA	CL	34	1975	1872	+1	0	6	9
1955	03	16	PY	EC	2	0	SA	CL	2	1874	1260	0	0	9	112
1955	03	20	CL	PY	5	0	SA		62	1754	1812	+6	−4	17	13
1955	03	23	PY	PE	1	1	SA	CL	-6	1806	1739	−1	+1	14	19
1955	11	13	BR	PY	3	0	OCC		8	2011	1798	0	0	3	14
1955	11	17	BR	PY	3	3	OCC		-11	2000	1809	0	0	3	14
1956	01	21	UY	PY	4	2	SA		19	1911	1790	0	−1	8	14
1956	01	29	BR	PY	0	0	SA	UY	-10	1920	1800	−1	+1	8	14
1956	02	01	AR	PY	1	0	SA	UY	6	2138	1794	0	0	2	14
1956	02	05	PY	PE	1	1	SA	UY	-4	1790	1745	−1	0	15	19
1956	02	12	CL	PY	2	0	SA	UY	34	1856	1756	+4	−2	9	17
1956	06	12	PY	BR	0	2	OCC		-13	1743	2018	−1	0	20	3
1956	06	17	PY	BR	2	5	OCC		-14	1729	2032	−1	0	21	3
1956	07	15	PY	UY	2	2	F		3	1732	1932	+1	0	20	7
1956	08	15	PY	AR	0	1	RCB		-6	1726	2072	−1	0	21	2
1957	06	06	PY	BO	5	2	CPC		6	1732	1454	0	−1	19	75
1957	06	13	PY	BO	0	1	CPC		-27	1705	1481	−5	+5	24	70
1957	06	20	CO	PY	2	3	WQ		-9	1385	1714	−3	+1	91	23
1957	06	23	CO	PY	1	2	F		-4	1381	1718	−1	+2	92	21
1957	07	07	PY	CO	3	0	WQ		5	1723	1375	+2	−1	20	92
1957	07	14	PY	UY	5	0	WQ		54	1777	1895	+2	−2	18	7
1957	07	28	UY	PY	2	0	WQ		13	1908	1764	+2	0	5	18
1957	08	18	BO	PY	3	3	CPC		7	1488	1757	+3	0	67	18
1957	08	21	BO	PY	2	1	CPC		22	1510	1735	+6	−2	61	20
1958	04	20	PY	AR	1	0	F		15	1750	2034	+3	−1	19	3
1958	04	26	AR	PY	2	0	F		3	2037	1747	0	−2	3	21
1958	05	04	BR	PY	5	1	OCC		7	1980	1740	0	0	4	21
1958	05	07	BR	PY	0	0	OCC		-11	1969	1751	0	+2	4	19
1958	06	08	FR	PY	7	3	WC	SE	42	1881	1709	+3	−10	9	29
1958	06	11	PY	SQ	3	2	WC	SE	41	1750	1796	+10	−1	19	14
1958	06	15	PY	YU	3	3	WC	SE	15	1765	1923	0	+1	19	6
1959	03	11	PY	CL	2	1	SA	AR	18	1783	1640	+2	−1	16	39
1959	03	15	PY	BO	5	0	SA	AR	24	1807	1560	+1	−4	16	54
1959	03	18	UY	PY	3	1	SA	AR	30	1904	1777	+2	−1	8	17
1959	03	22	AR	PY	3	1	SA		13	1969	1764	0	−1	3	18
1959	03	29	BR	PY	4	1	SA	AR	9	2155	1755	0	−3	1	21
1959	04	02	PY	PE	2	1	SA	AR	27	1782	1752	+5	−5	16	21
1959	05	01	UY	PY	1	3	F		-21	1807	1803	−1	+3	13	14
1959	12	05	BR	PY	3	2	SA	EC	6	2166	1797	0	0	1	15
1959	12	09	AR	PY	4	2	SA	EC	20	1994	1777	+1	−1	2	16
1959	12	22	PY	UY	1	1	SA	EC	12	1789	1939	0	−2	16	6
1959	12	25	EC	PY	3	1	SA		69	1325	1720	+11	−13	104	29
1960	07	03	PY	BR	1	2	ATL		-6	1714	2065	0	0	28	1
1960	07	09	AR	PY	1	0	ATL		3	2003	1711	0	0	2	28
1960	07	13	UY	PY	2	1	ATL		4	1957	1707	0	0	5	28
1960	12	18	CL	PY	4	1	F		14	1690	1693	0	−3	31	30
1960	12	21	CL	PY	3	1	F		11	1701	1682	+2	−1	29	31
1961	03	19	PA	PY	0	0	F		8	1246	1674	+2	0	119	32
1961	04	30	PY	BR	0	2	OCC		-7	1667	2073	−2	0	34	1
1961	05	03	PY	BR	2	3	OCC		-4	1663	2077	0	0	34	1
1961	05	17	PY	AR	0	0	F		6	1669	2010	0	0	34	3
1961	06	29	BR	PY	3	2	F		1	2090	1668	0	0	1	36
1961	10	12	AR	PY	5	1	F		3	1988	1665	0	−1	3	36
1961	10	29	MX	PY	1	0	WQ		8	1811	1657	0	−1	17	38
1961	11	05	PY	MX	0	0	WQ		3	1660	1808	0	0	38	17
1962	04	21	BR	PY	6	0	OCC		3	2093	1657	0	0	1	39
1962	04	24	BR	PY	4	0	OCC		2	2095	1655	0	0	1	39
1962	08	10	BO	PY	3	1	CPC		23	1575	1632	+3	−3	50	40
1962	08	12	BO	PY	3	2	CPC		13	1588	1619	+4	−1	46	41
1963	02	17	PY	BO	3	0	CPC		17	1636	1571	+1	−5	41	53
1963	02	19	PY	BO	5	1	CPC		16	1652	1555	+3	−2	38	55
1963	03	03	PY	BR	2	2	F		9	1661	2186	+2	0	36	1
1963	03	14	PY	EC	3	1	SA	BO	10	1671	1330	+4	−2	33	106
1963	03	17	PY	BR	2	0	SA	BO	71	1742	2119	+10	0	23	1
1963	03	20	PY	CO	3	2	SA	BO	7	1749	1433	+1	0	22	84
1963	03	24	BO	PY	2	0	SA		45	1625	1704	+5	−5	43	27
1963	03	27	PY	PE	4	1	SA	BO	41	1745	1641	+5	−9	22	39
1963	03	31	AR	PY	1	1	SA	BO	-13	1937	1758	−2	0	7	22
1963	10	15	PY	AR	0	4	RCB		-22	1736	1962	−1	+2	24	3
1963	10	29	AR	PY	2	3	RCB		-26	1936	1762	−2	+3	5	22
1964	11	25	PY	AR	3	0	RCB		36	1798	1962	+3	−2	19	3
1964	12	08	AR	PY	8	1	RCB		12	1974	1786	+1	0	2	19
1965	03	10	GT	PY	1	4	F		-6	1397	1792	−1	0	93	20
1965	03	14	GT	PY	0	3	F		-5	1392	1797	−4	0	95	20
1965	03	17	CR	PY	1	0	F		7	1823	1790	+1	0	16	20
1965	03	19	CR	PY	0	0	F		-4	1819	1794	0	0	16	20
1965	04	03	PE	PY	0	1	F		-8	1633	1802	−1	0	39	20
1965	04	24	PY	UY	2	1	ART		12	1814	1825	+1	0	18	15
1965	05	01	UY	PY	4	0	ART		19	1844	1795	+1	−2	15	19
1965	07	25	PY	BO	2	0	WQ		15	1810	1692	+2	−3	17	32
1965	08	01	AR	PY	3	0	WQ		12	1988	1798	+1	−2	2	19
1965	08	08	PY	AR	0	0	WQ		5	1803	1983	+2	0	16	2
1965	08	22	BO	PY	2	1	WQ		21	1706	1782	+5	−3	28	19
1966	04	24	MX	PY	7	0	F		11	1882	1771	0	−3	10	22
1966	05	15	PY	UY	2	2	ART		-1	1770	1850	−1	0	22	12
1966	05	18	UY	PY	3	1	ART		12	1862	1758	0	−3	12	25
1966	12	21	EC	PY	2	2	SAQ		12	1442	1746	+1	−3	89	26
1966	12	28	PY	EC	3	1	SAQ		5	1751	1437	+2	0	24	89
1967	01	18	AR	PY	4	1	SA	UY	18	2002	1733	0	−3	3	27
1967	01	22	CL	PY	4	2	SA	UY	38	1767	1695	+8	−3	20	30
1967	01	25	PY	BO	1	0	SA	UY	23	1718	1648	+2	−2	28	38
1967	01	29	UY	PY	2	0	SA		16	1867	1702	+2	−1	10	29
1967	02	01	PY	VE	5	3	SA	UY	12	1714	1402	+1	−3	28	97
1967	10	13	PY	AR	1	1	F		4	1718	1969	0	0	28	6
1968	05	15	PY	AR	2	0	F		20	1738	1929	+4	−1	24	8
1968	06	02	PY	UY	0	0	ART		3	1741	1897	0	0	24	9
1968	07	25	PY	BR	0	4	OCC		-16	1725	2020	−5	+1	28	2
1968	07	28	PY	BR	1	0	OCC		23	1748	1997	+7	−1	21	3
1969	03	19	AR	PY	1	1	F		-6	1889	1754	−1	0	10	25
1969	04	09	PY	AR	0	0	F		1	1755	1888	0	0	25	10
1969	06	08	PY	CL	0	1	F		-12	1743	1803	−1	0	25	18
1969	07	06	CL	PY	0	0	F		-4	1796	1747	0	+1	19	24
1969	07	09	PE	PY	2	1	F		10	1660	1737	+4	−1	36	25
1969	07	18	PE	PY	2	1	F		9	1669	1728	+1	0	35	25
1969	08	06	VE	PY	0	2	WQ		-11	1365	1739	−1	+1	101	25
1969	08	10	CO	PY	0	1	WQ		-10	1428	1749	−1	+1	85	24
1969	08	17	PY	BR	0	3	WQ		-20	1729	2034	−2	0	26	2
1969	08	21	PY	VE	1	0	WQ		3	1732	1359	+1	−2	25	104
1969	08	24	PY	CO	2	1	WQ		4	1736	1423	0	−2	25	87
1969	08	31	BR	PY	1	0	WQ		4	2040	1732	0	0	2	25
1970	04	12	BR	PY	0	0	F		-8	2016	1740	0	+3	2	25
1970	10	22	PY	AR	1	1	F		0	1740	1841	0	0	26	12
1971	07	04	PY	AR	1	1	RCB		0	1740	1836	0	0	24	13
1971	07	09	AR	PY	1	0	RCB		7	1843	1733	0	−2	13	26
1971	07	14	CL	PY	3	2	F		7	1754	1726	+1	−3	22	30
1971	07	24	BR	PY	1	0	F		1	2156	1725	0	0	1	29
1971	07	27	PE	PY	0	0	F		-3	1746	1728	0	+1	23	28
1971	08	08	PY	CL	2	0	F		12	1740	1735	+4	−4	24	26
1971	08	15	PY	PE	2	0	F		11	1751	1745	+2	−1	22	23
1972	04	26	BR	PY	3	2	F		1	2142	1750	0	−1	1	26
1972	05	25	AR	PY	0	0	F		-6	1869	1756	−1	0	10	26
1972	06	11	PY	VE	4	1	BRI	BR	7	1763	1368	+1	−3	25	101
1972	06	14	PY	PE	1	0	BRI	BR	18	1781	1706	+3	−3	22	32
1972	06	22	YU	PY	2	1	BRI	BR	17	1858	1764	+1	−2	12	24
1972	06	25	PY	BO	6	1	BRI	BR	21	1785	1564	+2	−1	22	54
1973	03	28	PE	PY	1	0	F		9	1716	1776	+2	−1	27	24
1973	03	31	BO	PY	1	1	F		3	1558	1773	+1	0	56	24
1973	04	08	PY	PE	1	1	F		-4	1769	1720	0	0	24	27
1973	09	02	BO	PY	1	2	WQ		-14	1555	1783	−3	+1	58	22
1973	09	16	PY	AR	1	1	WQ		-1	1782	1869	0	0	22	13
1973	09	30	PY	BO	4	0	WQ		9	1791	1530	+1	−2	22	62
1973	10	07	AR	PY	3	1	WQ		15	1893	1776	+3	−1	9	23
1974	05	12	BR	PY	2	0	F		2	2117	1774	0	0	1	25
1974	12	22	CL	PY	1	0	F		8	1768	1766	+2	−1	22	23
1975	06	12	PY	UY	0	1	ART		-21	1745	1738	−2	+1	25	28
1975	06	19	UY	PY	0	1	ART		-19	1719	1764	−1	+2	29	23
1975	07	07	BO	PY	1	2	F		-6	1518	1770	−2	+1	64	22
1975	07	10	PE	PY	2	0	F		17	1650	1753	+1	−2	40	24
1975	07	20	CO	PY	1	0	CA		37	1506	1716	+10	−4	66	28
1975	07	24	EC	PY	2	2	CA		10	1480	1706	+3	0	73	28
1975	07	30	PY	CO	0	1	CA		-41	1665	1592	−10	+7	38	47
1975	08	10	PY	EC	3	1	CA		9	1674	1412	+4	−1	35	90
1976	02	25	PY	AR	2	3	ATB		-11	1663	1885	−4	0	37	13
1976	03	10	UY	PY	2	2	ATA		-6	1691	1669	−2	+2	31	35
1976	04	07	PY	BR	1	1	ATC		10	1679	2036	+1	−1	34	3
1976	04	28	AR	PY	2	2	ATB		-11	1884	1690	−1	+1	12	33
1976	05	19	PY	UY	1	0	ATA		10	1700	1671	+3	0	30	34
1976	06	09	BR	PY	3	1	ATC		3	2088	1697	0	0	2	31
1977	01	09	PY	EC	2	0	F		3	1700	1421	0	−1	31	87
1977	01	12	PY	UY	1	1	ART		-6	1694	1668	−1	0	32	36
1977	01	23	UY	PY	2	1	ART		12	1680	1682	0	−3	36	35
1977	01	26	CL	PY	4	0	F		15	1675	1667	+1	−2	36	37
1977	02	02	PY	CL	2	0	F		10	1677	1646	0	−2	36	39
1977	02	06	BO	PY	0	1	CPC		-12	1488	1689	−3	+3	69	33
1977	02	09	BO	PY	2	2	CPC		4	1492	1685	0	−2	69	35
1977	02	13	EC	PY	2	1	F		14	1463	1671	+2	−1	79	36
1977	02	20	PA	PY	0	4	F		-5	1221	1676	0	0	130	36
1977	02	24	CO	PY	0	1	WQ		-21	1569	1697	−3	+3	52	33
1977	03	06	PY	CO	1	1	WQ		-12	1685	1581	0	+1	33	51
1977	03	13	PY	BR	0	1	WQ		-6	1679	2086	−2	0	35	2
1977	03	20	BR	PY	1	1	WQ		-18	2068	1697	0	+1	2	33
1977	08	24	AR	PY	2	1	BGD		4	1939	1693	+1	0	7	31
1977	08	31	PY	AR	2	0	BGD		31	1724	1908	+3	−3	28	10
1979	05	17	BR	PY	6	0	F		2	2145	1722	0	0	1	28
1979	07	10	BO	PY	3	1	CPC		29	1552	1693	+5	−5	59	31
1979	07	12	BO	PY	1	1	F		1	1553	1692	0	0	59	31
1979	08	01	PY	BO	2	0	CPC		13	1705	1631	0	−4	31	44
1979	08	29	EC	PY	1	2	CA		-16	1459	1721	−6	+5	81	26
1979	09	13	PY	EC	2	0	CA		10	1731	1482	0	0	25	71
1979	09	20	PY	UY	0	0	CA		-12	1719	1657	−1	+1	26	37
1979	09	26	UY	PY	2	2	CA		-3	1654	1722	−2	+1	38	25
1979	10	10	PE	PY	2	3	F		-15	1781	1737	0	0	22	25
1979	10	24	PY	BR	2	1	CA		42	1779	2071	+4	0	22	1
1979	10	31	BR	PY	2	2	CA		-20	2051	1799	−1	+2	2	20
1979	11	28	PY	CL	3	0	CA		19	1818	1656	+1	−4	19	39
1979	12	05	CL	PY	1	0	CA		29	1685	1789	+6	−1	33	20
1979	12	11	CL	PY	0	0	CA	AR	7	1692	1782	+1	−1	32	21
1980	08	26	BO	PY	1	1	CPC		3	1621	1779	+1	−1	47	21
1980	08	28	BO	PY	1	3	F		-13	1608	1792	−4	+2	50	20
1980	09	18	PY	BO	2	1	CPC		5	1797	1603	0	+1	21	49
1980	09	25	PY	BR	1	2	F		-6	1791	2039	0	0	22	2
1980	10	30	BR	PY	6	0	F		5	2044	1786	0	0	2	21
1981	03	15	PY	CO	0	2	F		-26	1760	1609	−2	+3	24	45
1981	05	17	EC	PY	1	0	WQ		30	1490	1730	+5	−3	71	27
1981	05	31	PY	EC	3	1	WQ		8	1738	1489	0	−1	26	72
1981	06	07	PY	CL	0	1	WQ		-27	1711	1735	−3	+2	29	27
1981	06	21	CL	PY	3	0	WQ		22	1764	1689	+3	−3	23	32
1983	06	02	PY	UY	0	0	ART		0	1689	1795	0	0	35	18
1983	06	09	UY	PY	3	0	ART		12	1807	1677	−1	−2	19	37
1983	07	14	PY	AR	1	0	BGD		22	1699	1919	+3	−2	34	9
1983	07	21	AR	PY	0	0	BGD		-11	1908	1710	−1	+1	10	33
1983	07	24	PY	CL	1	0	F		8	1718	1724	+2	−2	31	29
1983	08	03	BO	PY	2	1	F		12	1547	1706	+3	−2	61	33
1983	08	05	BO	PY	1	3	F		-12	1535	1718	−3	+3	64	30
1983	08	17	CL	PY	3	2	F		6	1753	1712	+1	−3	26	33
1983	08	25	UY	PY	0	0	F		-5	1798	1717	0	+2	19	31
1983	10	05	PE	PY	0	2	F		-19	1702	1736	−2	+2	33	31
1983	10	07	PY	PE	4	1	F		11	1747	1691	+1	0	30	33
1983	10	13	PY	BR	1	1	CA		14	1761	2049	+2	−1	25	2
1983	10	20	BR	PY	0	0	CA		-20	2029	1781	0	+3	2	22
1985	02	03	UY	PY	1	0	ART		6	1911	1775	+1	0	6	25
1985	02	06	CL	PY	1	0	F		7	1780	1768	+1	−4	25	29
1985	02	10	PY	UY	1	3	ART		-20	1748	1934	−2	0	30	6
1985	02	28	PY	CO	0	3	F		-28	1720	1630	0	+2	30	44
1985	04	17	CO	PY	1	0	F		10	1640	1710	+3	−1	40	31
1985	04	19	CO	PY	2	2	F		-1	1639	1711	0	0	40	31
1985	04	28	PY	AR	1	0	F		13	1724	1896	+1	0	30	6
1985	05	09	AR	PY	1	1	F		-6	1884	1730	−1	0	8	30
1985	05	26	BO	PY	1	1	WQ		7	1506	1723	+2	0	68	30
1985	06	09	PY	BO	3	0	WQ		9	1732	1488	0	−4	31	74
1985	06	16	PY	BR	0	2	WQ		-22	1710	1955	0	+2	31	3
1985	06	23	BR	PY	1	1	WQ		-15	1940	1725	−2	0	5	31
1985	10	09	PY	CL	0	0	F		-1	1724	1792	0	0	32	26
1985	10	16	PE	PY	0	1	F		-13	1720	1737	−1	+1	32	31
1985	10	19	CL	PY	0	0	F		-4	1797	1741	0	+1	24	30
1985	10	27	PY	CO	3	0	WQ		18	1759	1642	+2	0	28	39
1985	11	03	CO	PY	2	1	WQ		21	1663	1738	0	−3	39	31
1985	11	10	PY	CL	3	0	WQ		34	1772	1798	+4	−4	27	23
1985	11	17	CL	PY	2	2	WQ		-7	1791	1779	0	0	23	27
1986	01	29	CA	PY	0	0	F		0	1672	1779	0	0	34	27
1986	02	05	PY	JM	4	1	MIA	US	3	1782	1271	0	−2	27	119
1986	02	16	PY	KR	3	1	LNY	HK	13	1795	1612	+3	−3	24	45
1986	02	21	ID	PY	2	3	F		-1	1121	1796	0	0	149	24
1986	02	26	QA	PY	1	1	F		5	1517	1791	0	0	69	25
1986	03	01	QA	PY	0	3	F		-9	1508	1800	−1	+1	70	24
1986	03	08	BH	PY	1	2	F		-2	1339	1802	0	0	100	24
1986	03	12	SA	PY	0	0	F		3	1592	1799	+3	0	49	24
1986	05	20	PY	DK	2	1	F	CO	13	1812	1893	+3	−1	22	7
1986	06	04	PY	IQ	1	0	WC	MX	13	1825	1580	0	−6	22	56
1986	06	07	MX	PY	1	1	WC		-11	1849	1836	−3	+5	14	17
1986	06	11	BE	PY	2	2	WC	MX	2	1818	1834	+1	−1	19	15
1986	06	18	EN	PY	3	0	WC	MX	34	1997	1800	+1	−5	3	21
1987	06	14	BO	PY	0	2	F		-7	1499	1807	−1	0	71	19
1987	06	20	AR	PY	0	1	F		-17	2002	1824	0	+3	2	17
1987	06	24	BR	PY	1	0	F		3	2031	1821	0	0	1	17
1987	06	28	BO	PY	0	0	CA	AR	18	1515	1803	+4	−2	69	19
1987	07	05	CO	PY	3	0	CA	AR	60	1731	1743	+7	−7	31	27
1988	09	07	EC	PY	1	5	F		-16	1571	1759	−3	+1	53	28
1988	09	12	HN	PY	0	0	F		2	1588	1757	0	0	50	28
1988	09	13	HN	PY	0	2	F		-12	1576	1769	−1	+2	51	26
1988	09	16	SV	PY	0	1	F		-5	1451	1774	0	0	77	26
1988	09	21	PE	PY	0	1	F		-10	1648	1784	−1	0	41	26
1988	09	27	PY	CL	2	0	BQR		19	1803	1818	+5	−2	21	18
1988	09	29	PY	UY	3	1	BQR		18	1821	1815	+4	−3	17	19
1988	10	12	UY	PY	2	0	F		11	1826	1810	+2	−2	17	19
1989	03	12	JM	PY	0	3	F		-3	1285	1813	−1	0	113	19
1989	03	15	MQ	PY	0	2	F		-6	1452	1819	0	0	80	19
1989	03	17	GP	PY	0	2	F		-4	1373	1823	0	0	97	19
1989	03	19	TT	PY	2	2	F		5	1540	1818	−1	0	64	19
1989	03	22	TT	PY	1	1	F		5	1545	1813	+3	0	61	19
1989	03	26	VE	PY	1	2	F		-2	1368	1815	0	0	99	19
1989	03	30	VE	PY	0	0	F		8	1376	1807	+2	0	97	19
1989	04	12	BR	PY	2	0	F		5	2002	1802	0	−3	2	22
1989	05	05	PY	SV	2	1	FT	US	4	1806	1472	0	−1	22	76
1989	05	07	PY	GT	2	1	FT	US	5	1811	1511	0	−1	22	66
1989	05	15	PY	PE	1	1	F		-7	1804	1640	0	+3	22	40
1989	05	25	BO	PY	3	2	F		15	1506	1789	+2	0	67	22
1989	06	01	PY	BO	2	0	F		3	1792	1503	0	0	22	66
1989	07	01	PY	PE	5	2	CA	BR	22	1814	1578	+1	−4	21	52
1989	07	05	PY	CO	1	0	CA	BR	28	1842	1827	+4	−3	17	18
1989	07	07	PY	VE	3	0	CA	BR	6	1848	1396	+2	−3	16	96
1989	07	09	BR	PY	2	0	CA		21	1931	1827	+1	−2	7	18
1989	07	12	UY	PY	3	0	CA	BR	43	1872	1784	+4	−4	13	22
1989	07	14	BR	PY	3	0	CA		15	1966	1769	+1	−2	5	24
1989	07	16	AR	PY	0	0	CA	BR	-2	1795	1771	0	0	21	24
1989	08	27	PY	CO	2	1	WQ		18	1789	1818	+3	0	22	18
1989	09	10	PY	EC	2	1	WQ		6	1795	1597	+1	0	21	48
1989	09	17	CO	PY	2	1	WQ		14	1825	1781	+1	−1	18	22
1989	09	24	EC	PY	3	1	WQ		37	1634	1744	+6	−4	42	27
1991	02	27	BR	PY	1	1	F		-7	1950	1751	0	+4	5	27
1991	06	14	BO	PY	0	1	CPC		-12	1557	1763	−1	+4	55	25
1991	06	16	PY	BO	0	0	CPC		-11	1752	1568	−4	+1	29	54
1991	07	06	PY	PE	1	0	CA	CL	12	1764	1540	+3	−2	26	60
1991	07	10	PY	VE	5	0	CA	CL	9	1773	1356	0	−3	26	102
1991	07	12	AR	PY	4	1	CA	CL	26	1951	1747	+3	−5	5	30
1991	07	14	CL	PY	4	0	CA		30	1808	1717	+3	−2	21	32
1993	03	03	PY	BO	1	0	CPC		6	1723	1563	0	−1	30	62
1993	05	27	BO	PY	2	1	CPC		17	1595	1706	+6	−2	56	31
1993	06	10	MX	PY	3	1	F		6	1856	1700	0	0	14	31
1993	06	18	PY	CL	1	0	CA	EC	31	1731	1753	+1	−2	30	27
1993	06	21	PY	PE	1	1	CA	EC	-11	1720	1582	0	+1	30	63
1993	06	24	BR	PY	3	0	CA	EC	19	1956	1701	+2	−2	5	32
1993	06	26	EC	PY	3	0	CA		30	1746	1671	+1	−1	29	33
1993	07	14	BR	PY	2	0	F		3	1961	1668	+1	−1	4	34
1993	08	01	CO	PY	0	0	WQ		-13	1835	1681	−3	+2	18	32
1993	08	08	PY	AR	1	3	WQ		-13	1668	2013	−2	0	34	2
1993	08	15	PY	PE	2	1	WQ		10	1678	1563	+1	−2	33	65
1993	08	22	PY	CO	1	1	WQ		5	1683	1866	0	0	33	14
1993	08	29	AR	PY	0	0	WQ		-17	1974	1700	−1	+1	3	32
1993	09	05	PE	PY	2	2	WQ		3	1557	1697	0	0	65	32
1995	05	14	BO	PY	1	1	CPC		-3	1675	1700	−1	0	35	31
1995	06	09	PY	BO	0	0	CPC		-5	1695	1680	0	0	32	33
1995	06	14	AR	PY	2	1	F		3	1871	1692	+1	0	14	32
1995	06	18	PY	TR	0	0	CNY	CL	2	1694	1728	0	0	32	30
1995	06	19	CL	PY	0	1	CNY		-21	1731	1715	−1	0	29	32
1995	06	22	PY	NZ	3	2	CNY	CL	7	1722	1485	0	−2	32	82
1995	06	30	PY	EC	1	0	F		6	1728	1661	+1	0	30	36
1995	07	06	PY	MX	2	1	CA	UY	34	1762	1826	+2	−3	28	20
1995	07	09	UY	PY	1	0	CA		15	1817	1747	+1	−1	22	29
1995	07	12	PY	VE	3	2	CA	UY	5	1752	1343	+1	0	28	120
1995	07	16	CO	PY	1	1	CA	UY	-9	1871	1761	−1	0	12	28
1995	09	20	JP	PY	1	2	ADC		-13	1611	1774	−4	+4	50	25
1996	02	14	BO	PY	4	1	F		17	1702	1757	+1	−1	34	27
1996	04	24	CO	PY	1	0	WQ		9	1877	1748	+1	0	13	27
1996	06	02	UY	PY	0	2	WQ		-45	1801	1793	−4	+3	23	24
1996	06	25	PY	AM	1	2	F		-19	1774	1294	−3	+4	25	133
1996	07	26	PY	BO	2	0	F		7	1781	1674	+1	−1	24	36
1996	08	08	CN	PY	0	2	F		-12	1606	1793	−3	+3	50	21
1996	09	01	AR	PY	1	1	WQ		-7	1806	1800	0	0	20	21
1996	10	09	PY	CL	2	1	WQ		11	1811	1714	0	−2	21	32
1996	11	10	PY	EC	1	0	WQ		9	1820	1691	+3	−1	18	35
1996	12	15	BO	PY	0	0	WQ		3	1667	1817	+1	−1	38	19
1997	01	06	PY	AM	2	0	F		1	1818	1333	0	0	19	125
1997	01	12	VE	PY	0	2	WQ		-7	1362	1825	−2	+1	119	18
1997	02	12	PY	PE	2	1	WQ		7	1832	1646	+1	−1	16	45
1997	04	02	PY	CO	2	1	WQ		17	1849	1868	0	−1	16	13
1997	04	30	PY	UY	3	1	WQ		14	1863	1721	+1	−3	15	29
1997	06	04	US	PY	0	0	F		3	1669	1860	0	0	42	15
1997	06	11	PY	CL	1	0	CA	BO	16	1876	1719	+3	−3	12	29
1997	06	14	EC	PY	2	0	CA	BO	54	1761	1822	+8	−7	25	19
1997	06	17	AR	PY	1	1	CA	BO	-2	1845	1824	0	+1	15	19
1997	06	22	BR	PY	2	0	CA	BO	13	2114	1811	0	−3	1	19
1997	07	06	PY	AR	1	2	WQ		-26	1785	1835	−4	+5	23	15
1997	07	20	CL	PY	2	1	WQ		19	1728	1766	+5	−2	28	25
1997	08	20	EC	PY	2	1	WQ		15	1779	1751	+1	−1	24	25
1997	09	10	PY	BO	2	1	WQ		14	1765	1732	0	−5	25	31
1997	10	12	PY	VE	1	0	WQ		2	1767	1339	0	0	25	121
1997	11	16	PE	PY	1	0	WQ		17	1730	1750	+5	−2	32	27
1998	02	08	PY	PL	4	0	F		10	1760	1665	+4	−4	26	45
1998	03	14	US	PY	2	2	F		-2	1741	1762	0	0	31	26
1998	03	18	MX	PY	1	1	F		-5	1849	1767	0	+1	17	25
1998	03	29	CO	PY	1	1	F	US	-1	1788	1768	0	0	23	25
1998	04	22	IT	PY	3	1	F		4	1983	1764	0	0	5	25
1998	05	17	JP	PY	1	1	KRN		-4	1754	1768	−1	0	29	25
1998	05	21	CZ	PY	1	0	KRN	JP	10	1887	1758	+1	−1	12	26
1998	06	01	NL	PY	5	1	F		6	1954	1752	0	−2	8	29
1998	06	03	RO	PY	3	2	F		4	1878	1748	+1	0	13	29
1998	06	06	BE	PY	1	0	F		6	1822	1742	0	−1	19	30
1998	06	12	BG	PY	0	0	WC	FR	-5	1800	1747	−1	+1	21	29
1998	06	19	PY	ES	0	0	WC	FR	18	1765	1969	+3	−2	25	6
1998	06	24	PY	NG	3	1	WC	FR	48	1813	1741	+6	−7	20	27
1998	06	28	FR	PY	1	0	WC		8	2036	1805	0	0	3	20
1999	02	10	IE	PY	2	0	F		13	1754	1792	+2	−1	27	19
1999	03	03	GT	PY	2	3	PCC		-10	1565	1802	−1	+1	61	18
1999	03	05	PY	JM	3	1	PCC	GT	13	1815	1638	0	−5	18	53
1999	03	07	PY	BO	3	0	PCC	GT	19	1834	1696	0	−1	18	38
1999	03	31	JM	PY	3	0	F		22	1664	1812	+4	−1	48	18
1999	04	22	PY	CO	0	2	F		-22	1790	1764	−1	+8	19	20
1999	04	28	PY	MX	2	1	F		10	1800	1873	+1	−2	18	16
1999	06	17	PY	UY	2	3	F		-14	1786	1772	0	+4	19	20
1999	06	24	PY	CO	2	1	F		6	1792	1738	0	0	19	29
1999	06	29	PY	BO	0	0	CA		-15	1777	1676	0	+3	19	44
1999	07	02	PY	JP	4	0	CA		17	1794	1603	0	−4	19	55
1999	07	05	PY	PE	1	0	CA		15	1809	1731	0	−2	20	31
1999	07	10	PY	UY	1	1	CA		-11	1798	1753	0	+3	20	26
1999	10	13	PY	MX	1	0	F	US	14	1812	1914	0	−4	20	12
1999	10	15	GT	PY	0	0	F		4	1566	1808	+1	0	64	20
1999	11	03	BO	PY	0	0	CPC	AR	7	1647	1801	+1	0	44	20
1999	11	17	UY	PY	0	1	F		-11	1734	1812	−4	+1	33	19
2000	03	29	PE	PY	2	0	WQ		29	1754	1783	+6	−3	26	21
2000	04	26	PY	UY	1	0	WQ		12	1795	1732	0	−1	21	27
2000	06	03	PY	EC	3	1	WQ		13	1808	1662	+1	−4	20	48
2000	06	09	AU	PY	0	0	F		-1	1739	1809	−2	+1	30	19
2000	06	12	AU	PY	0	0	F		-1	1738	1810	0	0	30	19
2000	06	15	AU	PY	2	1	F		9	1747	1801	+4	−3	26	21
2000	06	21	PY	CR	1	0	F		3	1804	1613	0	0	19	56
2000	06	29	CL	PY	3	1	WQ		31	1727	1773	+6	−2	34	21
2000	07	18	PY	BR	2	1	WQ		31	1804	2048	+2	0	19	2
2000	07	27	BO	PY	0	0	WQ		6	1593	1798	0	0	58	18
2000	08	16	AR	PY	1	1	WQ		-13	1956	1811	0	0	7	18
2000	09	02	PY	VE	3	0	WQ		4	1815	1430	0	−2	18	96
2000	10	07	CO	PY	0	2	WQ		-38	1772	1853	−5	+5	24	13
2000	11	15	PY	PE	5	1	WQ		13	1866	1671	+1	−6	12	47
2001	01	27	PY	KR	1	1	CBG	HK	-5	1861	1756	0	+3	12	28
2001	03	28	UY	PY	0	1	WQ		-21	1750	1882	−5	+1	31	12
2001	04	24	EC	PY	2	1	WQ		23	1747	1859	+3	−1	31	13
2001	06	02	PY	CL	1	0	WQ		6	1865	1646	0	−1	12	50
2001	06	28	PY	YU	2	0	KRN	JP	22	1887	1836	+2	−4	11	18
2001	07	01	JP	PY	2	0	KRN		20	1851	1867	+5	−1	15	12
2001	07	12	PY	PE	3	3	CA	CO	-12	1855	1700	−2	+2	14	38
2001	07	15	MX	PY	0	0	CA	CO	9	1732	1846	+3	−1	29	15
2001	07	18	BR	PY	3	1	CA	CO	34	1911	1812	+3	−6	8	21
2001	08	15	BR	PY	2	0	WQ		18	1875	1794	+1	−3	13	24
2001	09	05	PY	BO	5	1	WQ		9	1803	1532	+2	−1	21	67
2001	10	07	PY	AR	2	2	WQ		7	1810	2030	0	0	21	2
2001	11	08	VE	PY	3	1	WQ		44	1581	1766	+9	−3	60	24
2001	11	14	PY	CO	0	4	WQ		-40	1726	1879	−10	+5	36	11
2002	02	13	PY	BO	2	2	F		-6	1720	1564	−1	+1	37	61
2002	03	26	NG	PY	1	1	F	EN	0	1728	1720	0	0	34	37
2002	04	17	EN	PY	4	0	F		5	1931	1715	0	0	7	38
2002	05	17	SE	PY	1	2	F		-16	1864	1731	−3	0	12	37
2002	06	02	PY	ZA	2	2	WC	KR	-8	1723	1648	−1	+1	38	49
2002	06	07	ES	PY	3	1	WC	KR	16	1999	1707	+1	−1	4	37
2002	06	12	PY	SI	3	1	WC	KR	43	1750	1645	+2	−8	33	47
2002	06	15	DE	PY	1	0	WC	KR	15	1954	1735	+1	−3	7	37
2002	08	21	BR	PY	0	1	F		-18	2052	1753	0	+5	1	32
2002	09	19	IR	PY	1	1	LGC		-2	1709	1755	0	0	37	31
2002	10	16	ES	PY	0	0	F		-8	1994	1763	0	+1	3	30
2003	03	26	MX	PY	1	1	F	US	-2	1833	1765	0	+1	16	29
2003	03	29	CR	PY	2	1	F		7	1780	1758	+3	0	24	31
2003	04	02	HN	PY	1	1	F		0	1669	1758	+3	+1	43	28
2003	04	30	PE	PY	0	1	F		-9	1623	1767	−2	+2	53	25
2003	06	06	PT	PY	0	0	F		-7	1931	1774	0	+3	7	23
2003	06	11	JP	PY	0	0	KRN		-4	1777	1778	−2	+3	23	21
2003	07	02	PY	SV	1	0	F	US	4	1782	1518	0	−1	22	73
2003	07	06	US	PY	2	0	F		10	1815	1772	0	−2	20	24
2003	07	09	JM	PY	2	0	F		20	1580	1752	+3	−6	61	30
2003	08	20	PA	PY	1	2	F		-4	1403	1756	0	+1	108	28
2003	09	06	PE	PY	4	1	WQ		35	1687	1721	+6	−6	41	34
2003	09	10	PY	UY	4	1	WQ		39	1760	1824	+7	−2	27	17
2003	11	15	PY	EC	2	1	WQ		13	1773	1726	0	−5	26	35
2003	11	18	CL	PY	0	1	WQ		-19	1628	1792	−4	+4	54	22
2004	03	31	PY	BR	0	0	WQ		5	1797	1983	+3	0	20	5
2004	04	28	KR	PY	0	0	F		0	1688	1797	+1	0	40	20
2004	06	01	BO	PY	2	1	WQ		28	1581	1769	+7	−5	62	26
2004	06	06	AR	PY	0	0	WQ		-15	1987	1784	0	0	4	26
2004	07	08	PY	CR	1	0	CA	PE	19	1803	1687	+6	−4	21	38
2004	07	11	CL	PY	1	1	CA	PE	7	1704	1796	+3	−1	33	23
2004	07	14	PY	BR	2	1	CA	PE	39	1835	1986	+4	−1	19	3
2004	07	18	UY	PY	3	1	CA	PE	49	1770	1786	+4	−6	28	26
2004	09	05	PY	VE	1	0	WQ		8	1794	1624	0	−2	23	55
2004	10	09	CO	PY	1	1	WQ		-5	1780	1799	−3	+1	28	23
2004	10	13	PY	PE	1	1	WQ		-12	1787	1668	−4	+2	28	44
2004	11	17	UY	PY	1	0	WQ		13	1818	1774	+1	0	20	27
2005	01	19	PY	KR	1	1	F	US	-2	1772	1708	−1	0	28	34
2005	01	23	PY	GT	2	1	F	US	6	1778	1614	+1	−2	27	57
2005	03	27	EC	PY	5	2	WQ		35	1713	1743	+8	−4	36	31
2005	03	30	PY	CL	2	1	WQ		11	1754	1661	+1	−2	30	49
2005	05	04	EC	PY	1	0	F	US	11	1728	1743	+3	−1	32	31
2005	06	05	BR	PY	4	1	WQ		9	1984	1734	+1	0	4	32
2005	06	08	PY	BO	4	1	WQ		14	1748	1577	+1	−1	31	65
2005	08	17	PY	SV	3	0	F		2	1750	1383	+1	−1	29	105
2005	09	03	PY	AR	1	0	WQ		27	1777	1952	+3	−1	26	5
2005	10	08	VE	PY	0	1	WQ		-17	1608	1794	−1	+1	58	24
2005	10	12	PY	CO	0	1	WQ		-29	1765	1764	−5	+5	29	30
2005	11	11	PY	TG	4	2	FT	IR	13	1778	1590	+3	−2	26	61
2006	03	01	WA	PY	0	0	F		2	1595	1776	−1	−1	60	29
2006	03	29	MX	PY	2	1	F	US	8	1843	1768	+3	0	16	29
2006	05	24	NO	PY	2	2	F		-2	1736	1770	−1	0	37	29
2006	05	27	DK	PY	1	1	F		-6	1894	1776	0	0	10	29
2006	05	31	PY	GE	1	0	F	AT	3	1779	1496	+2	−2	29	82
2006	06	10	EN	PY	1	0	WC	DE	15	1987	1764	0	−2	3	30
2006	06	15	SE	PY	1	0	WC	DE	24	1862	1740	+3	−8	13	36
2006	06	20	PY	TT	2	0	WC	DE	26	1766	1554	+4	−8	31	71
2006	10	07	AU	PY	1	1	F		-3	1754	1769	−1	+2	32	24
2006	11	15	CL	PY	3	2	F		8	1735	1761	+2	−7	38	31
2007	03	25	MX	PY	2	1	F		6	1822	1755	0	−1	18	33
2007	03	28	CO	PY	2	0	F		9	1799	1746	+1	0	19	33
2007	06	02	AT	PY	0	0	F		1	1613	1745	−1	−1	55	36
2007	06	05	MX	PY	0	1	F		-15	1830	1760	−2	+3	17	32
2007	06	20	BO	PY	0	0	CPC		3	1584	1757	+1	0	62	32
2007	06	28	PY	CO	5	0	CA	VE	60	1817	1769	+16	−11	17	29
2007	07	02	PY	US	3	1	CA	VE	37	1854	1775	+2	−8	15	26
2007	07	05	AR	PY	1	0	CA	VE	13	2040	1841	+1	0	2	15
2007	07	08	MX	PY	6	0	CA	VE	48	1925	1793	+5	−7	8	23
2007	08	22	PY	VE	1	1	F		-6	1787	1640	−2	−1	24	56
2007	09	08	VE	PY	3	2	F		11	1651	1776	+6	−2	50	26
2007	09	12	CO	PY	1	0	F		7	1801	1769	+2	−3	19	29
2007	10	13	PE	PY	0	0	WQ		1	1661	1768	−2	+1	48	28
2007	10	17	PY	UY	1	0	WQ		18	1786	1809	+5	−1	23	17
2007	11	17	PY	EC	5	1	WQ		16	1802	1644	+3	−4	20	51
2007	11	21	CL	PY	0	3	WQ		-42	1728	1844	−12	+5	38	14
2008	02	06	HN	PY	2	0	F		18	1682	1826	+3	−4	41	18
2008	03	26	ZA	PY	3	0	F		28	1516	1798	+6	−2	82	20
2008	05	22	CI	PY	1	1	KRN	JP	3	1739	1795	+3	−1	33	21
2008	05	27	JP	PY	0	0	KRN		-3	1755	1798	0	+1	32	21
2008	05	31	FR	PY	0	0	F		-7	2003	1805	0	+1	4	20
2008	06	15	PY	BR	2	0	WQ		42	1847	2016	+4	−1	14	3
2008	06	18	BO	PY	4	2	WQ		45	1600	1802	+10	−5	58	19
2008	08	20	PY	SA	1	1	F	CH	-3	1799	1684	−1	+1	20	42
2008	09	06	AR	PY	1	1	WQ		-14	2000	1813	−2	+1	5	19
2008	09	09	PY	VE	2	0	WQ		11	1824	1647	+2	−1	17	48
2008	10	11	CO	PY	0	1	WQ		-21	1724	1845	−6	+6	38	12
2008	10	15	PY	PE	1	0	WQ		5	1850	1611	0	−1	12	55
2008	11	19	OM	PY	0	1	F		-4	1511	1854	+2	+1	84	11
2009	02	11	PE	PY	0	1	F		-6	1591	1860	0	0	59	11
2009	03	28	UY	PY	2	0	WQ		24	1860	1836	+2	−1	11	12
2009	04	01	EC	PY	1	1	WQ		1	1716	1835	−2	−1	41	13
2009	06	06	PY	CL	0	2	WQ		-43	1792	1822	−9	+12	22	14
2009	06	10	BR	PY	2	1	WQ		4	2057	1788	0	−2	2	24
2009	08	12	KR	PY	1	0	F		9	1736	1779	+2	+1	36	24
2009	09	05	PY	BO	1	0	WQ		7	1786	1611	+1	0	23	57
2009	09	09	PY	AR	1	0	WQ		20	1806	1868	+4	−1	19	11
2009	10	10	VE	PY	1	2	WQ		-21	1703	1827	−2	+1	41	18
2009	10	14	PY	CO	0	2	WQ		-46	1781	1759	−5	+10	23	28
2009	11	04	CL	PY	2	1	F		5	1874	1776	+1	0	11	23
2009	11	13	QA	PY	2	0	F	FR	24	1548	1752	+6	−8	75	31
2009	11	18	NL	PY	0	0	F		-8	2031	1760	0	+5	3	28
2010	03	31	PY	ZA	1	1	F		-8	1752	1529	−5	+1	30	81
2010	05	15	PY	KP	1	0	F	CH	5	1757	1540	+3	0	26	79
2010	05	25	IE	PY	2	1	F		7	1770	1750	+1	−2	24	29
2010	05	30	CI	PY	2	2	F	FR	1	1725	1749	+2	−2	33	29
2010	06	02	PY	GR	2	0	F	CH	15	1764	1735	+4	−3	25	30
2010	06	14	IT	PY	1	1	WC	ZA	-14	1922	1778	−1	+2	7	22
2010	06	20	PY	SK	2	0	WC	ZA	30	1808	1628	+5	−5	18	52
2010	06	24	NZ	PY	0	0	WC	ZA	18	1581	1790	+3	−6	67	21
2010	06	29	JP	PY	0	0	WC	ZA	3	1760	1787	0	0	26	19
2010	07	03	ES	PY	1	0	WC	ZA	8	2109	1779	0	−2	2	21
2010	08	11	PY	CR	2	0	F		8	1787	1688	+1	0	20	41
2010	09	04	JP	PY	1	0	F		8	1768	1779	+3	0	24	20
2010	09	07	CN	PY	1	1	F		2	1620	1777	+3	−2	52	22
2010	10	09	AU	PY	1	0	F		7	1787	1770	+1	−1	19	23
2010	10	12	NZ	PY	0	2	F		-11	1570	1781	−1	+3	68	20
2010	11	17	HK	PY	0	7	F		-3	1220	1784	−1	0	151	20
2011	03	26	MX	PY	3	1	F	US	12	1864	1772	+1	−1	11	23
2011	03	29	US	PY	0	1	F		-13	1759	1785	−3	+3	26	20
2011	05	25	AR	PY	4	2	CHC		7	1992	1778	0	−2	5	22
2011	06	04	BO	PY	0	2	F		-10	1559	1788	−5	+2	68	20
2011	06	07	PY	BO	0	0	F		-7	1781	1566	−2	+2	21	65
2011	06	11	PY	RO	2	0	F		8	1789	1706	+1	−2	20	39
2011	06	23	PY	CL	0	0	F		1	1790	1906	0	0	20	8
2011	07	03	EC	PY	0	0	CA	AR	5	1731	1785	−1	0	36	20
2011	07	09	BR	PY	2	2	CA	AR	-17	2046	1802	−1	+3	4	18
2011	07	13	PY	VE	3	3	CA	AR	-3	1799	1767	−1	0	20	25
2011	07	17	BR	PY	0	0	CA	AR	-16	2039	1815	−1	+3	4	16
2011	07	20	PY	VE	0	0	CA	AR	-1	1814	1805	−1	0	17	19
2011	07	24	UY	PY	3	0	CA	AR	30	1956	1784	0	−3	5	20
2011	09	02	PA	PY	0	2	F		-14	1646	1798	−7	+3	55	19
2011	09	06	HN	PY	0	3	F		-15	1633	1813	−2	+2	54	17
2011	10	07	PE	PY	2	0	WQ		25	1792	1788	+4	−6	22	23
2011	10	11	PY	UY	1	1	WQ		4	1792	1962	0	0	23	5
2011	11	11	PY	EC	2	1	WQ		13	1805	1755	+3	−5	20	31
2011	11	15	CL	PY	2	0	WQ		17	1880	1788	+2	−1	11	21
2011	12	21	CL	PY	3	2	F		5	1885	1783	+1	0	10	21
2012	02	15	PY	CL	2	0	F		15	1798	1870	+1	−2	21	12
2012	02	22	PY	GT	2	1	F		2	1800	1509	0	0	21	84
2012	02	29	PY	PA	1	0	F		4	1804	1651	+3	−2	18	49
2012	04	25	GT	PY	0	1	F		-5	1517	1809	−1	0	83	18
2012	06	09	BO	PY	3	1	WQ		44	1572	1765	+11	−8	67	26
2012	08	15	GT	PY	3	3	F	US	6	1520	1759	+2	−1	82	27
2012	09	07	AR	PY	3	1	WQ		8	1987	1751	0	+1	5	26
2012	09	11	PY	VE	0	2	WQ		-43	1708	1727	−11	+9	37	34
2012	10	12	CO	PY	2	0	WQ		10	1893	1698	0	+1	11	36
2012	10	16	PY	PE	1	0	WQ		16	1714	1710	+3	0	33	34
2012	11	14	PY	GT	3	1	F		5	1719	1547	+1	0	32	72
2013	02	06	PY	SV	3	0	F		6	1725	1540	0	−1	33	75
2013	03	22	UY	PY	1	1	WQ		-11	1839	1736	0	0	16	33
2013	03	26	EC	PY	4	1	WQ		15	1882	1721	+3	−1	12	34
2013	06	07	PY	CL	1	2	WQ		-20	1701	1843	−5	+1	39	16
2013	08	14	DE	PY	3	3	F		-9	2046	1710	0	+3	3	34
2013	09	06	PY	BO	4	0	WQ		19	1729	1608	+4	−3	30	57
2013	09	10	PY	AR	2	5	WQ		-17	1712	2037	−5	0	35	4
2013	10	11	VE	PY	1	1	WQ		-5	1705	1717	−1	+1	37	34
2013	10	15	PY	CO	1	2	WQ		-16	1701	1911	−5	+1	39	8
2014	03	05	CR	PY	2	1	F		7	1724	1694	+3	−3	30	41
2014	05	29	PY	CM	2	1	F	AT	7	1701	1593	+2	−3	37	61
2014	06	01	FR	PY	1	1	F		-7	1893	1708	−1	+2	12	35
2014	09	07	PY	AE	0	0	F	AT	-2	1706	1649	−1	0	35	47
2014	10	10	KR	PY	2	0	F		14	1638	1692	+3	−3	51	39
2014	10	14	CN	PY	2	1	F		11	1565	1681	+3	−3	69	42
2014	11	14	PY	PE	2	1	F		9	1690	1725	+2	−3	39	30
2014	11	18	PE	PY	2	1	F		6	1731	1684	+1	−1	28	39
2015	03	26	CR	PY	0	0	F		-7	1859	1691	0	+1	15	41
2015	03	31	MX	PY	1	0	F	US	5	1906	1686	0	−1	12	43
2015	06	06	PY	HN	2	2	F		-6	1680	1527	0	+1	42	76
2015	06	13	AR	PY	2	2	CA	CL	-20	2039	1700	0	+3	3	41
2015	06	16	PY	JM	1	0	CA	CL	14	1714	1520	+1	−4	41	76
2015	06	20	PY	UY	1	1	CA	CL	12	1726	1889	+3	−1	37	12
2015	06	27	BR	PY	1	1	CA	CL	-18	2032	1744	0	+7	3	30
2015	06	30	AR	PY	6	1	CA	CL	14	2068	1730	0	−6	2	36
2015	07	03	PE	PY	2	0	CA	CL	32	1809	1698	+4	−6	20	42
2015	09	05	CL	PY	3	2	F		2	1977	1696	0	0	5	42
2015	10	08	VE	PY	0	1	WQ		-24	1644	1720	−3	+6	49	36
2015	10	13	PY	AR	0	0	WQ		10	1730	2004	+4	−1	34	4
2015	11	13	PE	PY	1	0	WQ		12	1796	1718	+3	−3	19	37
2015	11	17	PY	BO	2	1	WQ		10	1728	1623	+3	−3	34	52
2016	03	24	EC	PY	2	2	WQ		-14	1900	1742	−1	+1	13	33
2016	03	29	PY	BR	2	2	WQ		10	1752	2018	0	0	31	3
2016	05	28	MX	PY	1	0	F	US	5	1926	1747	−1	−2	11	33
2016	06	04	CR	PY	0	0	CA	US	-3	1786	1750	+1	0	19	32
2016	06	07	CO	PY	2	1	CA	US	9	2014	1741	+2	−4	3	36
2016	06	11	US	PY	1	0	CA		16	1785	1725	+1	0	22	36
2016	09	01	PY	CL	2	1	WQ		31	1756	2009	+6	−2	28	4
2016	09	06	UY	PY	4	0	WQ		16	1904	1740	+2	−4	11	31
2016	10	06	PY	CO	0	1	WQ		-14	1726	1960	−5	+1	36	6
2016	10	11	AR	PY	0	1	WQ		-37	2053	1763	0	+8	1	28
2016	11	10	PY	PE	1	4	WQ		-40	1723	1855	−7	+4	35	16
2016	11	15	BO	PY	1	0	WQ		21	1632	1702	+4	−2	53	37
2017	03	23	PY	EC	2	1	WQ		23	1725	1830	+3	−2	34	19
2017	03	28	BR	PY	3	0	WQ		4	2122	1721	0	0	1	34
2017	06	02	FR	PY	5	0	F		4	1993	1717	0	−1	5	35
2017	06	08	PE	PY	1	0	F		4	1852	1713	0	−1	16	36
2017	07	01	MX	PY	2	1	F	US	5	1920	1708	0	0	10	36
2017	08	31	CL	PY	0	3	WQ		-61	1884	1769	−2	+8	11	28
2017	09	05	PY	UY	1	2	WQ		-21	1748	1867	−4	+3	32	13
2017	10	05	CO	PY	1	2	WQ		-34	1928	1782	−1	+5	8	27
2017	10	10	PY	VE	0	1	WQ		-29	1753	1747	−4	+5	27	30
2018	03	27	US	PY	1	0	F		7	1754	1746	+3	0	26	27
2018	06	12	JP	PY	4	2	F	AT	18	1684	1728	+3	−9	43	37
2018	11	20	ZA	PY	1	1	NMC		4	1548	1724	+2	−3	68	39
2019	03	22	PE	PY	1	0	F	US	6	1861	1718	0	+2	16	37
2019	03	26	MX	PY	4	2	F	US	12	1809	1706	+1	−4	20	40
2019	06	05	PY	HN	1	1	F		-5	1701	1601	−2	+2	42	59
2019	06	09	PY	GT	2	0	F		5	1706	1495	+1	0	41	83
2019	06	16	PY	QA	2	2	CA	BR	4	1710	1765	+1	−1	40	28
2019	06	19	AR	PY	1	1	CA	BR	-11	1867	1721	−1	0	16	40
2019	06	23	CO	PY	1	0	CA	BR	8	2022	1713	0	0	5	39
2019	06	27	BR	PY	0	0	CA		-23	2103	1736	0	+5	1	36
2019	09	05	JP	PY	2	0	F		10	1755	1726	+3	−4	29	40
2019	09	10	JO	PY	2	4	F		-10	1506	1736	−2	+1	80	36
2019	10	10	RS	PY	1	0	F		6	1791	1730	0	−1	24	37
2019	10	13	SK	PY	1	1	F		-3	1741	1733	0	+2	34	35
2019	11	14	BG	PY	0	1	F		-8	1548	1741	−1	+3	68	32
2019	11	19	SA	PY	0	0	F		3	1520	1738	−1	−1	76	33
2020	10	08	PY	PE	2	2	WQ		2	1740	1863	+1	0	34	17
2020	10	13	VE	PY	0	1	WQ		-29	1788	1769	−4	+8	24	26
2020	11	12	AR	PY	1	1	WQ		-14	1968	1783	−2	+1	9	26
2020	11	17	PY	BO	2	2	WQ		-14	1769	1583	−4	+2	29	63
2021	06	03	UY	PY	0	0	WQ		-13	1939	1782	−1	+2	11	25
2021	06	08	PY	BR	0	2	WQ		-11	1771	2151	−1	0	28	1
2021	06	14	PY	BO	3	1	CA	BR	23	1794	1609	+5	−7	23	57
2021	06	21	AR	PY	1	0	CA	BR	12	2007	1782	+1	−2	6	27
2021	06	24	PY	CL	2	0	CA	BR	44	1826	1798	+8	−3	19	22
2021	06	28	UY	PY	1	0	CA	BR	18	1937	1808	+1	−1	11	21
2021	07	02	PY	PE	3	3	CA	BR	2	1810	1832	0	0	22	18
2021	09	02	EC	PY	2	0	WQ		24	1806	1786	+3	−4	23	25
2021	09	05	PY	CO	1	1	WQ		2	1788	1911	−1	0	27	14
2021	09	09	PY	VE	2	1	WQ		11	1799	1715	+4	0	23	36
2021	10	07	PY	AR	0	0	WQ		10	1809	2069	+1	−1	22	4
2021	10	10	CL	PY	2	0	WQ		26	1786	1783	+4	−2	25	26
2021	10	14	BO	PY	4	0	WQ		46	1651	1737	+5	−8	52	35
2021	11	11	PY	CL	0	1	WQ		-22	1715	1828	0	+3	35	20
2021	11	16	CO	PY	0	0	WQ		-14	1904	1729	0	+3	13	36
2022	01	27	PY	UY	0	1	WQ		-19	1710	1866	−4	+3	40	14
2022	02	01	BR	PY	4	0	WQ		3	2142	1707	0	0	1	40
2022	03	24	PY	EC	3	1	WQ		35	1742	1829	+9	−8	32	23
2022	03	29	PE	PY	2	0	WQ		14	1855	1728	+5	−3	15	35
2022	06	02	JP	PY	4	1	F		10	1806	1718	+2	−2	27	36
2022	06	10	KR	PY	2	2	F		-5	1799	1723	−3	0	28	38
2022	08	31	PY	MX	1	0	F	US	13	1736	1809	+2	−2	35	24
2022	09	23	PY	AE	1	0	F	AT	4	1740	1496	0	0	36	81
2022	09	27	MA	PY	0	0	F	ES	0	1751	1740	+1	+1	32	34
2022	11	16	PE	PY	1	0	F		5	1847	1735	0	−1	17	36
2022	11	19	CO	PY	2	0	F	US	8	1919	1727	+1	−1	13	37
2023	03	27	CL	PY	3	2	F		8	1704	1719	0	−2	43	41
2023	06	18	PY	NI	2	0	F		1	1720	1277	0	+2	38	139
2023	09	07	PY	PE	0	0	WQ		1	1721	1841	0	0	39	19
2023	09	12	VE	PY	1	0	WQ		16	1711	1705	+4	−3	38	41
2023	10	12	AR	PY	1	0	WQ		2	2159	1703	0	−1	1	42
2023	10	17	PY	BO	1	0	WQ		9	1712	1576	+4	0	41	63
2023	11	16	CL	PY	0	0	WQ		-6	1707	1718	−4	+3	44	38
2023	11	21	PY	CO	0	1	WQ		-12	1706	1974	−2	+1	42	9
2024	06	07	PE	PY	0	0	F		-4	1741	1710	−2	+1	34	41
2024	06	11	CL	PY	3	0	F		12	1725	1698	+1	−1	39	42
2024	06	16	PA	PY	0	1	F		-13	1697	1711	−1	+1	42	41
2024	06	24	CO	PY	2	1	CA	US	7	2021	1704	+1	−1	5	41
2024	06	28	BR	PY	4	1	CA	US	13	2019	1691	+1	−2	5	45
2024	07	02	CR	PY	2	1	CA	US	29	1660	1662	+3	−6	51	50
2024	09	06	UY	PY	0	0	WQ		-17	1960	1679	−2	+3	9	48
2024	09	10	PY	BR	1	0	WQ		32	1711	1996	+6	−1	42	5
2024	10	10	EC	PY	0	0	WQ		-13	1857	1724	−1	+3	16	39
2024	10	15	PY	VE	2	1	WQ		18	1742	1765	+5	−4	34	30
2024	11	14	PY	AR	2	1	WQ		34	1776	2106	+4	0	30	2
2024	11	19	BO	PY	2	2	WQ		1	1658	1775	0	+1	51	28
2025	03	20	PY	CL	1	0	WQ		12	1787	1716	+2	−5	27	44
2025	03	25	CO	PY	2	2	WQ		-13	1951	1800	0	+1	9	27
2025	06	05	PY	UY	2	0	WQ		32	1832	1889	+7	−3	20	13
2025	06	10	BR	PY	1	0	WQ		7	2001	1825	+1	−1	5	23
2025	09	04	PY	EC	0	0	WQ		-1	1824	1906	0	0	24	11
2025	09	09	PE	PY	0	1	WQ		-20	1710	1844	−3	+2	42	21
2025	10	10	JP	PY	2	2	F		-3	1860	1847	0	+1	17	20
2025	10	14	KR	PY	2	0	F		14	1774	1833	+3	−2	29	21
2025	11	15	US	PY	2	1	F		11	1723	1822	+1	−2	40	23
2025	11	18	PY	MX	2	1	F	US	11	1833	1834	+2	0	21	20
2026	03	27	GR	PY	0	1	F		-11	1750	1844	−2	0	33	22
2026	03	31	MA	PY	2	1	F	FR	11	1821	1833	0	0	24	22
2026	06	05	PY	NI	4	0	F		1	1834	1333	0	0	22	126
2026	06	12	US	PY	4	1	WC		54	1780	1780	+12	−4	26	26
2026	06	19	PY	TR	1	0	WC	US	36	1816	1813	+2	−4	24	25