1927	11	01	PE	UY	0	4	SA		-12	1588	2040	−	0	30	1
1927	11	13	PE	BO	3	2	SA		4	1592	1258	0	0	30	59
1927	11	27	PE	AR	1	5	SA		-14	1578	2007	−2	+1	32	2
1929	11	03	AR	PE	3	0	SA		3	2053	1575	0	−1	1	32
1929	11	11	UY	PE	4	1	SA	AR	8	1980	1567	0	−3	3	35
1929	11	16	PY	PE	5	0	SA	AR	26	1777	1541	0	−4	15	39
1930	07	14	RO	PE	3	1	WC	UY	42	1603	1499	+4	−2	31	41
1930	07	18	UY	PE	1	0	WC		2	1970	1497	0	0	4	41
1935	01	13	PE	UY	0	1	SA		-5	1492	1969	−1	+1	50	4
1935	01	20	PE	AR	1	4	SA		-7	1485	2034	0	+1	50	2
1935	01	26	PE	CL	1	0	SA		28	1513	1602	+4	−7	46	35
1936	08	06	PE	FI	7	3	OG	DE	46	1559	1403	+5	−3	42	57
1936	12	27	BR	PE	3	2	SA	AR	8	1867	1551	0	0	10	42
1937	01	06	UY	PE	4	2	SA	AR	7	1947	1544	+2	−1	3	43
1937	01	16	AR	PE	1	0	SA		2	2028	1542	0	−1	2	44
1937	01	21	CL	PE	2	2	SA	AR	-7	1638	1549	−3	+1	32	43
1937	01	24	PE	PY	1	0	SA	AR	39	1588	1736	+4	−2	39	16
1938	08	08	CO	PE	2	4	BG		-24	1391	1612	0	+3	60	39
1938	08	11	PE	EC	9	1	BG	CO	15	1627	1312	+4	−3	35	72
1938	08	14	PE	BO	3	0	BG	CO	8	1635	1273	0	−1	35	81
1938	08	17	PE	VE	2	1	BG	CO	4	1639	1246	+1	0	34	84
1939	01	15	PE	EC	5	2	SA		7	1646	1311	+3	−1	31	74
1939	01	22	PE	CL	3	1	SA		23	1669	1581	+5	−3	26	42
1939	01	29	PE	PY	3	0	SA		44	1713	1726	+8	−1	18	16
1939	02	12	PE	UY	2	1	SA		30	1743	1849	+2	−2	15	11
1941	01	19	PE	AR	1	1	SZP		9	1752	2078	0	0	17	1
1941	01	26	PE	AR	1	1	SZP		9	1761	2069	0	−1	17	2
1941	01	29	PE	AR	0	3	SZP		-12	1749	2081	0	+1	17	1
1941	02	09	CL	PE	1	0	SA		29	1629	1720	+5	0	37	17
1941	02	12	AR	PE	2	1	SA	CL	6	2087	1714	0	0	1	17
1941	02	23	PE	EC	4	0	SA	CL	7	1721	1264	0	−1	17	83
1941	02	26	UY	PE	2	0	SA	CL	19	1929	1702	+1	−4	6	21
1942	01	18	PY	PE	1	1	SA	UY	1	1689	1701	+1	0	23	21
1942	01	21	BR	PE	2	1	SA	UY	13	1897	1688	0	−3	8	24
1942	01	25	AR	PE	3	1	SA	UY	6	2129	1682	0	−2	1	26
1942	01	28	PE	EC	2	1	SA	UY	4	1686	1253	+1	0	25	87
1942	02	01	UY	PE	3	0	SA		9	1972	1677	0	−1	5	26
1942	02	07	CL	PE	0	0	SA	UY	7	1591	1670	+2	0	42	26
1947	12	06	PY	PE	2	2	SA	EC	-7	1757	1677	−2	+1	17	30
1947	12	09	CL	PE	2	1	SA	EC	28	1669	1649	+4	−3	30	33
1947	12	11	AR	PE	3	2	SA	EC	4	2100	1645	0	−1	1	34
1947	12	20	EC	PE	0	0	SA		19	1224	1626	+2	−1	93	35
1947	12	23	PE	CO	5	1	SA	EC	25	1651	1424	+2	−3	33	64
1947	12	25	UY	PE	1	0	SA	EC	14	1834	1637	+1	−2	14	35
1947	12	27	PE	BO	2	0	SA	EC	9	1646	1283	+2	−2	33	88
1949	04	10	PE	CO	4	0	SA	BR	18	1664	1383	+4	−4	29	73
1949	04	13	PY	PE	3	1	SA	BR	19	1868	1645	+1	−4	10	33
1949	04	20	PE	EC	4	0	SA	BR	7	1652	1204	+1	−1	32	98
1949	04	24	BR	PE	7	1	SA		9	1968	1643	0	+1	5	31
1949	04	27	PE	BO	3	0	SA	BR	17	1660	1375	+2	−4	29	75
1949	04	30	PE	CL	3	0	SA	BR	39	1699	1583	+4	−6	25	40
1949	05	04	PE	UY	4	3	SA	BR	33	1732	1776	+5	−2	20	15
1952	03	23	PE	PA	7	1	PAC	CL	21	1753	1464	+3	−1	16	64
1952	03	30	UY	PE	5	2	PAC	CL	27	1922	1726	+3	−4	7	20
1952	04	02	CL	PE	3	2	PAC		20	1721	1706	+3	−4	21	24
1952	04	10	BR	PE	0	0	PAC	CL	-18	2004	1724	0	+4	2	20
1952	04	20	PE	MX	3	0	PAC	CL	38	1762	1637	+5	−5	16	33
1953	02	22	PE	BO	0	1	SA		-46	1716	1469	−3	+8	20	65
1953	02	28	PE	EC	1	0	SA		2	1718	1251	0	0	19	104
1953	03	04	PE	CL	0	0	SA		-5	1713	1754	−1	0	21	17
1953	03	08	PE	PY	2	2	SA		3	1716	1854	+1	0	20	11
1953	03	19	PE	BR	1	0	SA		41	1757	2031	+3	0	17	3
1953	03	28	PE	UY	0	3	SA		-48	1709	1873	−6	+3	22	10
1953	07	26	PE	CL	1	2	PCF		-19	1690	1738	0	+2	23	19
1953	07	28	PE	CL	5	0	PCF		26	1716	1712	+2	−4	21	23
1954	09	17	CL	PE	2	1	PCF		13	1677	1703	+1	0	27	21
1954	09	19	CL	PE	2	4	PCF		-27	1650	1730	−3	+3	30	18
1955	03	06	CL	PE	5	4	SA		23	1679	1707	+4	−1	26	20
1955	03	13	PE	EC	4	2	SA	CL	6	1713	1262	0	−1	20	112
1955	03	16	AR	PE	2	2	SA	CL	-20	2071	1733	0	+1	2	19
1955	03	23	PY	PE	1	1	SA	CL	-6	1806	1739	−1	+1	14	19
1955	03	30	PE	UY	2	1	SA	CL	37	1776	1892	+4	−1	15	8
1956	01	22	AR	PE	2	1	SA	UY	6	2121	1770	0	0	2	16
1956	01	28	UY	PE	2	0	SA		15	1926	1755	0	−1	8	18
1956	02	01	BR	PE	2	1	SA	UY	14	1934	1741	+2	−1	6	19
1956	02	05	PY	PE	1	1	SA	UY	-4	1790	1745	−1	0	15	19
1956	02	09	CL	PE	4	3	SA	UY	21	1822	1724	0	−2	13	21
1956	02	28	AR	PE	0	0	PAC	MX	-19	2051	1743	0	+2	2	19
1956	03	04	MX	PE	0	2	PAC		-39	1617	1782	−7	+3	39	16
1956	03	06	BR	PE	1	0	PAC	MX	11	2005	1771	0	0	3	16
1956	03	15	CL	PE	2	2	PAC	MX	-1	1788	1772	0	0	14	16
1956	03	17	CR	PE	4	2	PAC	MX	42	1772	1730	+5	−4	15	20
1957	03	10	PE	EC	2	1	SA		2	1732	1254	0	0	19	117
1957	03	16	PE	CL	1	0	SA		20	1752	1741	+1	−1	18	19
1957	03	23	PE	UY	3	5	SA		-36	1716	1902	−3	+3	21	7
1957	03	27	PE	CO	4	1	SA		5	1721	1341	+1	0	20	97
1957	03	31	PE	BR	0	1	SA		-13	1708	2020	−4	0	23	3
1957	04	06	PE	AR	2	1	SA		44	1752	2115	+5	−1	18	2
1957	04	09	PE	AR	1	4	F		-6	1746	2121	0	0	18	2
1957	04	13	PE	BR	1	1	WQ		8	1754	1981	0	0	18	4
1957	04	21	BR	PE	1	0	WQ		5	1986	1749	0	0	4	18
1959	03	10	BR	PE	2	2	SA	AR	-20	2122	1769	0	+4	1	17
1959	03	14	PE	UY	5	3	SA	AR	54	1823	1874	+5	−4	13	10
1959	03	18	AR	PE	3	1	SA		17	1956	1806	+1	−2	3	15
1959	03	21	CL	PE	1	1	SA	AR	11	1646	1795	0	0	39	15
1959	03	29	BO	PE	0	0	SA	AR	16	1540	1779	+2	−1	58	16
1959	04	02	PY	PE	2	1	SA	AR	27	1782	1752	+5	−5	16	21
1959	05	17	PE	EN	4	1	F		22	1774	1925	+3	−2	18	6
1960	07	10	PE	ES	1	3	F		-13	1761	1938	−2	+1	20	6
1961	03	19	CL	PE	5	2	F		15	1716	1746	+3	−3	27	24
1961	04	30	CO	PE	1	0	WQ		33	1422	1713	+12	−2	85	25
1961	05	07	PE	CO	1	1	WQ		-16	1697	1438	−5	+5	30	80
1962	05	20	PE	EN	0	4	F		-12	1685	1940	−1	+1	29	7
1963	03	10	BR	PE	1	0	SA	BO	3	2189	1682	0	0	1	29
1963	03	13	PE	AR	2	1	SA	BO	42	1724	1923	+6	−2	23	7
1963	03	17	PE	EC	2	1	SA	BO	5	1729	1325	−1	0	24	106
1963	03	21	BO	PE	3	2	SA		31	1580	1698	+11	−4	48	28
1963	03	24	CO	PE	1	1	SA	BO	16	1449	1682	+2	−2	82	30
1963	03	27	PY	PE	4	1	SA	BO	41	1745	1641	+5	−9	22	39
1965	04	03	PE	PY	0	1	F		-8	1633	1802	−1	0	39	20
1965	04	15	CL	PE	4	1	PCF		9	1817	1624	0	−4	17	43
1965	04	28	PE	CL	0	1	PCF		-11	1613	1828	−2	+1	44	15
1965	05	16	PE	VE	1	0	WQ		6	1619	1390	+4	−1	44	95
1965	06	02	VE	PE	3	6	WQ		-22	1358	1641	−6	+6	103	37
1965	06	06	PE	UY	0	1	WQ		-14	1627	1867	−4	+2	41	12
1965	06	13	UY	PE	2	1	WQ		5	1872	1622	+1	−2	11	43
1966	06	04	BR	PE	4	0	F		2	2001	1620	0	0	2	42
1966	06	08	BR	PE	3	1	F		2	2008	1618	0	−1	1	43
1967	07	28	PE	UY	0	1	F		-5	1613	1892	0	0	42	10
1967	07	28	PE	JP	1	0	F		6	1619	1547	0	−2	42	56
1967	07	30	PE	JP	0	0	F		-5	1614	1552	0	0	42	56
1967	07	30	PE	UY	1	2	F		-5	1609	1897	0	0	42	10
1968	07	14	PE	BR	3	4	JCS		-5	1604	1995	−2	0	49	3
1968	07	17	PE	BR	0	4	JCS		-9	1595	2004	−1	0	50	3
1968	08	18	PE	CL	1	2	PCF		-12	1583	1769	−3	+1	53	18
1968	08	21	PE	CL	0	0	PCF		4	1587	1765	+2	0	51	18
1968	08	29	PE	AR	2	2	F		6	1593	1908	0	0	50	8
1968	09	01	PE	AR	1	1	F		6	1599	1902	+2	0	48	8
1968	10	20	PE	MX	3	3	F		4	1603	1858	+1	−2	49	15
1969	04	07	BR	PE	2	1	F		1	1996	1602	0	0	3	47
1969	04	09	BR	PE	3	2	F		1	1997	1601	0	0	3	47
1969	05	08	CO	PE	1	3	F		-12	1417	1613	−3	+1	88	46
1969	05	14	SV	PE	1	4	F		-20	1535	1633	−5	+2	65	44
1969	05	20	MX	PE	0	1	F		-17	1809	1650	−2	+5	17	39
1969	05	22	MX	PE	3	0	F		6	1815	1644	0	−3	17	42
1969	06	18	PE	CO	1	1	F		-7	1637	1431	−1	+2	43	85
1969	06	27	PE	UY	1	0	F		13	1650	1830	+3	0	40	12
1969	07	09	PE	PY	2	1	F		10	1660	1737	+4	−1	36	25
1969	07	18	PE	PY	2	1	F		9	1669	1728	+1	0	35	25
1969	08	03	PE	AR	1	0	WQ		24	1693	1823	+4	−2	31	14
1969	08	10	BO	PE	2	1	WQ		18	1650	1675	+4	−4	41	35
1969	08	17	PE	BO	3	0	WQ		23	1698	1627	+5	−5	30	46
1969	08	31	AR	PE	2	2	WQ		-12	1817	1710	−3	0	16	30
1970	02	09	PE	RO	1	1	F		-1	1709	1790	0	0	32	18
1970	02	14	PE	SU	0	0	F		3	1712	1931	+1	0	30	6
1970	02	20	PE	SU	0	2	F		-10	1702	1941	−1	0	30	6
1970	02	21	PE	BG	1	3	F		-14	1688	1833	−4	+3	34	11
1970	02	24	PE	BG	5	3	F		17	1705	1816	+4	−4	30	15
1970	03	05	PE	MX	0	1	F		-13	1692	1705	−4	+4	34	30
1970	03	08	PE	MX	1	0	F		8	1700	1697	+3	−3	31	33
1970	03	15	MX	PE	3	1	F		11	1708	1689	+3	−3	30	34
1970	03	18	MX	PE	3	3	F		-3	1705	1692	0	0	30	34
1970	03	31	UY	PE	2	0	F		5	1870	1687	0	0	9	34
1970	04	21	PE	SV	3	0	F		7	1694	1535	0	0	34	64
1970	06	02	PE	BG	3	2	WC	MX	41	1735	1783	+9	−3	26	18
1970	06	06	PE	MA	3	0	WC	MX	42	1777	1620	+6	−9	20	46
1970	06	10	WG	PE	3	1	WC	MX	17	2046	1760	0	−4	3	23
1970	06	14	BR	PE	4	2	WC	MX	11	2109	1749	0	0	1	22
1971	07	27	PE	PY	0	0	F		-3	1746	1728	0	+1	23	28
1971	08	11	PE	CL	1	0	PCF		10	1756	1725	0	−3	22	29
1971	08	15	PY	PE	2	0	F		11	1751	1745	+2	−1	22	23
1971	08	18	CL	PE	1	0	PCF		11	1746	1734	+3	−3	23	26
1972	03	29	CO	PE	1	1	F		6	1417	1728	+1	−1	88	30
1972	04	05	MX	PE	2	1	F		6	1773	1722	0	0	22	30
1972	04	19	SU	PE	2	0	F		4	1959	1718	0	0	5	30
1972	04	23	RO	PE	2	2	F		-6	1838	1724	0	0	13	30
1972	04	26	SQ	PE	2	0	F		9	1768	1715	+1	0	23	30
1972	05	03	NL	PE	3	0	F		10	1793	1705	+1	−2	18	32
1972	06	06	PE	CO	0	0	F		-8	1697	1416	−1	+1	34	86
1972	06	11	PE	BO	3	0	BRI	BR	27	1724	1584	+5	−4	29	53
1972	06	14	PY	PE	1	0	BRI	BR	18	1781	1706	+3	−3	22	32
1972	06	18	PE	VE	1	0	BRI	BR	5	1711	1357	+2	−2	30	103
1972	06	25	YU	PE	2	1	BRI	BR	12	1870	1699	+1	−2	11	33
1972	08	09	PE	MX	3	2	F		9	1708	1753	+2	0	32	26
1972	10	25	PE	AR	0	2	RCC		-19	1689	1879	−2	+2	33	10
1973	03	04	PE	GT	5	1	F		9	1698	1576	+1	−4	31	53
1973	03	24	PE	BO	2	0	SCR		9	1707	1555	+2	−1	29	57
1973	03	28	PE	PY	1	0	F		9	1716	1776	+2	−1	27	24
1973	04	08	PY	PE	1	1	F		-4	1769	1720	0	0	24	27
1973	04	23	PE	PA	4	0	F		1	1721	1191	0	0	27	137
1973	04	29	PE	CL	2	0	WQ		21	1742	1689	+1	−3	26	34
1973	05	13	CL	PE	2	0	WQ		26	1715	1716	+3	−2	29	28
1973	07	01	PE	CO	3	1	F		3	1719	1432	0	−2	28	82
1973	07	15	BO	PE	2	0	SCR		27	1579	1692	+3	−4	54	32
1973	07	27	AR	PE	3	1	RCC		8	1861	1684	0	0	14	33
1973	08	05	CL	PE	2	1	WQ	UY	16	1762	1668	+1	−1	26	34
1975	06	22	EC	PE	6	0	F		29	1470	1639	+8	−5	75	40
1975	06	25	EC	PE	1	0	F		12	1482	1627	+3	−2	72	42
1975	07	01	PE	EC	2	0	F		6	1633	1476	+1	−1	41	72
1975	07	10	PE	PY	2	0	F		17	1650	1753	+1	−2	40	24
1975	07	17	CL	PE	1	1	CA		-12	1712	1662	0	+2	29	38
1975	07	27	BO	PE	0	1	CA		-24	1531	1686	−6	+7	59	31
1975	08	07	PE	BO	3	1	CA		14	1700	1517	+1	−6	29	65
1975	08	20	PE	CL	3	1	CA		27	1727	1671	+1	−5	28	36
1975	09	30	BR	PE	1	3	CA		-70	1999	1797	−2	+7	5	20
1975	10	04	PE	BR	0	2	CA		-27	1770	2026	−3	+1	23	4
1975	10	16	CO	PE	1	0	CA		27	1665	1743	+2	−3	39	25
1975	10	22	PE	CO	2	0	CA		20	1763	1645	+1	−1	24	40
1975	10	28	PE	CO	1	0	CA	VE	17	1780	1628	+2	−5	22	45
1976	10	12	PE	UY	0	0	F		-6	1774	1663	0	0	22	37
1976	10	28	PE	AR	1	3	RCC		-21	1753	1922	−4	+1	25	10
1976	11	10	AR	PE	1	0	RCC		5	1927	1748	0	0	10	24
1976	11	24	UY	PE	0	0	F		-1	1670	1749	0	0	36	24
1977	02	09	PE	HU	3	2	F		11	1760	1862	0	−2	23	14
1977	02	20	EC	PE	1	1	WQ		10	1473	1750	+4	−1	75	23
1977	03	06	CL	PE	1	1	WQ		-1	1661	1751	−1	0	37	22
1977	03	12	PE	EC	4	0	WQ		7	1758	1450	0	−3	22	81
1977	03	26	PE	CL	2	0	WQ		15	1773	1656	+2	−4	21	39
1977	05	17	MX	PE	1	1	F		-1	1723	1774	0	0	29	22
1977	05	24	MX	PE	2	1	F		9	1732	1765	+1	−1	28	23
1977	05	26	HT	PE	1	2	F		-8	1575	1773	−1	+1	52	22
1977	05	29	HT	PE	2	2	F		3	1578	1770	+1	0	51	22
1977	06	10	PE	PL	1	3	F		-13	1757	1940	−1	0	24	7
1977	07	10	BR	PE	1	0	WQ	CO	6	2067	1751	0	−1	3	24
1977	07	17	PE	BO	5	0	WQ	CO	20	1771	1535	+2	−5	22	60
1978	03	19	AR	PE	2	1	RCC		6	1914	1765	0	0	11	23
1978	03	23	PE	AR	1	3	RCC		-19	1746	1933	−3	+3	26	8
1978	04	01	PE	BG	1	1	F		-3	1743	1747	−1	+1	26	25
1978	04	11	PE	MX	1	0	F	US	12	1755	1797	0	−2	25	21
1978	04	22	PE	CN	2	1	F		3	1758	1581	0	−1	25	52
1978	05	01	BR	PE	3	0	F		3	2076	1755	0	0	3	25
1978	06	03	PE	SQ	3	1	WC	AR	67	1822	1878	+5	−4	19	13
1978	06	07	NL	PE	0	0	WC	AR	-20	2089	1842	−1	+2	2	17
1978	06	11	PE	IR	4	1	WC	AR	45	1887	1749	+2	−2	14	24
1978	06	14	BR	PE	3	0	WC	AR	27	2096	1860	+1	−1	1	15
1978	06	18	PL	PE	1	0	WC	AR	24	1959	1836	+2	−2	7	17
1978	06	21	AR	PE	6	0	WC		26	1995	1810	0	−1	6	18
1979	07	11	PE	EC	2	1	F		1	1811	1459	0	+1	19	76
1979	07	18	PE	CO	0	1	F		-17	1794	1599	−3	+2	22	50
1979	07	25	CO	PE	1	2	F		-7	1592	1801	−2	0	52	22
1979	08	08	EC	PE	2	1	F		16	1475	1785	+6	0	73	22
1979	08	30	PE	UY	2	0	F		7	1792	1669	0	0	22	35
1979	09	12	SQ	PE	1	1	F		-4	1851	1796	−1	0	16	22
1979	10	10	PE	PY	2	3	F		-15	1781	1737	0	0	22	25
1979	10	17	PE	CL	1	2	CA		-40	1741	1678	−1	+7	23	34
1979	10	24	CL	PE	0	0	CA		-3	1675	1744	0	−1	34	24
1979	11	01	MX	PE	1	0	F		8	1716	1736	+1	−2	28	26
1980	07	18	UY	PE	0	0	F		0	1644	1736	0	0	43	26
1980	11	12	PE	UY	1	1	F		-5	1731	1665	0	+1	26	37
1981	02	04	PE	CS	1	3	F		-12	1719	1909	−1	0	28	13
1981	02	11	PE	BG	1	2	F		-13	1706	1718	−2	+3	30	28
1981	04	19	CL	PE	3	0	F		12	1731	1694	+2	−1	26	31
1981	07	26	CO	PE	1	1	WQ		-1	1602	1695	−1	0	49	31
1981	08	05	PE	CL	1	2	F		-11	1684	1781	−3	+1	34	22
1981	08	16	PE	CO	2	0	WQ		15	1699	1581	+3	−2	31	51
1981	08	23	UY	PE	1	2	WQ		-31	1793	1730	−1	+4	19	28
1981	09	06	PE	UY	0	0	WQ		-2	1728	1795	0	0	28	19
1982	03	23	CL	PE	2	1	F		6	1792	1722	0	0	20	30
1982	03	30	PE	CL	1	0	PCF		14	1736	1778	+1	0	29	20
1982	04	18	HU	PE	1	2	F		-15	1797	1751	0	+2	18	27
1982	04	25	DZ	PE	1	1	F		1	1623	1750	+1	0	42	27
1982	04	28	FR	PE	0	1	F		-16	1900	1766	−3	+5	12	22
1982	05	16	PE	RO	2	0	F		11	1777	1761	+1	−2	21	23
1982	06	15	CM	PE	0	0	WC	ES	12	1639	1765	+2	−2	40	22
1982	06	18	IT	PE	1	1	WC	ES	-11	1887	1776	−1	+1	12	20
1982	06	22	PL	PE	5	1	WC	ES	33	1963	1743	+2	−4	6	24
1983	07	18	UY	PE	1	1	F		-4	1803	1747	0	0	19	27
1983	07	21	PE	CL	0	1	PCF		-21	1726	1732	−2	+5	29	27
1983	08	03	CL	PE	2	0	PCF		16	1747	1710	0	−3	27	32
1983	08	11	PE	UY	1	1	F		0	1710	1803	0	0	33	19
1983	08	17	PE	CO	1	0	CA		12	1722	1599	+3	−3	30	46
1983	08	21	BO	PE	1	1	CA		8	1514	1714	+2	−2	66	32
1983	08	28	CO	PE	2	2	CA		1	1600	1713	+1	0	45	33
1983	09	04	PE	BO	2	1	CA		8	1721	1514	+4	0	30	66
1983	10	05	PE	PY	0	2	F		-19	1702	1736	−2	+2	33	31
1983	10	07	PY	PE	4	1	F		11	1747	1691	+1	0	30	33
1983	10	13	PE	UY	0	1	CA		-26	1665	1808	−4	+1	37	20
1983	10	20	UY	PE	1	1	CA		-15	1793	1680	0	+1	21	36
1984	02	26	PE	HN	1	3	F		-22	1658	1622	−1	+7	36	40
1984	08	02	CO	PE	1	1	F		-1	1587	1659	0	0	47	38
1984	08	09	PE	CO	0	0	F		-5	1654	1592	−1	0	38	48
1984	09	19	UY	PE	2	0	F		4	1891	1650	0	0	10	38
1984	10	03	PE	UY	1	3	F		-9	1641	1900	−1	+1	39	9
1985	02	17	PE	BO	3	0	F		8	1649	1519	0	−1	38	65
1985	02	24	CL	PE	1	2	F		-16	1760	1665	−4	+1	29	37
1985	02	27	UY	PE	2	2	F		-8	1930	1673	0	+3	6	34
1985	03	09	PE	CL	1	1	F		-1	1672	1755	0	0	34	29
1985	03	21	PE	EC	1	0	F		4	1676	1544	0	+1	34	59
1985	04	23	PE	UY	2	1	F		14	1690	1903	+3	−1	32	7
1985	04	28	BR	PE	0	1	F		-18	1929	1708	0	0	5	32
1985	05	01	BO	PE	0	0	F		3	1499	1705	0	0	69	32
1985	05	26	CO	PE	1	0	WQ		17	1683	1688	+5	0	33	32
1985	06	02	VE	PE	0	1	WQ		-10	1380	1698	−1	0	92	32
1985	06	09	PE	CO	0	0	WQ		-7	1691	1669	0	+2	32	37
1985	06	16	PE	VE	4	1	WQ		6	1697	1372	0	0	32	91
1985	06	23	PE	AR	1	0	WQ		27	1724	1897	0	−2	32	8
1985	06	30	AR	PE	2	2	WQ		-13	1884	1737	−1	+1	9	31
1985	09	20	MX	PE	0	0	F	US	-3	1837	1740	0	0	17	30
1985	09	22	MX	PE	1	0	F	US	7	1844	1733	+2	0	15	30
1985	10	16	PE	PY	0	1	F		-13	1720	1737	−1	+1	32	31
1985	10	27	CL	PE	4	2	WQ		16	1813	1704	0	0	23	32
1985	11	03	PE	CL	0	1	WQ		-19	1685	1832	−2	+4	34	19
1986	01	28	CN	PE	3	1	NGC	IN	42	1585	1643	+7	−6	54	39
1986	01	30	IN	PE	0	1	NGC		-6	1227	1649	−1	+1	130	38
1986	04	01	BR	PE	4	0	F		4	1901	1645	0	0	7	37
1987	06	19	PE	CL	1	3	F		-13	1632	1810	−2	+3	44	18
1987	06	21	PE	CL	2	0	F		18	1650	1792	+4	−2	40	21
1987	06	24	CL	PE	1	0	F		4	1796	1646	0	−1	21	41
1987	06	27	AR	PE	1	1	CA		-22	1980	1668	−2	+3	4	38
1987	07	04	EC	PE	1	1	CA	AR	10	1531	1658	0	−1	67	40
1988	09	21	PE	PY	0	1	F		-10	1648	1784	−1	0	41	26
1988	10	25	CL	PE	2	0	PCF		8	1817	1640	+3	−1	18	42
1988	11	23	PE	CL	1	1	PCF		2	1642	1796	0	0	41	24
1988	12	14	UY	PE	3	0	MFP		8	1853	1634	+3	−2	12	43
1989	02	01	CL	PE	0	0	CNY	CO	-6	1777	1640	−1	+1	24	41
1989	02	03	CO	PE	1	0	CNY		5	1822	1635	+1	0	17	41
1989	05	10	BR	PE	4	1	F		2	2004	1633	−1	0	3	43
1989	05	15	PY	PE	1	1	F		-7	1804	1640	0	+3	22	40
1989	05	18	PE	VE	2	1	F		2	1642	1374	0	0	40	98
1989	05	24	PE	BR	1	1	F		6	1648	1998	+1	−1	39	4
1989	06	04	US	PE	3	0	FT		25	1588	1623	+6	−4	50	45
1989	06	16	TT	PE	2	1	FT		16	1526	1607	+2	−3	63	48
1989	06	20	PE	EC	2	1	FT	TT	14	1621	1575	+2	−2	46	52
1989	06	25	VE	PE	3	1	F		21	1395	1600	+2	−2	96	48
1989	07	01	PY	PE	5	2	CA	BR	22	1814	1578	+1	−4	21	52
1989	07	03	BR	PE	0	0	CA		-22	1923	1600	−1	+4	7	49
1989	07	05	PE	VE	1	1	CA	BR	-14	1586	1402	−3	+3	52	93
1989	07	09	CO	PE	1	1	CA	BR	-16	1824	1602	−2	+3	20	49
1989	07	25	CL	PE	2	1	F		4	1762	1598	+1	0	25	50
1989	08	20	BO	PE	2	1	WQ		20	1515	1578	+1	−5	65	54
1989	08	27	PE	UY	0	2	WQ		-14	1564	1901	−2	+2	56	11
1989	09	10	PE	BO	1	2	WQ		-26	1538	1575	−6	+8	63	54
1989	09	24	UY	PE	2	0	WQ		5	1878	1533	+1	0	13	64
1991	06	06	PE	EC	0	1	F		-10	1523	1644	−3	+2	63	41
1991	06	12	PE	UY	1	0	F		16	1539	1841	+5	0	58	16
1991	06	20	UY	PE	0	0	F		-8	1833	1547	−1	+1	17	57
1991	06	25	EC	PE	2	2	F		-5	1651	1552	0	0	39	57
1991	07	06	PY	PE	1	0	CA	CL	12	1764	1540	+3	−2	26	60
1991	07	08	CL	PE	4	2	CA		9	1803	1531	+1	−2	20	62
1991	07	12	PE	VE	5	1	CA	CL	25	1556	1331	+4	−8	58	110
1991	07	14	AR	PE	3	2	CA	CL	5	1956	1551	+1	−1	4	58
1992	11	24	PE	EC	1	1	F		0	1551	1645	0	0	65	43
1993	01	23	VE	PE	0	0	F		3	1334	1548	+1	0	117	65
1993	01	27	PE	HN	1	1	F		1	1549	1699	0	0	65	32
1993	01	30	PE	BY	1	1	F		-6	1543	1414	−1	0	65	100
1993	02	03	PE	RO	0	2	F		-8	1535	1813	−3	0	67	19
1993	05	26	US	PE	0	0	F		-5	1636	1540	−1	+1	43	67
1993	05	30	EC	PE	1	0	F		4	1663	1536	−1	0	35	67
1993	06	06	PE	BO	1	0	F		9	1545	1586	−1	−4	68	60
1993	06	11	PE	VE	3	1	F		5	1550	1346	+1	0	67	118
1993	06	18	BR	PE	0	0	CA	EC	-21	1976	1571	−1	+4	4	63
1993	06	21	PY	PE	1	1	CA	EC	-11	1720	1582	0	+1	30	63
1993	06	24	PE	CL	1	0	CA	EC	39	1621	1753	+17	−2	46	27
1993	06	27	MX	PE	4	2	CA	EC	18	1840	1603	+3	−8	16	54
1993	07	13	PE	UY	1	2	F		-7	1596	1817	−4	+1	58	21
1993	07	17	UY	PE	3	0	F		5	1822	1591	0	−1	21	59
1993	08	01	PE	AR	0	1	WQ		-6	1585	2000	−2	0	61	2
1993	08	08	PE	CO	0	1	WQ		-12	1573	1847	−2	+1	63	17
1993	08	15	PY	PE	2	1	WQ		10	1678	1563	+1	−2	33	65
1993	08	22	AR	PE	2	1	WQ		2	1991	1561	0	0	2	65
1993	08	29	CO	PE	4	0	WQ		7	1873	1554	+1	0	13	65
1993	09	05	PE	PY	2	2	WQ		3	1557	1697	0	0	65	32
1994	05	03	CO	PE	1	0	MIA	US	3	1927	1554	+1	−1	6	66
1994	05	05	HN	PE	2	1	MIA	US	16	1541	1538	+6	−2	67	68
1994	05	25	CL	PE	2	1	F		3	1773	1535	0	−1	25	69
1994	06	08	BO	PE	0	0	F		-7	1698	1542	−1	+2	31	67
1994	08	17	PE	EC	2	0	F		16	1558	1643	+2	−5	65	44
1994	09	21	EC	PE	0	0	F		-5	1638	1563	−1	0	43	65
1994	10	19	PE	UY	0	1	PDR		-10	1553	1806	−3	+1	67	23
1995	04	05	UY	PE	1	0	EIC		4	1802	1549	0	−1	24	66
1995	04	19	PE	CL	6	0	F		27	1576	1727	+4	0	62	28
1995	05	31	AR	PE	1	0	CDB		3	1868	1573	0	0	18	61
1995	07	01	PE	BO	4	1	F		18	1591	1669	+2	−1	58	34
1995	07	07	CO	PE	1	1	CA	UY	-18	1891	1609	−2	+6	9	52
1995	07	10	BR	PE	2	0	CA	UY	4	2098	1605	0	−3	1	55
1995	07	13	EC	PE	2	1	CA	UY	22	1669	1583	+4	−5	35	60
1996	02	11	PE	BO	1	3	F		-16	1567	1685	−2	+3	62	35
1996	02	14	CL	PE	4	0	F		8	1706	1559	0	0	33	62
1996	03	07	BO	PE	2	0	F		6	1708	1553	+1	−3	32	65
1996	04	24	EC	PE	4	1	WQ		15	1689	1538	+3	−4	34	71
1996	06	02	PE	CO	1	1	WQ		12	1550	1872	+3	−1	68	15
1996	06	20	PE	AM	4	0	F		4	1554	1275	+1	−2	67	137
1996	07	07	PE	AR	0	0	WQ		9	1563	1813	+2	−1	64	20
1996	08	14	PE	CR	3	0	F		13	1576	1555	+2	−3	62	66
1996	09	01	BO	PE	0	0	WQ		-10	1664	1586	−3	+4	39	58
1996	10	16	PE	US	4	1	F		19	1605	1706	+7	−1	52	32
1996	11	10	PE	VE	4	1	WQ		9	1614	1374	+2	0	50	113
1996	12	15	UY	PE	2	0	WQ		12	1773	1602	+1	−7	23	56
1997	01	12	PE	CL	2	1	WQ		22	1624	1722	+7	−2	49	31
1997	01	17	US	PE	0	1	USC		-22	1687	1646	−2	+4	35	45
1997	01	22	MX	PE	0	0	USC	US	-7	1811	1653	−1	+1	21	44
1997	02	12	PY	PE	2	1	WQ		7	1832	1646	+1	−1	16	45
1997	04	02	PE	EC	1	1	WQ		-3	1643	1700	+1	−2	44	36
1997	04	30	CO	PE	0	1	WQ		-35	1833	1678	−4	+5	17	41
1997	06	08	AR	PE	2	0	WQ		12	1829	1666	+1	−2	18	42
1997	06	12	PE	UY	1	0	CA	BO	29	1695	1693	+5	−10	37	38
1997	06	15	BO	PE	2	0	CA		26	1726	1669	+5	−6	28	42
1997	06	18	PE	VE	2	0	CA	BO	10	1679	1343	+3	0	40	120
1997	06	21	PE	AR	2	1	CA	BO	36	1715	1809	+8	−6	32	21
1997	06	26	BR	PE	7	0	CA	BO	10	2124	1705	0	−2	1	34
1997	06	28	MX	PE	1	0	CA	BO	19	1806	1686	+4	−3	21	37
1997	07	06	PE	BO	2	1	WQ		20	1706	1762	+3	0	35	25
1997	08	20	VE	PE	0	3	WQ		-13	1343	1719	−2	+6	121	30
1997	08	24	PE	CO	2	1	FT		14	1733	1771	+1	−1	29	24
1997	09	10	PE	UY	2	1	WQ		12	1745	1680	+4	−4	27	42
1997	10	12	CL	PE	4	0	WQ		32	1724	1713	+8	−10	32	37
1997	11	16	PE	PY	1	0	WQ		17	1730	1750	+5	−2	32	27
1998	04	15	MX	PE	1	0	F	US	7	1856	1723	+1	−2	16	34
1998	10	10	NL	PE	2	0	F		3	1999	1720	+1	−1	4	31
1999	02	10	PE	EC	1	2	F		-12	1708	1762	−3	+4	37	22
1999	02	17	EC	PE	1	2	F		-14	1748	1722	−7	+3	29	34
1999	05	30	BE	PE	1	1	KRN	JP	-2	1755	1724	0	+2	23	33
1999	06	06	JP	PE	0	0	KRN		-1	1641	1725	−1	0	52	33
1999	06	17	CO	PE	3	3	F		-3	1744	1728	−1	0	29	32
1999	06	20	VE	PE	3	0	F		28	1424	1700	+4	−6	101	38
1999	06	23	PE	VE	3	0	F		4	1704	1420	+1	−1	37	102
1999	06	29	PE	JP	3	2	CA	PY	21	1725	1620	+5	−1	32	51
1999	07	02	PE	BO	1	0	CA	PY	21	1746	1655	+4	−3	27	47
1999	07	05	PY	PE	1	0	CA		15	1809	1731	0	−2	20	31
1999	07	10	MX	PE	3	3	CA	PY	-10	1870	1741	0	+1	16	30
1999	11	17	PE	SK	2	1	F		6	1747	1692	+4	−1	28	38
1999	12	01	PE	HN	0	0	F		-6	1741	1602	−2	0	30	56
2000	02	14	HT	PE	1	1	CCH	US	19	1424	1722	+5	−8	100	36
2000	02	16	US	PE	1	0	CCH		12	1829	1710	+1	−3	18	37
2000	02	19	PE	HN	5	3	CCH	US	38	1748	1673	+12	−7	25	42
2000	02	23	CO	PE	2	1	CCH	US	23	1793	1725	+1	−7	21	32
2000	03	29	PE	PY	2	0	WQ		29	1754	1783	+6	−3	26	21
2000	04	26	CL	PE	1	1	WQ		-3	1709	1757	−1	+1	38	24
2000	06	04	PE	BR	0	1	WQ		-8	1749	2096	−1	0	25	1
2000	06	29	EC	PE	2	1	WQ		19	1686	1730	+3	−4	43	32
2000	07	19	PE	CO	0	1	WQ		-25	1705	1770	−6	+5	37	23
2000	07	26	UY	PE	0	0	WQ		-9	1758	1714	−2	+2	26	36
2000	08	16	PE	VE	1	0	WQ		4	1718	1434	0	−2	36	94
2000	09	03	PE	AR	1	2	WQ		-12	1706	1968	−5	0	39	7
2000	10	08	BO	PE	1	0	WQ		22	1591	1684	+1	−4	60	41
2000	11	15	PY	PE	5	1	WQ		13	1866	1671	+1	−6	12	47
2001	03	07	HN	PE	0	0	F	US	-1	1712	1672	−1	0	36	47
2001	03	27	PE	CL	3	1	WQ		24	1696	1678	+7	−7	39	46
2001	04	25	BR	PE	1	1	WQ		-16	1978	1712	0	+4	6	36
2001	06	02	PE	EC	1	2	WQ		-24	1688	1771	−4	+2	40	27
2001	07	12	PY	PE	3	3	CA	CO	-12	1855	1700	−2	+2	14	38
2001	07	15	BR	PE	2	0	CA	CO	22	1877	1678	+3	−4	11	43
2001	07	18	PE	MX	1	0	CA	CO	29	1707	1703	+9	−8	35	37
2001	07	23	CO	PE	3	0	CA		20	1841	1687	+2	−6	18	43
2001	08	16	CO	PE	0	1	WQ		-34	1842	1721	−3	+10	15	33
2001	09	04	PE	UY	0	2	WQ		-39	1682	1750	−9	+9	43	29
2001	10	06	VE	PE	3	0	WQ		44	1537	1638	+14	−7	67	51
2001	11	08	AR	PE	2	0	WQ		3	2033	1635	0	0	2	51
2001	11	14	PE	BO	1	1	WQ		-10	1625	1563	0	+1	51	64
2003	02	23	PE	HT	5	1	F		8	1633	1488	+1	−3	51	79
2003	03	30	CL	PE	2	0	F		13	1603	1620	+1	−2	57	52
2003	04	02	PE	CL	3	0	F		12	1632	1591	+1	−1	51	58
2003	04	30	PE	PY	0	1	F		-9	1623	1767	−2	+2	53	25
2003	06	11	EC	PE	2	2	F	US	-3	1724	1626	+1	0	34	52
2003	06	26	PE	VE	1	0	F	US	10	1636	1629	+1	−1	51	52
2003	07	02	PE	GT	2	1	F	US	8	1644	1556	+2	−1	49	65
2003	07	24	PE	UY	3	4	F		-8	1636	1816	−2	0	51	20
2003	07	30	UY	PE	1	0	F		3	1819	1633	0	0	20	51
2003	08	20	PE	MX	3	1	F	US	25	1658	1874	+5	−3	46	14
2003	08	27	PE	GT	0	0	F		-6	1652	1547	−1	+1	47	67
2003	09	06	PE	PY	4	1	WQ		35	1687	1721	+6	−6	41	34
2003	09	09	CL	PE	2	1	WQ		17	1653	1670	+5	−5	47	46
2003	11	16	PE	BR	1	1	WQ		12	1682	2003	+3	0	41	3
2003	11	19	EC	PE	0	0	WQ		-8	1718	1690	0	+2	35	39
2004	02	18	ES	PE	2	1	F		2	2007	1688	0	−2	3	42
2004	03	31	PE	CO	0	2	WQ		-37	1651	1743	−8	+8	50	30
2004	04	28	CL	PE	1	1	F		-3	1666	1654	−1	+2	47	48
2004	06	01	UY	PE	1	3	WQ		-47	1732	1701	−3	+13	30	38
2004	06	06	PE	VE	0	0	WQ		-7	1694	1681	−1	+1	39	43
2004	06	30	AR	PE	2	1	F	US	4	1967	1690	0	0	6	38
2004	07	06	PE	BO	2	2	CA		-14	1676	1587	−5	+1	43	61
2004	07	09	PE	VE	3	1	CA		26	1702	1637	+9	−8	34	54
2004	07	12	PE	CO	2	2	CA		1	1703	1813	+1	0	34	21
2004	07	17	PE	AR	0	1	CA		-14	1689	1984	−2	+1	35	5
2004	09	04	PE	AR	1	3	WQ		-13	1676	2032	−4	0	39	1
2004	10	09	BO	PE	1	0	WQ		20	1597	1656	+2	−6	63	47
2004	10	13	PY	PE	1	1	WQ		-12	1787	1668	−4	+2	28	44
2004	11	17	PE	CL	2	1	WQ		14	1682	1655	+3	−5	40	47
2005	03	27	BR	PE	1	0	WQ		4	1977	1678	+1	−2	3	44
2005	03	30	PE	EC	2	2	WQ		-4	1674	1717	−2	+1	46	35
2005	05	22	JP	PE	0	1	KRN		-25	1813	1699	−4	+6	21	40
2005	05	24	PE	AE	0	0	KRN	JP	-11	1688	1408	−1	0	41	102
2005	06	04	CO	PE	5	0	WQ		20	1804	1668	+5	−7	21	48
2005	06	07	PE	UY	0	0	WQ		3	1671	1809	+2	0	46	20
2005	08	17	PE	CL	3	1	F		12	1683	1678	+4	−3	44	46
2005	09	03	VE	PE	4	1	WQ		34	1625	1649	+4	−8	56	52
2005	10	09	AR	PE	2	0	WQ		5	1957	1644	0	−1	5	53
2005	10	12	PE	BO	4	1	WQ		19	1663	1559	+1	−3	52	67
2006	05	10	TT	PE	1	1	F		-1	1589	1664	0	0	61	47
2006	08	16	PE	PA	0	2	F		-25	1639	1500	−4	+6	51	84
2006	09	06	EC	PE	1	1	F	US	-4	1764	1643	−1	0	28	50
2006	10	07	CL	PE	3	2	PCF		9	1711	1634	0	0	43	50
2006	10	11	PE	CL	0	1	PCF		-16	1618	1727	−5	+2	55	40
2006	11	15	JM	PE	1	1	F		-3	1608	1621	0	0	55	54
2006	11	19	PA	PE	1	2	F		-10	1503	1631	−4	+2	85	52
2007	03	24	JP	PE	2	0	F		7	1733	1624	+1	−1	39	53
2007	06	03	PE	EC	2	1	F	ES	13	1637	1736	+1	−5	52	38
2007	06	06	EC	PE	2	0	F	ES	11	1747	1626	+3	−2	36	54
2007	06	26	PE	UY	3	0	CA	VE	70	1696	1793	+11	−10	43	24
2007	06	30	VE	PE	2	0	CA		33	1672	1663	+8	−4	44	47
2007	07	03	BO	PE	2	2	CA	VE	6	1589	1657	+1	−1	61	48
2007	07	08	AR	PE	4	0	CA	VE	9	2049	1648	+1	−1	2	48
2007	08	22	CR	PE	1	1	F		-3	1645	1651	−2	+2	52	48
2007	09	08	PE	CO	2	2	F		1	1652	1794	−1	−1	49	21
2007	09	12	PE	BO	2	0	F		8	1660	1576	+3	0	46	62
2007	10	13	PE	PY	0	0	WQ		1	1661	1768	−2	+1	48	28
2007	10	17	CL	PE	2	0	WQ		15	1762	1646	+3	−5	30	52
2007	11	18	PE	BR	1	1	WQ		15	1661	2073	+3	0	47	1
2007	11	21	EC	PE	5	1	WQ		29	1673	1632	+8	−7	43	55
2008	02	06	BO	PE	2	1	F		9	1565	1623	+3	−3	69	56
2008	03	26	PE	CR	3	1	F		11	1634	1627	+6	+1	50	52
2008	05	31	ES	PE	2	1	F		1	1982	1633	0	0	5	50
2008	06	08	MX	PE	4	0	F	US	7	1891	1626	0	−1	12	52
2008	06	14	PE	CO	1	1	WQ		5	1631	1812	+1	+2	51	15
2008	06	17	UY	PE	6	0	WQ		15	1810	1616	+2	−5	19	56
2008	09	06	PE	VE	1	0	WQ		18	1634	1658	+1	−2	52	47
2008	09	10	PE	AR	1	1	WQ		13	1647	1987	+2	0	50	5
2008	10	11	BO	PE	3	0	WQ		31	1620	1616	+6	−4	53	54
2008	10	15	PY	PE	1	0	WQ		5	1850	1611	0	−1	12	55
2009	02	06	SV	PE	1	0	F	US	14	1472	1597	+1	−2	89	59
2009	02	11	PE	PY	0	1	F		-6	1591	1860	0	0	59	11
2009	03	29	PE	CL	1	3	WQ		-22	1569	1814	−8	+4	67	19
2009	04	01	BR	PE	3	0	WQ		3	2022	1566	0	+1	3	66
2009	06	07	PE	EC	1	2	WQ		-19	1547	1711	−5	+5	72	40
2009	06	10	CO	PE	1	0	WQ		7	1731	1540	−1	−2	36	74
2009	09	05	PE	UY	1	0	WQ		29	1569	1787	+10	−5	65	22
2009	09	09	VE	PE	3	1	WQ		12	1724	1557	+1	−2	39	67
2009	10	10	AR	PE	2	1	WQ		3	1877	1554	+1	−2	10	69
2009	10	14	PE	BO	1	0	WQ		18	1572	1601	+5	−2	66	58
2009	11	18	PE	HN	2	1	F	US	15	1587	1745	+6	−9	60	36
2010	09	04	CA	PE	0	2	F		-20	1582	1607	−11	+8	67	56
2010	09	07	PE	JM	2	1	F	US	11	1618	1619	+2	0	54	53
2010	10	08	PE	CR	2	0	F		13	1631	1666	+2	−3	52	46
2010	10	12	PA	PE	1	0	F		8	1605	1623	+4	−2	58	53
2010	11	17	CO	PE	1	1	F		-6	1763	1629	−1	+1	25	52
2011	02	08	PE	PA	1	0	F		6	1635	1585	0	−2	52	62
2011	03	29	EC	PE	0	0	F	NL	-2	1714	1637	−1	+1	37	53
2011	06	01	JP	PE	0	0	KRN		-11	1829	1648	0	+6	13	48
2011	06	04	CZ	PE	0	0	KRN	JP	-4	1730	1652	−1	0	33	48
2011	07	04	PE	UY	1	1	CA	AR	14	1666	1865	+1	0	46	11
2011	07	08	PE	MX	1	0	CA	AR	41	1707	1883	+8	−4	39	10
2011	07	12	CL	PE	1	0	CA	AR	11	1940	1696	0	−3	5	41
2011	07	16	PE	CO	2	0	CA	AR	50	1746	1763	+9	−8	32	25
2011	07	19	UY	PE	2	0	CA	AR	21	1926	1725	+2	−4	5	36
2011	07	23	PE	VE	4	1	CA	AR	54	1779	1751	+14	−12	22	31
2011	09	02	PE	BO	2	2	F		-8	1771	1534	−1	+6	24	75
2011	09	05	BO	PE	0	0	F		4	1538	1767	+1	0	74	25
2011	10	07	PE	PY	2	0	WQ		25	1792	1788	+4	−6	22	23
2011	10	11	CL	PE	4	2	WQ		16	1883	1776	+1	−2	9	24
2011	11	15	EC	PE	2	0	WQ		23	1778	1753	+7	−7	23	31
2012	02	29	TN	PE	1	1	F		2	1579	1751	+1	0	66	30
2012	03	21	CL	PE	3	1	PCF		10	1875	1741	+2	−1	10	31
2012	04	11	PE	CL	0	3	PCF		-24	1717	1899	−4	+2	35	8
2012	05	23	PE	NG	1	0	F		5	1722	1641	0	0	35	51
2012	06	03	PE	CO	0	1	WQ		-22	1700	1810	−4	+3	38	18
2012	06	10	UY	PE	4	2	WQ		6	1976	1694	0	0	5	38
2012	08	15	CR	PE	0	1	F		-12	1661	1706	−1	0	45	37
2012	09	07	PE	VE	2	1	WQ		14	1720	1684	+4	−2	33	42
2012	09	11	PE	AR	1	1	WQ		9	1729	1978	0	+1	33	4
2012	10	12	BO	PE	1	1	WQ		3	1574	1726	0	−1	67	34
2012	10	16	PY	PE	1	0	WQ		16	1714	1710	+3	0	33	34
2012	11	14	HN	PE	0	0	F	US	1	1680	1709	+1	0	40	34
2013	02	06	TT	PE	0	2	F		-8	1427	1717	−1	0	104	35
2013	03	22	PE	CL	1	0	WQ		20	1737	1790	+3	−3	32	23
2013	03	26	PE	TT	3	0	F		3	1740	1420	+1	+1	31	105
2013	04	17	MX	PE	0	0	F	US	-4	1875	1744	−1	0	14	31
2013	06	01	PA	PE	1	2	F		-12	1701	1756	−2	+5	37	27
2013	06	07	PE	EC	1	0	WQ		21	1777	1853	+3	0	26	14
2013	06	11	CO	PE	2	0	WQ		13	1911	1764	+2	−2	7	28
2013	08	14	KR	PE	0	0	F		-1	1681	1765	0	+1	43	26
2013	09	06	PE	UY	1	2	WQ		-20	1745	1891	−2	+1	28	10
2013	09	10	VE	PE	3	2	WQ		17	1710	1728	+3	−1	36	29
2013	10	11	AR	PE	3	1	WQ		5	2042	1723	0	−2	4	31
2013	10	15	PE	BO	1	1	WQ		-11	1712	1626	−2	+1	34	55
2014	05	30	EN	PE	3	0	F		5	1941	1707	0	−1	6	36
2014	06	03	CH	PE	2	0	F		6	1854	1701	+2	0	13	37
2014	08	06	PE	PA	3	0	F		13	1714	1686	+2	−3	33	39
2014	09	04	PE	IQ	2	0	F	AE	9	1723	1564	+1	−2	32	67
2014	09	09	QA	PE	0	2	F		-12	1532	1735	−4	+1	77	30
2014	10	10	CL	PE	3	0	F		4	1983	1731	0	0	6	29
2014	10	14	PE	GT	1	0	F		3	1734	1538	+2	0	27	75
2014	11	14	PY	PE	2	1	F		9	1690	1725	+2	−3	39	30
2014	11	18	PE	PY	2	1	F		6	1731	1684	+1	−1	28	39
2015	03	31	VE	PE	1	0	F	US	12	1687	1719	+3	−4	42	37
2015	06	03	PE	MX	1	1	F		2	1721	1891	0	0	36	12
2015	06	14	BR	PE	2	1	CA	CL	6	2075	1715	0	−4	2	39
2015	06	18	PE	VE	1	0	CA	CL	26	1741	1705	+10	−6	29	41
2015	06	21	CO	PE	0	0	CA	CL	-16	1999	1757	−1	+3	5	26
2015	06	25	PE	BO	3	1	CA	CL	28	1785	1638	+4	−5	22	52
2015	06	29	CL	PE	2	1	CA		8	1976	1777	0	−2	6	24
2015	07	03	PE	PY	2	0	CA	CL	32	1809	1698	+4	−6	20	42
2015	09	04	US	PE	2	1	F		7	1805	1802	+3	−2	18	20
2015	09	08	CO	PE	1	1	F	US	-5	1998	1807	0	+2	4	17
2015	10	08	CO	PE	2	0	WQ		9	2007	1798	0	0	4	17
2015	10	13	PE	CL	3	4	WQ		-14	1784	2018	−3	+2	22	3
2015	11	13	PE	PY	1	0	WQ		12	1796	1718	+3	−3	19	37
2015	11	17	BR	PE	3	0	WQ		9	2038	1787	0	−4	2	23
2016	03	24	PE	VE	2	2	WQ		-13	1774	1626	−2	+3	24	51
2016	03	29	UY	PE	1	0	WQ		7	1963	1767	0	−2	8	27
2016	05	23	PE	TT	4	0	F		6	1773	1581	+2	−1	25	62
2016	05	28	PE	SV	3	1	F	US	4	1777	1436	+2	0	23	100
2016	06	04	PE	HT	1	0	CA	US	8	1785	1490	+2	−3	20	86
2016	06	08	EC	PE	2	2	CA	US	-7	1875	1792	0	0	14	20
2016	06	12	PE	BR	1	0	CA	US	39	1831	1978	+3	−3	17	6
2016	06	17	CO	PE	0	0	CA	US	-10	1963	1841	−2	+1	8	16
2016	09	01	BO	PE	2	0	WQ		43	1616	1798	+7	−4	56	21
2016	09	06	PE	EC	2	1	WQ		16	1814	1810	+3	−3	18	19
2016	10	06	PE	AR	2	2	WQ		10	1824	2090	0	0	18	1
2016	10	11	CL	PE	2	1	WQ		9	1957	1815	+1	−2	6	20
2016	11	10	PY	PE	1	4	WQ		-40	1723	1855	−7	+4	35	16
2016	11	15	PE	BR	0	2	WQ		-21	1834	2087	−3	0	20	1
2017	03	23	VE	PE	2	2	WQ		3	1686	1831	+2	+1	41	18
2017	03	28	PE	UY	2	1	WQ		17	1848	1870	+1	+1	17	13
2017	06	08	PE	PY	1	0	F		4	1852	1713	0	−1	16	36
2017	06	13	PE	JM	3	1	F		2	1854	1522	0	0	15	79
2017	08	31	PE	BO	2	1	WQ		7	1861	1678	0	−4	14	45
2017	09	05	EC	PE	1	2	WQ		-22	1776	1883	−6	+2	27	11
2017	10	05	AR	PE	0	0	WQ		-11	1985	1894	−1	0	5	11
2017	10	10	PE	CO	1	1	WQ		-4	1890	1932	0	0	11	8
2017	11	11	NZ	PE	0	0	WQ		13	1528	1877	+1	−3	75	14
2017	11	15	PE	NZ	2	0	WQ		4	1881	1524	0	0	12	75
2018	03	23	PE	HR	2	0	F	US	14	1895	1842	+2	−2	10	18
2018	03	27	PE	IS	3	1	F	US	11	1906	1787	+1	−1	10	22
2018	05	29	PE	SQ	2	0	F		5	1911	1712	0	−1	10	40
2018	06	03	PE	SA	3	0	F	CH	5	1916	1589	0	−1	10	64
2018	06	09	SE	PE	0	0	F		1	1793	1915	0	0	20	10
2018	06	16	DK	PE	1	0	WC	RU	35	1889	1880	+3	−5	13	15
2018	06	21	FR	PE	1	0	WC	RU	20	2018	1860	0	−3	4	18
2018	06	26	PE	AU	2	0	WC	RU	31	1891	1713	+3	−9	15	38
2018	09	06	NL	PE	2	1	F		7	1913	1884	+1	−1	10	14
2018	09	09	DE	PE	2	1	F		5	1972	1879	0	−1	5	15
2018	10	12	PE	CL	3	0	F	US	17	1896	1852	+2	−1	13	17
2018	10	16	US	PE	1	1	F		1	1754	1895	+1	0	27	13
2018	11	15	PE	EC	0	2	F		-24	1871	1765	−3	+5	16	27
2018	11	20	PE	CR	2	3	F		-16	1855	1724	0	+3	16	39
2019	03	22	PE	PY	1	0	F	US	6	1861	1718	0	+2	16	37
2019	03	26	SV	PE	2	0	F	US	27	1527	1834	+6	−1	76	17
2019	06	05	PE	CR	1	0	F		4	1838	1700	+1	−2	16	43
2019	06	09	PE	CO	0	3	F		-17	1821	1974	−4	+1	20	7
2019	06	15	PE	VE	0	0	CA	BR	-3	1818	1788	0	+1	20	24
2019	06	18	PE	BO	3	1	CA	BR	19	1837	1615	+3	−1	17	53
2019	06	22	BR	PE	5	0	CA		10	2126	1827	0	0	1	18
2019	06	29	PE	UY	0	0	CA	BR	9	1836	1955	0	0	18	9
2019	07	03	PE	CL	3	0	CA	BR	49	1885	1829	+3	−2	15	18
2019	07	07	BR	PE	3	1	CA		10	2125	1875	0	−2	1	17
2019	09	05	EC	PE	1	0	F	US	14	1729	1861	+1	0	39	17
2019	09	10	PE	BR	1	0	F	US	16	1877	2106	0	0	17	1
2019	10	11	UY	PE	1	0	F		5	1961	1872	0	0	8	17
2019	10	15	PE	UY	1	1	F		0	1872	1961	0	0	17	8
2019	11	15	CO	PE	1	0	F	US	7	1981	1865	0	0	7	17
2020	10	08	PY	PE	2	2	WQ		2	1740	1863	+1	0	34	17
2020	10	13	PE	BR	2	4	WQ		-20	1843	2104	−2	0	18	1
2020	11	13	CL	PE	2	0	WQ		25	1830	1818	+2	−2	19	20
2020	11	17	PE	AR	0	2	WQ		-26	1792	1994	−4	+4	25	6
2021	06	03	PE	CO	0	3	WQ		-35	1757	1931	−6	+1	32	13
2021	06	08	EC	PE	1	2	WQ		-29	1793	1786	−3	+5	23	27
2021	06	17	BR	PE	4	0	CA		6	2162	1780	0	−1	1	26
2021	06	20	PE	CO	2	1	CA	BR	35	1815	1897	+6	−2	20	13
2021	06	23	EC	PE	2	2	CA	BR	3	1780	1812	+1	0	28	20
2021	06	27	PE	VE	1	0	CA	BR	22	1834	1751	+1	−5	19	34
2021	07	02	PY	PE	3	3	CA	BR	2	1810	1832	0	0	22	18
2021	07	05	BR	PE	1	0	CA		4	2153	1828	0	0	1	18
2021	07	09	CO	PE	3	2	CA	BR	20	1925	1808	+3	−3	11	21
2021	09	02	PE	UY	1	1	WQ		1	1809	1933	+1	0	21	10
2021	09	05	PE	VE	1	0	WQ		11	1820	1726	0	−1	21	36
2021	09	09	BR	PE	2	0	WQ		5	2128	1815	0	0	2	21
2021	10	07	PE	CL	2	0	WQ		19	1834	1760	+2	−1	19	29
2021	10	10	BO	PE	1	0	WQ		29	1605	1805	+4	−4	59	23
2021	10	14	AR	PE	1	0	WQ		4	2088	1801	0	−2	3	24
2021	11	11	PE	BO	3	0	WQ		14	1815	1643	+1	−4	24	54
2021	11	16	VE	PE	1	2	WQ		-19	1678	1834	−3	+3	46	22
2022	01	16	PE	PA	1	1	F		-7	1827	1633	−1	+5	23	53
2022	01	20	PE	JM	3	0	F		4	1831	1583	0	−1	23	65
2022	01	28	CO	PE	0	1	WQ		-29	1877	1860	0	+7	13	16
2022	02	01	PE	EC	1	1	WQ		-6	1854	1864	−2	+1	17	15
2022	03	24	UY	PE	1	0	WQ		13	1892	1841	0	−2	13	19
2022	03	29	PE	PY	2	0	WQ		14	1855	1728	+5	−3	15	35
2022	06	05	PE	NZ	1	0	F	ES	3	1858	1554	0	0	15	69
2022	06	13	AU	PE	0	0	WQ	QA	9	1704	1849	0	−2	42	17
2022	09	24	MX	PE	1	0	F	US	11	1820	1838	+1	−2	22	19
2022	09	27	PE	SV	4	1	F	US	4	1842	1497	+1	+1	17	80
2022	11	16	PE	PY	1	0	F		5	1847	1735	0	−1	17	36
2022	11	19	PE	BO	1	0	F		3	1850	1617	0	0	17	57
2023	03	25	DE	PE	2	0	F		7	1962	1843	0	−2	9	19
2023	03	28	MA	PE	0	0	F	ES	-1	1879	1844	0	+1	15	18
2023	06	16	KR	PE	0	1	F		-11	1768	1855	−3	0	30	18
2023	06	20	JP	PE	4	1	F		13	1855	1842	+5	−4	15	20
2023	09	07	PY	PE	0	0	WQ		1	1721	1841	0	0	39	19
2023	09	12	PE	BR	0	1	WQ		-12	1829	2107	−4	+1	23	2
2023	10	12	CL	PE	2	0	WQ		32	1739	1797	+4	−4	35	27
2023	10	17	PE	AR	0	2	WQ		-11	1786	2170	0	0	27	1
2023	11	16	BO	PE	2	0	WQ		39	1615	1747	+5	−6	58	33
2023	11	21	PE	VE	1	1	WQ		-5	1742	1761	0	+2	35	31
2024	03	22	PE	NI	2	0	F		2	1744	1330	+1	0	33	127
2024	03	26	PE	DO	4	1	F		1	1745	1208	0	+1	32	161
2024	06	07	PE	PY	0	0	F		-4	1741	1710	−2	+1	34	41
2024	06	14	PE	SV	1	0	F	US	2	1743	1388	0	0	34	110
2024	06	21	CL	PE	0	0	CA	US	1	1726	1742	+1	−1	38	34
2024	06	25	CA	PE	1	0	CA	US	27	1741	1715	+6	−7	33	40
2024	06	29	AR	PE	2	0	CA	US	6	2161	1709	0	−1	1	42
2024	09	06	PE	CO	1	1	WQ		12	1721	2038	+1	0	39	3
2024	09	10	EC	PE	1	0	WQ		8	1870	1713	0	−1	15	40
2024	10	11	PE	UY	1	0	WQ		28	1741	1927	+6	−2	35	12
2024	10	15	BR	PE	4	0	WQ		8	2013	1733	0	−3	5	37
2024	11	15	PE	CL	0	0	WQ		-9	1724	1684	−2	+3	39	47
2024	11	19	AR	PE	1	0	WQ		2	2108	1722	0	0	2	41
2025	03	20	PE	BO	3	1	WQ		17	1739	1641	+3	−2	38	52
2025	03	25	VE	PE	1	0	WQ		15	1742	1724	+4	−4	34	39
2025	06	06	CO	PE	0	0	WQ		-15	1936	1739	0	+2	9	37
2025	06	10	PE	EC	0	0	WQ		4	1743	1905	0	0	37	11
2025	09	04	UY	PE	3	0	WQ		13	1914	1730	+2	−1	10	39
2025	09	09	PE	PY	0	1	WQ		-20	1710	1844	−3	+2	42	21
2025	10	10	CL	PE	2	1	F		8	1698	1702	+3	+1	45	42
2025	11	12	RU	PE	1	1	F		-5	1805	1707	−1	0	25	42
2025	11	18	CL	PE	2	1	F	RU	10	1731	1697	+2	−3	38	45
2025	12	21	PE	BO	2	0	F		10	1707	1666	+1	0	44	50
2026	03	28	SN	PE	2	0	F	FR	8	1878	1699	+1	−3	17	47
2026	03	31	HN	PE	2	2	F	ES	4	1571	1695	+2	0	69	47
2026	06	05	PE	HT	2	1	F	US	6	1701	1548	+1	0	46	73
2026	06	08	ES	PE	3	1	F	MX	2	2157	1699	0	0	1	46