1970	03	27	BH	QA	2	1	GLF		15	1110	1085	+1	−	150	153
1970	03	31	KW	QA	4	2	GLF	BH	13	1323	1072	+2	−1	109	154
1970	04	02	QA	SA	1	1	GLF	BH	11	1083	1275	+1	−2	153	120
1972	01	04	DZ	QA	3	0	PAL	IQ	4	1582	1079	0	0	57	154
1972	01	06	SY	QA	3	2	PAL	IQ	6	1402	1073	+1	0	91	154
1972	01	08	DY	QA	2	1	PAL	IQ	11	1263	1062	+4	−2	123	156
1972	01	10	PS	QA	7	2	PAL	IQ	30	1185	1032	+2	−2	139	158
1972	03	17	AE	QA	1	0	GLF	SA	16	1116	1016	−	−2	150	160
1972	03	21	BH	QA	6	2	GLF	SA	25	1164	991	+2	−2	142	162
1972	03	24	SA	QA	4	0	GLF		7	1294	984	+2	−1	113	163
1972	03	26	KW	QA	5	0	GLF	SA	7	1387	977	+4	0	93	163
1973	00	00	KW	QA	9	0	F		3	1388	974	0	0	97	162
1973	01	05	KW	QA	4	1	F		2	1390	972	+1	0	96	162
1974	02	27	QA	MA	0	1	F		-1	971	1643	0	0	162	38
1974	03	16	SA	QA	2	0	GLF	KW	8	1317	963	+2	0	111	163
1974	03	22	QA	OM	4	0	GLF	KW	27	990	841	0	−2	163	177
1974	03	24	KW	QA	1	0	GLF		2	1445	988	0	0	79	163
1974	03	26	SA	QA	3	1	GLF	KW	7	1355	981	0	0	106	163
1974	03	28	QA	AE	1	1	GLF	KW	6	987	1084	0	0	163	154
1975	11	21	IQ	QA	1	0	SQ		1	1550	986	0	0	56	163
1975	11	23	QA	SA	1	0	SQ	IQ	36	1022	1338	+5	−10	158	110
1975	11	25	QA	AF	2	1	SQ	IQ	13	1035	882	0	−2	158	173
1975	11	28	IQ	QA	3	0	SQ		2	1539	1033	0	0	57	158
1975	11	30	SA	QA	2	1	SQ	IQ	5	1362	1028	+3	0	103	158
1975	12	02	AF	QA	1	1	SQ	IQ	8	884	1020	0	−1	173	159
1976	03	26	QA	SA	1	0	GLF		30	1050	1288	+2	−6	157	117
1976	03	28	QA	KW	0	4	GLF		-6	1044	1588	0	+1	157	51
1976	04	01	QA	AE	3	1	GLF		22	1066	1022	+1	−1	155	157
1976	04	03	QA	IQ	0	0	GLF		17	1083	1587	+1	−3	154	51
1976	04	07	QA	OM	4	1	GLF		8	1091	819	0	0	154	177
1976	04	10	QA	BH	3	0	GLF		28	1119	1097	+6	−4	148	152
1977	03	08	QA	TN	1	0	F		18	1137	1606	+3	−3	144	46
1977	03	13	QA	BH	2	0	WQ		19	1156	1082	+4	−3	140	153
1977	03	15	QA	KW	0	2	WQ		-5	1151	1660	0	0	140	38
1977	03	19	QA	BH	0	3	WQ		-51	1100	1132	−10	+6	150	147
1977	03	21	QA	KW	1	4	WQ		-5	1095	1666	−1	+1	151	38
1978	12	10	IQ	QA	2	1	ASG	TH	2	1605	1093	+1	0	46	150
1978	12	12	QA	SA	2	2	ASG	TH	13	1106	1349	+1	−8	149	104
1978	12	14	CN	QA	3	0	ASG	TH	4	1585	1102	+1	0	51	149
1979	03	02	QA	AF	3	0	SQ	BD	18	1120	900	+4	−4	145	173
1979	03	03	BD	QA	1	1	SQ		2	985	1118	0	0	164	145
1979	03	06	QA	AF	3	0	SQ	BD	15	1133	875	+1	−1	144	175
1979	03	07	BD	QA	1	3	SQ		-27	968	1160	0	+6	164	138
1979	03	24	KW	QA	3	1	GLF	IQ	4	1644	1156	0	−1	41	139
1979	03	26	IQ	QA	2	0	GLF		2	1665	1154	+1	0	37	139
1979	03	28	QA	AE	1	0	GLF	IQ	11	1165	984	+1	0	138	163
1979	03	31	QA	OM	1	0	GLF	IQ	5	1170	813	0	0	138	178
1979	04	03	SA	QA	7	0	GLF	IQ	23	1382	1147	+6	−2	94	140
1979	04	06	BH	QA	1	1	GLF	IQ	0	1148	1147	0	0	139	140
1980	09	06	QA	JO	0	1	F		-13	1134	1163	−1	+1	145	141
1980	09	08	QA	JO	3	0	F		14	1148	1149	+1	−1	144	142
1980	09	17	QA	AE	2	1	AC	KW	19	1167	1049	+3	−4	141	157
1980	09	19	KR	QA	2	0	AC	KW	3	1748	1164	0	0	25	141
1980	09	23	MY	QA	1	1	AC	KW	-18	1473	1182	−4	+3	78	138
1980	09	25	KW	QA	4	0	AC		3	1662	1179	0	0	38	138
1981	03	18	IQ	QA	1	0	WQ	SA	2	1725	1177	0	0	27	141
1981	03	22	QA	BH	3	0	WQ	SA	39	1216	1173	+6	−6	135	141
1981	03	27	QA	SY	2	1	WQ	SA	25	1241	1282	+10	−4	125	115
1981	03	31	SA	QA	1	0	WQ		6	1449	1235	+1	0	82	125
1982	02	19	LY	QA	2	1	F		2	1544	1233	+1	−1	59	131
1982	03	19	AE	QA	1	0	GLF		19	1162	1214	+1	−4	143	134
1982	03	22	QA	OM	3	0	GLF	AE	8	1222	841	+3	−1	131	181
1982	03	26	IQ	QA	2	1	GLF	AE	2	1724	1220	0	0	29	131
1982	03	29	SA	QA	1	0	GLF	AE	12	1384	1208	+2	−7	91	138
1982	03	31	BH	QA	1	0	GLF	AE	20	1230	1188	+5	0	131	138
1982	04	04	QA	KW	2	1	GLF	AE	38	1226	1636	+6	−3	132	39
1983	02	25	QA	JP	1	0	F		15	1241	1523	+2	−1	129	63
1983	07	08	QA	SD	3	1	F		18	1259	1403	+3	0	122	89
1983	07	10	QA	SD	2	0	F		17	1276	1386	+4	0	118	89
1983	09	08	QA	JO	2	1	OQ		7	1283	1098	0	−2	120	153
1983	09	29	KW	QA	2	2	OQ		-18	1676	1301	−3	+6	37	112
1983	10	14	JO	QA	0	0	OQ		6	1103	1295	+2	−1	151	115
1983	10	21	SY	QA	1	1	OQ		-4	1269	1299	−1	+1	121	114
1983	10	28	QA	KW	0	0	OQ		14	1313	1675	+6	−2	108	36
1983	11	11	QA	SY	1	0	OQ		15	1328	1311	+6	−5	102	108
1984	03	10	QA	SA	2	1	GLF	OM	30	1358	1492	+9	−4	94	71
1984	03	13	AE	QA	1	0	GLF	OM	26	1270	1332	+4	−7	122	101
1984	03	16	QA	KW	2	1	GLF	OM	32	1364	1536	+8	−6	93	64
1984	03	18	OM	QA	0	2	GLF		-4	813	1368	0	0	181	93
1984	03	22	BH	QA	1	1	GLF	OM	6	1269	1362	+2	0	123	93
1984	03	25	QA	IQ	2	1	GLF	OM	35	1397	1677	+3	−4	90	36
1984	03	28	IQ	QA	1	1	GLF	OM	-13	1664	1410	0	+1	36	89
1984	04	16	QA	MY	2	0	OQ	SG	25	1435	1325	+2	−7	87	104
1984	04	21	QA	TH	1	0	OQ	SG	21	1456	1434	+7	−7	79	86
1984	04	23	QA	IQ	2	0	OQ	SG	47	1503	1635	+9	−4	70	39
1984	04	26	QA	JP	2	1	OQ	SG	15	1518	1403	+3	−1	66	90
1984	09	04	SG	QA	0	1	F		-5	1227	1523	−1	+3	130	62
1984	09	10	QA	AF	8	0	SQ	CN	2	1525	873	0	0	62	177
1984	09	12	QA	HK	1	0	SQ	CN	8	1533	1272	+1	0	61	120
1984	09	17	QA	JO	2	0	SQ	CN	6	1539	1130	+1	−2	60	148
1984	09	20	CN	QA	1	0	SQ		12	1599	1527	+2	−2	46	62
1984	11	05	QA	SG	0	0	F		-8	1519	1251	−2	+1	64	126
1984	11	07	QA	SG	3	1	F		3	1522	1248	0	−1	64	127
1984	11	22	QA	FI	2	2	F		-4	1518	1490	−1	+3	63	73
1984	11	24	QA	FI	1	1	F		-4	1514	1494	−2	+2	65	71
1984	12	01	QA	SY	1	1	AC	SG	-13	1501	1325	−2	+3	67	105
1984	12	03	KW	QA	1	0	AC	SG	24	1542	1477	+4	−9	60	76
1984	12	08	QA	SA	1	1	AC	SG	6	1483	1551	+1	0	77	57
1984	12	10	QA	KR	1	0	AC	SG	31	1514	1534	+12	−5	65	61
1985	03	15	JO	QA	1	0	WQ		33	1179	1481	+3	−11	143	77
1985	03	22	QA	LB	7	0	WQ		15	1496	1288	+7	−6	71	115
1985	03	27	QA	LB	8	0	WQ		13	1509	1260	+4	−2	67	122
1985	04	05	QA	IQ	3	0	WQ		37	1546	1592	+6	−9	60	51
1985	04	12	QA	JO	2	0	WQ		4	1550	1165	+1	−1	59	146
1985	05	05	IQ	QA	2	1	WQ	IN	17	1614	1533	+4	−1	45	60
1985	07	05	QA	JO	2	0	ARC	SA	6	1539	1145	+1	−2	62	147
1985	07	07	SA	QA	1	0	ARC		12	1596	1527	+2	−2	48	64
1985	07	10	BH	QA	1	1	ARC	SA	8	1387	1519	+2	−2	89	66
1985	07	12	SA	QA	0	0	ARC		-8	1563	1527	−5	+2	58	64
1985	11	22	QA	SY	0	0	F		-6	1521	1391	−3	+2	67	89
1985	11	29	QA	OM	3	0	F		1	1522	891	+1	0	66	176
1986	01	03	QA	CN	1	1	F		-2	1520	1555	−1	+1	67	59
1986	01	17	QA	GR	0	1	F		-11	1509	1611	−2	+1	69	46
1986	01	24	QA	TN	2	1	F		10	1519	1582	+1	−5	68	55
1986	02	02	QA	HU	0	3	F		-7	1512	1877	−1	+1	69	11
1986	02	26	QA	PY	1	1	F		5	1517	1791	0	0	69	25
1986	03	01	QA	PY	0	3	F		-9	1508	1800	−1	+1	70	24
1986	03	23	QA	OM	2	1	GLF	BH	1	1509	899	+1	0	71	175
1986	03	27	IQ	QA	1	1	GLF	BH	-8	1640	1517	−2	+1	40	70
1986	03	29	BH	QA	0	0	GLF		2	1376	1515	+1	0	95	70
1986	04	01	KW	QA	2	1	GLF	BH	17	1576	1498	+2	−3	56	73
1986	04	05	SA	QA	2	0	GLF	BH	29	1542	1469	+7	−6	63	79
1986	04	07	QA	AE	3	2	GLF	BH	20	1489	1443	+5	−1	74	81
1986	09	21	ID	QA	1	1	ASG	KR	15	1173	1474	+2	−4	143	78
1986	09	23	MY	QA	1	1	ASG	KR	7	1363	1467	+2	−1	95	78
1986	09	29	SA	QA	1	0	ASG	KR	14	1586	1453	+2	−2	54	80
1987	04	17	QA	SY	2	0	OQ		16	1469	1357	+4	−4	77	97
1987	04	24	QA	SY	0	1	OQ		-31	1438	1388	−4	+4	82	92
1987	11	16	QA	MY	2	2	F		-6	1432	1288	−1	+5	81	111
1987	11	18	QA	MY	1	0	F		4	1436	1284	+1	−4	80	115
1987	12	04	QA	KW	0	0	OQ		5	1441	1626	0	0	80	45
1987	12	11	QA	IQ	1	3	OQ		-25	1416	1628	−7	+6	87	45
1987	12	18	SA	QA	1	1	OQ		-12	1541	1428	−2	+3	65	84
1988	01	01	KW	QA	0	0	OQ		-14	1620	1442	−1	+3	45	79
1988	01	08	IQ	QA	4	1	OQ	OM	19	1629	1423	+5	−3	44	82
1988	01	15	QA	SA	1	0	OQ		21	1444	1523	+3	−3	79	67
1988	01	21	QA	BG	2	3	F		-4	1440	1774	−1	0	80	24
1988	03	03	KW	QA	1	1	GLF	SA	-9	1592	1449	0	0	51	80
1988	03	05	SA	QA	0	0	GLF		-10	1520	1459	−2	0	67	80
1988	03	08	QA	AE	2	1	GLF	SA	21	1480	1459	+4	−4	76	80
1988	03	10	OM	QA	2	1	GLF	SA	37	1084	1443	+4	−4	155	80
1988	03	13	IQ	QA	3	0	GLF	SA	16	1664	1427	+3	−3	39	83
1988	03	16	BH	QA	1	0	GLF	SA	27	1321	1400	+6	−7	102	90
1988	10	02	ID	QA	0	1	F		-9	1254	1409	−1	+2	122	89
1988	10	04	ID	QA	1	4	F		-15	1239	1424	−3	+4	125	85
1988	10	09	SG	QA	0	1	F		-7	1191	1431	0	+1	139	84
1988	11	09	ID	QA	0	1	F		-7	1232	1438	−2	+3	128	80
1988	12	02	QA	IR	0	2	AC		-25	1413	1685	−9	+2	90	37
1988	12	05	QA	AE	2	1	AC		23	1436	1462	+6	−7	83	77
1988	12	09	QA	KR	2	3	AC		-17	1419	1675	−5	+3	88	37
1988	12	12	QA	JP	3	0	AC		30	1449	1374	+6	−5	82	97
1989	01	06	QA	JO	1	0	WQ		7	1456	1283	+1	−5	80	114
1989	01	13	OM	QA	0	0	WQ		13	1090	1443	+5	−1	155	81
1989	01	20	QA	IQ	1	0	WQ		28	1471	1668	+6	−2	75	37
1989	01	27	JO	QA	1	1	WQ		5	1292	1466	+2	−2	109	77
1989	02	03	QA	OM	3	0	WQ		4	1470	1075	+1	−2	76	160
1989	02	10	IQ	QA	2	2	WQ		-14	1660	1484	−3	+3	39	73
1989	03	27	QA	MY	1	0	F		3	1487	1246	+2	−1	69	122
1989	07	21	EG	QA	3	3	F		-6	1627	1493	−1	0	44	67
1989	07	26	DZ	QA	1	1	F		-6	1648	1499	−1	+2	41	65
1989	08	17	SG	QA	4	1	F		27	1207	1472	+5	−8	136	73
1989	09	22	KW	QA	1	0	F		7	1497	1465	0	−1	67	73
1989	10	13	QA	KR	0	0	WQ	SG	13	1478	1715	+2	−1	71	31
1989	10	16	QA	SA	1	1	WQ	SG	5	1483	1562	0	−2	71	58
1989	10	20	KP	QA	2	0	WQ	SG	25	1571	1458	+10	−3	51	74
1989	10	24	QA	AE	1	1	WQ	SG	3	1461	1512	+1	0	73	66
1989	10	28	QA	CN	2	1	WQ	SG	27	1488	1554	+4	−8	69	59
1990	02	23	BH	QA	0	0	GLF	KW	7	1371	1481	0	−2	99	71
1990	02	27	QA	AE	0	0	GLF	KW	3	1484	1525	0	0	70	64
1990	03	04	QA	OM	4	2	GLF	KW	6	1490	1097	+2	−1	68	157
1990	03	07	KW	QA	2	0	GLF		22	1506	1468	+4	−4	67	72
1992	01	09	QA	TH	1	1	F		-6	1462	1341	0	0	80	113
1992	01	12	QA	TH	4	0	F		8	1470	1333	0	0	80	113
1992	05	14	AE	QA	1	0	F		9	1426	1461	+2	−1	88	81
1992	05	17	QA	KW	0	0	F		-2	1459	1477	0	0	81	79
1992	05	29	QA	SY	4	2	SQ		23	1482	1457	+4	−3	78	82
1992	05	31	QA	OM	4	0	SQ		4	1486	1093	+1	−1	77	169
1992	10	11	QA	HU	1	4	F		-12	1474	1715	−2	0	80	32
1992	10	13	QA	HU	1	1	F		4	1478	1711	+2	0	78	32
1992	10	29	QA	TH	1	1	AC	JP	-8	1470	1378	−1	+1	81	109
1992	10	31	QA	SA	1	1	AC	JP	10	1480	1607	+1	−1	80	52
1992	11	02	CN	QA	2	1	AC	JP	27	1477	1453	+10	−8	80	88
1992	11	27	QA	OM	2	0	GLF		4	1457	1083	0	−1	90	176
1992	11	30	QA	BH	1	0	GLF		11	1468	1371	+7	−5	83	110
1992	12	03	QA	KW	4	0	GLF		34	1502	1505	+8	−10	77	76
1992	12	06	QA	AE	1	0	GLF		15	1517	1498	+4	−4	74	78
1992	12	10	QA	SA	0	1	GLF		-22	1495	1606	−5	+6	79	52
1993	03	12	QA	JO	1	2	F		-15	1480	1398	−4	+4	84	104
1993	03	14	QA	JO	1	1	F		-5	1475	1403	0	+2	84	102
1993	03	17	QA	LB	3	0	F		5	1480	1256	0	−2	85	140
1993	03	19	QA	LB	2	0	F		4	1484	1252	+2	−1	83	141
1993	03	30	QA	NO	1	6	F		-11	1473	1772	−3	+2	86	25
1993	04	09	QA	ID	3	1	WQ		8	1481	1252	+2	−2	83	141
1993	04	11	QA	VN	4	0	WQ		6	1487	1140	0	0	83	164
1993	04	16	QA	SG	4	1	WQ		9	1496	1252	+2	−2	81	141
1993	04	18	QA	KP	1	2	WQ		-24	1472	1549	−5	+8	86	65
1993	04	24	QA	ID	4	1	WQ	SG	11	1483	1174	+3	−3	84	159
1993	04	26	QA	VN	4	0	WQ	SG	10	1493	1138	+3	0	81	165
1993	04	30	SG	QA	1	0	WQ		27	1291	1466	+8	−5	130	86
1993	05	02	KP	QA	2	2	WQ	SG	-6	1567	1472	−2	+1	64	85
1994	01	25	QA	FI	1	0	F		10	1482	1550	+3	−4	86	69
1994	01	27	QA	FI	0	0	F		-1	1481	1551	0	+2	86	67
1994	09	15	QA	OM	0	2	IPC		-40	1441	1247	−9	+10	91	142
1994	09	17	QA	SD	2	0	IPC		11	1452	1330	+2	−1	89	123
1994	09	21	QA	YE	2	0	IPC		6	1458	1235	0	−1	89	145
1994	09	23	QA	OM	1	2	IPC		-25	1433	1295	−3	+6	92	131
1994	10	03	MM	QA	2	2	ASG	JP	12	1204	1421	0	−4	154	96
1994	10	05	JP	QA	1	1	ASG		-14	1624	1435	−5	+4	47	92
1994	10	09	QA	AE	2	2	ASG	JP	4	1439	1503	0	0	92	79
1994	11	03	AE	QA	2	0	GLF		18	1508	1421	+3	−5	78	98
1994	11	07	KW	QA	1	0	GLF	AE	14	1537	1407	+1	0	69	98
1994	11	09	QA	OM	4	2	GLF	AE	22	1429	1286	+2	−6	96	134
1994	11	12	SA	QA	2	1	GLF	AE	8	1665	1421	0	−3	38	98
1994	11	15	BH	QA	1	1	GLF	AE	-1	1439	1422	0	+1	93	97
1996	01	17	QA	YE	1	0	F		3	1425	1198	0	0	101	153
1996	02	18	QA	EC	1	1	F		4	1429	1659	0	0	101	39
1996	02	25	QA	EC	1	2	F		-6	1423	1674	0	+1	101	38
1996	04	21	QA	KW	3	1	F		15	1438	1511	+3	−1	97	74
1996	05	17	IR	QA	2	0	F		7	1547	1431	+1	−2	68	99
1996	05	25	QA	RU	2	5	F		-3	1428	1927	−2	0	101	8
1996	06	01	QA	IR	0	1	F		-9	1419	1556	−2	+5	103	64
1996	06	14	KZ	QA	1	0	SQ		8	1567	1411	+1	−3	63	105
1996	06	28	QA	SY	1	0	SQ		18	1429	1454	+7	−4	98	90
1996	07	05	QA	KZ	3	0	SQ		36	1465	1499	+10	−5	88	77
1996	07	19	SY	QA	3	1	SQ		20	1502	1445	+4	−5	77	94
1996	09	20	QA	LK	3	0	WQ		2	1447	957	+1	−1	94	193
1996	09	23	QA	PH	5	0	WQ		1	1448	747	0	0	93	207
1996	09	27	QA	IN	6	0	WQ		5	1453	1062	+1	0	92	178
1996	10	05	QA	NZ	3	2	F		8	1461	1475	+2	−3	90	85
1996	10	16	QA	AE	1	0	GLF	OM	26	1487	1538	+9	−6	81	69
1996	10	19	QA	SA	2	2	GLF	OM	7	1494	1598	+1	−4	80	56
1996	10	21	OM	QA	0	3	GLF		-23	1246	1517	−8	+7	143	73
1996	10	25	QA	BH	2	1	GLF	OM	13	1530	1386	+1	−4	72	111
1996	10	28	KW	QA	2	1	GLF	OM	19	1568	1511	+5	−2	61	73
1997	09	19	QA	KW	0	2	WQ		-34	1477	1595	−6	+9	81	55
1997	09	26	QA	CN	1	1	WQ		3	1480	1632	+2	−1	79	48
1997	10	03	IR	QA	3	0	WQ		9	1724	1471	+2	−3	33	82
1997	10	11	SA	QA	1	0	WQ		7	1647	1464	0	−5	47	87
1997	10	24	KW	QA	0	1	WQ		-32	1565	1496	−5	+9	60	78
1997	10	31	CN	QA	2	3	WQ		-32	1618	1528	−4	+6	50	72
1997	11	07	QA	IR	2	0	WQ		37	1565	1674	+10	−6	62	44
1997	11	12	QA	SA	0	1	WQ		-21	1544	1664	−6	0	66	46
1998	07	31	QA	BD	0	0	F		-10	1534	987	−3	0	68	192
1998	09	16	QA	SD	1	1	F		-6	1528	1402	−2	+4	69	103
1998	09	22	QA	LY	2	1	ARC		8	1536	1373	+2	−2	67	115
1998	09	26	QA	JO	2	0	ARC		17	1553	1461	+3	−5	64	88
1998	09	29	QA	AE	2	1	ARC		15	1568	1553	+4	−4	61	65
1998	10	01	QA	SA	1	3	ARC		-28	1540	1719	−4	+8	65	31
1998	10	17	QA	BF	2	2	F		-6	1534	1399	−2	+4	67	104
1998	10	31	OM	QA	2	1	GLF	BH	30	1363	1504	+5	−7	116	75
1998	11	02	KW	QA	6	2	GLF	BH	24	1658	1480	+3	−6	48	81
1998	11	05	QA	AE	0	0	GLF	BH	5	1485	1566	+1	0	81	61
1998	11	08	BH	QA	0	0	GLF		3	1336	1482	0	0	122	81
1998	11	11	QA	SA	0	0	GLF	BH	12	1494	1724	+1	−2	80	31
1998	11	24	TH	QA	0	0	F		0	1392	1494	0	0	108	79
1998	11	26	TM	QA	4	1	F	TH	22	1421	1472	+4	−4	101	83
1998	12	03	QA	TJ	2	1	ASG	TH	22	1494	1477	+6	−6	77	82
1998	12	05	QA	MV	4	0	ASG	TH	1	1495	790	0	0	77	204
1998	12	08	QA	LB	1	0	ASG	TH	12	1507	1346	+3	−4	74	119
1998	12	10	KZ	QA	2	0	ASG	TH	32	1521	1475	+6	−6	72	80
1998	12	12	TH	QA	1	2	ASG		-23	1409	1498	−7	+5	104	76
1998	12	14	KW	QA	0	0	ASG	TH	-10	1668	1508	−5	+2	46	74
1999	08	16	JO	QA	3	0	PAR		28	1502	1480	+7	−7	76	82
1999	08	20	PS	QA	1	0	PAR	JO	33	1256	1447	+10	−13	139	94
2000	01	20	MT	QA	2	0	F		20	1241	1427	+1	−7	147	99
2000	01	24	QA	BA	2	0	F		16	1443	1528	+8	−1	91	69
2000	02	23	QA	WA	0	1	F		-9	1434	1572	−2	+1	94	62
2000	03	10	QA	SD	3	0	F		9	1443	1338	+2	0	92	119
2000	03	22	BH	QA	1	0	F	AE	14	1299	1429	+1	−6	133	98
2000	03	31	QA	PS	1	0	SQ		8	1437	1290	+4	−2	93	132
2000	04	02	QA	KZ	3	1	SQ		27	1464	1475	+7	−4	86	80
2000	04	04	QA	PK	5	0	SQ		1	1465	817	−1	0	87	206
2000	04	08	QA	JO	2	2	SQ		-5	1460	1490	−2	+1	89	79
2000	06	02	SG	QA	1	5	F		-16	1292	1476	−4	+6	133	81
2000	06	10	TH	QA	2	3	F		-14	1495	1490	−2	+3	76	78
2000	09	24	QA	KW	0	0	F		1	1491	1641	0	0	78	51
2000	09	27	QA	IR	1	2	F		-6	1485	1739	−1	0	79	32
2000	10	02	QA	EG	0	1	F		-8	1477	1673	0	+3	79	42
2000	10	06	QA	TH	1	1	F		-2	1475	1512	−1	+1	80	75
2000	10	08	QA	TH	3	1	F		12	1487	1500	0	−2	80	78
2000	10	14	QA	UZ	1	1	AC	LB	3	1490	1523	0	0	80	73
2000	10	17	QA	SA	0	0	AC	LB	9	1499	1605	+4	0	77	58
2000	10	20	JP	QA	1	1	AC	LB	-15	1723	1514	−3	+3	34	74
2000	10	23	CN	QA	3	1	AC	LB	19	1723	1495	+5	−5	34	79
2001	01	06	QA	JO	3	1	F		10	1505	1460	+2	−1	76	81
2001	01	12	QA	KW	1	0	F		10	1515	1611	+2	−1	74	57
2001	02	10	CN	QA	1	1	KNG	TH	-6	1654	1521	−2	+2	52	72
2001	02	12	TH	QA	1	3	KNG		-29	1497	1550	−7	+7	76	65
2001	02	14	QA	SE	0	0	KNG	TH	9	1559	1787	+2	−3	63	22
2001	02	17	TH	QA	2	0	KNG		22	1496	1537	+2	−6	76	69
2001	03	04	QA	MY	5	1	WQ	HK	16	1553	1288	+4	−5	65	134
2001	03	08	QA	PS	2	1	WQ	HK	6	1559	1255	+2	−2	63	143
2001	03	11	HK	QA	0	2	WQ		-10	1165	1569	−2	0	163	63
2001	03	20	QA	MY	0	0	WQ		-16	1553	1312	−2	+6	65	127
2001	03	23	QA	PS	2	1	WQ		4	1557	1289	+2	−1	63	135
2001	03	25	QA	HK	3	0	WQ		4	1561	1176	0	−1	63	161
2001	07	24	QA	MK	1	0	F	FR	9	1570	1511	0	−2	63	73
2001	08	01	QA	IR	2	1	F		12	1582	1711	+3	−4	60	37
2001	08	05	SA	QA	1	2	F		-16	1685	1598	−4	+2	43	58
2001	08	10	QA	BH	1	1	F		-7	1591	1392	0	+2	58	108
2001	08	16	QA	OM	0	0	WQ		-14	1577	1408	−3	+4	61	104
2001	08	26	UZ	QA	2	1	WQ		18	1525	1559	+5	−3	69	63
2001	08	31	AE	QA	0	2	WQ		-32	1450	1591	−6	+5	90	58
2001	09	07	QA	CN	1	1	WQ		1	1592	1715	0	0	58	35
2001	09	14	QA	IQ	0	0	F		-4	1588	1546	0	0	58	64
2001	09	21	OM	QA	0	3	WQ		-24	1352	1612	−4	+4	117	54
2001	09	28	QA	UZ	2	2	WQ		-11	1601	1515	−3	+3	57	73
2001	10	04	QA	AE	1	2	WQ		-31	1570	1522	−5	+11	62	71
2001	10	05	BH	QA	1	0	F		11	1437	1559	+3	0	97	62
2001	10	13	CN	QA	3	0	WQ		12	1752	1547	+3	−2	31	65
2001	10	18	KW	QA	0	1	F		-14	1568	1561	−1	+2	61	63
2001	12	30	QA	EG	2	2	F		-1	1560	1641	0	0	64	49
2002	01	08	QA	ZW	0	2	F		-22	1538	1513	−3	+7	68	72
2002	01	13	QA	IQ	1	3	F		-19	1519	1569	−3	+3	71	63
2002	01	17	QA	BH	1	0	GLF	SA	19	1538	1487	+3	−3	68	83
2002	01	20	QA	AE	2	0	GLF	SA	26	1564	1471	+3	−7	64	87
2002	01	24	QA	OM	2	1	GLF	SA	14	1578	1435	+2	−5	60	97
2002	01	26	QA	KW	1	0	GLF	SA	17	1595	1513	+2	−2	58	72
2002	01	30	SA	QA	3	1	GLF		14	1717	1581	+1	−2	39	59
2002	02	10	KP	QA	1	1	KNG	TH	5	1464	1576	+2	0	86	59
2002	02	12	TH	QA	1	0	KNG		16	1462	1560	+4	−2	89	61
2002	02	14	QA	SG	3	0	KNG	TH	7	1567	1219	+1	0	61	153
2002	02	16	QA	SG	2	0	KNG	TH	5	1572	1214	+2	0	59	153
2002	11	20	QA	IQ	2	1	F		9	1581	1616	0	−2	61	53
2003	02	16	SE	QA	3	2	KNG	TH	6	1816	1575	0	−1	19	61
2003	02	18	TH	QA	1	1	KNG		2	1425	1573	0	0	102	61
2003	02	20	KP	QA	2	2	KNG	TH	2	1517	1571	0	0	70	61
2003	02	22	TH	QA	3	1	KNG		26	1442	1545	+10	−5	96	66
2003	03	19	EG	QA	6	0	F		13	1606	1532	0	−2	56	69
2003	09	04	DZ	QA	1	0	F	FR	11	1501	1521	+5	−1	75	72
2003	09	14	KW	QA	2	1	SQ		15	1516	1506	+3	−4	73	75
2003	09	20	QA	KW	2	2	SQ		-5	1501	1521	−1	+2	76	71
2003	09	24	QA	PS	1	1	SQ		-15	1486	1294	−6	+5	82	131
2003	09	27	QA	PS	2	1	SQ		6	1492	1288	+2	−1	81	132
2003	11	19	QA	SG	2	0	SQ		6	1498	1203	+1	0	82	153
2003	11	29	SG	QA	0	2	SQ		-15	1188	1513	−2	+4	155	78
2003	12	21	QA	IQ	0	0	F		0	1513	1617	0	0	77	55
2003	12	27	BH	QA	0	0	GLF	KW	0	1513	1513	0	0	77	77
2003	12	29	QA	SA	0	0	GLF	KW	8	1521	1662	+5	−3	72	47
2004	01	03	QA	AE	0	0	GLF	KW	-4	1517	1460	−4	+1	77	90
2004	01	05	QA	YE	3	0	GLF	KW	9	1526	1165	+3	−1	74	161
2004	01	08	KW	QA	1	2	GLF		-26	1502	1552	−10	+5	82	68
2004	01	11	OM	QA	2	0	GLF	KW	32	1556	1520	+5	−5	68	73
2004	02	13	QA	BH	2	0	F		14	1534	1572	+2	−1	72	66
2004	02	18	IR	QA	3	1	WQ		10	1726	1524	+2	−3	33	75
2004	03	26	LY	QA	1	0	F	IT	13	1433	1511	+7	−3	96	76
2004	03	31	JO	QA	1	0	WQ		9	1624	1502	+1	−2	55	78
2004	05	31	QA	TM	5	0	F		13	1515	1462	0	−4	76	88
2004	06	05	QA	KG	0	0	F		-9	1506	1178	0	0	75	159
2004	06	09	QA	LA	5	0	WQ		1	1507	892	0	0	77	197
2004	07	18	ID	QA	2	1	AC	CN	37	1360	1470	+8	−5	117	85
2004	07	21	BH	QA	1	1	AC	CN	-8	1577	1478	−1	+2	62	84
2004	07	25	CN	QA	1	0	AC		10	1627	1468	0	−5	57	88
2004	09	08	LA	QA	1	6	WQ		-5	887	1473	0	+1	197	89
2004	10	08	QA	SY	1	2	F		-13	1460	1486	−5	+1	93	87
2004	10	13	QA	IR	2	3	WQ		-8	1452	1798	−1	+1	92	24
2004	11	17	QA	JO	2	0	WQ		36	1488	1581	+6	−8	86	65
2004	12	01	QA	LB	4	1	F		7	1495	1354	+2	−1	85	115
2004	12	05	QA	YE	3	0	F		3	1498	1200	0	0	85	154
2004	12	10	QA	AE	2	2	GLF		-11	1487	1404	−2	+2	87	102
2004	12	13	QA	IQ	3	3	GLF		-4	1483	1517	0	+1	87	79
2004	12	16	QA	OM	2	1	GLF		22	1505	1601	+4	−9	83	62
2004	12	20	QA	KW	2	0	GLF		26	1531	1532	+9	−3	74	73
2004	12	24	QA	OM	1	1	GLF		-1	1530	1621	0	0	73	55
2005	07	29	EG	QA	5	0	FT	CH	17	1708	1513	+2	−5	40	80
2005	07	31	QA	KW	1	0	FT	CH	13	1526	1457	+5	−1	75	92
2005	10	11	QA	IQ	0	0	F		-3	1523	1520	−1	0	75	76
2005	11	16	QA	AR	0	3	F		-5	1518	1931	−1	0	75	8
2005	12	01	QA	KW	2	1	WAG		11	1529	1435	+1	−1	75	96
2005	12	05	QA	IR	1	4	WAG		-18	1511	1835	−4	+3	79	18
2006	01	02	QA	LY	2	0	F		10	1521	1471	+2	−2	77	91
2006	02	14	QA	TJ	2	0	F		5	1526	1345	+1	−2	75	116
2006	02	22	HK	QA	0	3	SQ		-17	1211	1543	−4	+2	151	72
2006	03	01	QA	UZ	2	1	SQ		16	1559	1564	+3	−6	69	68
2006	08	16	BD	QA	1	4	SQ		-5	1024	1564	0	+1	186	68
2006	09	06	QA	BD	3	0	SQ		2	1566	1022	+1	0	67	185
2006	10	11	QA	HK	2	0	SQ		5	1571	1241	0	−2	66	143
2006	11	15	UZ	QA	2	0	SQ		23	1572	1548	+11	−8	65	75
2007	01	13	QA	OM	1	1	F		-2	1546	1564	0	+2	73	67
2007	01	18	IQ	QA	1	0	GLF	AE	17	1618	1529	+2	−4	55	78
2007	01	21	QA	SA	1	1	GLF	AE	4	1533	1599	+1	−1	77	58
2007	01	24	BH	QA	2	1	GLF	AE	23	1506	1510	+5	−4	83	81
2007	03	24	QA	IR	0	1	F		-5	1505	1788	0	+1	82	20
2007	06	25	QA	TM	1	0	F		4	1509	1371	+1	−1	80	112
2007	06	30	TH	QA	1	1	F		2	1355	1507	+1	−1	116	81
2007	07	02	TH	QA	2	0	F		17	1372	1490	+4	−4	112	85
2007	07	09	JP	QA	1	1	AC	VN	-16	1729	1506	−3	+4	39	80
2007	07	12	VN	QA	1	1	AC		5	1337	1501	+1	−1	123	81
2007	07	16	AE	QA	2	1	AC	VN	28	1485	1473	+5	−9	86	90
2007	09	17	QA	OM	1	1	F		0	1473	1562	0	0	88	67
2007	10	16	QA	IQ	3	2	F		13	1486	1661	+1	−5	86	47
2007	10	21	LK	QA	0	1	WQ		-3	952	1489	0	+1	192	83
2007	10	28	QA	LK	5	0	WQ		2	1491	950	−2	0	85	192
2007	11	16	QA	GE	1	2	F		-11	1480	1579	−1	+4	86	63
2007	11	21	QA	CI	1	6	F		-11	1469	1756	−2	+3	91	32
2008	01	10	QA	IR	0	0	F		6	1475	1783	+1	−1	89	24
2008	01	13	SY	QA	0	0	F		-4	1513	1479	−1	0	82	89
2008	02	06	AU	QA	3	0	WQ		8	1736	1471	+1	−3	38	92
2008	03	04	QA	BH	1	2	F		-13	1458	1489	0	+3	92	88
2008	03	16	QA	JO	2	1	F		8	1466	1493	0	−2	92	85
2008	03	26	QA	IQ	2	0	WQ		36	1502	1603	+4	−6	88	58
2008	05	23	QA	KW	1	1	F		-5	1497	1426	0	+1	89	101
2008	05	27	QA	LB	2	1	F		3	1500	1319	0	−1	89	122
2008	06	02	QA	CN	0	0	WQ		-2	1498	1561	−1	0	90	70
2008	06	07	CN	QA	0	1	WQ		-29	1532	1527	−8	+10	78	79
2008	06	14	QA	AU	1	3	WQ		-23	1504	1736	−7	+5	85	35
2008	06	22	QA	IQ	1	0	WQ	AE	27	1531	1598	+6	−6	78	58
2008	08	09	QA	PS	1	0	WAH	IR	6	1537	1225	+1	−1	75	149
2008	08	11	IR	QA	6	1	WAH		11	1772	1526	+1	−4	28	79
2008	08	13	JO	QA	3	0	WAH	IR	35	1558	1491	+12	−11	68	90
2008	08	20	QA	TJ	5	0	F		6	1497	1287	+3	−1	87	129
2008	08	24	QA	KP	2	1	F		8	1505	1522	+1	−2	86	80
2008	08	30	SA	QA	2	1	F		3	1687	1502	0	−1	42	87
2008	09	06	QA	UZ	3	0	WQ		34	1536	1563	+8	−9	79	66
2008	09	10	QA	BH	1	1	WQ		-5	1531	1544	−2	+2	80	75
2008	10	15	AU	QA	4	0	WQ		11	1742	1520	+2	−2	34	83
2008	11	09	QA	IR	0	1	F		-5	1515	1796	−2	0	85	22
2008	11	14	QA	KR	1	1	F		2	1517	1685	+2	0	83	44
2008	11	19	QA	JP	0	3	WQ		-22	1495	1773	−7	+5	90	26
2008	12	30	QA	LY	5	2	F		15	1510	1529	+4	−6	86	78
2009	01	05	QA	SA	0	0	GLF	OM	8	1518	1640	+2	0	83	50
2009	01	08	QA	AE	0	0	GLF	OM	-5	1513	1436	−2	+1	85	100
2009	01	11	QA	YE	2	1	GLF	OM	6	1519	1190	+2	0	82	156
2009	01	14	OM	QA	1	0	GLF		10	1609	1509	+1	−4	58	86
2009	03	17	QA	KW	1	0	F		6	1515	1459	+2	0	83	91
2009	03	21	SY	QA	1	2	F		-15	1573	1530	−3	+7	63	76
2009	03	28	UZ	QA	4	0	WQ		26	1568	1504	+6	−7	68	84
2009	04	01	BH	QA	1	0	WQ		11	1593	1493	+1	−1	60	85
2009	05	26	QA	SA	2	1	F		13	1506	1669	+3	0	83	47
2009	05	31	QA	IQ	1	0	F		8	1514	1522	+1	−3	83	82
2009	06	06	QA	AU	0	0	WQ		6	1520	1714	−1	−3	84	40
2009	06	10	JP	QA	1	1	WQ		-16	1787	1536	−5	+8	25	75
2009	09	09	QA	OM	1	1	F		-1	1535	1612	0	+1	76	56
2009	10	08	HR	QA	3	2	F		1	1885	1534	0	−2	9	78
2009	10	11	MK	QA	2	1	F		7	1555	1527	+4	−2	70	81
2009	10	14	CD	QA	2	2	F	FR	3	1423	1524	0	−1	104	82
2009	11	13	QA	PY	2	0	F	FR	24	1548	1752	+6	−8	75	31
2009	11	17	BE	QA	2	0	F	FR	14	1586	1534	+3	−6	62	80
2009	12	28	QA	IR	3	2	FRC		17	1551	1653	+8	−3	73	49
2009	12	30	QA	KP	0	1	FRC		-20	1531	1551	−9	+9	82	73
2010	01	02	QA	ML	0	0	FRC		-3	1528	1570	0	+2	82	68
2010	03	03	SI	QA	4	1	F		7	1679	1521	0	+1	44	82
2010	08	10	BA	QA	1	1	F		-6	1636	1527	−1	+2	50	82
2010	09	03	QA	BH	1	1	F		-3	1524	1535	−1	−1	83	80
2010	09	07	QA	OM	1	1	F		-1	1523	1591	+1	−2	81	63
2010	10	12	QA	IQ	1	2	F		-12	1511	1566	0	+6	83	70
2010	11	18	QA	HT	0	1	F		-15	1496	1433	−3	+2	90	106
2010	11	22	KW	QA	1	0	GLF	YE	17	1563	1479	+4	−4	72	94
2010	11	25	YE	QA	1	2	GLF		-18	1332	1497	−5	+4	125	90
2010	11	28	QA	SA	1	1	GLF	YE	10	1507	1682	+4	−2	87	42
2010	12	16	QA	EG	2	1	F		15	1522	1777	+5	−2	81	20
2010	12	22	QA	EE	2	0	F		9	1531	1472	+4	−2	77	94
2010	12	28	QA	IR	0	0	F		2	1533	1693	0	0	77	39
2010	12	31	QA	KP	0	1	F		-13	1520	1525	−6	+6	83	79
2011	01	07	QA	UZ	0	2	AC		-49	1471	1556	−13	+11	95	74
2011	01	12	QA	CN	2	0	AC		48	1519	1626	+11	−11	84	54
2011	01	16	QA	KW	3	0	AC		38	1557	1532	+11	−9	74	78
2011	01	21	QA	JP	2	3	AC		-15	1542	1818	−3	+3	76	14
2011	03	29	QA	RU	1	1	F		4	1546	1796	+1	0	74	18
2011	07	17	QA	IN	1	2	F		-19	1527	1196	−8	+3	80	159
2011	07	23	QA	VN	3	0	WQ		7	1534	1244	+1	−2	79	143
2011	07	28	VN	QA	2	1	WQ		30	1274	1504	+9	−6	135	85
2011	08	19	QA	IQ	0	1	F		-12	1492	1560	−3	+4	88	69
2011	08	25	AE	QA	3	1	F		12	1470	1480	+2	−2	92	91
2011	09	02	BH	QA	0	0	WQ		-5	1457	1485	−1	0	95	91
2011	09	06	QA	IR	1	1	WQ		8	1493	1733	0	−2	91	34
2011	10	11	ID	QA	2	3	WQ		-15	1288	1508	−5	+6	137	83
2011	11	04	QA	OM	0	0	F		-3	1505	1508	−1	+1	84	83
2011	11	11	QA	ID	4	0	WQ		10	1515	1278	+2	−3	82	139
2011	11	15	QA	BH	0	0	WQ		-6	1509	1504	−2	+2	84	86
2011	12	10	QA	BH	2	2	PAR		-7	1502	1493	−1	+1	85	90
2011	12	16	QA	IQ	0	0	PAR		-1	1501	1586	−3	0	88	62
2012	02	29	IR	QA	2	2	WQ		-15	1724	1516	−1	+6	33	83
2012	05	22	AL	QA	2	1	F	ES	11	1486	1505	+1	−1	93	85
2012	05	28	QA	PS	0	0	F		-8	1497	1274	−5	+2	91	139
2012	06	03	LB	QA	0	1	WQ		-15	1299	1512	−3	+4	133	86
2012	06	08	QA	KR	1	4	WQ		-20	1492	1797	−6	+3	92	22
2012	06	12	IR	QA	0	0	WQ		-15	1717	1507	−2	+5	35	86
2012	09	06	TJ	QA	2	1	F	DE	17	1252	1490	+3	−5	146	90
2012	10	08	QA	JO	1	1	F		0	1490	1579	0	0	89	65
2012	10	09	QA	OM	1	1	F		-2	1488	1525	0	0	89	81
2012	10	16	QA	UZ	0	1	WQ		-19	1469	1626	−5	+3	94	54
2012	11	07	QA	IQ	2	1	F		11	1480	1579	+3	−2	91	65
2012	11	14	QA	LB	1	0	WQ		8	1488	1328	+2	−1	89	127
2012	12	28	QA	EG	0	2	F		-12	1476	1660	−4	+4	93	46
2013	01	05	AE	QA	3	1	GLF	BH	30	1508	1446	+9	−2	84	96
2013	01	08	QA	OM	2	1	GLF	BH	25	1471	1502	+4	−6	92	86
2013	01	11	BH	QA	1	0	GLF		15	1482	1456	+2	−3	92	96
2013	01	31	QA	LB	1	0	F		4	1460	1326	+2	0	96	129
2013	02	06	QA	MY	2	0	SQ		7	1467	1189	+2	−2	93	159
2013	03	07	QA	EG	3	1	F		18	1485	1612	+1	−5	92	54
2013	03	17	QA	TH	1	0	F		4	1489	1348	0	−1	92	125
2013	03	22	BH	QA	1	0	SQ		17	1466	1472	+3	−2	95	94
2013	03	26	KR	QA	2	1	WQ		4	1754	1468	0	0	29	94
2013	04	17	QA	PS	2	0	F		6	1474	1320	+1	−1	93	129
2013	05	24	QA	LV	3	1	F		12	1486	1483	+1	−3	92	93
2013	05	29	QA	AZ	1	1	F		-5	1481	1409	0	+2	93	107
2013	06	04	QA	IR	0	1	WQ		-16	1465	1663	−3	+4	95	45
2013	06	11	QA	KP	0	0	F		1	1466	1593	0	+1	94	60
2013	06	18	UZ	QA	5	1	WQ		14	1636	1452	0	−5	53	98
2013	09	05	QA	MU	3	0	F		2	1454	1055	+1	0	97	183
2013	09	09	QA	LB	1	1	F		-5	1449	1383	−1	+4	97	112
2013	10	09	QA	VN	1	2	F		-17	1432	1236	−4	+5	101	147
2013	10	13	QA	YE	6	0	SQ		11	1443	1189	+3	−5	99	162
2013	11	15	QA	YE	4	1	SQ	AE	13	1456	1176	+6	−3	95	164
2013	11	19	MY	QA	0	1	SQ		-11	1172	1467	−1	+3	163	93
2013	12	21	QA	BH	1	1	F		-3	1464	1461	−2	+1	95	96
2013	12	25	QA	PS	1	0	WAH		8	1472	1308	+2	−1	93	130
2013	12	31	QA	SA	4	1	WAH		29	1501	1482	+7	−9	86	90
2014	01	04	QA	KW	3	0	WAH		32	1533	1535	+11	−6	75	74
2014	01	07	QA	JO	2	0	WAH		28	1561	1579	+6	−8	69	64
2014	03	05	QA	BH	0	0	SQ		-10	1551	1471	−3	+1	71	95
2014	05	30	MK	QA	0	0	F	IT	1	1508	1550	0	0	84	70
2014	07	14	QA	ID	2	2	F		-8	1542	1238	0	+3	70	150
2014	09	03	MA	QA	0	0	F		-2	1514	1544	+1	0	79	70
2014	09	09	QA	PE	0	2	F		-12	1532	1735	−4	+1	77	30
2014	10	06	QA	UZ	3	0	F		17	1549	1614	+5	−4	73	56
2014	10	09	QA	LB	5	0	F		8	1557	1410	+2	−4	71	111
2014	10	14	QA	AU	1	0	F		10	1567	1658	+1	−2	67	47
2014	11	06	QA	KP	3	1	F		10	1577	1546	+2	−2	64	72
2014	11	13	SA	QA	1	1	GLF		1	1459	1576	0	0	99	64
2014	11	16	QA	YE	0	0	GLF	SA	-16	1560	1207	−4	+4	69	158
2014	11	19	BH	QA	0	0	GLF	SA	6	1455	1554	0	−1	98	68
2014	11	23	QA	OM	3	1	GLF	SA	34	1588	1568	+3	−6	65	67
2014	11	26	SA	QA	1	2	GLF		-21	1492	1609	−6	+5	89	60
2014	12	27	QA	EE	3	0	F		7	1616	1459	0	−2	60	97
2014	12	31	OM	QA	2	2	F	AU	2	1553	1614	0	0	68	60
2015	01	11	AE	QA	4	1	AC	AU	40	1681	1574	+12	−7	41	67
2015	01	15	IR	QA	1	0	AC	AU	16	1714	1558	+3	0	33	67
2015	01	19	BH	QA	2	1	AC	AU	32	1488	1526	+9	−6	87	74
2015	03	26	QA	DZ	1	0	F		11	1537	1664	0	−2	72	47
2015	03	30	QA	SI	1	0	F		11	1548	1644	+2	−1	68	52
2015	05	31	EI	QA	1	1	F	EN	1	1522	1547	0	0	76	68
2015	06	05	SQ	QA	1	0	F		3	1729	1544	0	0	33	68
2015	06	11	MV	QA	0	1	WQS		-4	1058	1548	−1	0	183	67
2015	08	28	QA	SG	4	0	F		3	1551	1195	+2	0	68	162
2015	09	03	QA	BT	15	0	WQS		0	1551	583	0	0	68	233
2015	09	08	HK	QA	2	3	WQS		-7	1188	1558	0	+3	163	66
2015	10	08	QA	CN	1	0	WQS		15	1573	1562	0	−2	66	67
2015	10	13	QA	MV	4	0	WQS		2	1575	1029	−1	−1	67	186
2015	11	13	QA	TR	1	2	F		-6	1569	1811	0	0	66	18
2015	11	17	BT	QA	0	3	WQS		0	576	1569	0	−1	234	67
2016	03	24	QA	HK	2	0	WQS		4	1573	1219	0	−1	67	156
2016	03	29	CN	QA	2	0	WQS		23	1574	1550	+7	−4	65	71
2016	05	29	AL	QA	3	1	F	AT	12	1623	1538	+5	−4	52	74
2016	08	08	QA	IQ	2	1	F		6	1544	1494	+1	−1	72	85
2016	08	18	QA	JO	3	2	F	CH	10	1554	1525	+2	−2	70	76
2016	08	25	QA	TH	3	0	F		8	1562	1429	+2	−1	68	102
2016	09	01	IR	QA	2	0	WQ		10	1754	1552	+1	−3	29	71
2016	09	06	QA	UZ	0	1	WQ		-19	1533	1684	−5	+2	76	45
2016	10	06	KR	QA	3	2	WQ		5	1793	1528	0	−2	22	77
2016	10	11	QA	SY	1	0	WQ		15	1543	1528	+4	−1	73	74
2016	11	10	QA	RU	2	1	F		11	1554	1682	+3	−3	70	44
2016	11	15	CN	QA	0	0	WQ		-4	1523	1558	−1	0	76	70
2017	01	17	QA	MD	1	1	F		-7	1551	1347	0	+1	70	120
2017	03	09	QA	AZ	1	2	F		-16	1535	1440	−3	+6	74	95
2017	03	23	QA	IR	0	1	WQ		-13	1522	1770	−4	+3	78	24
2017	03	28	UZ	QA	1	0	WQ		9	1646	1513	+1	−3	52	81
2017	06	06	QA	KP	2	2	F		-2	1511	1527	0	0	80	76
2017	06	13	QA	KR	3	2	WQ		28	1539	1733	+6	−5	74	34
2017	08	16	QA	AD	1	0	F	EN	1	1540	1021	0	0	74	187
2017	08	23	QA	TM	2	1	F		2	1542	1253	0	0	74	143
2017	08	31	SY	QA	3	1	WQ	MY	27	1599	1515	+7	−6	60	80
2017	09	05	QA	CN	1	2	WQ		-23	1492	1590	−8	+5	87	64
2017	10	05	QA	SG	3	1	F		2	1494	1084	+1	−1	85	180
2017	10	10	QA	CW	1	2	F		-18	1476	1266	−4	+4	89	143
2017	11	11	QA	CZ	0	1	FT		-10	1466	1712	−1	+2	90	39
2017	11	14	QA	IS	1	1	FT		9	1475	1811	+2	−1	88	21
2017	12	14	QA	LI	1	2	F		-18	1457	1167	−6	+4	93	168
2017	12	23	QA	YE	4	0	GLF	KW	16	1473	1209	+3	−6	87	161
2017	12	26	IQ	QA	2	1	GLF	KW	16	1564	1457	+2	−3	69	91
2017	12	29	BH	QA	1	1	GLF	KW	2	1420	1455	+1	−2	101	93
2018	03	21	IQ	QA	2	3	FRT		-24	1560	1479	−5	+5	71	88
2018	03	24	QA	SY	2	2	FRT	IQ	5	1484	1605	+3	−5	85	61
2018	09	07	QA	CN	1	0	F		9	1493	1525	+2	−1	83	73
2018	09	11	QA	PS	3	0	F		8	1501	1373	+2	−4	82	114
2018	10	12	QA	EC	4	3	F		14	1515	1746	+4	−4	78	31
2018	10	16	UZ	QA	2	0	F		8	1605	1507	+2	−1	56	78
2018	11	14	CH	QA	0	1	F		-19	1876	1526	−3	+2	16	76
2018	11	19	IS	QA	2	2	F	BE	-4	1668	1530	−1	+2	46	75
2018	12	23	QA	JO	2	0	F		8	1538	1445	+1	−4	73	96
2018	12	25	QA	KG	1	0	F		2	1540	1278	0	−1	73	141
2018	12	27	QA	DZ	0	1	F		-13	1527	1541	−2	+3	75	72
2018	12	31	QA	IR	1	2	F		-5	1522	1823	−2	0	77	19
2019	01	09	QA	LB	2	0	AC	AE	30	1552	1424	+10	−7	68	99
2019	01	13	QA	KP	6	0	AC	AE	32	1584	1371	+4	−9	63	112
2019	01	17	QA	SA	2	0	AC	AE	42	1626	1588	+13	−13	50	62
2019	01	22	QA	IQ	1	0	AC	AE	24	1650	1590	+2	−7	48	61
2019	01	25	QA	KR	1	0	AC	AE	35	1685	1768	+4	−5	44	26
2019	01	29	AE	QA	0	4	AC		-37	1477	1722	−7	+4	87	40
2019	02	01	QA	JP	3	1	AC	AE	49	1771	1780	+14	−3	26	22
2019	06	05	BR	QA	2	0	F		2	2133	1769	0	+2	1	27
2019	06	16	PY	QA	2	2	CA	BR	4	1710	1765	+1	−1	40	28
2019	06	19	CO	QA	1	0	CA	BR	10	2014	1755	0	−3	5	30
2019	06	23	AR	QA	2	0	CA	BR	26	1893	1729	+3	−7	13	37
2019	09	05	QA	AF	6	0	WQS		2	1731	1137	0	−2	38	173
2019	09	10	QA	IN	0	0	WQS		-19	1712	1217	−4	0	39	156
2019	10	10	BD	QA	0	2	WQS		-1	820	1713	+1	0	207	39
2019	10	15	QA	OM	2	1	WQS		6	1719	1516	+1	0	39	75
2019	11	14	QA	SG	2	0	F		1	1720	1136	0	−1	39	177
2019	11	19	QA	AF	1	0	WQS	TJ	1	1721	1140	0	−2	39	175
2019	11	26	QA	IQ	1	2	GLF		-31	1690	1629	−4	+5	43	53
2019	11	29	QA	YE	6	0	GLF		3	1693	1193	0	0	43	159
2019	12	02	QA	AE	4	2	GLF		8	1701	1451	+1	−2	42	92
2019	12	05	QA	SA	0	1	GLF		-33	1668	1579	−4	+5	46	64
2020	10	12	GH	QA	5	1	F	TR	22	1630	1646	+5	−3	52	49
2020	11	13	CR	QA	1	1	F	AT	1	1621	1645	+1	0	54	48
2020	11	17	KR	QA	2	1	F	AT	7	1773	1638	+1	−1	28	49
2020	12	04	QA	BD	5	0	WQS		0	1638	848	0	0	47	207
2021	03	24	QA	LU	1	0	F	HU	3	1641	1360	−2	−1	49	114
2021	03	27	QA	AZ	2	1	F	HU	4	1645	1378	+5	−2	45	108
2021	03	30	IE	QA	1	1	F	HU	1	1614	1644	+1	−1	53	47
2021	06	03	QA	IN	1	0	WQS		2	1646	1193	−1	0	46	161
2021	06	07	QA	OM	1	0	WQS		8	1654	1497	+1	−2	46	79
2021	07	04	QA	SV	1	0	F	HR	6	1660	1496	+1	−1	45	81
2021	07	13	PA	QA	3	3	CCH	US	8	1556	1652	+2	−1	69	46
2021	07	17	QA	GD	4	0	CCH	US	5	1657	1142	0	−1	46	171
2021	07	20	QA	HN	2	0	CCH	US	35	1692	1598	+5	−9	41	59
2021	07	24	QA	SV	3	2	CCH	US	15	1707	1534	+2	−3	39	74
2021	07	29	US	QA	1	0	CCH		11	1838	1696	+1	−1	17	41
2021	09	01	RS	QA	4	0	F	HU	14	1799	1682	+2	−1	24	42
2021	09	04	PT	QA	3	1	F	HU	4	2012	1678	0	0	7	43
2021	09	07	LU	QA	1	1	F		5	1401	1673	0	−1	101	44
2021	10	09	PT	QA	3	0	F		3	2018	1670	0	−1	8	46
2021	10	12	IE	QA	4	0	F		15	1647	1655	+1	−5	53	51
2021	11	11	RS	QA	4	0	F		7	1812	1648	−1	−1	25	53
2021	11	14	AZ	QA	2	2	F		6	1321	1642	+3	−1	125	52
2021	11	30	QA	BH	1	0	ARC		10	1652	1543	+2	−3	51	72
2021	12	03	QA	OM	2	1	ARC		8	1660	1502	+2	−3	49	82
2021	12	06	QA	IQ	3	0	ARC		17	1677	1551	+3	−1	46	68
2021	12	10	QA	AE	5	0	ARC		14	1691	1487	+2	−2	44	85
2021	12	15	QA	DZ	1	2	ARC		-22	1669	1779	−3	+4	47	29
2021	12	18	QA	EG	0	0	ARC		-6	1663	1658	−2	+1	49	50
2022	03	26	QA	BG	2	1	F		4	1667	1513	+1	0	49	79
2022	03	29	QA	SI	0	0	F		-4	1663	1626	−1	−1	50	57
2022	08	26	JM	QA	1	1	FT	AT	5	1553	1658	0	−1	71	49
2022	09	23	CA	QA	2	0	F	AT	10	1778	1648	0	−1	30	50
2022	09	27	CL	QA	2	2	F	AT	-2	1702	1650	0	−1	40	52
2022	10	13	QA	NI	2	1	F	ES	2	1652	1251	+1	−1	51	149
2022	10	23	QA	GT	2	0	F	ES	7	1659	1442	+1	0	50	90
2022	10	27	QA	HN	1	0	F	ES	5	1664	1466	0	−3	50	87
2022	11	05	QA	PA	2	1	F	ES	10	1674	1645	+1	−1	49	52
2022	11	09	QA	AL	1	0	F	ES	6	1680	1538	+1	−2	48	74
2022	11	20	QA	EC	0	2	WC		-38	1642	1870	−6	+1	53	17
2022	11	25	QA	SN	1	3	WC		-54	1588	1728	−9	+12	63	36
2022	11	29	QA	NL	0	2	WC		-11	1577	2047	−1	+2	65	4
2023	01	07	QA	KW	2	0	GLF	IQ	11	1588	1304	+1	−4	64	135
2023	01	10	BH	QA	2	1	GLF	IQ	24	1538	1564	+4	−3	75	68
2023	01	13	QA	AE	1	1	GLF	IQ	-7	1557	1451	0	+3	68	88
2023	01	16	IQ	QA	2	1	GLF		12	1611	1545	+1	−1	60	69
2023	06	15	QA	JM	2	1	F	AT	10	1555	1538	+3	−3	68	73
2023	06	19	NZ	QA	1	0	F	AT	11	1535	1544	+2	−1	73	71
2023	06	25	HT	QA	2	1	CCH	US	25	1570	1519	+5	−2	67	75
2023	06	29	HN	QA	1	1	CCH	US	5	1460	1514	0	−2	89	77
2023	07	02	QA	MX	1	0	CCH	US	43	1557	1776	+7	−3	70	28
2023	07	08	PA	QA	4	0	CCH	US	33	1692	1524	+4	−5	45	74
2023	09	07	QA	KE	1	2	F		-17	1507	1362	−6	+1	79	116
2023	09	12	QA	RU	1	1	F		4	1511	1759	+2	−1	77	31
2023	10	13	IQ	QA	0	0	FT	JO	-4	1597	1515	0	+2	61	75
2023	10	17	IR	QA	4	0	FT	JO	8	1831	1507	0	−1	22	76
2023	11	16	QA	AF	8	1	WQS		4	1511	1090	0	0	77	175
2023	11	21	IN	QA	0	3	WQS		-23	1262	1534	−6	+8	151	70
2023	12	31	QA	KH	3	0	F		0	1534	848	0	0	70	205
2024	01	05	QA	JO	1	2	F		-14	1520	1517	−3	+1	73	75
2024	01	12	QA	LB	3	0	AC		13	1533	1296	+2	−7	70	142
2024	01	17	QA	TJ	1	0	AC		10	1543	1373	+1	−2	69	113
2024	01	22	QA	CN	1	0	AC		11	1554	1410	+2	−2	67	103
2024	01	29	QA	PS	2	1	AC		10	1564	1412	+1	0	65	102
2024	02	03	QA	UZ	1	1	AC		0	1564	1663	−1	0	68	47
2024	02	07	QA	IR	3	2	AC		37	1601	1816	+5	−5	63	20
2024	02	10	QA	JO	3	1	AC		30	1631	1597	+8	−7	55	63
2024	03	21	QA	KW	3	0	WQS		7	1638	1333	+2	−3	53	126
2024	03	26	KW	QA	1	2	WQS		-9	1324	1647	−2	+3	128	51
2024	06	06	AF	QA	0	0	WQS	SA	18	1136	1629	+1	−2	169	53
2024	06	11	QA	IN	2	1	WQS		2	1631	1196	0	0	55	162
2024	09	05	QA	AE	1	3	WQ		-47	1584	1549	−9	+8	63	74
2024	09	10	KP	QA	2	2	WQ	LA	10	1407	1574	+2	−4	103	67
2024	10	10	QA	KG	3	1	WQ		5	1579	1270	+2	+1	65	144
2024	10	15	IR	QA	4	1	WQ	AE	14	1832	1565	+2	−1	19	68
2024	11	14	QA	UZ	3	2	WQ		22	1587	1678	+4	−2	64	49
2024	11	19	AE	QA	5	0	WQ		35	1563	1552	+9	−9	68	72
2024	12	21	QA	AE	1	1	GLF	KW	1	1553	1562	0	0	72	68
2024	12	24	OM	QA	2	1	GLF	KW	24	1511	1529	+3	−4	79	76
2024	12	27	KW	QA	1	1	GLF		5	1352	1524	0	−1	124	77
2025	03	20	QA	KP	5	1	WQ		17	1541	1394	+5	−7	73	108
2025	03	25	KG	QA	3	1	WQ		43	1322	1498	+13	−9	130	83
2025	06	05	QA	IR	1	0	WQ		32	1530	1798	+7	−7	75	27
2025	06	10	UZ	QA	3	0	WQ		13	1707	1517	+5	−2	42	78
2025	08	24	QA	LB	0	1	F		-17	1500	1344	−3	+4	82	124
2025	09	03	QA	BH	2	2	F		-4	1496	1453	0	+2	82	90
2025	09	07	QA	RU	1	4	F		-9	1487	1796	−2	+2	82	26
2025	10	08	QA	OM	0	0	WQ		-4	1483	1521	0	0	84	77
2025	10	14	QA	AE	2	1	WQ		19	1502	1548	+2	−2	82	73
2025	11	17	QA	ZW	1	2	F		-16	1486	1352	−1	+12	84	115
2025	12	01	QA	PS	0	1	ARC		-28	1458	1475	−6	+5	89	85
2025	12	04	QA	SY	1	1	ARC		-4	1454	1491	0	0	89	83
2025	12	07	QA	TN	0	3	ARC		-29	1425	1641	−7	+7	96	54
2026	05	28	IE	QA	1	0	F		2	1694	1423	0	−1	49	96
2026	06	06	SV	QA	0	0	F	US	2	1342	1421	−1	0	123	97
2026	06	13	QA	CH	1	1	WC	US	26	1447	1865	+6	−2	90	19
2026	06	18	CA	QA	6	0	WC		10	1777	1437	+2	−1	29	91