1959	00	00	GM	SN	1	2	F		-4	1268	1604	−1	−	114	45
1961	11	05	GM	SN	3	5	NKR		-9	1258	1613	0	+1	117	43
1961	11	19	SN	GM	2	3	NKR		-28	1585	1286	−3	+2	47	115
1961	12	02	GM	SN	1	2	F		-5	1281	1590	0	0	115	47
1961	12	25	SN	GA	3	2	JAM	CI	9	1599	1371	0	−1	45	101
1961	12	27	SN	CM	4	0	JAM	CI	31	1630	1510	+3	−8	42	65
1961	12	29	CI	SN	1	1	JAM		-6	1641	1636	0	0	41	42
1961	12	31	DH	SN	4	3	JAM	CI	27	1540	1609	+6	−2	57	44
1962	00	00	SN	CI	1	1	F		-2	1607	1643	−1	0	45	41
1963	02	24	ML	SN	3	1	NKR	GH	24	1606	1583	+2	−3	46	48
1963	02	27	NG	SN	4	0	NKR	GH	23	1665	1560	+3	−6	35	54
1963	04	11	SN	CM	1	0	JAM		11	1571	1477	+2	−5	54	77
1963	04	14	SN	NG	5	1	JAM		37	1608	1629	+9	−6	44	41
1963	04	16	SN	NE	3	1	JAM		2	1610	1094	0	0	45	141
1963	04	20	SN	TN	1	1	JAM		-7	1603	1599	−3	+1	48	49
1963	11	21	SN	ET	1	2	F		-14	1589	1569	−1	+6	50	53
1963	12	15	SN	GN	1	1	F		-2	1587	1618	0	0	48	45
1964	03	27	CJ	SN	2	0	F		12	1575	1575	+4	−2	49	49
1964	03	29	CB	SN	3	1	F		10	1597	1565	0	−3	47	52
1965	01	13	SN	CD	1	1	F		-2	1563	1592	0	0	52	48
1965	02	24	SN	GN	2	0	FQ		29	1592	1618	+5	−5	47	43
1965	03	07	SN	ML	3	0	AGQ		21	1613	1528	+3	−5	44	62
1965	03	14	ML	SN	4	0	AGQ		36	1564	1577	+9	−6	53	50
1965	03	29	GN	SN	3	1	FQ		18	1636	1559	+3	−3	40	54
1965	04	18	ML	SN	0	2	FQ		-39	1525	1598	−10	+6	62	48
1965	05	05	SN	ML	3	1	FQ		16	1614	1508	+1	−5	47	67
1965	11	14	TN	SN	0	0	AR		-9	1633	1623	−2	+3	41	43
1965	11	19	SN	ET	5	1	AR	TN	34	1657	1489	+6	−10	37	72
1965	11	21	CI	SN	1	0	AR	TN	23	1702	1634	+4	−3	30	40
1966	03	06	GN	SN	5	0	F		18	1591	1616	+2	−3	49	43
1966	06	05	SN	LB	2	3	F		-18	1598	1394	−3	+3	47	96
1967	02	19	GN	SN	3	0	FQ		26	1620	1572	+6	−3	41	49
1967	03	08	SN	CM	0	1	F		-14	1558	1546	−1	+6	50	57
1967	03	11	SN	CM	2	0	F		10	1568	1536	+1	−3	50	61
1967	03	19	SN	GN	4	1	FQ		30	1598	1590	+5	−6	45	47
1967	05	06	LR	SN	0	0	FQ		8	1363	1590	+1	−1	104	47
1967	05	08	LR	SN	1	1	FQ		7	1370	1583	0	−2	104	49
1967	07	02	SN	LR	4	1	FQ		10	1593	1360	+1	0	48	104
1967	10	22	SN	GN	2	1	FQ		15	1608	1592	+6	−6	45	51
1967	10	27	GN	SN	1	0	FT	GM	16	1608	1592	+6	−6	45	51
1967	12	10	SN	CG	1	0	F		7	1599	1596	+3	−1	49	51
1968	01	12	GH	SN	2	2	AR	ET	-10	1733	1609	0	+6	24	44
1968	01	14	SN	CG	2	1	AR	ET	22	1631	1539	+4	−6	40	64
1968	01	16	CD	SN	2	1	AR	ET	22	1700	1609	+4	−5	31	45
1968	02	18	SN	ML	1	1	F		-4	1605	1553	−3	+1	46	59
1968	03	17	ML	SN	0	2	F		-17	1536	1622	−4	+5	63	42
1968	06	30	CI	SN	2	1	F		5	1737	1617	+1	−1	25	44
1968	08	10	SN	CI	1	1	F		1	1618	1736	0	0	44	25
1968	09	07	SN	GN	4	4	F		-3	1615	1626	0	0	44	42
1968	11	03	MA	SN	1	0	WQ		12	1673	1603	+1	−2	34	47
1968	12	01	GH	SN	2	0	F		9	1652	1594	+1	−2	37	52
1969	01	05	SN	MA	2	1	WQ		19	1613	1654	+4	−3	45	36
1969	01	22	CG	SN	1	0	F		9	1559	1604	+3	−2	60	48
1969	01	24	SN	CM	3	2	FT	CD	12	1616	1525	+2	−1	46	66
1969	01	26	CD	SN	4	0	FT		12	1764	1604	+3	−2	21	48
1969	02	13	MA	SN	2	0	WQ	ES	26	1672	1578	+6	−4	33	52
1969	10	12	GN	SN	4	3	FQ		12	1640	1566	+3	−3	41	56
1969	10	26	SN	GN	1	1	FQ		-1	1565	1641	0	+1	56	39
1969	11	00	SN	RU	0	4	F		-6	1559	1953	−1	0	57	6
1970	05	14	GN	SN	3	1	F		8	1652	1551	0	−3	41	60
1970	05	17	GN	SN	4	0	F		9	1661	1542	+2	−3	39	63
1970	10	11	SL	SN	1	0	F		12	1375	1530	+1	−3	97	65
1970	10	18	CI	SN	0	1	F		-16	1647	1546	−1	+5	39	60
1970	10	25	TG	SN	3	0	F		18	1464	1528	+7	−4	75	64
1970	11	15	GN	SN	1	0	FQ		9	1647	1519	+1	−1	40	64
1970	11	29	SN	GN	0	0	FQ		2	1521	1645	0	0	65	40
1971	03	04	CM	SN	1	1	F		-4	1579	1525	−1	0	54	65
1971	03	07	CM	SN	1	2	F		-14	1565	1539	−4	0	58	65
1971	03	10	SN	CM	3	0	F		14	1553	1551	+5	−3	60	61
1971	04	03	NG	SN	1	1	OQ		-7	1581	1560	−1	+1	52	60
1971	04	18	SN	NG	2	1	OQ		16	1576	1565	+5	−9	55	60
1971	07	25	SN	SL	2	1	F		3	1579	1384	+1	−1	54	95
1971	09	21	HU	SN	3	0	F		3	1899	1576	0	−1	7	55
1971	12	19	SN	ML	4	1	F		14	1590	1596	+3	−3	53	51
1972	01	09	SN	CG	0	2	F		-19	1571	1610	−2	+4	56	49
1972	02	17	SN	MA	1	3	F		-15	1556	1695	−4	+1	59	35
1972	04	23	SN	CM	1	1	OQ		-2	1554	1615	0	0	60	47
1972	04	30	TG	SN	1	3	OQ		-35	1478	1589	−3	+6	68	54
1972	05	07	GH	SN	1	0	OQ		9	1717	1580	+1	−2	30	56
1972	05	14	CM	SN	3	2	OQ		14	1609	1566	+2	−2	49	56
1972	05	21	SN	TG	0	0	OQ		-11	1555	1452	−2	+4	57	75
1972	05	28	SN	GH	2	0	OQ		36	1591	1687	+5	−6	52	36
1972	09	28	SN	MR	10	1	AQW		2	1593	978	−1	0	52	162
1972	10	01	SN	GN	2	3	AQW		-25	1568	1620	−1	+5	53	46
1972	10	05	SN	ML	1	1	AQW		-9	1559	1513	−3	+2	56	62
1972	10	08	SN	GM	7	1	AQW		10	1569	1293	+3	−2	53	115
1972	11	19	MA	SN	0	0	WQ		-9	1636	1578	−4	+1	43	53
1972	11	29	SN	CN	0	0	F		-1	1577	1629	0	0	52	44
1972	12	03	SN	MA	1	2	WQ		-22	1555	1658	−4	+4	56	37
1973	02	01	GM	SN	2	1	F		14	1307	1541	+2	−2	116	60
1973	02	17	MA	SN	3	1	F		6	1672	1535	+1	0	36	60
1973	04	15	GH	SN	3	2	FQ		10	1642	1525	0	0	41	60
1973	04	21	SN	GH	1	0	FQ		21	1546	1621	+1	−2	59	43
1974	07	14	UV	SN	3	1	F		20	1358	1526	+1	−3	106	61
1974	08	11	CN	SN	5	2	F		8	1646	1518	+1	−1	38	62
1975	02	02	SN	NG	0	1	F		-10	1508	1631	0	+2	65	41
1975	02	16	ML	SN	2	1	F		7	1523	1501	0	−1	64	66
1975	02	22	NG	SN	1	1	F		-6	1630	1507	−2	+1	41	65
1975	03	22	MA	SN	4	0	FQ		10	1741	1497	+1	−2	27	67
1975	04	13	SN	MA	2	1	FQ		28	1525	1713	+6	−1	62	28
1975	04	23	SN	CI	1	0	FT		12	1537	1532	+5	−3	57	58
1975	04	25	SN	NG	1	0	FT		15	1552	1624	+3	−2	54	42
1975	05	18	TG	SN	1	1	OQ		-3	1501	1555	−1	0	67	54
1975	06	01	SN	TG	1	0	OQ		12	1567	1489	+3	−3	51	70
1975	06	10	GW	SN	1	1	AWA		8	1334	1559	+1	−1	110	52
1975	06	12	ML	SN	3	1	AWA	GW	34	1544	1525	+10	−10	55	62
1975	06	14	GW	SN	0	0	AWA		5	1339	1520	+2	−1	108	63
1975	11	30	SN	ZR	3	1	OQ		37	1557	1660	+4	−7	55	37
1975	12	14	ZR	SN	2	0	OQ		14	1674	1543	+5	−3	32	58
1976	01	15	SN	MR	4	1	WAC	GM	2	1545	956	0	0	57	164
1976	01	16	GN	SN	2	2	WAC	GM	-7	1657	1552	−2	+1	40	56
1976	03	14	SN	GH	0	0	OQ		-1	1551	1643	0	0	55	41
1976	03	21	CI	SN	4	1	F		16	1503	1535	+4	−3	63	58
1976	03	28	GH	SN	2	1	OQ		9	1659	1526	0	0	40	58
1976	10	17	TG	SN	1	0	WQ		17	1497	1509	+4	−1	68	60
1976	10	31	SN	TG	1	1	WQ		-6	1503	1503	−2	+4	63	63
1977	02	02	SN	DK	2	3	F		-9	1494	1655	−3	+2	69	37
1977	03	05	SN	GN	1	0	F		15	1509	1749	+5	−2	64	23
1977	03	13	SN	TG	2	1	FQ		14	1523	1483	+4	−6	60	72
1977	03	26	TG	SN	0	1	FQ		-23	1460	1546	−5	+1	77	59
1977	05	01	DZ	SN	2	0	F		12	1522	1534	+3	−1	61	60
1977	05	28	SN	MA	3	2	F		12	1546	1701	+1	−1	59	31
1977	06	05	MR	SN	1	2	F		-1	922	1547	0	+1	167	58
1977	06	12	SN	NG	3	1	FQ		34	1581	1654	+7	−5	50	38
1977	06	25	NG	SN	3	0	FQ		19	1673	1562	+4	−5	35	54
1979	01	09	SN	CV	1	0	ACC	GW	4	1566	1187	0	0	56	137
1979	01	11	GW	SN	0	2	ACC		-18	1304	1584	−1	+4	111	52
1979	01	13	SN	GN	3	1	ACC	GW	37	1621	1629	+5	−8	47	45
1979	01	14	SN	ML	1	0	ACC	GW	17	1638	1554	+4	−2	43	57
1979	01	30	GN	SN	1	1	FT	LR	2	1598	1636	0	0	51	43
1979	02	01	LR	SN	1	1	FT		7	1363	1629	+3	−2	96	45
1979	02	03	TG	SN	1	0	FT	LR	22	1463	1607	+3	−2	76	47
1979	03	10	SN	ML	1	0	F		6	1613	1548	0	−2	47	58
1979	03	25	ML	SN	2	1	F		9	1557	1604	+2	0	56	47
1979	04	15	MA	SN	1	0	OQ		15	1609	1589	+2	−4	49	51
1979	04	29	SN	MA	1	0	OQ		15	1604	1594	+3	−2	48	50
1979	09	29	SN	NG	0	2	F		-17	1587	1681	−5	0	53	35
1979	11	03	SL	SN	1	0	F		13	1387	1574	+1	−2	96	56
1979	12	26	TN	SN	3	1	FT		12	1668	1562	+2	−2	38	57
1980	02	10	ML	SN	1	0	ACC	GM	20	1585	1542	+3	−4	54	62
1980	02	14	SN	MR	2	1	ACC	GM	1	1543	967	0	0	62	165
1980	02	16	SN	GN	2	1	ACC	GM	23	1566	1565	+6	−5	56	57
1980	02	18	GM	SN	0	1	ACC		-12	1303	1578	−3	+1	111	55
1980	02	25	MA	SN	3	2	F		8	1556	1570	+4	−1	59	55
1980	04	05	SN	TN	0	2	F		-16	1554	1671	−3	+4	58	38
1980	05	01	SN	GN	1	0	F		6	1560	1515	+3	−1	55	68
1980	06	22	SN	MA	0	1	WQ		-22	1538	1645	−6	+2	62	44
1980	07	00	GW	SN	1	1	IND	CV	9	1307	1529	+6	−2	110	65
1980	07	01	CV	SN	1	0	IND		24	1196	1505	+5	−2	135	67
1980	07	02	MR	SN	1	3	F		-2	982	1507	−1	0	164	67
1980	07	06	MA	SN	0	0	WQ		-12	1633	1519	−2	+3	45	64
1980	11	09	SN	MR	3	0	F		1	1520	1018	0	0	65	161
1980	11	16	SN	SL	2	1	FQ		9	1529	1405	+4	−2	61	92
1980	11	26	GN	SN	1	0	F		8	1514	1521	+5	−1	66	63
1980	11	30	SL	SN	1	2	FQ		-19	1386	1540	−2	+3	93	60
1981	02	03	SN	CV	1	0	ACC	ML	5	1545	1191	0	−1	60	138
1981	02	05	SN	GW	1	0	ACC	ML	8	1553	1299	+3	−1	57	113
1981	02	10	GN	SN	1	0	ACC	ML	22	1539	1531	+6	−6	60	63
1981	02	12	SN	CV	5	1	ACC	ML	11	1542	1220	+3	−6	60	133
1981	03	25	SN	GN	0	1	F		-13	1529	1557	−3	+2	63	56
1981	04	03	DZ	SN	2	0	F		6	1678	1523	0	−3	35	66
1981	04	12	TN	SN	1	0	FQ		8	1678	1515	+3	−1	35	66
1981	04	26	SN	TN	0	0	FQ	GH	9	1524	1669	+1	−3	66	38
1981	11	01	SN	MA	2	0	F		17	1541	1646	+2	−2	61	41
1982	01	24	UV	SN	0	0	F		4	1298	1537	0	0	112	61
1982	01	31	SN	BJ	1	0	F		3	1540	1302	0	−1	61	109
1982	02	11	GN	SN	1	1	ACC	CV	2	1501	1538	0	0	69	62
1982	02	13	SN	GW	1	0	ACC	CV	6	1544	1242	+4	−1	58	125
1982	02	15	SN	SL	2	0	ACC	CV	17	1561	1368	+2	−4	56	94
1982	02	17	SN	ML	1	0	ACC	CV	18	1579	1503	+2	−5	54	69
1982	02	19	GN	SN	3	0	ACC	CV	42	1555	1537	+8	−8	57	62
1982	02	21	CV	SN	0	1	F		-4	1218	1541	0	0	133	62
1982	05	01	CM	SN	2	1	FT		8	1635	1533	+1	0	41	61
1982	05	04	GH	SN	0	0	FT	CM	-7	1705	1540	0	0	31	61
1982	05	05	GN	SN	1	1	FT	CM	-1	1561	1541	0	0	57	61
1982	05	12	MA	SN	2	1	F		6	1592	1535	+3	0	49	61
1982	08	06	SN	KR	2	0	MRD	MY	32	1567	1654	+6	−3	55	39
1982	08	09	SN	AE	3	1	MRD	MY	4	1571	1149	+1	0	54	143
1982	08	11	ID	SN	2	2	MRD	MY	10	1307	1561	+4	−3	108	57
1982	08	13	MY	SN	1	0	MRD		22	1308	1539	+7	−5	107	62
1982	08	19	SN	KR	1	1	MRD	MY	5	1544	1649	+2	0	60	39
1982	08	20	GH	SN	2	2	MRD	MY	-7	1718	1551	0	+1	30	59
1982	10	27	SN	TG	1	2	F		-15	1536	1470	−2	+3	62	78
1982	11	14	NE	SN	0	0	FQ		10	1261	1526	+2	−1	124	63
1982	11	28	SN	NE	1	0	FQ		4	1530	1257	0	−1	63	123
1983	01	23	NE	SN	2	0	COQ		44	1301	1486	+11	−12	112	75
1983	02	01	SN	GN	1	0	F		9	1495	1558	+3	−1	72	57
1983	02	06	SN	NE	2	0	COQ		9	1504	1292	+2	−1	70	112
1983	03	09	SN	MA	1	0	F		9	1513	1570	+3	−3	67	56
1983	03	10	SN	MA	0	0	F		-1	1512	1571	−2	0	69	56
1983	04	08	LY	SN	2	1	FQ		10	1610	1502	+2	−1	44	69
1983	04	24	SN	LY	1	0	FQ		20	1522	1590	+6	−6	63	49
1983	05	29	SN	BJ	2	0	OQ		6	1528	1249	+1	+1	63	123
1983	06	12	BJ	SN	0	2	OQ		-16	1233	1544	−6	+3	128	60
1983	07	20	GW	SN	1	1	ACC	MR	13	1296	1531	+5	−3	112	63
1983	07	23	SN	GM	2	1	ACC	MR	12	1543	1382	+3	−1	60	90
1983	07	24	GN	SN	1	1	ACC	MR	8	1409	1535	0	−2	88	62
1983	07	27	SN	ML	2	1	ACC	MR	17	1552	1469	+3	−5	59	79
1983	07	29	SN	GW	3	0	ACC	MR	16	1568	1324	+3	−2	57	103
1983	08	14	SN	DZ	1	1	FQ		0	1568	1661	0	0	56	38
1983	08	28	DZ	SN	2	0	FQ		14	1682	1554	+1	−4	37	60
1983	09	25	MA	SN	1	0	OQ		12	1622	1542	+1	−3	41	62
1983	10	09	SN	MA	1	1	OQ		-1	1541	1623	0	+1	62	41
1983	11	15	NG	SN	1	0	COQ		13	1582	1528	+5	−2	52	64
1983	11	19	SN	NG	0	1	COQ		-23	1505	1605	−5	+8	69	45
1984	01	02	GM	SN	2	2	FT		1	1380	1504	0	0	93	71
1984	01	04	SN	MR	2	0	FT	GM	3	1507	1068	+2	0	69	156
1984	01	18	SN	GN	1	0	F		5	1512	1396	+1	0	68	90
1984	01	29	LR	SN	0	0	FT	CI	7	1331	1505	+4	−3	99	71
1984	01	31	CI	SN	1	0	FT		9	1574	1496	+1	0	57	71
1984	02	02	ML	SN	1	1	FT	CI	2	1460	1494	0	0	80	71
1984	02	05	CI	SN	4	3	FT		8	1589	1486	+3	−4	50	75
1984	02	09	SN	GW	3	2	ACC	SL	11	1497	1313	+4	−4	71	107
1984	02	11	ML	SN	1	0	ACC	SL	21	1495	1476	+7	−7	71	78
1984	02	13	SN	MR	6	0	ACC	SL	7	1483	1049	+2	−1	76	159
1984	02	15	SN	GM	1	0	ACC	SL	15	1498	1374	+5	−2	71	93
1984	02	19	SL	SN	0	0	ACC		4	1339	1494	0	0	99	71
1984	06	23	MA	SN	2	1	F		4	1622	1490	0	−2	42	71
1984	07	01	AO	SN	1	0	WQ		16	1468	1474	+3	−5	79	77
1984	07	15	SN	AO	1	0	WQ		14	1488	1454	+2	−3	76	83
1985	02	12	SN	GN	2	0	ACC	GM	23	1511	1385	+9	−2	67	92
1985	02	14	SN	MR	2	0	ACC	GM	5	1516	1098	+1	0	66	153
1985	02	16	ML	SN	2	2	ACC	GM	1	1501	1515	+1	0	69	66
1985	02	19	SN	CV	1	0	ACC	GM	7	1522	1253	+1	−2	65	125
1985	02	22	GM	SN	0	1	ACC		-15	1320	1537	−9	+3	108	61
1985	03	31	TG	SN	0	1	FQ		-24	1477	1561	−9	+3	79	58
1985	04	14	SN	TG	1	1	FQ		-11	1550	1460	−1	0	58	82
1985	05	10	MR	SN	0	0	F		8	1116	1542	+2	0	150	59
1985	08	18	ZW	SN	1	0	FQ		18	1492	1524	+4	−4	75	65
1985	09	01	SN	ZW	3	0	FQ		22	1546	1470	+5	−5	61	80
1985	12	25	SN	GN	3	1	COC		10	1556	1363	+3	0	58	96
1985	12	29	SN	CI	2	0	COC		27	1583	1599	+4	−7	54	49
1986	01	22	GA	SN	0	1	F		-9	1425	1592	−2	+4	84	50
1986	02	01	SN	GN	2	1	ACC		5	1597	1351	+1	−1	49	98
1986	02	05	SN	ML	1	0	ACC		8	1605	1440	+1	0	48	81
1986	02	08	SN	GM	1	0	ACC		4	1609	1333	+1	−1	47	103
1986	02	10	SN	SL	3	1	ACC		8	1617	1383	+4	−4	43	94
1986	03	07	EG	SN	0	1	AR		-31	1575	1648	−11	+2	57	40
1986	03	10	SN	MZ	2	0	AR	EG	12	1660	1354	+2	−1	38	97
1986	03	13	CI	SN	1	0	AR	EG	30	1617	1630	+10	−4	43	42
1986	08	13	SN	GA	1	0	F		3	1633	1422	0	−1	41	86
1987	02	23	SL	SN	1	0	ACC	GN	32	1422	1601	+5	−4	85	49
1987	02	25	SN	CV	2	0	ACC	GN	7	1608	1255	+2	−1	47	124
1987	03	01	GN	SN	1	0	ACC		28	1382	1580	+3	−6	91	53
1987	03	02	SN	SL	0	0	ACC	GN	-8	1572	1445	−1	+1	54	82
1987	03	29	SN	GN	4	0	FQ		13	1585	1385	+1	−3	53	91
1987	04	12	GN	SN	0	0	FQ		6	1391	1579	0	0	91	53
1987	05	27	JP	SN	2	2	KRN		0	1472	1579	0	0	77	56
1987	06	28	GH	SN	2	0	OQ		19	1631	1560	+2	−2	44	58
1987	07	05	SN	ZR	0	0	FQ		-4	1556	1588	0	+1	58	52
1987	07	11	SN	GH	0	1	OQ		-21	1535	1652	−6	+3	64	42
1987	07	19	ZR	SN	0	0	FQ		-8	1580	1543	−2	+2	54	61
1987	08	02	EG	SN	1	0	AFG	KE	12	1702	1531	+1	−2	35	63
1987	08	04	MW	SN	2	0	AFG	KE	39	1461	1492	+7	−9	78	72
1987	08	06	CI	SN	1	0	AFG	KE	11	1661	1481	+2	−4	40	76
1987	08	08	SN	TN	1	0	AFG	KE	19	1500	1440	+8	−3	68	80
1987	12	19	CI	SN	1	0	COC	LR	14	1629	1486	+3	−5	44	76
1987	12	22	SN	BF	1	0	COC	LR	11	1497	1297	+5	−1	71	105
1988	04	28	SN	GM	4	0	ACC	GW	18	1515	1285	+4	−5	66	111
1988	04	30	GW	SN	1	1	ACC		8	1272	1507	+4	−3	115	69
1988	05	02	SN	SL	2	2	ACC	GW	-1	1506	1499	0	0	69	71
1988	05	05	ML	SN	1	1	ACC	GW	8	1366	1498	+1	−1	97	70
1988	05	07	SN	SL	2	1	ACC	GW	17	1515	1434	+4	−2	66	81
1988	11	17	CV	SN	0	1	FT		-8	1231	1523	−4	0	128	63
1988	11	18	SN	AO	2	1	FT	CV	14	1537	1489	+2	−4	61	69
1989	01	29	SN	ZR	1	1	F		-2	1535	1569	0	+1	63	55
1989	01	31	SN	ZR	2	1	F		8	1543	1561	+1	−3	62	58
1989	03	31	SN	MA	2	1	F		10	1553	1628	+1	−3	61	44
1989	05	24	GW	SN	0	0	ACC	ML	13	1306	1540	+3	−5	107	63
1989	05	27	ML	SN	2	2	ACC		3	1394	1537	0	−1	96	64
1989	05	30	CV	SN	2	1	ACC	ML	34	1253	1503	+14	−3	119	67
1989	07	02	SN	TN	3	0	FQ		25	1528	1477	+2	−8	63	74
1989	07	16	TN	SN	0	1	FQ		-23	1454	1551	−5	+1	77	61
1989	08	04	GM	SN	0	0	F		5	1254	1546	0	0	120	61
1989	11	21	SN	CF	3	0	F		3	1549	1218	0	−2	60	134
1989	11	26	CG	SN	0	0	F		1	1431	1548	+1	0	82	60
1989	12	24	SN	SL	1	0	F		3	1551	1361	0	−1	59	101
1989	12	31	SN	DZ	0	0	F		0	1551	1641	0	0	59	42
1990	01	24	SN	LR	1	0	COC	NG	13	1564	1413	+4	−6	55	90
1990	01	28	NG	SN	0	0	COC		-9	1622	1573	0	+3	45	52
1990	03	03	KE	SN	0	0	AR	DZ	9	1450	1564	+3	−4	77	55
1990	03	06	SN	CM	2	0	AR	DZ	48	1612	1611	+8	−12	47	48
1990	03	09	SN	ZM	0	0	AR	DZ	-4	1608	1565	−1	+1	47	56
1990	03	12	DZ	SN	2	1	AR		11	1749	1597	+2	−1	25	47
1990	03	15	ZM	SN	1	0	AR	DZ	29	1565	1568	+6	−6	56	53
1990	07	01	CV	SN	1	0	IND		23	1295	1545	+5	−8	114	61
1990	12	18	DZ	SN	1	0	F		3	1768	1542	0	0	24	60
1990	12	19	MA	SN	0	0	F		-4	1603	1546	0	0	50	60
1991	02	15	SN	CI	0	0	FT		-2	1544	1613	0	0	60	48
1991	02	17	SN	DZ	2	2	FT		5	1549	1758	+1	−1	59	25
1991	05	05	SN	CI	0	0	COQ		-2	1547	1622	0	+1	59	45
1991	06	09	CI	SN	2	0	COQ		16	1638	1531	+3	−3	43	60
1991	10	31	SN	GH	3	2	COC	CI	20	1551	1505	+4	−2	60	68
1991	11	02	CI	SN	1	0	COC		8	1690	1543	0	−1	36	61
1991	11	24	SN	GW	4	0	ACC		10	1553	1303	+2	−2	59	120
1991	11	27	SN	CV	0	0	ACC		-15	1538	1332	−4	+4	63	112
1991	11	30	SN	GM	2	0	ACC		7	1545	1269	+3	−2	60	129
1991	12	02	SN	CV	1	0	ACC		6	1551	1331	+1	−3	59	115
1991	12	16	DZ	SN	3	1	F		5	1742	1546	+1	−2	28	61
1992	01	12	SN	NG	1	2	AR		-28	1518	1628	−6	+4	68	46
1992	01	16	SN	KE	3	0	AR		25	1543	1437	+5	−4	63	84
1992	01	19	SN	CM	0	1	AR		-22	1521	1705	−5	+2	68	33
1992	08	16	SN	TG	2	0	FQ		12	1533	1364	+1	−5	71	111
1992	08	30	SN	GW	3	0	FQ		10	1543	1313	+3	−2	67	124
1992	10	25	MZ	SN	0	1	WQ		-14	1318	1557	−4	+2	121	64
1992	11	08	SL	SN	2	0	FQ	GN	37	1506	1520	+8	−7	74	71
1992	11	17	AE	SN	1	1	F		-2	1493	1522	−1	0	78	72
1992	11	19	AE	SN	2	2	F		-2	1491	1524	−1	0	79	72
1992	12	19	GA	SN	3	2	WQ		18	1476	1506	+7	−1	83	74
1993	01	10	SN	DZ	1	2	FQ		-20	1486	1633	−7	+3	82	48
1993	01	24	TG	SN	1	1	FQ		3	1333	1483	+1	0	118	82
1993	01	30	SN	MZ	6	1	WQ		14	1497	1306	+4	−7	78	128
1993	02	27	SN	GA	1	0	WQ		12	1509	1441	+3	−1	75	90
1993	04	11	GW	SN	0	3	FQ		-23	1262	1532	−6	+8	138	69
1993	04	18	MA	SN	1	0	WQ		13	1579	1519	+3	−3	59	74
1993	06	20	ML	SN	0	2	F		-15	1407	1534	−3	+2	100	70
1993	07	11	SN	SL	1	1	FQ		-6	1528	1523	−1	+2	71	73
1993	07	17	SN	MA	1	3	WQ		-34	1494	1619	−9	+15	80	46
1993	07	25	DZ	SN	4	0	FQ		18	1617	1476	+3	−5	51	85
1993	08	07	SN	ZM	0	0	WQ	CI	9	1485	1636	+2	−2	83	43
1993	09	19	ZW	SN	2	0	F		8	1555	1477	+2	−2	66	85
1993	09	26	ZM	SN	4	0	WQ		14	1650	1463	+5	−7	39	92
1993	11	27	ML	SN	1	0	ACC	SL	20	1485	1443	+6	−2	84	94
1993	11	29	SN	MR	4	0	ACC	SL	8	1451	1077	0	−2	93	179
1993	12	01	GW	SN	0	0	ACC	SL	10	1261	1441	+2	0	140	93
1993	12	03	SN	GM	2	0	ACC	SL	20	1461	1298	+1	−6	92	129
1993	12	05	SL	SN	2	0	ACC		19	1507	1442	+6	0	77	92
1994	01	23	ML	SN	1	0	F		8	1421	1434	+2	−1	97	94
1994	01	30	SN	ML	0	0	F		-3	1431	1424	0	+1	94	96
1994	02	07	GM	SN	0	0	F		0	1341	1431	0	0	120	94
1994	02	27	GA	SN	0	0	F		-3	1429	1434	−2	+1	95	93
1994	03	29	SN	GN	2	1	AR	TN	23	1457	1380	+3	−6	91	106
1994	03	31	GH	SN	1	0	AR	TN	13	1649	1444	+6	−2	42	93
1994	04	03	ZM	SN	1	0	AR	TN	11	1685	1433	0	−1	35	94
1994	09	03	SN	MR	0	0	FQ		-17	1416	1104	−2	+7	96	172
1994	10	09	SN	NE	3	1	F		8	1424	1346	+3	−3	95	121
1994	10	16	TG	SN	2	0	FQ		33	1323	1391	+8	−9	124	105
1994	10	23	OM	SN	0	1	F		-10	1295	1401	−2	+4	132	101
1994	10	25	OM	SN	2	1	F		10	1305	1391	+2	−4	130	105
1994	10	28	AE	SN	3	2	F		5	1490	1386	+1	−2	81	107
1994	11	13	GW	SN	1	4	FQ		-31	1213	1417	−9	+8	152	99
1995	01	07	SN	TN	0	0	FQ		4	1421	1583	0	−2	99	60
1995	01	22	LR	SN	1	1	FQ		-2	1353	1423	−1	0	118	99
1995	03	01	MA	SN	2	0	F		5	1604	1418	+1	−1	52	100
1995	04	07	MR	SN	0	1	FQ		-12	1150	1430	−1	+4	163	96
1995	04	22	SN	TG	5	1	FQ		19	1449	1329	+5	−3	91	123
1995	07	15	TN	SN	4	0	FQ		18	1571	1431	+2	−3	63	97
1995	07	30	SN	LR	3	0	FQ		24	1455	1399	+5	−6	91	105
1995	11	18	GW	SN	2	1	ACC	MR	32	1235	1423	+7	−6	144	99
1995	11	20	SN	GN	3	0	ACC	MR	30	1453	1346	+6	−6	93	119
1995	11	22	SN	SL	1	1	ACC	MR	4	1457	1526	0	−3	93	73
1996	04	21	GM	SN	1	2	F		-9	1319	1466	−2	+2	122	87
1996	05	17	MR	SN	0	0	F		3	1262	1463	+1	−1	139	88
1996	05	26	TN	SN	2	0	F		6	1607	1457	+1	−3	51	91
1996	06	02	TG	SN	2	1	WQ		23	1319	1434	+6	−6	125	97
1996	06	15	SN	TG	1	1	WQ		-10	1424	1358	−2	+1	100	116
1996	09	15	SN	ML	1	0	F		4	1428	1305	+1	+1	100	127
1996	10	06	ET	SN	1	2	FQ		-20	1311	1448	−5	+5	127	94
1997	01	12	ML	SN	0	0	F		-1	1367	1449	0	0	118	92
1997	01	25	SN	EG	0	0	FQ		3	1452	1592	+3	−1	89	58
1997	02	16	SN	ML	1	1	F		-4	1448	1399	−3	+2	92	108
1997	02	22	SN	MA	0	0	FQ		6	1454	1657	+5	−1	87	42
1997	03	29	SL	SN	2	1	F		8	1426	1446	+4	−4	98	91
1997	05	08	CI	SN	4	1	F		9	1546	1437	0	0	70	91
1997	06	06	SN	DZ	0	0	F		1	1438	1575	0	0	91	61
1997	06	22	SN	ET	3	0	FQ		15	1453	1300	+2	−4	88	132
1997	07	13	EG	SN	2	0	FQ		14	1581	1439	+4	−2	60	91
1997	07	27	MA	SN	3	0	FQ		7	1731	1432	+1	−5	28	95
1997	11	19	SN	ML	1	2	F		-14	1418	1380	−6	+3	101	112
1997	11	28	MR	SN	1	1	ACC	GM	12	1189	1406	+3	−2	158	103
1997	11	30	SN	CV	2	0	ACC	GM	20	1426	1260	+4	−1	99	137
1997	12	02	GM	SN	0	0	ACC		0	1330	1426	0	0	126	99
1997	12	05	SN	GN	2	1	ACC	GM	24	1450	1477	+10	−4	89	80
1997	12	07	ML	SN	1	0	ACC	GM	21	1450	1429	+11	−11	89	100
1998	07	22	SN	CV	1	0	F		3	1432	1253	+5	0	94	137
1998	07	26	SN	ML	3	1	F		12	1444	1441	+4	−1	90	92
1998	08	31	BF	SN	1	1	F		-1	1387	1445	0	0	110	93
1998	09	02	MA	SN	2	0	F		2	1791	1443	0	−1	21	94
1998	09	17	SA	SN	3	2	F		3	1638	1440	0	0	50	93
1998	12	13	BI	SN	1	0	FQ		14	1464	1426	+4	−5	87	100
1999	01	10	SN	GN	1	0	F		8	1434	1439	+4	−3	96	94
1999	01	13	SN	GN	1	0	F		7	1441	1432	+3	−2	93	96
1999	01	23	SN	BF	1	1	FQ		-7	1434	1428	−2	+2	95	99
1999	02	28	SN	NG	1	1	FQ		9	1443	1694	+4	0	91	38
1999	05	16	LY	SN	2	1	F		10	1368	1433	+2	−3	114	96
1999	06	01	ML	SN	1	1	F		-3	1436	1436	0	+2	95	95
1999	06	06	BF	SN	2	2	FQ		-7	1456	1443	−4	+1	88	93
1999	06	19	SN	BI	1	0	FQ		13	1456	1396	+4	−2	89	105
1999	07	18	SN	ER	6	2	FQ		10	1466	1211	+3	−2	86	152
1999	07	30	ZW	SN	2	1	FQ		13	1503	1453	0	−4	77	90
1999	08	08	SN	ZW	2	0	FQ		26	1479	1477	+9	−5	81	82
1999	08	20	ER	SN	0	2	FQ		-15	1178	1494	−3	+4	159	78
1999	11	20	SN	CI	3	0	F		16	1510	1557	+5	−4	73	65
1999	12	12	SN	GM	3	0	F		5	1515	1303	+3	0	71	131
1999	12	21	MA	SN	0	0	F		-8	1758	1523	−1	+1	25	70
2000	01	13	SN	CM	0	0	F		-1	1522	1578	0	+1	70	60
2000	01	25	SN	BF	3	1	AR	NG	28	1550	1406	+2	−9	68	105
2000	01	28	EG	SN	1	0	AR	NG	18	1662	1532	+2	+1	44	67
2000	02	01	SN	ZM	2	2	AR	NG	1	1533	1546	0	0	68	67
2000	02	07	NG	SN	2	1	AR		8	1736	1525	+2	−2	30	71
2000	04	09	BJ	SN	1	1	WQ		10	1245	1515	+2	0	145	73
2000	04	23	SN	BJ	1	0	WQ		4	1519	1241	0	0	73	144
2000	05	06	GM	SN	1	1	ACC	CV	12	1300	1507	+3	−1	131	73
2000	05	08	CV	SN	2	2	ACC		8	1274	1499	+4	−2	138	75
2000	05	11	ML	SN	2	2	ACC	CV	3	1445	1496	0	−2	91	77
2000	05	14	CV	SN	1	0	ACC		25	1339	1471	+6	−10	120	87
2000	06	04	SN	ZM	0	0	F		-1	1470	1534	0	0	83	68
2000	06	06	SN	ZM	0	0	F		-1	1469	1535	−1	0	84	68
2000	06	11	TN	SN	4	1	F		6	1637	1463	+1	−1	52	85
2000	06	16	DZ	SN	1	1	WQ		-9	1512	1472	−3	+2	73	83
2000	07	09	SN	EG	0	0	WQ		5	1477	1653	+1	−1	81	51
2000	09	24	SN	TG	0	0	FQ		-10	1467	1395	−3	+1	83	112
2000	10	08	GN	SN	1	0	FQ		13	1501	1454	+2	−2	76	86
2001	01	13	UG	SN	1	1	FQ		-5	1431	1459	−2	+3	94	82
2001	02	04	SN	ML	1	0	F		6	1465	1419	+1	−4	81	99
2001	02	24	MA	SN	0	0	WQ		-15	1677	1480	−3	+2	46	79
2001	03	10	SN	NA	4	0	WQ		14	1494	1314	+1	0	78	125
2001	03	24	SN	UG	3	0	FQ		19	1513	1399	+6	−9	72	109
2001	04	21	SN	DZ	3	0	WQ		27	1540	1503	+4	−5	67	73
2001	05	06	EG	SN	1	0	WQ		9	1653	1531	+3	0	49	68
2001	06	03	GM	SN	0	0	F		4	1303	1527	+2	0	128	68
2001	06	17	TG	SN	1	0	FQ		17	1492	1510	+5	−4	78	73
2001	07	14	SN	MA	1	0	WQ		24	1534	1657	+5	−5	68	49
2001	07	21	NA	SN	0	5	WQ		-24	1260	1558	−9	+3	142	64
2001	10	04	SN	JP	2	0	F	FR	26	1584	1861	+4	−4	58	13
2001	11	08	KR	SN	0	1	F		-17	1784	1601	−1	+3	23	56
2001	12	26	SN	BF	2	4	F		-26	1575	1390	−4	+2	60	112
2001	12	30	SN	DZ	1	0	F		6	1581	1512	+1	0	59	73
2002	01	20	SN	EG	1	0	AR	ML	28	1609	1595	+6	−6	54	58
2002	01	26	SN	ZM	1	0	AR	ML	17	1626	1469	+2	−3	50	86
2002	01	31	SN	TN	0	0	AR	ML	0	1626	1627	−1	−1	51	50
2002	02	04	SN	CD	2	0	AR	ML	22	1648	1455	+2	−5	48	90
2002	02	07	SN	NG	2	1	AR	ML	32	1680	1710	+5	−6	43	37
2002	02	10	CM	SN	0	0	AR	ML	-9	1802	1689	0	0	23	43
2002	03	27	SN	BO	2	1	F		4	1693	1560	+1	−2	41	63
2002	05	14	SA	SN	3	2	F		7	1697	1686	+2	−1	41	43
2002	05	23	SN	EC	1	0	F	JP	12	1698	1728	+2	−3	40	37
2002	05	31	SN	FR	1	0	WC	KR	54	1752	2039	+8	0	32	1
2002	06	06	DK	SN	1	1	WC	KR	-11	1875	1763	0	+4	10	28
2002	06	11	SN	UY	3	3	WC	KR	4	1767	1800	+1	0	27	23
2002	06	16	SN	SE	2	1	WC	JP	41	1808	1858	+7	−5	21	15
2002	06	22	TR	SN	1	0	WC	JP	29	1852	1779	+7	−3	14	27
2002	09	08	LS	SN	0	1	FQ		-2	1144	1781	0	0	162	26
2002	10	12	SN	NG	2	2	F		-4	1777	1747	−1	0	27	34
2002	11	19	ZA	SN	1	1	NMC		1	1663	1776	0	0	47	28
2003	02	12	MA	SN	1	0	F	FR	16	1570	1760	+2	−3	62	30
2003	03	30	GM	SN	0	0	FQ		14	1376	1746	+7	−3	114	33
2003	04	30	TN	SN	1	0	F		10	1644	1736	+1	0	49	33
2003	05	31	SN	CV	2	1	F		1	1737	1363	0	0	33	120
2003	06	07	SN	GM	3	1	FQ		4	1741	1375	0	−3	33	117
2003	06	14	SN	LS	3	0	FQ		1	1742	1158	0	0	33	161
2003	09	10	JP	SN	0	1	F		-14	1767	1756	−2	+2	25	28
2003	10	10	EG	SN	1	0	F		11	1637	1745	+2	−1	52	29
2003	11	15	SN	CI	1	0	F		4	1749	1590	0	0	28	59
2004	01	18	SN	ZA	2	1	F		4	1753	1592	0	−1	28	59
2004	01	26	BF	SN	0	0	AR	TN	18	1452	1735	+6	−3	90	32
2004	01	30	SN	KE	3	0	AR	TN	12	1747	1408	+2	−6	29	108
2004	02	02	ML	SN	1	1	AR	TN	9	1631	1738	+1	−1	52	30
2004	02	07	TN	SN	1	0	AR		24	1677	1714	+5	−6	43	36
2004	05	29	GN	SN	1	1	F	FR	5	1517	1709	+1	0	74	36
2004	06	05	SN	CG	2	0	WQA		5	1714	1385	0	−1	36	112
2004	06	13	CV	SN	1	3	F		-5	1344	1719	−1	+1	123	33
2004	06	20	TG	SN	3	1	WQA		45	1467	1674	+14	−11	87	43
2004	07	03	SN	ZM	1	0	WQA		6	1680	1455	+1	−3	42	94
2004	08	18	CI	SN	2	1	F	FR	11	1657	1669	+3	−5	46	42
2004	09	05	ML	SN	2	2	WQA		2	1540	1667	0	−1	72	43
2004	10	10	LR	SN	0	3	WQA		-18	1370	1685	−4	+5	112	38
2004	11	17	SN	DZ	2	1	F	FR	4	1689	1419	−1	0	38	99
2005	02	09	CM	SN	1	0	F	FR	10	1710	1679	+1	−3	33	41
2005	03	26	SN	LR	6	1	WQA		7	1686	1363	+1	0	41	110
2005	06	05	CG	SN	0	0	WQA		12	1367	1674	+4	−4	109	45
2005	06	18	SN	TG	2	2	WQA		-11	1663	1568	−5	+1	50	68
2005	08	17	GH	SN	0	0	F	EN	3	1545	1660	+1	0	72	50
2005	09	03	ZM	SN	0	1	WQA		-17	1483	1677	−5	+4	88	46
2005	10	08	SN	ML	3	0	WQA		13	1690	1509	+2	−5	42	81
2005	11	12	ZA	SN	2	3	NMC		-12	1517	1702	−2	+2	76	39
2005	12	27	SN	EC	2	1	LGC	EG	17	1719	1742	+2	−2	38	33
2005	12	29	EG	SN	4	2	LGC		18	1713	1701	+4	−3	39	41
2006	01	14	SN	CD	0	0	F		-8	1693	1456	−2	0	43	95
2006	01	23	SN	ZW	2	0	AR	EG	18	1711	1477	+2	−4	41	89
2006	01	27	GH	SN	1	0	AR	EG	35	1605	1676	+11	−6	56	47
2006	01	31	NG	SN	2	1	AR	EG	18	1795	1658	+4	−2	24	49
2006	02	03	SN	GN	3	2	AR	EG	24	1682	1616	+5	−1	44	55
2006	02	07	EG	SN	2	1	AR		14	1757	1668	+2	−3	32	47
2006	02	09	NG	SN	1	0	AR	EG	19	1777	1649	+3	−3	28	50
2006	03	01	SN	NO	2	1	F		10	1659	1738	+2	0	48	36
2006	05	23	KR	SN	1	1	F		-5	1756	1664	0	0	32	48
2006	08	16	SN	CI	1	0	F	FR	13	1677	1756	+1	−4	46	31
2006	09	02	SN	MZ	2	0	FQ		3	1680	1281	0	+2	46	131
2006	10	07	BF	SN	1	0	FQ		30	1411	1650	+4	−4	102	49
2007	02	07	SN	BJ	2	1	F	FR	2	1652	1273	0	−1	49	138
2007	03	24	SN	TZ	4	0	FQ		6	1658	1308	+2	−1	48	126
2007	06	02	TZ	SN	1	1	FQ		12	1325	1646	+3	−3	122	50
2007	06	10	MW	SN	2	3	F		-4	1291	1650	−1	+1	132	48
2007	06	17	MZ	SN	0	0	FQ		11	1342	1639	+3	−2	120	52
2007	08	21	GH	SN	1	1	F	EN	-4	1763	1643	−2	0	30	54
2007	09	08	SN	BF	5	1	FQ		7	1650	1334	+3	−4	51	123
2007	10	14	SN	GN	3	1	F	FR	13	1663	1596	+5	−2	46	59
2007	11	17	SN	ML	3	2	F	FR	8	1671	1585	+2	0	43	61
2007	11	21	MA	SN	3	0	F	FR	18	1686	1653	+4	−6	41	49
2008	01	12	SN	NA	3	1	F		2	1655	1273	+1	−2	47	137
2008	01	16	SN	BJ	2	1	F	BF	3	1658	1376	0	−3	47	113
2008	01	23	SN	TN	2	2	AR	GH	-2	1656	1626	0	+1	47	56
2008	01	27	AO	SN	3	1	AR	GH	51	1579	1605	+17	−11	62	58
2008	01	31	SN	ZA	1	1	AR	GH	-9	1596	1481	−1	+1	59	88
2008	05	31	SN	DZ	1	0	WQA		6	1602	1396	+1	−1	58	107
2008	06	08	GM	SN	0	0	WQA		8	1357	1594	−2	0	117	58
2008	06	15	LR	SN	2	2	WQA		12	1255	1582	+4	−3	142	61
2008	06	21	SN	LR	3	1	WQA		5	1587	1250	+1	−2	60	144
2008	08	20	LY	SN	0	0	F		-1	1530	1588	0	−3	78	61
2008	09	05	DZ	SN	3	2	WQA		24	1441	1564	+5	−4	98	65
2008	10	11	SN	GM	1	1	WQA		-14	1550	1391	−2	+3	69	112
2008	12	22	OM	SN	1	0	F		7	1565	1543	+2	−3	66	73
2009	03	28	OM	SN	2	0	F		8	1616	1535	+1	−4	55	77
2009	04	01	IR	SN	1	1	F		-7	1729	1542	−5	+3	36	74
2009	08	12	SN	CD	2	1	F	FR	7	1549	1420	+1	−2	72	105
2009	09	05	AO	SN	1	1	F	PT	2	1475	1547	0	−1	89	73
2009	09	09	CN	SN	0	0	F		-2	1526	1549	0	+3	81	70
2009	10	14	KR	SN	2	0	F		5	1753	1544	−1	0	31	75
2010	03	03	GR	SN	0	2	F		-26	1756	1570	−6	+12	28	66
2010	05	10	MX	SN	1	0	F	US	3	1889	1567	0	−1	9	67
2010	05	27	DK	SN	2	0	F		4	1802	1563	0	−3	18	71
2010	08	11	SN	CV	1	0	F		3	1566	1367	+1	−1	70	118
2010	09	05	CD	SN	2	4	FQ		-25	1387	1591	−5	+12	112	59
2010	10	09	SN	MU	7	0	FQ		2	1593	1029	+1	0	63	184
2010	10	28	YE	SN	4	1	F		25	1362	1568	+4	−8	119	69
2010	11	17	SN	GA	2	1	F	FR	10	1578	1565	+6	−5	64	71
2011	02	09	SN	GN	3	0	F		10	1588	1503	+3	−4	61	88
2011	03	26	SN	CM	1	0	FQ		18	1606	1640	+5	−3	57	49
2011	06	04	CM	SN	0	0	FQ		-7	1633	1613	−3	+2	53	57
2011	08	10	SN	MA	0	2	F		-21	1592	1593	−2	+3	61	60
2011	09	03	SN	CD	2	0	FQ		10	1602	1406	+3	−2	59	108
2011	10	09	MU	SN	0	2	FQ		-4	1023	1606	−1	0	184	58
2011	11	11	SN	GN	4	1	F	FR	13	1619	1507	+3	−2	55	83
2012	01	12	SN	SD	1	0	F		3	1622	1397	+1	0	55	108
2012	01	21	ZM	SN	2	1	AR	GQ	32	1553	1590	+6	−4	73	59
2012	01	25	GQ	SN	2	1	AR		39	1304	1551	+7	−12	133	72
2012	01	29	LY	SN	2	1	AR	GQ	31	1493	1520	+6	−9	90	81
2012	02	29	ZA	SN	0	0	F		-5	1584	1525	−3	+2	63	80
2012	05	25	MA	SN	0	1	F		-13	1530	1538	−5	+2	80	79
2012	06	02	SN	LR	3	1	WQ		6	1544	1258	+3	−2	74	145
2012	06	09	UG	SN	1	1	WQ		-4	1502	1548	−2	+1	87	74
2012	09	08	CI	SN	4	2	FQ		7	1806	1541	+2	−3	19	76
2012	10	13	SN	CI	0	2	FQ		-17	1524	1823	−3	+2	80	18
2012	11	14	NE	SN	1	1	F		2	1347	1522	−1	0	124	79
2013	02	05	GN	SN	1	1	F	FR	1	1502	1521	0	+1	86	79
2013	03	23	AO	SN	1	1	WQ	GN	3	1463	1518	0	−2	97	81
2013	06	08	AO	SN	1	1	WQ		-3	1460	1521	−2	+1	96	79
2013	06	16	LR	SN	0	2	WQ		-24	1330	1545	−5	+9	128	74
2013	08	14	SN	ZM	1	1	F	FR	0	1545	1546	0	+1	74	72
2013	09	07	SN	UG	1	0	WQ	MA	19	1564	1507	+8	−4	68	85
2013	10	12	CI	SN	3	1	WQ		8	1786	1556	+2	−2	22	69
2013	11	16	CI	SN	1	1	WQ	MA	-12	1774	1568	−1	+4	24	65
2014	03	05	ML	SN	1	1	F	FR	0	1555	1568	0	0	70	66
2014	05	21	BF	SN	1	1	F		-2	1528	1570	0	+1	74	65
2014	05	25	SN	KO	3	1	F	CH	7	1577	1363	+2	−2	63	118
2014	05	31	CO	SN	2	2	F	AR	-8	1917	1585	−1	+2	9	64
2014	09	05	SN	EG	2	0	FQ		30	1615	1653	+7	−6	56	46
2014	09	10	BW	SN	0	2	FQ		-16	1324	1631	−2	+3	127	52
2014	10	10	SN	TN	0	0	FQ		-9	1622	1573	−2	+3	55	64
2014	10	15	TN	SN	1	0	FQ		17	1590	1605	+2	−3	62	60
2014	11	15	EG	SN	0	1	FQ		-28	1614	1633	−9	+8	59	52
2014	11	19	SN	BW	3	0	FQ		6	1639	1308	0	0	51	131
2015	01	09	SN	GA	1	0	F	MA	7	1646	1520	+2	−2	51	79
2015	01	13	SN	GN	5	2	F	MA	15	1661	1575	+3	−2	50	66
2015	01	19	SN	GH	2	1	AR	GQ	26	1687	1652	+10	−11	39	53
2015	01	23	SN	ZA	1	1	AR	GQ	-5	1682	1616	−2	0	41	59
2015	01	27	DZ	SN	2	0	AR	GQ	38	1716	1644	+9	−11	35	52
2015	03	28	SN	GH	2	1	F	FR	13	1657	1735	+2	−3	50	31
2015	06	13	SN	BI	3	1	FQ		4	1661	1309	+1	0	48	130
2015	09	05	NA	SN	0	2	FQ		-15	1349	1676	−3	+3	123	45
2015	09	08	ZA	SN	1	0	NMC		18	1519	1658	+3	−3	79	49
2015	10	13	DZ	SN	1	0	F		7	1672	1651	+2	0	43	48
2015	11	13	MG	SN	2	2	WQ		13	1284	1638	+2	−1	135	48
2015	11	17	SN	MG	3	0	WQ		5	1643	1279	+1	−1	47	136
2016	03	26	SN	NE	2	0	FQ		4	1647	1282	+1	−2	47	135
2016	03	29	NE	SN	1	2	FQ		-7	1275	1654	−3	+1	138	46
2016	05	28	RW	SN	0	2	F		-6	1316	1660	−1	0	127	46
2016	06	04	BI	SN	0	2	FQ		-14	1336	1674	−5	+3	122	43
2016	09	03	SN	NA	2	0	FQ		6	1680	1370	+2	0	44	114
2016	10	08	SN	CV	2	0	WQ		9	1689	1466	+2	−3	43	90
2016	11	12	ZA	SN	2	1	WQ		20	1617	1669	+4	−4	55	46
2017	01	08	SN	LY	2	1	F	CG	5	1674	1461	0	−2	45	92
2017	01	11	CG	SN	0	2	F		-9	1424	1683	−3	+2	100	43
2017	01	15	SN	TN	2	0	AR	GA	27	1710	1560	+5	−8	37	69
2017	01	19	SN	ZW	2	0	AR	GA	13	1723	1423	+3	−8	34	104
2017	01	23	DZ	SN	2	2	AR	GA	9	1601	1714	+1	−1	60	35
2017	01	28	CM	SN	0	0	AR	GA	7	1619	1707	+2	−1	56	36
2017	03	23	NG	SN	1	1	F	EN	1	1667	1706	0	0	48	36
2017	03	27	CI	SN	1	1	F	FR	0	1695	1706	0	0	39	36
2017	06	05	SN	UG	0	0	F		-8	1698	1462	−1	+2	38	91
2017	06	10	SN	GQ	3	0	FQ		5	1703	1337	+2	−1	37	122
2017	09	02	SN	BF	0	0	WQ		-10	1693	1617	−1	+1	39	58
2017	09	05	BF	SN	2	2	WQ		-1	1616	1694	0	−1	58	41
2017	10	07	CV	SN	0	2	WQ		-20	1452	1714	−4	+3	95	38
2017	11	10	ZA	SN	0	2	WQ		-27	1547	1741	−2	+4	71	33
2017	11	14	SN	ZA	2	1	WQ		6	1747	1541	+5	0	27	71
2018	03	23	SN	UZ	1	1	F	MA	-4	1743	1615	−3	+3	31	54
2018	03	27	BA	SN	0	0	F	FR	0	1730	1743	0	+1	34	30
2018	05	31	LU	SN	0	0	F		7	1332	1736	0	−3	123	33
2018	06	08	HR	SN	2	1	F		5	1853	1731	0	−1	17	35
2018	06	11	SN	KR	2	0	F	AT	15	1746	1713	+7	−2	28	40
2018	06	19	SN	PL	2	1	WC	RU	37	1783	1793	+5	−3	23	22
2018	06	24	JP	SN	2	2	WC	RU	4	1736	1779	0	+1	33	22
2018	06	28	CO	SN	1	0	WC	RU	19	1938	1760	0	−3	10	25
2018	09	09	MG	SN	2	2	FQ		15	1351	1745	+3	−4	120	32
2018	10	13	SN	SD	3	0	FQ		2	1747	1229	+3	0	30	154
2018	10	16	SD	SN	0	1	FQ		-3	1226	1750	+2	+1	152	29
2018	11	17	GQ	SN	0	1	FQ		-5	1292	1755	−1	+1	136	29
2019	03	23	SN	MG	2	0	FQ		3	1758	1335	0	0	33	124
2019	03	26	SN	ML	2	1	F		3	1761	1526	+2	−2	31	77
2019	06	16	SN	NG	1	0	F	EG	9	1770	1700	+3	−2	27	42
2019	06	23	SN	TZ	2	0	AR	EG	7	1777	1354	0	−4	26	119
2019	06	27	DZ	SN	1	0	AR	EG	39	1603	1738	+12	−8	56	34
2019	07	01	SN	KE	3	0	AR	EG	11	1749	1383	+3	−3	31	108
2019	07	05	SN	UG	1	0	AR	EG	9	1758	1468	+1	0	30	88
2019	07	10	SN	BJ	1	0	AR	EG	7	1765	1445	+3	−1	26	94
2019	07	14	SN	TN	1	0	AR	EG	17	1782	1627	0	−2	26	53
2019	07	19	DZ	SN	1	0	AR	EG	33	1703	1749	+8	−4	41	30
2019	10	10	BR	SN	1	1	F	SG	-8	2098	1757	0	+2	1	28
2019	11	13	SN	CG	2	0	FQ		3	1760	1369	+1	+1	30	112
2019	11	17	SW	SN	1	4	FQ		-3	1120	1763	0	+1	178	29
2020	10	09	MA	SN	3	1	F		15	1674	1748	+3	−2	44	29
2020	11	11	SN	GW	2	0	FQ		2	1750	1300	0	−2	33	133
2020	11	15	GW	SN	0	1	FQ		-5	1295	1755	−2	+2	134	33
2021	03	26	CG	SN	0	0	FQ		13	1388	1742	+4	−1	104	36
2021	03	30	SN	SW	1	1	FQ		-19	1723	1117	−2	+2	38	178
2021	06	05	SN	ZM	3	1	F		4	1727	1489	0	−1	39	81
2021	06	08	SN	CV	2	0	F		3	1730	1438	0	0	39	95
2021	07	07	NA	SN	2	1	CSF	ZA	36	1365	1694	+11	−2	115	40
2021	07	09	SN	MZ	1	0	CSF	ZA	3	1697	1275	0	0	40	139
2021	07	13	SN	ZW	2	1	CSF	ZA	5	1702	1353	0	−1	40	120
2021	07	14	SN	MW	2	1	CSF	ZA	4	1706	1305	+1	−1	39	133
2021	07	16	SW	SN	2	2	CSF	ZA	18	1237	1688	+5	−1	148	41
2021	07	18	ZA	SN	0	0	CSF		5	1511	1683	0	0	78	41
2021	09	01	SN	TG	2	0	WQ		3	1686	1285	+1	−2	41	139
2021	09	07	CG	SN	1	3	WQ		-13	1350	1699	−3	+1	119	41
2021	10	09	SN	NA	4	1	WQ		6	1705	1382	+3	−4	38	107
2021	10	12	SN	NA	3	1	WQ	ZA	8	1713	1374	+2	−1	37	108
2021	11	11	TG	SN	1	1	WQ		15	1308	1698	+4	−3	130	39
2021	11	14	SN	CG	2	0	WQ		4	1702	1314	0	−2	40	128
2022	01	10	SN	ZW	1	0	AR	CM	5	1707	1306	0	−2	42	132
2022	01	14	GN	SN	0	0	AR	CM	17	1432	1690	+7	−1	92	43
2022	01	18	MW	SN	0	0	AR	CM	20	1312	1670	+3	−3	131	46
2022	01	25	SN	CV	2	0	AR	CM	19	1689	1461	+3	−2	43	88
2022	01	30	SN	GQ	3	1	AR	CM	18	1707	1473	+2	0	41	85
2022	02	02	SN	BF	3	1	AR	CM	24	1731	1557	+6	0	34	65
2022	02	06	EG	SN	0	0	AR	CM	3	1690	1728	0	−2	44	36
2022	03	25	EG	SN	1	0	WQ		16	1706	1712	+3	−6	42	41
2022	03	29	SN	EG	1	0	WQ		14	1726	1692	+4	+1	37	42
2022	06	04	SN	BJ	3	1	FQ		6	1732	1447	0	−1	35	92
2022	06	07	SN	RW	1	0	FQ		1	1733	1267	0	0	35	143
2022	07	13	SW	SN	1	1	CSF	ZA	17	1323	1716	+9	−4	125	40
2022	07	15	ZM	SN	4	3	CSF	ZA	34	1451	1682	+7	−6	90	46
2022	07	17	MZ	SN	1	1	CSF	ZA	16	1322	1666	+8	−1	125	47
2022	09	24	SN	BO	2	0	F	FR	14	1680	1620	+3	−2	44	58
2022	09	27	IR	SN	1	1	F	AT	-4	1818	1684	0	0	21	45
2022	11	21	NL	SN	2	0	WC	QA	10	2050	1674	+1	−1	3	47
2022	11	25	QA	SN	1	3	WC		-54	1588	1728	−9	+12	63	36
2022	11	29	SN	EC	2	1	WC	QA	43	1771	1841	+10	−4	28	20
2022	12	04	EN	SN	3	0	WC	QA	26	1994	1745	+2	−5	6	35
2023	03	24	SN	MZ	5	1	FQ		3	1748	1316	0	−2	35	131
2023	03	28	MZ	SN	0	1	FQ		-5	1311	1753	−2	+1	133	34
2023	06	17	BJ	SN	1	1	FQ		13	1386	1740	+3	+1	108	35
2023	06	20	SN	BR	4	2	F	PT	27	1767	2093	+5	−1	30	3
2023	09	09	RW	SN	1	1	FQ		17	1264	1750	+1	−4	150	34
2023	09	12	SN	DZ	0	1	F		-14	1736	1707	−1	+4	34	39
2023	10	16	SN	CM	1	0	F	FR	7	1743	1625	+1	−3	34	55
2023	11	18	SN	SS	4	0	WQ		1	1744	1131	0	−1	36	170
2023	11	21	TG	SN	0	0	WQ		13	1394	1731	+3	−1	105	37
2024	01	08	SN	NE	1	0	F		1	1732	1237	0	0	36	156
2024	01	15	SN	GM	3	0	AR	CI	11	1743	1385	+3	−2	35	108
2024	01	19	SN	CM	3	1	AR	CI	23	1766	1579	+6	−3	29	64
2024	01	23	SN	GN	2	0	AR	CI	12	1778	1464	0	−3	28	92
2024	01	29	CI	SN	1	1	AR		9	1556	1769	+1	−1	67	28
2024	03	22	SN	GA	3	0	F	FR	5	1774	1434	+2	−1	26	99
2024	03	26	SN	BJ	1	0	F	FR	2	1776	1346	+2	+1	25	118
2024	06	06	SN	CD	1	1	WQ		-15	1761	1546	−5	+2	30	72
2024	06	09	MR	SN	0	1	WQ		-6	1345	1767	−2	0	122	30
2024	09	06	SN	BF	1	1	FQ		-16	1751	1499	−3	+4	31	83
2024	09	09	SN	BI	1	0	FQ	MW	3	1754	1312	+1	+1	30	135
2024	10	11	SN	MW	4	0	FQ		2	1756	1261	+1	+1	32	146
2024	10	15	MW	SN	0	1	FQ		-4	1257	1760	−2	+1	148	31
2024	11	14	SN	BF	1	0	FQ	ML	9	1769	1532	−2	−2	33	76
2024	11	19	SN	BI	2	0	FQ		2	1771	1280	+1	0	31	144
2025	03	22	SN	SD	0	0	WQ	LY	-16	1755	1410	−2	+8	32	100
2025	03	25	SN	TG	2	0	WQ		4	1759	1371	+1	−4	30	118
2025	06	06	IE	SN	1	1	F		1	1635	1758	0	−1	54	32
2025	06	10	EN	SN	1	3	F		-27	1984	1785	−1	+2	6	29
2025	09	05	SN	SD	2	0	WQ		3	1788	1393	+3	−3	26	107
2025	09	09	CD	SN	2	3	WQ		-15	1576	1803	−5	+2	68	25
2025	10	10	SS	SN	0	5	WQ		-3	1137	1806	−1	+1	167	24
2025	10	14	SN	MR	4	0	WQ		3	1809	1342	−1	−3	25	124
2025	11	15	BR	SN	2	0	F	EN	8	1986	1801	0	0	6	24
2025	11	18	SN	KE	8	0	F	TR	3	1804	1344	+1	−2	24	119
2025	12	23	SN	BW	3	0	AR	MA	5	1809	1312	0	−2	24	134
2025	12	27	CD	SN	1	1	AR	MA	12	1647	1797	+1	−2	55	26
2025	12	30	SN	BJ	3	0	AR	MA	10	1807	1428	+2	0	24	92
2026	01	03	SN	SD	3	1	AR	MA	5	1812	1350	0	0	24	115
2026	01	09	SN	ML	1	0	AR	MA	11	1823	1589	+1	−2	23	66
2026	01	14	SN	EG	1	0	AR	MA	15	1838	1653	+3	−3	20	54
2026	01	18	MA	SN	0	1	AR		-32	1806	1870	−4	+3	24	17
2026	03	28	SN	PE	2	0	F	FR	8	1878	1699	+1	−3	17	47
2026	03	31	SN	GM	3	1	F		1	1879	1423	0	−3	17	97
2026	05	31	US	SN	3	2	F		12	1733	1867	+5	−1	36	18
2026	06	09	SA	SN	0	0	F	US	7	1576	1860	+1	0	69	21
2026	06	16	FR	SN	3	1	WC	US	21	2084	1839	0	−3	3	23
2026	06	22	NO	SN	3	2	WC	US	22	1951	1817	0	−1	10	23