1942	08	16	KA	JP	5	0	F		2	1702	1289	−	−1	21	81
1948	08	02	KR	MX	5	3	OG	EN	64	1766	1796	+8	−4	16	14
1948	08	05	SE	KR	12	0	OG	EN	52	1966	1714	+2	−6	4	22
1949	01	01	HK	KR	2	5	F		-8	1406	1722	−1	+1	69	22
1949	01	09	HK	KR	2	4	F		-7	1399	1729	0	+1	69	21
1949	01	16	RV	KR	3	3	F		6	1397	1723	+1	−1	70	22
1949	01	25	MO	KR	0	3	F		-2	1098	1725	−	0	103	22
1950	04	15	HK	KR	3	6	F		-9	1425	1734	0	+6	68	17
1950	04	19	HK	KR	1	0	F		15	1440	1719	0	−6	68	23
1950	04	22	MO	KR	1	4	F		-2	1092	1721	0	0	107	23
1953	04	19	SG	KR	1	3	F		-4	1296	1725	−1	0	94	19
1953	04	30	KR	ID	3	1	F	HK	6	1731	1462	+2	−1	18	66
1954	03	07	JP	KR	1	5	WQ		-10	1291	1741	−4	0	103	19
1954	03	14	JP	KR	2	2	WQ		15	1306	1726	+6	0	97	19
1954	05	02	HK	KR	3	3	ASG	PH	14	1434	1712	+4	−2	79	21
1954	05	04	KR	AF	8	2	ASG	PH	1	1713	907	0	0	21	133
1954	05	07	BU	KR	2	2	ASG	PH	17	1293	1696	+7	−4	103	25
1954	05	08	TW	KR	5	2	ASG	PH	32	1760	1664	+3	−3	16	28
1954	06	17	HU	KR	9	0	WC	CH	9	2155	1655	0	−2	1	31
1954	06	20	TR	KR	7	0	WC	CH	81	1667	1574	+18	−17	27	48
1956	02	25	PH	KR	0	2	SQ		-6	1101	1580	0	+1	125	44
1956	04	21	KR	PH	3	0	SQ		2	1582	1099	+1	0	44	125
1956	06	03	JP	KR	2	0	OQ		41	1387	1541	+6	−10	88	56
1956	06	10	JP	KR	0	2	OQ		-25	1362	1566	−3	+7	91	49
1956	08	26	KR	TW	2	0	SQ		37	1603	1717	+4	−3	45	22
1956	09	02	TW	KR	1	2	SQ		-31	1686	1634	−5	+7	27	38
1956	09	06	HK	KR	2	2	AC		9	1415	1625	0	−2	85	40
1956	09	08	KR	IL	2	1	AC	HK	14	1639	1450	+2	−4	38	77
1956	09	15	KR	RV	5	3	AC	HK	16	1655	1399	+4	−2	33	86
1956	09	18	HK	KR	2	4	F		-9	1400	1664	−1	+2	85	31
1956	10	31	KR	US	1	0	F		5	1669	1554	+1	−3	31	56
1958	02	18	HK	KR	3	2	F		13	1461	1656	+1	−4	76	38
1958	02	25	HK	KR	1	1	F		3	1464	1653	0	0	76	38
1958	05	26	KR	SG	2	1	ASG	JP	3	1656	1226	−1	0	39	120
1958	05	28	KR	IR	5	0	ASG	JP	24	1680	1482	+7	−7	32	71
1958	05	30	KR	RV	3	1	ASG	JP	11	1691	1417	+1	−3	31	85
1958	05	31	KR	IN	3	1	ASG	JP	20	1711	1552	+1	−4	30	56
1958	06	01	TW	KR	3	2	ASG	JP	20	1735	1691	+5	−1	23	31
1959	08	00	AY	KR	4	1	F		28	1387	1663	+3	0	96	35
1959	08	30	RV	KR	3	2	MRD	AY	24	1433	1639	+7	−5	82	40
1959	09	02	KR	SG	4	1	MRD	AY	3	1642	1147	+1	0	39	129
1959	09	05	JP	KR	0	0	MRD	AY	11	1322	1631	0	−1	104	40
1959	09	06	KR	JP	3	1	MRD	AY	7	1638	1315	0	0	40	104
1959	09	07	AY	KR	2	4	F		-10	1405	1648	−3	+1	91	39
1959	09	08	IN	KR	1	1	F	AY	3	1542	1645	+1	0	58	39
1959	09	10	KR	HK	3	2	F	AY	5	1650	1432	0	0	39	82
1959	09	13	SG	KR	0	4	FT		-5	1121	1655	0	0	131	39
1959	12	13	JP	KR	0	2	OQ		-12	1303	1667	−3	+2	107	37
1959	12	20	JP	KR	1	0	OQ		33	1336	1634	+5	−2	102	39
1960	04	25	TW	KR	1	2	OQ		-32	1735	1666	−5	+3	24	37
1960	04	30	TW	KR	1	0	OQ		11	1746	1655	0	−2	24	39
1960	08	06	KR	ID	2	0	MRD	AY	12	1667	1473	+2	−4	36	75
1960	08	08	KR	HK	3	1	MRD	AY	10	1677	1449	+2	−1	34	79
1960	08	10	KR	RV	0	0	MRD	AY	-8	1669	1490	−2	+1	36	70
1960	08	11	SG	KR	3	3	MRD	AY	14	1152	1655	+3	−2	131	38
1960	08	14	AY	KR	0	0	MRD		6	1417	1649	+4	0	88	38
1960	10	14	KR	RV	5	1	AC		16	1665	1452	+3	−2	36	78
1960	10	17	KR	IL	3	0	AC		21	1686	1547	+4	−2	32	53
1960	10	21	KR	TW	1	0	AC		21	1707	1706	+6	−2	26	28
1960	11	06	KR	JP	2	1	WQ		2	1709	1334	0	0	26	105
1961	06	11	JP	KR	0	2	WQ		-11	1333	1720	0	+1	105	24
1961	10	08	YU	KR	5	1	WQ		11	1941	1709	0	0	8	24
1961	10	18	TR	KR	1	0	F		7	1712	1702	+3	−3	23	27
1961	10	22	IL	KR	1	1	F		0	1607	1702	0	0	43	27
1961	10	28	BU	KR	1	3	F		-3	1207	1705	0	+1	126	26
1961	11	04	TH	KR	1	4	F		-2	1129	1707	0	+1	135	25
1961	11	26	KR	YU	1	3	WQ		-18	1689	1966	−6	+2	30	5
1962	05	26	ID	KR	1	2	F		-8	1502	1697	−3	0	70	28
1962	06	04	AY	KR	1	3	F		-9	1445	1706	−2	+1	82	26
1962	06	06	AY	KR	3	4	F		-6	1439	1712	0	+1	82	25
1962	06	08	AY	KR	1	0	F		15	1454	1697	+2	−2	80	27
1962	08	26	KR	IN	2	0	ASG	ID	10	1707	1409	+2	−5	25	92
1962	08	27	KR	TH	3	2	ASG	ID	2	1709	1199	0	−1	25	129
1962	08	30	KR	JP	1	0	ASG	ID	4	1713	1325	0	0	25	106
1962	09	01	KR	AY	2	1	ASG	ID	7	1720	1448	+1	0	24	82
1962	09	04	IN	KR	2	1	ASG	ID	32	1503	1688	+8	−3	70	27
1962	10	12	KR	ID	2	0	F		5	1693	1518	0	−1	27	65
1962	10	14	KR	ID	2	0	F		5	1698	1513	0	0	27	65
1963	08	11	KR	TH	5	1	MRD	AY	3	1701	1172	+1	0	28	133
1963	08	13	JP	KR	1	1	MRD	AY	11	1386	1690	+3	−4	98	32
1963	08	14	KR	RV	3	1	MRD	AY	9	1699	1444	+4	−2	28	81
1963	08	16	AY	KR	3	0	MRD		42	1409	1657	+13	−9	90	37
1963	08	18	TW	KR	1	0	MRD	AY	16	1648	1641	+2	−2	38	39
1963	11	27	KR	TW	2	1	OQ		15	1656	1633	+4	−5	35	40
1963	12	07	TW	KR	1	0	OQ		16	1649	1640	+6	−6	35	41
1964	05	27	IN	KR	2	0	AC	IL	52	1550	1588	+14	−5	57	47
1964	05	30	KR	RV	3	0	OQ		13	1601	1418	+1	−4	46	87
1964	05	31	KR	HK	1	0	AC	IL	16	1617	1452	+2	−4	44	81
1964	06	03	IL	KR	2	1	AC		21	1595	1596	+3	−3	48	47
1964	06	28	RV	KR	2	2	OQ		4	1422	1592	+1	−1	86	49
1964	06	30	RV	KR	1	2	F		-8	1414	1600	−2	+2	88	47
1964	10	16	EG	KR	10	0	OG	JP	43	1815	1557	+5	−11	15	55
1965	08	14	TH	KR	3	2	MRD	MY	26	1242	1531	0	−4	128	61
1965	08	17	MY	KR	0	2	MRD		-17	1328	1548	−6	+2	114	59
1965	08	21	KR	RV	0	0	MRD	MY	-4	1544	1467	0	+2	59	77
1965	08	23	KR	IN	1	0	MRD	MY	14	1558	1501	+4	−4	55	70
1965	08	25	KR	HK	1	0	MRD	MY	8	1566	1365	+1	0	54	102
1965	08	28	KR	TW	1	1	MRD	MY	-2	1564	1520	0	0	54	64
1966	08	19	KR	HK	1	0	MRD	MY	6	1570	1314	+1	0	52	113
1966	08	21	KR	TH	2	1	MRD	MY	5	1575	1282	0	−3	52	120
1966	08	23	BU	KR	2	0	MRD	MY	32	1458	1543	+11	−3	80	55
1966	08	27	MY	KR	1	2	MRD		-8	1265	1551	−1	+1	125	54
1966	08	28	IN	KR	1	0	MRD	MY	16	1534	1535	+3	−4	59	58
1966	08	31	SG	KR	1	3	F		-9	1291	1544	−3	+3	117	55
1966	12	09	TH	KR	3	0	ASG		51	1323	1493	+12	−12	111	68
1966	12	11	BU	KR	1	0	ASG	TH	22	1477	1471	+8	−9	75	77
1967	07	29	ID	KR	1	1	SQ	TW	0	1463	1471	0	0	75	73
1967	08	01	JP	KR	2	1	SQ	TW	16	1564	1455	+5	−8	52	81
1967	08	05	KR	PH	7	0	SQ	TW	7	1462	1010	+6	0	74	157
1967	08	07	TW	KR	1	0	SQ		17	1430	1445	+5	−10	88	84
1967	08	11	KR	ID	3	1	MRD	MY	22	1467	1414	+10	−7	73	93
1967	08	13	KR	BU	1	0	MRD	MY	18	1485	1527	+4	−4	69	62
1967	08	18	KR	TW	2	1	MRD	MY	12	1497	1395	+3	−3	66	96
1967	08	20	KR	SG	3	0	MRD	MY	9	1506	1209	0	−3	66	133
1967	08	23	MY	KR	1	3	MRD		-16	1280	1522	−4	+2	120	64
1967	08	26	BU	KR	0	0	MRD	MY	-1	1553	1523	0	0	54	64
1967	09	28	KR	TW	4	2	OQ	JP	23	1546	1413	+4	−10	60	94
1967	10	01	KR	LB	2	0	OQ	JP	18	1564	1378	+7	−3	53	100
1967	10	04	KR	RV	3	0	OQ	JP	22	1586	1406	+1	−4	52	94
1967	10	07	JP	KR	3	3	OQ		-7	1597	1593	−2	+2	49	50
1967	10	09	KR	PH	5	0	OQ	JP	2	1595	978	0	−1	50	160
1967	11	05	KR	HK	1	0	VIC	RV	4	1599	1281	0	−1	50	118
1967	11	07	KR	TH	3	1	VIC	RV	5	1604	1242	+2	0	48	127
1967	11	11	KR	MY	2	1	VIC	RV	5	1609	1299	+2	0	46	115
1967	11	12	RV	KR	0	3	VIC		-22	1429	1631	−5	+6	87	40
1967	11	14	AU	KR	3	2	VIC	RV	19	1555	1612	+5	−5	57	45
1968	08	12	KR	SG	3	2	MRD	MY	2	1614	1177	0	0	45	140
1968	08	14	KR	TW	2	1	MRD	MY	5	1619	1319	+1	−2	44	113
1968	08	17	ID	KR	4	2	MRD	MY	34	1458	1585	+10	−9	76	53
1968	08	21	KR	TH	2	1	MRD	MY	5	1590	1313	+2	−1	50	113
1968	08	24	KR	IN	1	0	MRD	MY	7	1597	1373	+2	0	48	103
1968	08	27	SG	KR	4	3	FT		26	1191	1571	+4	−8	138	56
1969	10	12	KR	JP	2	2	WQ		-3	1568	1618	+1	0	55	47
1969	10	14	KR	AU	1	2	WQ		-23	1545	1630	−6	+7	61	43
1969	10	18	KR	JP	2	0	WQ		28	1573	1591	+6	−2	55	50
1969	10	20	KR	AU	1	1	WQ		-3	1570	1632	0	+1	55	42
1969	11	19	KR	LA	2	0	KNG	TH	1	1571	935	0	0	55	163
1969	11	21	KR	MY	2	0	KNG	TH	8	1579	1295	+2	−4	52	115
1969	11	23	TH	KR	0	0	KNG		8	1278	1571	+1	−2	118	54
1969	11	26	KR	RV	3	0	KNG	TH	14	1585	1380	+2	−4	52	99
1969	11	28	KR	ID	1	0	KNG	TH	14	1599	1553	+1	−3	51	58
1970	07	31	KR	TH	0	0	MRD	MY	-10	1589	1328	0	+2	52	108
1970	08	02	JP	KR	1	1	MRD	MY	1	1565	1588	0	0	56	52
1970	08	04	KR	SG	4	0	MRD	MY	5	1593	1176	0	−1	52	138
1970	08	06	KR	ID	2	1	MRD	MY	14	1607	1555	+2	0	50	56
1970	08	09	HK	KR	0	0	MRD	MY	11	1279	1596	+4	−2	119	52
1970	08	13	KR	IN	3	2	MRD	MY	5	1601	1312	+1	−3	51	112
1970	08	16	KR	BU	1	0	MRD	MY	13	1614	1532	+4	−2	47	63
1970	11	10	KR	HK	3	0	KNG	TH	5	1619	1229	0	0	47	129
1970	11	12	KR	LA	4	0	KNG	TH	1	1620	968	+1	0	46	164
1970	11	14	TH	KR	0	0	KNG		6	1366	1614	0	−1	99	47
1970	11	16	KR	SG	4	0	KNG	TH	3	1617	1091	0	−2	47	152
1970	11	18	KR	MY	2	0	KNG	TH	7	1624	1315	+2	0	45	111
1970	11	20	TH	KR	0	1	KNG		-9	1372	1633	−3	+2	98	43
1970	12	11	KR	IR	1	0	ASG	TH	19	1652	1600	+3	−2	40	49
1970	12	13	ID	KR	0	0	ASG	TH	11	1443	1641	+2	−3	81	43
1970	12	15	TH	KR	1	2	ASG		-11	1365	1652	−5	+3	100	40
1970	12	17	BU	KR	1	0	ASG	TH	27	1553	1625	+6	−5	58	45
1970	12	18	KR	JP	2	1	ASG	TH	20	1645	1608	+5	−4	40	47
1970	12	20	BU	KR	0	0	ASG	TH	4	1575	1641	0	−2	57	42
1971	05	02	KR	TH	1	0	PRS		3	1644	1342	+1	0	40	105
1971	05	06	KR	MY	5	1	PRS		4	1648	1307	0	0	40	113
1971	05	09	KR	KU	2	0	PRS		2	1650	1213	0	−1	40	132
1971	05	11	KR	ID	3	0	PRS		7	1657	1426	0	−1	40	85
1971	05	13	KR	BU	0	0	PRS		-6	1651	1620	0	+1	40	45
1971	05	15	KR	BU	0	0	PRS		-5	1646	1625	0	+1	40	44
1971	09	10	KR	IR	2	0	F		9	1655	1591	0	0	40	49
1971	09	12	KR	IR	0	2	F		-22	1633	1613	−2	+4	42	45
1971	09	25	KR	MY	0	1	OQ		-35	1598	1434	−8	+10	49	82
1971	09	29	KR	PH	6	0	OQ		2	1600	1056	0	0	49	157
1971	10	02	KR	JP	2	1	OQ		11	1611	1528	+4	−1	45	63
1971	10	04	KR	TW	8	0	OQ		5	1616	1212	+3	−2	42	131
1971	11	08	MY	KR	2	2	KNG	TH	6	1462	1610	+1	−5	75	48
1971	11	12	ID	KR	0	0	KNG	TH	7	1444	1603	+3	−2	79	50
1971	11	14	KR	RV	1	1	KNG	TH	-10	1593	1321	+1	+3	49	109
1971	11	16	TH	KR	0	1	KNG		-5	1228	1598	0	0	128	49
1972	05	07	IQ	KR	0	0	AC	TH	-1	1607	1599	0	+1	49	51
1972	05	10	KR	KU	4	1	AC	TH	11	1610	1249	+2	−3	48	126
1972	05	12	KW	KR	2	1	AC	TH	37	1457	1573	+12	−8	74	56
1972	05	17	TH	KR	1	1	AC		15	1237	1558	0	−3	129	58
1972	05	19	IR	KR	2	1	AC	TH	15	1713	1543	+2	−3	32	61
1972	07	15	HK	KR	0	0	MRD	MY	11	1220	1532	+2	−1	130	63
1972	07	17	KR	TH	2	0	MRD	MY	6	1538	1206	0	−3	63	135
1972	07	19	KR	SG	4	1	MRD	MY	4	1542	1097	0	0	63	152
1972	07	23	KR	ID	2	0	MRD	MY	17	1559	1441	+6	−4	56	79
1972	07	26	KR	JP	3	0	MRD	MY	24	1583	1504	+5	−1	51	64
1972	07	29	MY	KR	1	2	MRD		-15	1472	1598	−2	+1	68	50
1972	09	14	JP	KR	2	2	F		0	1490	1598	0	0	65	50
1972	09	20	KR	TH	3	0	PRS		3	1601	1222	+1	0	49	131
1972	09	22	KR	KU	3	1	PRS		4	1605	1298	+2	0	47	114
1972	09	24	KR	MY	2	0	PRS		8	1613	1439	0	−3	47	82
1972	09	27	KR	BU	0	1	PRS		-18	1595	1651	−3	+3	50	37
1972	09	30	KR	MY	1	0	PRS		5	1600	1415	+1	0	49	87
1972	10	22	KR	AU	1	1	F		0	1600	1686	0	0	50	33
1972	10	24	KR	AU	0	2	F		-16	1584	1702	0	0	50	33
1972	11	18	KR	MY	4	1	KNG	TH	11	1595	1347	+1	0	50	106
1972	11	22	ID	KR	1	1	KNG	TH	6	1466	1589	0	0	70	50
1972	11	24	KR	SG	2	0	KNG	TH	4	1593	1172	0	0	50	140
1972	11	26	TH	KR	1	0	KNG		23	1301	1570	+6	−4	116	54
1972	11	28	SG	KR	0	0	KNG	TH	12	1184	1558	+2	−1	138	55
1973	05	19	KR	TH	4	0	WQ		7	1565	1262	+1	−2	55	127
1973	05	21	KR	MY	0	0	WQ		-13	1552	1399	−3	+3	58	93
1973	05	23	KR	IL	0	0	WQ		4	1556	1726	+2	0	56	27
1973	05	26	KR	HK	3	1	WQ		9	1565	1343	+1	0	55	105
1973	05	28	KR	IL	1	0	WQ		24	1589	1710	+4	−3	51	30
1973	06	23	KR	JP	2	0	F		7	1596	1459	+3	−1	49	70
1973	09	22	KR	KU	6	0	PRS		4	1600	1216	0	0	47	130
1973	09	24	KR	ID	3	1	PRS		8	1608	1426	+2	−2	45	85
1973	09	28	KR	BU	0	1	PRS		-19	1589	1638	−6	+2	51	41
1973	09	30	KR	MY	2	0	PRS		10	1599	1451	+4	−4	47	75
1973	10	28	AU	KR	0	0	WQ		-9	1653	1608	0	+2	36	46
1973	11	10	KR	AU	2	2	WQ		-3	1605	1656	−1	+1	47	35
1973	11	13	AU	KR	1	0	WQ	HK	17	1673	1588	+2	−5	33	51
1973	12	16	KR	KU	5	0	KNG	TH	9	1597	1279	+2	−4	49	122
1973	12	18	MY	KR	0	0	KNG	TH	5	1483	1592	0	−1	68	50
1973	12	22	KR	BU	2	0	KNG	TH	23	1615	1583	+7	−5	43	51
1973	12	25	KR	MY	2	1	KNG	TH	10	1625	1491	0	0	43	65
1974	05	13	KR	KU	0	1	PRS		-28	1597	1305	−5	+8	46	114
1974	05	15	KR	MY	4	0	PRS		12	1609	1457	+2	−6	44	77
1974	05	18	KR	BU	3	0	PRS		16	1625	1550	+3	−4	41	57
1974	09	04	KR	TH	1	0	ASG	IR	4	1629	1260	+1	0	39	126
1974	09	06	KW	KR	4	0	ASG	IR	53	1532	1576	+9	−12	60	51
1974	09	09	IQ	KR	1	1	ASG	IR	-1	1600	1577	0	0	47	51
1974	09	11	IR	KR	2	0	ASG		18	1644	1559	+2	−1	38	52
1974	09	13	MY	KR	3	2	ASG	IR	26	1479	1533	+8	−9	70	60
1974	09	28	JP	KR	4	1	F		16	1472	1517	+5	−3	72	63
1974	12	13	KR	KU	2	1	KNG	TH	7	1524	1299	+1	0	63	117
1974	12	15	KR	RV	2	2	KNG	TH	-9	1515	1290	−1	+4	64	118
1974	12	18	MY	KR	0	0	KNG	TH	4	1421	1511	+3	−1	89	65
1974	12	20	TH	KR	1	3	KNG		-14	1261	1525	−2	+3	125	62
1974	12	25	KR	ID	3	1	FT	HK	15	1540	1384	+3	−1	59	95
1975	03	16	MY	KR	2	1	SQ	TH	26	1465	1514	+7	−7	75	64
1975	03	19	KR	RV	1	0	SQ	TH	7	1521	1246	0	−2	64	128
1975	03	22	KR	ID	1	0	SQ	TH	12	1533	1361	+7	−6	57	104
1975	03	24	TH	KR	1	0	SQ		27	1328	1506	+7	−7	110	65
1975	05	16	KR	LB	1	0	PRS		6	1512	1344	+1	0	64	104
1975	05	22	KR	BU	1	0	PRS		13	1525	1543	+2	−3	62	56
1975	06	12	KR	BU	2	0	JAT	ID	24	1549	1519	+9	−8	53	64
1975	06	16	MY	KR	1	1	JAT	ID	4	1465	1545	0	−1	77	56
1975	06	18	ID	KR	3	2	JAT		18	1399	1527	+4	−6	92	62
1975	07	29	MY	KR	1	3	MRD		-24	1423	1551	−7	+9	89	54
1975	08	01	KR	HK	1	0	MRD	MY	8	1559	1369	+1	−3	54	102
1975	08	03	KR	BU	3	2	MRD	MY	16	1575	1561	+3	−3	51	54
1975	08	07	KR	TH	6	0	MRD	MY	10	1585	1275	+2	0	49	120
1975	08	09	KR	JP	3	1	MRD	MY	14	1599	1440	+1	−7	48	85
1975	08	11	KR	ID	5	1	MRD	MY	13	1612	1380	+3	−5	45	99
1975	08	15	KR	BD	4	0	MRD	MY	2	1614	1014	0	0	45	161
1975	08	17	MY	KR	0	1	MRD		-14	1468	1628	−2	+1	75	44
1975	09	08	KR	JP	3	0	F		7	1635	1477	+2	−2	41	73
1975	12	14	TW	KR	0	2	OQ		-8	1203	1643	−2	0	133	41
1975	12	21	KR	BU	3	1	KNG	TH	14	1657	1483	0	−3	41	71
1975	12	23	TH	KR	2	1	KNG		26	1281	1631	+4	−1	120	42
1975	12	30	KR	SG	5	0	KNG	TH	4	1635	1180	+1	0	41	137
1976	01	02	KR	MY	4	0	KNG	TH	12	1647	1403	0	−5	41	92
1976	01	04	KR	BU	1	0	KNG	TH	9	1656	1491	0	−3	41	67
1976	03	06	KR	TW	3	0	OQ		3	1659	1200	0	−2	40	136
1976	03	21	JP	KR	0	2	OQ		-23	1451	1682	−4	+6	76	33
1976	03	27	KR	JP	2	2	OQ		-15	1667	1466	−3	+4	36	72
1976	04	04	KR	IL	1	3	OQ		-33	1634	1770	−6	+5	42	23
1976	04	28	IL	KR	0	0	OQ		-12	1764	1646	−1	+1	26	41
1976	05	03	LY	KR	0	1	F		-6	1386	1652	−1	+2	96	39
1976	06	08	ID	KR	2	2	JAT		7	1390	1645	+4	−4	94	43
1976	06	10	BU	KR	0	0	JAT	ID	6	1513	1639	0	−1	63	44
1976	06	12	KR	MY	2	1	JAT	ID	6	1645	1388	+1	0	43	94
1976	06	14	KR	BU	1	0	JAT	ID	9	1654	1502	+5	−2	38	64
1976	08	07	MY	KR	2	1	MRD		22	1410	1632	+3	−5	91	43
1976	08	10	KR	IN	8	0	MRD	MY	9	1641	1296	+1	−1	42	115
1976	08	12	KR	ID	2	0	MRD	MY	7	1648	1325	0	0	42	110
1976	08	15	BU	KR	2	2	MRD	MY	5	1529	1643	+1	0	60	42
1976	08	18	JP	KR	0	0	MRD	MY	6	1489	1637	+2	−1	65	43
1976	08	20	KR	TH	2	1	MRD	MY	4	1641	1328	+1	0	42	110
1976	09	11	KR	MY	4	4	PRS		-10	1631	1478	−1	+3	42	71
1976	09	13	KR	IN	4	0	PRS		4	1635	1286	0	−2	42	116
1976	09	17	KR	SG	7	0	PRS		3	1638	1197	0	0	42	136
1976	09	23	KR	NZ	2	0	PRS		8	1646	1470	+2	−2	40	75
1976	12	04	JP	KR	1	2	F		-8	1465	1654	−4	+1	77	39
1976	12	15	TH	KR	2	1	KNG		24	1325	1630	+4	−4	110	43
1976	12	17	KR	SG	4	0	KNG	TH	4	1634	1191	+1	0	42	136
1976	12	22	MY	KR	1	1	KNG	TH	5	1507	1629	+1	−2	64	44
1977	02	14	SG	KR	0	4	F		-4	1174	1633	−1	0	138	43
1977	02	18	BH	KR	1	4	F		-3	1094	1636	0	+1	151	42
1977	02	20	BH	KR	1	1	F		9	1103	1627	+2	−1	149	43
1977	02	27	IL	KR	0	0	WQ		-10	1718	1637	−2	+1	29	42
1977	03	20	KR	IL	3	1	WQ		29	1666	1702	+2	−5	38	32
1977	03	26	JP	KR	0	0	WQ		6	1458	1660	+2	0	78	38
1977	04	03	KR	JP	1	0	WQ		6	1666	1452	+1	−2	36	80
1977	06	15	KR	JP	2	1	F		3	1669	1449	0	0	35	80
1977	06	26	HK	KR	0	1	WQ		-12	1402	1681	−2	+4	92	33
1977	07	03	KR	IR	0	0	WQ		-2	1679	1743	0	0	33	25
1977	07	17	KR	LY	4	0	MRD	MY	8	1687	1359	+1	−1	34	101
1977	07	20	KR	TH	4	1	MRD	MY	5	1692	1287	+2	−1	32	116
1977	07	24	KR	BU	4	0	MRD	MY	11	1703	1440	+3	−4	29	83
1977	07	26	MY	KR	1	1	MRD		5	1486	1698	+1	−1	69	30
1977	07	28	IQ	KR	1	1	MRD	MY	6	1553	1692	0	−1	58	31
1977	07	31	KR	IQ	1	0	MRD	MY	9	1701	1544	+1	0	30	58
1977	08	27	AU	KR	2	1	WQ		17	1676	1684	+2	−3	36	33
1977	09	03	KR	TH	5	1	PRS		4	1688	1309	0	−2	33	113
1977	09	05	KR	IN	3	0	PRS		2	1690	1237	+1	−2	32	127
1977	09	13	KR	MY	3	0	PRS		8	1698	1483	0	−3	32	71
1977	10	09	KR	KW	1	0	WQ		14	1712	1677	+2	−2	30	36
1977	10	23	KR	AU	0	0	WQ		-9	1703	1659	0	+2	30	37
1977	11	05	KW	KR	2	2	WQ		-5	1687	1708	−1	0	34	30
1977	11	11	IR	KR	2	2	WQ		-9	1768	1717	−1	+1	23	29
1977	12	04	KR	HK	5	2	WQ		5	1722	1366	+1	−1	29	98
1978	06	14	KR	SG	3	1	JAT	ID	2	1724	1147	+1	0	28	140
1978	06	16	ID	KR	1	1	JAT		10	1368	1714	+2	−2	98	30
1978	06	19	KR	MY	3	1	JAT	ID	8	1722	1443	+1	−3	29	81
1978	06	20	KR	TH	1	0	JAT	ID	2	1724	1286	+1	0	28	118
1978	06	23	ID	KR	1	3	JAT		-8	1349	1732	−4	+2	104	26
1978	07	12	MY	KR	1	3	MRD		-11	1420	1743	−3	+1	88	25
1978	07	14	KR	TH	3	0	MRD	MY	4	1747	1294	0	−1	25	116
1978	07	16	KR	SG	2	0	MRD	MY	1	1748	1146	0	0	25	140
1978	07	19	KR	JP	4	0	MRD	MY	9	1757	1447	+1	−4	24	79
1978	07	22	KR	IQ	2	0	MRD	MY	14	1771	1596	+1	−4	23	50
1978	07	25	KR	ID	2	0	MRD	MY	3	1774	1330	0	0	23	107
1978	07	27	KR	SY	2	0	MRD	MY	2	1776	1253	+1	0	22	120
1978	07	29	KR	IQ	2	0	MRD	MY	13	1789	1603	0	−3	22	47
1978	09	11	KR	MY	2	2	PRS		-13	1776	1476	0	+4	22	71
1978	09	13	KR	BH	3	1	PRS		1	1777	1122	0	0	22	145
1978	12	11	KR	BH	5	1	ASG	TH	2	1779	1120	+1	0	22	145
1978	12	13	KR	KW	2	0	ASG	TH	23	1802	1673	+2	−3	20	37
1978	12	15	KR	JP	3	1	ASG	TH	6	1808	1412	0	−1	20	89
1978	12	17	KR	CN	1	0	ASG	TH	9	1817	1576	+3	−2	17	53
1978	12	18	KR	MY	1	0	ASG	TH	5	1822	1458	0	−1	17	78
1978	12	19	TH	KR	1	3	ASG		-6	1335	1828	0	+1	106	16
1978	12	20	KP	KR	0	0	ASG	TH	9	1670	1819	+1	−1	37	17
1978	12	25	KR	MO	4	1	SQ	PH	1	1820	1056	0	−1	17	156
1978	12	27	PH	KR	0	5	SQ		-1	1030	1821	0	0	160	17
1978	12	29	KR	CN	1	0	SQ	PH	11	1832	1640	+1	−1	16	41
1979	03	04	JP	KR	2	1	F		17	1429	1815	+6	−2	84	18
1979	06	16	KR	JP	4	1	F		2	1817	1437	0	0	18	83
1979	09	08	KR	SD	8	0	PRS		7	1824	1528	0	0	18	63
1979	09	12	KR	LK	6	0	PRS		0	1824	958	0	0	18	164
1979	09	14	KR	BH	5	1	PRS		1	1825	1190	0	0	18	136
1979	09	16	KR	BD	9	0	PRS		0	1825	977	0	0	18	164
1980	01	30	SA	KR	1	3	F		-4	1384	1829	0	0	96	17
1980	02	01	SA	KR	0	0	F		8	1392	1821	+3	0	93	17
1980	02	26	KR	MX	1	0	F	US	7	1828	1704	0	−1	17	30
1980	03	22	KR	JP	3	1	OQ	MY	7	1835	1462	0	−2	17	79
1980	03	25	MY	KR	3	0	OQ		58	1524	1777	+13	−5	66	22
1980	03	27	KR	PH	8	0	OQ	MY	1	1778	967	0	0	22	165
1980	03	31	KR	BN	3	0	OQ	MY	0	1778	919	0	0	21	169
1980	04	03	KR	ID	1	0	OQ	MY	1	1779	1195	0	0	21	136
1980	04	06	MY	KR	2	1	OQ		29	1548	1750	+6	−2	62	23
1980	08	23	KR	MY	2	0	PRS		7	1757	1541	0	0	24	58
1980	08	25	KR	ID	3	0	PRS		1	1758	1215	0	0	24	130
1980	08	27	KR	TH	4	0	PRS		2	1760	1317	0	−1	24	106
1980	08	29	KR	BH	5	0	PRS		1	1761	1182	+1	0	23	138
1980	09	02	KR	ID	2	0	PRS		1	1762	1237	0	−1	23	125
1980	09	16	MY	KR	1	1	AC	KW	17	1496	1745	+5	−3	69	26
1980	09	19	KR	QA	2	0	AC	KW	3	1748	1164	0	0	25	141
1980	09	21	KW	KR	0	3	AC		-52	1659	1800	−10	+5	40	20
1980	09	24	KR	AE	4	1	AC	KW	1	1801	1042	+1	0	19	159
1980	09	28	KR	KP	2	1	AC	KW	15	1816	1632	+2	−3	17	44
1980	09	30	KW	KR	3	0	AC		48	1734	1768	+4	−6	28	23
1980	10	16	KR	ID	1	0	MRD	MY	1	1769	1227	0	0	23	127
1980	10	19	NZ	KR	2	1	MRD	MY	25	1523	1744	+11	−3	62	26
1980	10	21	KR	KW	3	0	MRD	MY	20	1764	1639	+3	−4	23	41
1980	10	23	MA	KR	1	1	MRD	MY	6	1610	1758	+1	−2	45	25
1980	10	25	MY	KR	1	1	MRD		7	1492	1751	+2	−1	74	26
1980	10	27	BU	KR	1	1	MRD	MY	12	1370	1739	+1	0	97	26
1980	10	30	KR	TH	0	0	MRD	MY	-11	1728	1418	−1	+2	27	88
1981	02	10	MX	KR	4	0	F		16	1687	1712	+4	−2	32	29
1981	03	08	JP	KR	0	1	F		-6	1459	1718	−2	+1	79	28
1981	04	21	KR	MY	2	1	WQ	KW	8	1726	1472	+1	−1	28	75
1981	04	24	KR	TH	5	1	WQ	KW	11	1737	1403	+2	0	26	90
1981	04	29	KW	KR	2	0	WQ		32	1649	1705	+6	−3	40	29
1981	06	17	KR	MY	2	0	PRS		5	1710	1448	0	−1	30	81
1981	06	21	KR	JP	2	0	PRS		6	1716	1478	+1	−1	29	76
1981	08	20	ID	KR	0	1	JAT		-2	1187	1718	−1	0	138	28
1981	09	04	KR	SG	2	0	MRD	MY	4	1722	1286	0	−3	29	115
1981	09	13	IQ	KR	1	1	MRD	MY	1	1709	1721	0	0	31	30
1981	09	16	KR	TH	1	1	MRD	MY	-11	1710	1416	−1	+1	31	90
1981	10	14	SA	KR	2	0	F		21	1470	1689	+3	−1	77	32
1982	02	18	IN	KR	2	2	NGC		15	1247	1674	+8	−3	124	35
1982	02	20	KR	UY	2	2	NGC	IN	6	1680	1783	0	−2	35	21
1982	03	01	CN	KR	1	1	NGC	IN	4	1617	1676	+1	0	44	35
1982	03	07	IQ	KR	3	0	F		10	1740	1666	0	−1	29	36
1982	03	10	IQ	KR	1	1	F		-5	1735	1671	0	0	29	35
1982	03	21	KR	JP	3	0	F		6	1677	1489	0	−2	35	73
1982	05	09	TH	KR	0	3	KNG		-14	1393	1691	0	+2	89	33
1982	05	17	TH	KR	0	0	KNG		8	1397	1683	0	−2	89	35
1982	06	09	KR	IN	1	0	PRS		1	1684	1249	0	0	35	123
1982	06	11	KR	BH	3	0	PRS		2	1686	1236	0	−2	35	130
1982	08	06	SN	KR	2	0	MRD	MY	32	1567	1654	+6	−3	55	39
1982	08	08	KR	ID	4	0	MRD	MY	7	1661	1297	0	−2	39	112
1982	08	10	MY	KR	1	2	MRD		-5	1286	1666	−1	+1	114	38
1982	08	12	KR	AE	3	2	MRD	MY	1	1667	1148	0	0	38	143
1982	08	17	GH	KR	1	0	MRD	MY	13	1725	1654	+1	−1	30	39
1982	08	19	SN	KR	1	1	MRD	MY	5	1544	1649	+2	0	60	39
1982	08	30	MY	KR	1	0	PRG	BD	26	1334	1623	+4	−2	102	41
1982	10	05	KR	BN	4	1	MRL	SG	1	1624	911	0	0	41	172
1982	10	07	KR	MY	3	1	MRL	SG	8	1632	1343	0	−3	41	101
1982	10	10	SG	KR	0	2	MRL		-8	1269	1640	−3	0	120	41
1982	10	13	KR	ID	1	0	MRL	SG	3	1643	1278	0	−1	41	115
1982	10	17	AU	KR	3	2	MRL	SG	17	1616	1626	+3	0	44	41
1982	11	21	KR	DY	3	0	ASG	IN	7	1633	1230	+1	−2	41	130
1982	11	23	IR	KR	1	0	ASG	IN	15	1739	1618	+5	−2	25	43
1982	11	25	JP	KR	2	1	ASG	IN	25	1555	1593	+2	−6	60	49
1983	03	06	JP	KR	1	1	F		-1	1522	1594	0	0	63	48
1983	06	06	KR	TH	4	0	PRS		8	1602	1364	+2	+3	44	93
1983	06	08	KR	NG	1	0	PRS		7	1609	1501	+1	−2	43	71
1983	06	12	KR	ID	3	0	PRS		3	1612	1211	+1	0	42	135
1983	06	15	KR	GH	1	0	PRS		15	1627	1703	+1	−2	41	32
1983	07	28	GT	KR	1	1	NTC	US	3	1554	1624	+1	−1	59	42
1983	08	03	GT	KR	2	1	F		9	1563	1615	+1	−1	58	43
1983	08	09	CR	KR	1	1	F		-1	1555	1616	−1	0	60	43
1983	11	01	TH	KR	2	1	OQ		28	1389	1588	+3	−4	91	47
1983	11	03	CN	KR	3	3	OQ	TH	-1	1597	1589	0	+1	45	46
1983	11	05	KR	HK	4	0	OQ	TH	13	1602	1304	+2	−5	44	113
1983	11	08	CN	KR	0	0	OQ	TH	1	1593	1601	0	0	46	44
1983	11	10	KR	HK	2	0	OQ	TH	9	1610	1286	+1	−3	43	119
1983	11	12	TH	KR	0	2	OQ		-25	1423	1635	−3	+4	88	39
1984	04	17	KW	KR	0	0	OQ	SG	7	1519	1628	+1	−1	67	40
1984	04	19	KR	BH	1	0	OQ	SG	4	1632	1254	+1	−2	39	126
1984	04	22	KR	NZ	2	0	OQ	SG	23	1655	1527	+1	−4	38	65
1984	04	24	SA	KR	5	4	OQ	SG	25	1593	1630	+9	−3	47	40
1984	04	29	IQ	KR	1	0	OQ	SG	19	1664	1611	+1	−2	36	42
1984	06	03	KR	GT	0	0	PRS		-7	1604	1549	−1	+3	43	60
1984	09	30	KR	JP	1	2	F		-17	1587	1439	−4	+2	48	85
1984	10	04	KR	CM	5	0	FT		26	1613	1620	+5	−3	43	41
1984	10	10	KR	NY	6	0	SQ	IN	1	1614	847	−1	−1	44	181
1984	10	13	KR	PK	6	0	SQ	IN	7	1621	1193	+4	0	40	140
1984	10	16	MY	KR	0	0	SQ	IN	12	1387	1609	+1	−4	91	44
1984	10	19	IN	KR	0	1	SQ		-8	1262	1617	−2	+1	122	43
1984	12	02	SA	KR	1	1	AC	SG	5	1546	1612	+1	0	58	43
1984	12	05	KW	KR	0	0	AC	SG	5	1547	1607	+1	−1	58	44
1984	12	07	SY	KR	1	0	AC	SG	42	1356	1565	+16	−11	95	55
1984	12	10	QA	KR	1	0	AC	SG	31	1514	1534	+12	−5	65	61
1985	03	02	NP	KR	0	2	WQ		-2	810	1536	0	0	181	62
1985	03	10	MY	KR	1	0	WQ		22	1429	1514	+4	−3	85	65
1985	04	06	KR	NP	4	0	WQ		1	1515	825	0	0	66	182
1985	05	19	KR	MY	2	0	WQ		14	1529	1399	+2	−1	64	88
1985	06	06	KR	TH	3	2	PRS		3	1532	1235	0	−1	64	127
1985	06	08	KR	BH	3	0	PRS		9	1541	1349	+3	−2	61	99
1985	06	15	KR	IQ	2	0	PRS		23	1564	1626	+2	−3	59	44
1985	07	21	KR	ID	2	0	WQ		4	1568	1200	+1	0	56	140
1985	07	30	ID	KR	1	4	WQ		-12	1188	1580	0	+4	140	52
1985	10	26	JP	KR	1	2	WQ		-22	1501	1602	−6	+5	73	48
1985	11	03	KR	JP	1	0	WQ		10	1612	1491	+3	−2	45	75
1985	12	03	MX	KR	2	1	F	US	5	1796	1607	0	−1	23	46
1985	12	08	HU	KR	1	0	FT	MX	5	1880	1602	0	−2	10	48
1985	12	10	MX	KR	2	1	FT		4	1811	1598	0	−2	23	50
1985	12	13	KR	DZ	2	0	FT	MX	27	1625	1648	+7	−4	42	39
1986	02	16	PY	KR	3	1	LNY	HK	13	1795	1612	+3	−3	24	45
1986	04	15	KR	TH	3	1	MHC	ID	6	1618	1279	+1	0	46	115
1986	05	14	EN	KR	4	1	F	US	4	1973	1614	0	−2	2	47
1986	06	02	AR	KR	3	1	WC	MX	16	1891	1598	+2	−2	7	49
1986	06	05	BG	KR	1	1	WC	MX	-18	1830	1616	−5	+3	20	46
1986	06	10	IT	KR	3	2	WC	MX	11	1892	1605	0	−3	9	48
1986	09	20	KR	IN	3	0	ASG		4	1609	1229	+2	−2	46	129
1986	09	24	KR	BH	0	0	ASG		-16	1593	1319	−3	+1	49	105
1986	09	28	KR	CN	4	2	ASG		26	1619	1618	+3	−8	46	47
1986	10	01	KR	IR	1	1	ASG		-3	1616	1672	−1	0	47	34
1986	10	03	KR	ID	4	0	ASG		4	1620	1206	+2	−1	45	133
1986	10	05	KR	SA	2	0	ASG		19	1639	1568	+5	−4	40	58
1987	06	10	KR	EG	0	0	PRS		-3	1636	1675	0	0	44	37
1987	06	12	KR	US	1	0	PRS		8	1644	1547	+2	−3	42	62
1987	06	14	KR	TH	4	2	PRS		3	1647	1279	+2	−2	40	119
1987	06	21	KR	AU	1	1	PRS		-3	1644	1681	−2	0	42	36
1987	12	17	MY	KR	0	1	MRD		-5	1279	1649	−2	0	116	41
1988	01	06	EG	KR	1	1	AAC	QA	-1	1666	1650	−1	0	36	41
1988	06	17	BH	KR	2	0	SQ	ID	52	1369	1598	+7	−7	96	48
1988	06	19	KR	DY	1	1	SQ	ID	-17	1581	1165	0	+1	48	143
1988	06	19	KR	ZM	4	0	PRS		21	1602	1565	0	−7	48	58
1988	06	22	ID	KR	0	4	SQ		-16	1253	1618	−4	+3	121	45
1988	09	09	KR	IQ	2	1	F		9	1627	1673	+1	0	43	37
1988	09	20	KR	US	0	0	OG		-13	1614	1574	−2	+4	45	51
1988	10	26	JP	KR	0	1	F		-8	1430	1622	−5	0	85	44
1988	12	03	KR	AE	1	0	AC	QA	17	1639	1485	+1	−4	43	70
1988	12	06	KR	JP	2	0	AC	QA	19	1658	1427	+3	−5	40	85
1988	12	09	QA	KR	2	3	AC		-17	1419	1675	−5	+3	88	37
1988	12	11	KR	IR	3	0	AC	QA	45	1720	1636	+6	−7	31	43
1988	12	14	KR	CN	2	1	AC	QA	17	1737	1583	+1	0	30	47
1988	12	18	SA	KR	0	0	AC	QA	11	1576	1726	+6	−2	51	32
1989	05	05	KR	JP	1	0	F		1	1727	1380	0	0	29	95
1989	05	23	KR	SG	3	0	WQ		2	1729	1180	0	0	28	141
1989	05	25	KR	NP	9	0	WQ		1	1730	912	0	0	28	178
1989	05	27	KR	MY	3	0	WQ		3	1733	1267	0	−2	28	117
1989	06	03	KR	NP	4	0	WQ	SG	1	1734	898	0	−1	28	180
1989	06	05	KR	MY	3	0	WQ	SG	4	1738	1264	0	0	27	118
1989	06	07	SG	KR	0	3	WQ		-5	1180	1743	0	0	141	27
1989	08	10	MX	KR	4	2	FT	US	13	1904	1730	+1	0	11	27
1989	08	13	US	KR	1	2	FT		-13	1579	1743	−3	0	54	27
1989	09	16	KR	EG	0	1	F		-15	1728	1659	−1	+3	29	38
1989	10	13	QA	KR	0	0	WQ	SG	13	1478	1715	+2	−1	71	31
1989	10	16	KR	KP	1	0	WQ	SG	12	1727	1546	+1	−1	30	61
1989	10	20	KR	CN	1	0	WQ	SG	12	1739	1560	+1	−8	29	59
1989	10	25	KR	SA	2	0	WQ	SG	16	1755	1543	+3	−5	26	63
1989	10	28	KR	AE	1	1	WQ	SG	-12	1743	1524	−2	+2	28	64
1990	02	04	NO	KR	3	2	FT	MT	19	1679	1724	+3	−3	34	29
1990	02	09	KR	NO	3	0	F	MT	15	1739	1656	+3	−1	26	38
1990	02	10	MT	KR	1	2	FT		-6	1380	1745	0	+1	96	25
1990	02	15	IQ	KR	0	0	F		0	1648	1745	0	0	39	25
1990	02	18	EG	KR	0	0	F		-1	1689	1746	0	0	33	25
1990	06	12	BE	KR	2	0	WC	IT	33	1877	1713	+2	−4	15	31
1990	06	17	ES	KR	3	1	WC	IT	21	1945	1692	0	0	6	33
1990	06	21	UY	KR	1	0	WC	IT	17	1866	1675	0	−3	16	36
1990	07	27	KR	JP	2	0	DNS	CN	8	1683	1401	0	−3	35	92
1990	07	29	KR	KP	1	0	DNS	CN	8	1691	1497	+1	0	34	67
1990	07	31	CN	KR	0	1	DNS		-14	1555	1705	−6	+1	58	33
1990	08	03	CN	KR	1	1	DNS		2	1557	1703	0	0	58	33
1990	09	06	KR	AU	1	0	F		7	1710	1673	+1	0	32	36
1990	09	09	KR	AU	1	0	F		6	1716	1667	0	0	32	36
1990	09	23	KR	SG	7	0	ASG	CN	5	1721	1232	0	−4	31	133
1990	09	25	KR	PK	7	0	ASG	CN	1	1722	1011	0	0	31	168
1990	09	27	CN	KR	0	2	ASG		-24	1525	1746	−4	+4	64	27
1990	10	01	KR	KW	1	0	ASG	CN	8	1754	1485	0	−1	27	68
1990	10	03	IR	KR	1	0	ASG	CN	28	1632	1726	+5	−3	45	30
1990	10	05	KR	TH	1	0	ASG	CN	4	1730	1321	+1	−1	29	108
1990	10	11	KP	KR	2	1	F		14	1517	1716	0	−1	64	30
1990	10	23	KR	KP	1	0	F		3	1719	1514	+1	0	31	66
1991	06	07	KR	EG	0	0	PRS		-7	1712	1646	0	+1	33	41
1991	06	09	KR	ID	3	0	PRS		2	1714	1232	0	0	33	132
1991	06	11	KR	MT	1	1	PRS		-13	1701	1363	−1	+5	34	102
1991	06	14	KR	AU	0	0	PRS		-6	1695	1672	0	0	34	36
1991	06	16	KR	EG	2	0	PRS		14	1709	1645	+1	−2	33	41
1991	07	27	JP	KR	0	1	F		-4	1375	1713	0	0	97	33
1992	06	19	KR	BD	6	0	SQ	TH	2	1715	1075	+1	−1	31	176
1992	06	21	TH	KR	2	1	SQ		33	1366	1682	+5	−5	110	36
1992	08	22	JP	KR	0	0	DNS	CN	11	1379	1671	+1	−3	108	39
1992	08	24	KP	KR	1	1	DNS	CN	5	1548	1666	+1	0	66	39
1992	08	26	CN	KR	0	2	DNS		-16	1445	1682	−5	+3	90	36
1992	08	29	JP	KR	2	2	DNS	CN	9	1459	1673	+3	−2	85	37
1992	10	21	KR	AE	0	0	F		-7	1666	1477	−1	+1	36	80
1992	10	24	KR	AE	1	1	F		-7	1659	1484	−3	+1	39	79
1993	02	08	KR	ID	3	0	MRD	MY	5	1664	1260	0	−1	37	136
1993	02	10	KR	GH	3	1	MRD	MY	22	1686	1627	+4	−6	33	48
1993	02	14	MY	KR	3	1	MRD		39	1286	1647	+10	−9	132	41
1993	03	09	CA	KR	0	2	F		-14	1520	1661	−4	+4	71	38
1993	03	11	CA	KR	2	0	F		17	1537	1644	+5	−5	66	43
1993	04	25	KR	IQ	1	1	F		-3	1641	1658	−1	0	43	38
1993	04	28	KR	IQ	2	2	F		-2	1639	1660	−1	+1	44	37
1993	05	09	BH	KR	0	0	WQ	LB	13	1375	1626	+5	0	110	44
1993	05	11	LB	KR	0	1	WQ		-7	1242	1633	0	0	142	44
1993	05	13	KR	IN	3	0	WQ	LB	5	1638	1171	+1	−1	43	159
1993	05	15	KR	HK	3	0	WQ	LB	9	1647	1289	+5	−2	38	132
1993	06	05	KR	HK	4	1	WQ		5	1652	1284	+1	−1	38	133
1993	06	07	KR	LB	2	0	WQ		3	1655	1244	0	0	38	142
1993	06	09	KR	IN	7	0	WQ		3	1658	1142	+1	−1	37	163
1993	06	13	KR	BH	3	0	WQ		8	1666	1406	+2	−1	35	100
1993	06	19	KR	EG	1	2	PRS		-19	1647	1683	−4	+2	39	34
1993	06	28	KR	EG	0	1	PRS		-18	1629	1701	−4	0	43	32
1993	09	24	KR	AU	1	1	F		0	1629	1732	0	0	47	29
1993	09	26	KR	AU	1	0	F		10	1639	1722	+2	0	45	29
1993	10	16	KR	IR	3	0	WQ	QA	30	1669	1560	+8	−3	35	65
1993	10	19	IQ	KR	2	2	WQ	QA	2	1640	1667	0	0	43	35
1993	10	22	SA	KR	1	1	WQ	QA	0	1660	1667	0	0	38	35
1993	10	25	JP	KR	1	0	WQ	QA	23	1646	1644	+9	−7	40	42
1993	10	28	KR	KP	3	0	WQ	QA	23	1667	1499	+6	−8	36	79
1994	02	16	KR	RO	1	2	F		-8	1659	1845	0	+2	38	17
1994	02	26	CO	KR	2	2	F	US	-7	1938	1666	0	0	5	38
1994	03	05	US	KR	1	0	F		8	1627	1658	+2	0	49	38
1994	03	12	US	KR	1	1	F		-2	1625	1660	0	−1	49	39
1994	05	01	KR	CM	2	2	F		-3	1657	1650	−1	+1	40	42
1994	05	03	KR	CM	2	1	F		7	1664	1643	+1	−2	39	44
1994	06	05	EC	KR	2	1	F	US	10	1659	1654	+3	−4	40	43
1994	06	11	KR	HN	3	0	F	US	12	1666	1525	+5	−3	38	71
1994	06	17	KR	ES	2	2	WC	US	17	1683	1876	+3	−1	35	12
1994	06	23	BO	KR	0	0	WC	US	-1	1693	1684	0	0	33	34
1994	06	27	DE	KR	3	2	WC	US	8	2014	1676	+1	−1	1	35
1994	09	11	KR	UA	1	0	F		5	1681	1582	+1	−3	33	61
1994	09	13	KR	UA	2	0	F		7	1688	1575	+1	−1	32	62
1994	09	19	KR	AE	0	0	F		-7	1681	1485	−1	+2	33	82
1994	10	01	KR	NP	11	0	ASG	JP	1	1682	890	0	0	35	199
1994	10	05	KR	OM	2	1	ASG	JP	4	1686	1302	+2	−1	33	129
1994	10	07	KW	KR	1	0	ASG	JP	29	1541	1657	+7	−6	69	39
1994	10	11	JP	KR	2	3	ASG		-24	1604	1681	−8	+4	54	35
1994	10	13	UZ	KR	1	0	ASG	JP	17	1746	1664	0	−2	28	38
1994	10	15	KW	KR	2	1	ASG	JP	27	1560	1637	+4	−3	66	41
1995	02	19	CN	KR	0	0	DNS	HK	1	1611	1636	0	0	50	42
1995	02	21	JP	KR	1	1	DNS	HK	3	1568	1633	+1	−2	63	44
1995	02	26	JP	KR	2	2	DNS	HK	2	1587	1631	+2	0	58	44
1995	06	05	KR	CR	1	0	KOR		11	1642	1637	+4	−3	40	42
1995	06	10	KR	ZM	2	3	KOR		-20	1622	1653	−8	+8	46	35
1995	08	12	KR	BR	0	1	F		-2	1620	2104	0	0	48	1
1995	10	31	KR	SA	1	1	F		-4	1616	1572	−1	+1	49	62
1996	03	13	HR	KR	3	0	F		4	1891	1612	0	0	12	49
1996	03	19	AE	KR	3	2	FRT		14	1543	1598	+2	−7	70	56
1996	03	23	MA	KR	2	2	FRT	AE	-1	1618	1599	−1	0	49	56
1996	03	25	EG	KR	1	1	FRT	AE	0	1590	1599	0	0	59	56
1996	04	30	IL	KR	4	5	F		-14	1622	1613	−4	+3	47	50
1996	05	16	KR	SE	0	2	F		-9	1604	1872	0	0	50	15
1996	08	05	KR	GU	9	0	SQ	VN	0	1604	659	0	0	52	213
1996	08	08	KR	TW	4	0	SQ	VN	2	1606	1010	+2	−1	50	189
1996	08	11	VN	KR	0	4	SQ		-12	1214	1618	−2	+3	149	47
1996	09	25	KR	CN	3	1	F		10	1628	1596	+2	0	45	54
1996	11	26	CN	KR	2	3	F		-12	1584	1640	−1	+3	58	43
1996	12	04	AE	KR	1	1	AC		-2	1560	1642	0	0	65	43
1996	12	07	KR	ID	4	2	AC	AE	7	1649	1243	+1	0	43	141
1996	12	10	KW	KR	2	0	AC	AE	50	1582	1599	+10	−13	60	56
1996	12	16	IR	KR	6	2	AC	AE	42	1675	1557	+8	−8	37	65
1997	01	18	KR	NO	1	0	OPS	AU	25	1582	1828	+5	−1	59	17
1997	01	22	AU	KR	2	1	OPS		5	1759	1577	+1	0	24	59
1997	01	25	KR	NZ	3	1	OPS	AU	15	1592	1450	+1	−4	58	91
1997	02	22	HK	KR	0	2	WQ		-10	1204	1602	−2	+2	152	55
1997	03	02	TH	KR	1	3	WQ		-22	1391	1624	−8	+5	110	51
1997	04	23	CN	KR	0	2	F		-20	1622	1644	−6	+5	51	44
1997	05	21	JP	KR	1	1	F		-5	1715	1649	0	+1	30	46
1997	05	28	KR	HK	4	0	WQ		3	1652	1218	0	0	46	146
1997	06	01	KR	TH	0	0	WQ		-15	1637	1436	−2	+5	48	92
1997	06	12	KR	EG	3	1	KOR		12	1649	1540	+1	−3	45	70
1997	06	14	KR	GH	3	0	KOR		13	1662	1549	+1	−3	44	69
1997	06	16	KR	YU	1	1	KOR		7	1669	1943	+2	0	42	8
1997	08	10	KR	BR	1	2	F		-2	1667	2142	0	0	43	1
1997	08	24	KR	TJ	4	1	F		6	1673	1498	+1	−2	43	78
1997	08	30	KR	CN	0	0	F		-3	1670	1664	−1	0	44	45
1997	09	06	KR	KZ	3	0	WQ		14	1684	1517	+4	−2	41	74
1997	09	12	KR	UZ	2	1	WQ		10	1694	1576	+3	−5	37	62
1997	09	28	JP	KR	1	2	WQ		-28	1704	1722	−7	+4	37	34
1997	10	04	KR	AE	3	0	WQ		16	1738	1592	+6	−4	29	57
1997	10	11	KZ	KR	1	1	WQ		8	1507	1730	0	−2	75	31
1997	10	18	UZ	KR	1	5	WQ		-30	1525	1760	−7	+4	72	26
1997	11	01	KR	JP	0	2	WQ		-44	1716	1727	−9	+12	35	29
1997	11	09	AE	KR	1	3	WQ		-26	1542	1742	−7	+8	68	27
1998	01	27	KR	EG	2	0	KNG	TH	13	1755	1576	+5	−1	25	57
1998	01	29	TH	KR	0	2	KNG		-10	1437	1765	−3	+1	95	24
1998	01	31	EG	KR	1	1	KNG	TH	7	1583	1758	+2	−1	56	25
1998	02	07	NZ	KR	0	1	F		-4	1432	1762	−1	0	96	25
1998	02	11	AU	KR	1	0	OPS		9	1830	1753	+1	−4	17	30
1998	03	01	JP	KR	2	1	DNS		9	1802	1744	0	−1	21	30
1998	03	04	KR	CN	2	1	DNS	JP	11	1755	1626	+2	−3	28	52
1998	04	01	KR	JP	2	1	F		7	1762	1758	+2	−2	26	28
1998	04	15	SK	KR	0	0	F		-2	1720	1764	0	0	35	26
1998	04	18	MK	KR	2	2	F		4	1534	1760	+1	0	67	26
1998	04	22	YU	KR	3	1	F		5	1966	1755	0	−3	7	29
1998	05	16	KR	JM	2	1	F		5	1760	1639	+3	−1	26	49
1998	05	19	KR	JM	0	0	F		-6	1754	1645	−2	+1	28	48
1998	05	27	KR	CZ	2	2	F		1	1755	1885	+1	0	29	12
1998	06	04	KR	CN	1	1	F		-5	1750	1668	0	+1	28	44
1998	06	13	MX	KR	3	1	WC	FR	33	1880	1717	+4	−7	13	35
1998	06	20	NL	KR	5	0	WC	FR	25	1973	1692	+2	−4	6	39
1998	06	25	BE	KR	1	1	WC	FR	-12	1825	1704	−1	+5	19	34
1998	11	13	CN	KR	0	3	F		-21	1657	1725	−5	+5	48	31
1998	11	22	CN	KR	0	0	F		-1	1656	1726	0	0	48	30
1998	12	02	TM	KR	3	2	ASG	TH	34	1471	1692	+12	−9	85	39
1998	12	04	KR	VN	4	0	ASG	TH	5	1697	1224	+4	−1	35	146
1998	12	07	KR	JP	2	0	ASG	TH	28	1725	1651	+5	−8	30	50
1998	12	09	KR	AE	2	1	ASG	TH	9	1734	1511	+1	0	29	72
1998	12	11	KR	KW	1	0	ASG	TH	18	1752	1678	+3	−5	26	42
1998	12	14	TH	KR	2	1	ASG		32	1441	1720	+10	−6	94	32
1999	03	28	KR	BR	1	0	F		16	1736	2035	+5	0	31	2
1999	06	05	KR	BE	1	2	F		-12	1724	1766	−3	+4	33	21
1999	06	12	KR	MX	1	1	KOR		2	1726	1874	+1	0	31	16
1999	06	15	KR	EG	0	0	KOR		-6	1720	1682	−3	0	35	44
1999	06	19	KR	HR	1	1	KOR		4	1724	1915	+1	−1	34	12
2000	01	21	NZ	KR	0	1	F		-6	1484	1730	−1	+1	79	34
2000	01	23	NZ	KR	0	0	F		4	1488	1726	+1	−1	78	35
2000	02	15	CA	KR	0	0	CCH	US	10	1593	1716	+1	−2	58	36
2000	02	17	CR	KR	2	2	CCH	US	5	1645	1711	0	0	50	35
2000	04	05	KR	LA	9	0	SQ		1	1712	974	+1	0	36	192
2000	04	07	KR	MN	6	0	SQ		0	1712	875	0	−1	36	199
2000	04	09	KR	MM	4	0	SQ		1	1713	1124	0	0	36	169
2000	04	26	KR	JP	1	0	F		5	1718	1614	+1	−2	35	57
2000	05	28	KR	YU	0	0	F		4	1722	1946	−1	0	36	7
2000	05	30	KR	YU	0	0	F		3	1725	1943	0	0	36	7
2000	06	07	KR	MK	2	1	LGC	IR	8	1733	1539	+3	−1	31	67
2000	06	09	KR	EG	1	0	LGC	IR	12	1745	1651	+4	−4	27	50
2000	07	28	CN	KR	0	1	F		-11	1685	1756	−1	+2	41	27
2000	10	04	AE	KR	1	1	FRT		5	1531	1751	+3	0	68	28
2000	10	07	KR	AU	4	2	FRT	AE	25	1776	1759	+5	−5	23	28
2000	10	13	CN	KR	2	2	AC	LB	6	1695	1770	0	−1	40	23
2000	10	16	KW	KR	1	0	AC	LB	36	1641	1734	+5	−8	53	31
2000	10	19	KR	ID	3	0	AC	LB	10	1744	1362	+2	0	30	114
2000	10	23	KR	IR	2	1	AC	LB	26	1770	1738	+7	−6	23	30
2000	10	26	SA	KR	2	1	AC	LB	32	1697	1738	+5	−7	42	30
2000	10	29	KR	CN	1	0	AC	LB	22	1760	1679	+3	−5	27	44
2000	12	20	JP	KR	1	1	F		-4	1795	1764	0	+1	21	26
2001	01	24	NO	KR	3	2	CBG	HK	13	1817	1751	+3	−5	17	31
2001	01	27	PY	KR	1	1	CBG	HK	-5	1861	1756	0	+3	12	28
2001	02	08	MA	KR	1	1	FRT	AE	3	1695	1753	+1	−3	41	31
2001	02	11	AE	KR	1	4	FRT		-18	1525	1771	−4	+5	71	26
2001	04	24	KR	IR	1	0	LGC	EG	15	1786	1745	+1	−3	25	32
2001	04	26	EG	KR	1	2	LGC		-14	1644	1800	−5	+3	52	21
2001	05	25	KR	CM	0	0	F		-5	1795	1706	0	0	21	38
2001	05	30	KR	FR	0	5	CC		-22	1773	2135	−4	0	25	1
2001	06	01	KR	MX	2	1	CC		16	1789	1722	0	−2	25	34
2001	06	03	KR	AU	1	0	CC		23	1812	1833	+2	−6	23	19
2001	08	15	CZ	KR	5	0	F		11	1892	1801	0	−1	10	22
2001	09	13	KR	NG	2	2	F		-5	1796	1719	0	+2	22	35
2001	09	16	KR	NG	2	1	F		5	1801	1714	0	−1	22	37
2001	11	08	KR	SN	0	1	F		-17	1784	1601	−1	+3	23	56
2001	11	10	KR	HR	2	0	F		16	1800	1885	+1	−1	22	9
2001	11	13	KR	HR	1	1	F		0	1800	1885	0	0	23	9
2001	12	09	KR	US	1	0	F		6	1806	1752	0	−1	23	29
2002	01	19	US	KR	2	1	CCH		22	1774	1784	+2	−2	27	25
2002	01	23	CU	KR	0	0	CCH	US	19	1454	1765	+6	−2	91	27
2002	01	27	MX	KR	0	0	CCH	US	-5	1827	1770	0	0	19	27
2002	01	30	CR	KR	3	1	CCH	US	37	1813	1733	+3	−7	23	34
2002	02	02	CA	KR	2	1	CCH	US	35	1622	1698	+5	−7	53	41
2002	02	13	UY	KR	2	1	F		5	1793	1693	0	0	25	42
2002	03	13	TN	KR	0	0	F		-1	1626	1694	0	0	49	42
2002	03	20	KR	FI	2	0	F	ES	17	1711	1725	+2	−3	39	35
2002	03	26	KR	TR	0	0	F	DE	2	1713	1782	0	0	39	26
2002	04	21	KR	CR	2	0	F		14	1727	1773	+4	0	35	27
2002	04	27	KR	CN	0	0	F		-3	1724	1726	−2	+1	37	36
2002	05	16	KR	SQ	4	1	F		12	1736	1707	+2	0	35	38
2002	05	21	KR	EN	1	1	F		3	1739	1928	0	0	35	7
2002	05	26	KR	FR	2	3	F		-4	1735	2093	0	0	34	1
2002	06	04	KR	PL	2	0	WC		32	1767	1703	+7	−5	27	39
2002	06	10	KR	US	1	1	WC		-1	1766	1853	0	0	27	17
2002	06	14	KR	PT	1	0	WC		38	1804	1920	+7	−5	21	10
2002	06	18	KR	IT	2	1	WC		36	1840	1936	+6	−2	17	8
2002	06	22	KR	ES	0	0	WC		5	1845	1992	0	0	16	3
2002	06	25	KR	DE	0	1	WC		-27	1818	2002	−7	+2	23	3
2002	06	29	KR	TR	2	3	WC		-37	1781	1872	−3	+3	26	13
2002	09	07	KR	KP	0	0	F		-8	1773	1503	−2	+6	28	71
2002	11	20	KR	BR	2	3	F		-5	1768	2057	0	0	29	1
2003	03	29	KR	CO	0	0	F		0	1768	1863	+2	−1	27	14
2003	04	16	KR	JP	0	1	F		-12	1756	1813	−2	+1	28	19
2003	05	31	JP	KR	0	1	F		-14	1799	1770	0	+5	20	25
2003	06	08	KR	UY	0	2	F		-19	1751	1801	−5	+1	30	20
2003	06	11	KR	AR	0	1	F		-5	1746	2037	−1	0	31	3
2003	09	25	KR	VN	5	0	SQ		3	1749	1276	0	−3	29	140
2003	09	27	KR	OM	1	0	SQ		4	1753	1452	0	0	29	92
2003	09	29	KR	NP	16	0	SQ		0	1753	860	0	0	29	202
2003	10	19	VN	KR	1	0	SQ	OM	38	1298	1715	+10	−9	132	36
2003	10	21	OM	KR	3	1	SQ		41	1526	1674	+12	−4	71	40
2003	10	24	KR	NP	7	0	SQ	OM	1	1675	854	0	−1	40	204
2003	11	18	KR	BG	0	1	F		-11	1664	1763	−2	0	45	27
2003	12	04	KR	HK	3	1	EAH	JP	4	1668	1190	+1	0	43	154
2003	12	07	KR	CN	1	0	EAH	JP	15	1683	1564	+3	−2	40	65
2003	12	10	JP	KR	0	0	EAH		-11	1776	1694	−1	+1	26	39
2004	02	14	KR	OM	5	0	F		8	1702	1548	0	0	38	68
2004	02	18	KR	LB	2	0	WQ		5	1707	1368	+1	−1	37	116
2004	03	31	MV	KR	0	0	WQ		19	962	1688	+2	−4	191	41
2004	04	28	KR	PY	0	0	F		0	1688	1797	+1	0	40	20
2004	06	02	KR	TR	0	1	F		-8	1680	1880	−1	0	42	12
2004	06	05	KR	TR	2	1	F		13	1693	1867	+3	0	39	12
2004	06	09	KR	VN	2	0	WQ		3	1696	1262	+1	−1	39	141
2004	07	10	KR	BH	2	0	F		7	1703	1575	+4	−1	33	62
2004	07	14	KR	TT	1	1	F		-8	1695	1436	−2	+1	36	100
2004	07	19	JO	KR	0	0	AC	CN	3	1655	1692	0	0	48	33
2004	07	23	KR	AE	2	0	AC	CN	13	1705	1415	0	−2	33	103
2004	07	27	KR	KW	4	0	AC	CN	19	1724	1450	0	−11	33	96
2004	07	31	IR	KR	4	3	AC	CN	24	1760	1700	+2	0	29	33
2004	09	08	VN	KR	1	2	WQ		-6	1276	1706	−2	0	137	34
2004	10	13	LB	KR	1	1	WQ		12	1373	1694	+4	−1	111	34
2004	11	17	KR	MV	2	0	WQ		1	1695	999	−1	0	35	190
2004	12	19	KR	DE	3	1	F		19	1714	1879	+1	−2	34	12
2005	01	15	CO	KR	2	1	F	US	8	1809	1706	+2	0	21	34
2005	01	19	PY	KR	1	1	F	US	-2	1772	1708	−1	0	28	34
2005	01	22	KR	SE	1	1	F	US	4	1712	1868	0	0	34	13
2005	02	04	KR	EG	0	1	F		-14	1698	1662	−1	+2	35	47
2005	02	09	KR	KW	2	0	WQ		10	1708	1505	+1	−2	34	81
2005	03	20	KR	BF	1	0	F	AE	3	1711	1371	+1	0	35	109
2005	03	25	SA	KR	2	0	WQ		35	1583	1676	+2	−9	68	44
2005	03	30	KR	UZ	2	1	WQ		10	1686	1576	+2	−1	43	67
2005	06	03	UZ	KR	1	1	WQ		1	1577	1685	0	−2	67	46
2005	06	08	KW	KR	0	4	WQ		-29	1472	1714	−8	+5	89	37
2005	07	31	KR	CN	1	1	EAH		-10	1704	1633	−1	+1	39	54
2005	08	04	KR	KP	0	0	EAH		-15	1689	1497	−5	+5	44	84
2005	08	07	KR	JP	0	1	EAH		-20	1669	1804	−5	+2	49	23
2005	08	14	KR	KP	3	0	F		6	1675	1473	+2	0	47	89
2005	08	17	KR	SA	0	1	WQ		-27	1648	1675	−7	+7	54	47
2005	10	12	KR	IR	2	0	F		18	1666	1803	0	−3	51	23
2005	11	12	KR	SE	2	2	F		4	1670	1903	+2	0	49	10
2005	11	16	KR	RM	2	0	F		17	1687	1792	+4	−2	44	24
2006	01	18	AE	KR	1	0	F		13	1474	1674	+4	−4	90	48
2006	01	21	GR	KR	1	1	LGC	SA	-6	1805	1680	0	+1	23	47
2006	01	25	KR	FI	1	0	LGC	SA	14	1694	1646	+3	0	44	51
2006	01	29	KR	HR	2	0	CBG	HK	33	1727	1830	+6	−5	37	18
2006	02	04	US	KR	1	2	F		-16	1828	1743	−3	+2	18	34
2006	02	11	CR	KR	1	0	F	US	10	1743	1733	+1	−1	36	37
2006	02	15	KR	MX	1	0	F	US	13	1746	1831	+1	−3	36	18
2006	02	22	SY	KR	1	2	SQ		-12	1496	1758	−4	+4	82	32
2006	03	01	KR	AO	1	0	F		3	1761	1553	0	−3	32	71
2006	05	23	KR	SN	1	1	F		-5	1756	1664	0	0	32	48
2006	05	26	KR	BA	2	0	F		7	1763	1628	+1	−2	31	53
2006	06	01	NO	KR	0	0	F		-2	1734	1765	0	0	36	32
2006	06	04	GH	KR	3	1	F	SQ	22	1616	1743	+7	−3	55	35
2006	06	13	KR	TG	2	1	WC	DE	11	1754	1477	+3	−3	33	91
2006	06	18	FR	KR	1	1	WC	DE	-16	1941	1770	−2	+3	8	27
2006	06	23	CH	KR	2	0	WC	DE	38	1863	1732	+3	−8	13	36
2006	08	16	TW	KR	0	3	SQ		-1	944	1733	0	0	193	36
2006	09	02	KR	IR	1	1	SQ		-5	1728	1743	0	+1	36	34
2006	09	06	KR	TW	8	0	SQ		1	1729	943	−2	0	37	193
2006	10	08	KR	GH	1	3	F		-19	1710	1752	−4	+4	43	33
2006	10	11	KR	SY	1	1	SQ		-15	1695	1472	−1	+1	44	93
2006	11	15	IR	KR	2	0	SQ		16	1783	1679	+2	−1	23	45
2007	02	06	KR	GR	1	0	F	EN	14	1693	1823	+1	0	44	17
2007	03	24	KR	UY	0	2	F		-13	1680	1853	−2	0	46	15
2007	06	02	KR	NL	0	2	F		-7	1673	1996	−2	0	45	4
2007	06	29	KR	IQ	3	0	F		10	1683	1611	0	−2	44	57
2007	07	05	KR	UZ	2	1	F		4	1687	1548	0	0	43	69
2007	07	11	SA	KR	1	1	AC	ID	6	1605	1681	+1	0	58	43
2007	07	15	BH	KR	2	1	AC	ID	40	1483	1641	+8	−8	87	51
2007	07	18	ID	KR	0	1	AC		-11	1319	1652	−4	+5	127	46
2007	07	22	IR	KR	0	0	AC	MY	-10	1789	1662	−3	0	23	46
2007	07	25	IQ	KR	0	0	AC	MY	1	1645	1661	0	0	52	46
2007	07	28	JP	KR	0	0	AC	ID	-4	1718	1665	−3	0	41	46
2008	01	30	KR	CL	0	1	F		-11	1654	1743	−2	+1	46	35
2008	02	06	KR	TM	4	0	WQ		8	1662	1374	+1	−1	45	110
2008	02	17	CN	KR	2	3	EAH		-21	1553	1683	−11	+4	72	41
2008	02	20	KP	KR	1	1	EAH	CN	9	1520	1674	+1	−2	80	43
2008	02	23	JP	KR	1	1	EAH	CN	-6	1777	1680	0	+1	27	42
2008	03	26	KP	KR	0	0	WQ	CN	10	1510	1670	−1	−3	85	45
2008	05	31	KR	JO	2	2	WQ		-13	1657	1517	−1	+8	46	81
2008	06	07	JO	KR	0	1	WQ		-18	1499	1675	−8	+2	89	45
2008	06	14	TM	KR	1	3	WQ		-12	1326	1687	−2	+3	122	42
2008	06	22	KR	KP	0	0	WQ		-12	1675	1545	−2	+4	44	72
2008	09	05	KR	JO	1	0	F		4	1679	1549	+2	−3	43	72
2008	09	10	KP	KR	1	1	WQ	CN	7	1554	1672	+4	−1	69	45
2008	10	11	KR	UZ	3	0	F		7	1679	1539	0	−5	45	77
2008	10	15	KR	AE	4	1	WQ		8	1687	1404	+1	−2	44	107
2008	11	14	QA	KR	1	1	F		2	1517	1685	+2	0	83	44
2008	11	19	SA	KR	0	2	WQ		-40	1666	1725	−7	+7	47	37
2009	02	01	KR	SY	1	1	F	AE	-4	1721	1588	0	0	38	60
2009	02	04	BH	KR	2	2	F	AE	4	1557	1717	0	−2	71	40
2009	02	11	IR	KR	1	1	WQ		-8	1761	1725	−2	+2	29	38
2009	03	28	KR	IQ	2	1	F		3	1728	1530	+1	−4	36	80
2009	04	01	KR	KP	1	0	WQ		6	1734	1530	+4	−3	31	79
2009	06	02	OM	KR	0	0	F	AE	4	1611	1730	0	−2	57	33
2009	06	06	AE	KR	0	2	WQ		-13	1389	1743	−4	+2	112	31
2009	06	10	KR	SA	0	0	WQ		-9	1734	1694	−2	+1	33	46
2009	06	17	KR	IR	1	1	WQ		-7	1727	1721	−4	+1	37	39
2009	08	12	KR	PY	1	0	F		9	1736	1779	+2	+1	36	24
2009	09	05	KR	AU	3	1	F		12	1748	1758	+4	−4	32	30
2009	10	14	KR	SN	2	0	F		5	1753	1544	−1	0	31	75
2009	11	14	DK	KR	0	0	F		-4	1800	1757	+1	+1	18	29
2009	11	18	RS	KR	1	0	F	EN	8	1832	1749	+1	−3	14	32
2010	01	09	ZM	KR	4	2	F	ZA	24	1522	1725	+3	−4	84	36
2010	01	18	KR	FI	2	0	F	ES	13	1738	1667	0	−2	36	45
2010	01	22	KR	LV	1	0	F	ES	5	1743	1564	+1	−1	35	67
2010	02	07	KR	HK	5	0	EAH	JP	4	1747	1220	+2	−1	32	151
2010	02	10	CN	KR	3	0	EAH	JP	51	1621	1696	+13	−9	53	41
2010	02	14	JP	KR	1	3	EAH		-44	1728	1740	−9	+8	35	33
2010	03	03	KR	CI	2	0	F	EN	15	1755	1724	+3	−2	30	36
2010	05	16	KR	EC	2	0	F		10	1765	1717	+5	−2	24	38
2010	05	24	JP	KR	0	2	F		-17	1703	1782	−3	+3	40	21
2010	05	30	BY	KR	1	0	F	AT	15	1607	1767	+7	−4	56	25
2010	06	03	ES	KR	1	0	F	AT	2	2109	1765	+1	0	1	24
2010	06	12	KR	GR	2	0	WC	ZA	41	1806	1694	+6	−7	18	39
2010	06	17	AR	KR	4	1	WC	ZA	34	1969	1772	0	−6	6	24
2010	06	22	NG	KR	2	2	WC	ZA	9	1678	1763	+1	0	44	25
2010	06	26	UY	KR	2	1	WC	ZA	18	1931	1745	0	−6	7	31
2010	08	11	KR	NG	2	1	F		6	1751	1672	+1	−1	30	45
2010	09	07	KR	IR	0	1	F		-14	1737	1708	−1	0	31	38
2010	10	12	KR	JP	0	0	F		-2	1735	1785	−3	+1	32	19
2010	12	30	KR	SY	1	0	F	AE	5	1740	1521	+3	−1	28	81
2011	01	10	KR	BH	2	1	AC	QA	8	1748	1449	+2	−2	26	101
2011	01	14	AU	KR	1	1	AC	QA	-2	1770	1750	0	0	22	26
2011	01	18	KR	IN	4	1	AC	QA	2	1752	1134	0	0	26	170
2011	01	22	KR	IR	1	0	AC	QA	24	1776	1719	+3	−6	23	34
2011	01	25	JP	KR	2	2	AC	QA	-3	1815	1779	−1	+1	15	22
2011	01	28	KR	UZ	3	2	AC	QA	12	1791	1569	+1	−5	21	68
2011	02	09	TR	KR	0	0	F		-2	1775	1793	0	+2	23	19
2011	03	25	KR	HN	4	0	F		10	1803	1707	+1	−4	18	39
2011	06	03	KR	RS	2	1	F		6	1809	1748	0	−1	17	29
2011	06	07	KR	GH	2	1	F		6	1815	1762	+1	−2	16	26
2011	08	10	JP	KR	3	0	F		12	1833	1803	0	−1	15	17
2011	09	02	KR	LB	6	0	WQ		1	1804	1166	−1	0	18	162
2011	09	06	KW	KR	1	1	WQ		6	1607	1798	+3	−1	58	19
2011	10	07	KR	PL	2	2	F		-5	1793	1700	−1	+1	20	38
2011	10	11	KR	AE	2	1	WQ		2	1795	1401	−2	0	22	105
2011	11	11	AE	KR	0	2	WQ		-9	1392	1804	−4	+1	109	21
2011	11	15	LB	KR	2	1	WQ		37	1320	1767	+8	−4	129	25
2012	02	25	KR	UZ	4	2	F		5	1772	1594	0	0	25	58
2012	02	29	KR	KW	2	0	WQ		9	1781	1568	+1	−3	24	70
2012	05	30	ES	KR	4	1	F	CH	4	2125	1777	0	0	1	25
2012	06	08	QA	KR	1	4	WQ		-20	1492	1797	−6	+3	92	22
2012	06	12	KR	LB	3	0	WQ		2	1799	1308	+1	0	17	132
2012	08	15	KR	ZM	2	1	F		3	1802	1604	0	−2	17	61
2012	09	11	UZ	KR	2	2	WQ		5	1609	1797	+2	−2	58	22
2012	10	16	IR	KR	1	0	WQ		21	1699	1776	+3	−2	38	23
2012	11	14	KR	AU	1	2	F		-13	1763	1782	−4	+2	27	23
2013	02	06	HR	KR	4	0	F	EN	13	1892	1750	+3	−2	11	28
2013	03	26	KR	QA	2	1	WQ		4	1754	1468	0	0	29	94
2013	06	04	LB	KR	1	1	WQ		14	1368	1740	+4	−2	117	32
2013	06	11	KR	UZ	1	0	WQ		9	1749	1622	+2	−1	30	53
2013	06	18	KR	IR	0	1	WQ		-29	1720	1699	−2	+4	32	40
2013	07	20	KR	AU	0	0	EAH		-3	1717	1774	−2	0	34	25
2013	07	24	KR	CN	0	0	EAH		-12	1705	1579	−3	+2	36	62
2013	07	28	KR	JP	1	2	EAH		-23	1682	1769	−7	+6	43	25
2013	08	14	KR	PE	0	0	F		-1	1681	1765	0	+1	43	26
2013	09	06	KR	HT	4	1	F		4	1685	1430	+2	0	41	102
2013	09	10	KR	HR	1	2	F		-8	1677	1871	−4	0	45	13
2013	10	12	KR	BR	0	2	F		-4	1673	2123	0	+1	44	1
2013	10	15	KR	ML	3	1	F		7	1680	1555	0	−3	44	70
2013	11	15	KR	CH	2	1	F		12	1692	1850	+3	0	41	14
2013	11	19	RU	KR	2	1	F	AE	6	1844	1686	+5	−1	15	42
2014	01	25	KR	CR	1	0	F	US	11	1697	1717	+1	−3	41	33
2014	01	29	MX	KR	4	0	F	US	14	1810	1683	+1	−2	21	43
2014	02	01	US	KR	2	0	F		5	1867	1678	0	−1	13	44
2014	03	05	GR	KR	0	2	F		-25	1815	1703	−4	+7	20	37
2014	05	28	KR	TN	0	1	F		-17	1686	1528	−7	+7	44	75
2014	06	09	GH	KR	4	0	F	US	19	1704	1667	+5	−6	37	47
2014	06	17	RU	KR	1	1	WC	BR	-14	1834	1681	−2	+4	18	42
2014	06	22	DZ	KR	4	2	WC	BR	54	1666	1627	+11	−13	46	54
2014	06	26	BE	KR	1	0	WC	BR	11	1902	1616	+1	−2	11	55
2014	09	05	KR	VE	3	1	F		14	1630	1683	+2	−3	53	39
2014	09	08	KR	UY	0	1	F		-6	1624	1898	0	0	53	10
2014	10	10	KR	PY	2	0	F		14	1638	1692	+3	−3	51	39
2014	10	14	KR	CR	1	3	F		-10	1628	1860	−1	0	53	15
2014	11	14	JO	KR	0	1	F		-11	1561	1639	−2	+2	67	51
2014	11	18	IR	KR	1	0	F		6	1673	1633	+2	−1	43	51
2015	01	04	KR	SA	2	0	F	AU	9	1642	1464	+3	−3	51	97
2015	01	10	KR	OM	1	0	AC	AU	18	1660	1518	+3	−5	49	79
2015	01	13	KR	KW	1	0	AC	AU	14	1674	1475	+5	−5	45	93
2015	01	17	AU	KR	0	1	AC		-33	1654	1707	−13	+8	51	37
2015	01	22	KR	UZ	2	0	AC	AU	32	1739	1627	+9	−5	28	54
2015	01	26	KR	IQ	2	0	AC	AU	19	1758	1531	+3	−6	25	73
2015	01	31	AU	KR	2	1	AC		22	1728	1736	+8	−3	31	28
2015	03	27	KR	UZ	1	1	F		-5	1731	1632	−1	+1	33	53
2015	03	31	KR	NZ	1	0	F		3	1734	1514	+3	−3	30	80
2015	06	11	KR	AE	3	0	F	MY	14	1748	1652	+1	−3	29	50
2015	06	16	KR	MM	2	0	WQS	TH	1	1749	1038	+1	0	27	186
2015	08	02	CN	KR	0	2	EAH		-26	1572	1775	−3	+4	64	24
2015	08	05	JP	KR	1	1	EAH	CN	3	1727	1772	0	0	36	24
2015	08	09	KP	KR	0	0	EAH	CN	13	1526	1759	+2	−2	76	26
2015	09	03	KR	LA	8	0	WQS		0	1759	841	−1	0	27	208
2015	09	08	LB	KR	0	3	WQS		-12	1369	1771	−6	+3	117	23
2015	10	08	KW	KR	0	1	WQS		-10	1476	1781	−3	+2	92	21
2015	10	13	KR	JM	3	0	F		6	1787	1592	+1	0	21	61
2015	11	12	KR	MM	4	0	WQS		1	1788	1037	0	0	21	185
2015	11	17	LA	KR	0	5	WQS		-1	815	1789	0	+1	208	22
2016	03	24	KR	LB	1	0	WQS		2	1791	1385	0	−2	21	113
2016	03	27	TH	KR	0	1	F		-3	1412	1794	0	0	106	21
2016	06	01	ES	KR	6	1	F	AT	9	2011	1785	0	−2	4	21
2016	06	05	CZ	KR	1	2	F		-12	1754	1797	−5	+1	31	19
2016	09	01	KR	CN	3	2	WQ		5	1802	1563	+2	−3	19	67
2016	09	06	SY	KR	0	0	WQ	MY	14	1515	1788	+4	−3	80	22
2016	10	06	KR	QA	3	2	WQ		5	1793	1528	0	−2	22	77
2016	10	11	IR	KR	1	0	WQ		16	1787	1777	+5	−4	21	25
2016	11	11	KR	CA	2	0	F		3	1780	1516	+2	+1	23	76
2016	11	15	KR	UZ	2	1	WQ		10	1790	1669	+2	0	22	45
2017	03	23	CN	KR	1	0	WQ		29	1548	1761	+5	−6	73	27
2017	03	28	KR	SY	1	0	WQ		6	1767	1565	+2	0	27	67
2017	06	07	IQ	KR	0	0	F	AE	6	1509	1761	+1	−3	82	30
2017	06	13	QA	KR	3	2	WQ		28	1539	1733	+6	−5	74	34
2017	08	31	KR	IR	0	0	WQ		-2	1731	1796	0	+1	34	22
2017	09	05	UZ	KR	0	0	WQ		1	1621	1730	+1	0	55	34
2017	10	07	RU	KR	4	2	F		13	1695	1717	+2	−3	41	37
2017	10	10	MA	KR	3	1	F	CH	19	1651	1698	+4	−4	49	41
2017	11	10	KR	CO	2	1	F		14	1712	1918	+4	−1	39	9
2017	11	14	KR	RS	1	1	F		-1	1711	1783	−1	0	39	23
2017	12	09	CN	KR	2	2	EAH	JP	8	1578	1703	0	−3	68	42
2017	12	12	KR	KP	1	0	EAH	JP	8	1711	1443	+3	0	39	96
2017	12	16	JP	KR	1	4	EAH		-49	1706	1760	−16	+14	41	25
2018	01	27	KR	MD	1	0	F	TR	2	1762	1328	0	−1	25	123
2018	01	30	JM	KR	2	2	F	TR	5	1569	1757	0	0	69	25
2018	02	03	KR	LV	1	0	F	TR	2	1759	1360	0	0	25	120
2018	03	24	EI	KR	2	1	F		10	1684	1749	0	−3	47	28
2018	03	27	PL	KR	3	2	F		5	1830	1744	0	−1	19	29
2018	05	28	KR	HN	2	0	F		6	1750	1604	+2	−3	27	59
2018	06	01	KR	BA	1	3	F		-20	1730	1744	−9	+7	36	29
2018	06	07	BO	KR	0	0	F	AT	2	1674	1728	0	−1	46	37
2018	06	11	SN	KR	2	0	F	AT	15	1746	1713	+7	−2	28	40
2018	06	18	SE	KR	1	0	WC	RU	23	1816	1690	+2	−4	20	43
2018	06	23	MX	KR	2	1	WC	RU	14	1910	1676	+2	0	11	45
2018	06	27	KR	DE	2	0	WC	RU	80	1756	1963	+20	−5	25	7
2018	09	07	KR	CR	2	0	F		10	1766	1715	+3	0	26	36
2018	09	11	KR	CL	0	0	F		0	1766	1869	−1	0	26	16
2018	10	12	KR	UY	2	1	F		13	1779	1943	+2	−1	24	8
2018	10	16	KR	PA	2	2	F		-7	1772	1579	−2	+1	26	61
2018	11	17	AU	KR	1	1	F		-1	1722	1773	+1	0	37	24
2018	11	20	KR	UZ	4	0	F	AU	10	1783	1591	+2	−1	22	59
2018	12	31	SA	KR	0	0	F	AE	5	1583	1778	+1	−1	62	23
2019	01	07	KR	PH	1	0	AC	AE	2	1780	1174	+1	0	22	168
2019	01	11	KR	KG	1	0	AC	AE	3	1783	1277	0	−1	22	141
2019	01	16	KR	CN	2	0	AC	AE	15	1798	1520	+1	−4	21	78
2019	01	22	KR	BH	2	1	AC	AE	5	1803	1419	0	−1	21	100
2019	01	25	QA	KR	1	0	AC	AE	35	1685	1768	+4	−5	44	26
2019	03	22	KR	BO	1	0	F		4	1772	1642	+1	−1	26	49
2019	03	26	KR	CO	2	1	F		13	1785	1955	+4	−2	23	8
2019	06	07	KR	AU	1	0	F		5	1790	1674	−1	−1	24	45
2019	06	11	KR	IR	1	1	F		-3	1787	1797	0	0	24	23
2019	09	05	GE	KR	2	2	F	TR	6	1533	1781	+1	0	73	25
2019	09	10	TM	KR	0	2	WQS		-4	1232	1785	0	0	148	24
2019	10	10	KR	LK	8	0	WQS		0	1785	679	−1	0	25	224
2019	10	15	KP	KR	0	0	WQS		14	1406	1771	+4	0	103	26
2019	11	14	LB	KR	0	0	WQS		13	1413	1758	+4	−5	103	31
2019	11	19	BR	KR	3	0	F	AE	5	2081	1753	0	+2	2	28
2019	12	11	KR	HK	2	0	EAH		1	1754	1186	0	0	29	164
2019	12	15	KR	CN	1	0	EAH		4	1758	1450	+1	−1	28	92
2019	12	18	KR	JP	1	0	EAH		14	1772	1744	+1	−1	27	29
2020	11	14	MX	KR	3	2	F	AT	6	1920	1766	0	0	14	28
2020	11	17	KR	QA	2	1	F	AT	7	1773	1638	+1	−1	28	49
2021	03	25	JP	KR	3	0	F		14	1758	1759	+4	−4	33	32
2021	06	05	KR	TM	5	0	WQS		3	1762	1264	+1	−1	29	141
2021	06	09	KR	LK	5	0	WQS		0	1762	664	0	0	31	226
2021	06	13	KR	LB	2	1	WQS		2	1764	1360	0	0	32	117
2021	09	02	KR	IQ	0	0	WQ		-12	1752	1634	−1	+2	32	51
2021	09	07	KR	LB	1	0	WQ		2	1754	1373	0	−1	31	110
2021	10	07	KR	SY	2	1	WQ		3	1757	1442	+1	0	30	91
2021	10	12	IR	KR	1	1	WQ		-9	1825	1766	−1	+3	20	30
2021	11	11	KR	AE	1	0	WQ		4	1770	1467	0	−1	29	85
2021	11	16	KR	IQ	3	0	WQ	QA	18	1788	1573	0	−3	27	67
2022	01	15	KR	IS	5	1	F	TR	7	1795	1537	+1	0	26	71
2022	01	21	KR	MD	4	0	F	TR	1	1796	1185	0	0	26	161
2022	01	27	LB	KR	0	1	WQ		-6	1378	1802	−1	0	105	26
2022	02	01	KR	SY	2	0	WQ	AE	6	1808	1404	0	−1	27	100
2022	03	24	KR	IR	2	0	WQ		25	1833	1819	+5	−5	22	24
2022	03	29	AE	KR	1	0	WQ		32	1516	1801	+7	−5	77	27
2022	06	02	KR	BR	1	5	F		-7	1794	2162	−2	0	29	1
2022	06	06	KR	CL	2	0	F		10	1804	1757	+3	−2	27	34
2022	06	10	KR	PY	2	2	F		-5	1799	1723	−3	0	28	38
2022	06	14	KR	EG	4	1	F		6	1805	1635	+2	−3	26	54
2022	07	20	KR	CN	3	0	EAH	JP	8	1813	1448	+1	0	25	90
2022	07	24	KR	HK	3	0	EAH	JP	2	1815	1149	0	0	25	169
2022	07	27	JP	KR	3	0	EAH		32	1781	1783	+4	−3	29	28
2022	09	23	KR	CR	2	2	F		-4	1779	1730	−2	+1	29	37
2022	09	27	KR	CM	1	0	F		4	1783	1610	+1	−1	28	61
2022	11	11	KR	IS	1	0	F		3	1786	1555	0	−2	28	69
2022	11	24	KR	UY	0	0	WC	QA	12	1798	1923	+2	0	24	11
2022	11	28	GH	KR	3	2	WC	QA	48	1608	1750	+6	−9	61	34
2022	12	02	KR	PT	2	1	WC	QA	51	1801	1992	+9	−1	26	5
2022	12	05	BR	KR	4	1	WC	QA	13	2150	1788	0	−1	1	26
2023	03	24	KR	CO	2	2	F		1	1789	1918	0	0	26	12
2023	03	28	KR	UY	1	2	F		-10	1779	1915	−3	0	28	13
2023	06	16	KR	PE	0	1	F		-11	1768	1855	−3	0	30	18
2023	06	20	KR	SV	1	1	F		-8	1760	1475	−1	+2	32	87
2023	09	07	WA	KR	0	0	F		0	1660	1760	0	0	48	32
2023	09	12	KR	SA	1	0	F	EN	5	1765	1557	+1	0	30	67
2023	10	13	KR	TN	4	0	F		13	1778	1736	+1	−3	28	35
2023	10	17	KR	VN	6	0	F		3	1781	1395	0	0	28	106
2023	11	16	KR	SG	5	0	WQS		1	1782	1137	+1	0	27	167
2023	11	21	CN	KR	0	3	WQS		-17	1464	1799	−4	+2	91	24
2024	01	06	KR	IQ	1	0	F	AE	5	1804	1616	+2	−3	22	58
2024	01	15	KR	BH	3	1	AC	QA	8	1812	1417	0	−2	22	101
2024	01	20	JO	KR	2	2	AC	QA	17	1552	1795	+3	−3	67	25
2024	01	25	MY	KR	3	3	AC	QA	23	1290	1772	+7	−4	141	28
2024	01	30	SA	KR	1	1	AC	QA	11	1616	1761	+2	−3	58	30
2024	02	02	KR	AU	2	1	AC	QA	27	1788	1764	+5	−6	25	30
2024	02	06	JO	KR	2	0	AC	QA	58	1627	1730	+9	−11	56	36
2024	03	21	KR	TH	1	1	WQS		-17	1713	1437	−4	+2	40	99
2024	03	26	TH	KR	0	3	WQS		-19	1418	1732	−3	+4	101	37
2024	06	06	SG	KR	0	7	WQS		-5	1116	1737	−1	0	170	37
2024	06	11	KR	CN	1	0	WQS		3	1740	1399	0	−1	35	105
2024	09	05	KR	PS	0	0	WQ		-17	1723	1425	−5	+6	38	97
2024	09	10	OM	KR	1	3	WQ		-22	1502	1745	−7	+3	83	35
2024	10	10	JO	KR	0	2	WQ		-29	1601	1774	−2	+7	59	28
2024	10	15	KR	IQ	3	2	WQ		9	1783	1656	+2	−1	27	53
2024	11	14	KW	KR	1	3	WQ		-7	1337	1790	−1	+2	124	25
2024	11	19	PS	KR	1	1	WQ	JO	16	1407	1774	+3	−4	104	29
2025	03	20	KR	OM	1	1	WQ		-16	1758	1524	−1	+2	31	79
2025	03	25	KR	JO	1	1	WQ		-12	1746	1633	−2	+1	32	54
2025	06	05	IQ	KR	0	2	WQ		-21	1518	1767	−4	+2	79	30
2025	06	10	KR	KW	4	0	WQ		3	1770	1290	−2	−3	32	141
2025	07	07	KR	CN	3	0	EAH		4	1774	1399	0	−1	31	101
2025	07	11	KR	HK	2	0	EAH		1	1775	1146	+1	0	30	164
2025	07	15	KR	JP	0	1	EAH		-21	1754	1883	−4	+3	34	13
2025	09	06	US	KR	0	2	F		-17	1679	1771	−2	+2	48	32
2025	09	09	MX	KR	2	2	F	US	-3	1859	1774	0	+1	18	30
2025	10	10	KR	BR	0	5	F		-14	1760	1989	−5	+1	34	6
2025	10	14	KR	PY	2	0	F		14	1774	1833	+3	−2	29	21
2025	11	14	KR	BO	2	0	F		8	1782	1681	+1	−1	28	48
2025	11	18	KR	GH	1	0	F		2	1784	1509	−1	−1	28	80
2026	03	28	CI	KR	4	0	F	EN	26	1663	1758	+4	−4	53	31
2026	03	31	AT	KR	1	0	F		6	1827	1752	0	−1	23	32
2026	05	30	KR	TT	5	0	F	US	4	1756	1388	0	−1	33	105
2026	06	03	KR	SV	1	0	F	US	2	1758	1340	−1	0	33	121
2026	06	11	KR	CZ	2	1	WC	MX	28	1786	1712	+7	−7	26	42
2026	06	18	MX	KR	1	0	WC		15	1896	1771	+1	−5	12	31