1908	07	12	SE	NO	11	3	F		4	1704	1396	−	−	11	19
1908	09	08	SE	EN	1	6	F		-6	1698	2100	0	0	11	1
1908	10	20	EN	SE	12	1	OG		9	2109	1689	0	0	1	11
1908	10	23	NL	SE	2	0	OG	EN	23	1900	1666	+1	−1	4	13
1908	10	25	NL	SE	5	3	F		4	1904	1662	0	0	4	13
1908	10	26	BE	SE	2	1	F		5	1771	1657	0	0	11	13
1909	11	06	EN	SE	7	0	F		1	2202	1656	0	0	1	13
1910	09	11	NO	SE	0	4	F		-11	1385	1667	−1	+1	22	13
1911	06	18	SE	DE	2	4	F		-19	1648	1687	−1	0	14	12
1911	09	17	SE	NO	4	1	F		4	1652	1381	0	0	14	22
1911	10	22	FI	SE	2	5	F		-20	1580	1672	−	+1	16	13
1911	10	29	DE	SE	1	3	F		-19	1660	1691	−2	+1	14	12
1912	06	16	NO	SE	1	2	F		-5	1376	1696	0	0	23	12
1912	06	20	SE	HU	2	2	F		3	1699	1886	0	0	12	6
1912	06	27	SE	FI	7	1	F		9	1708	1571	0	0	12	16
1912	06	29	SE	NL	3	4	OG		-18	1690	1970	0	0	12	3
1912	07	01	SE	IT	0	1	OG		-44	1646	1656	−2	+2	14	13
1912	11	03	SE	NO	4	2	F		3	1649	1374	0	0	13	24
1913	05	04	RU	SE	1	4	F		-14	1457	1663	0	0	23	13
1913	05	18	HU	SE	2	0	F		2	1987	1661	0	0	3	13
1913	05	25	DK	SE	8	0	F		3	2033	1658	0	0	2	13
1913	06	08	SE	NO	9	0	F		5	1663	1369	0	0	13	25
1913	10	05	SE	DK	0	10	F		-9	1654	2042	0	0	13	2
1913	10	26	NO	SE	1	1	F		5	1379	1649	0	0	25	13
1914	05	24	SE	FI	4	3	F		6	1655	1605	0	0	13	15
1914	06	10	SE	EN	1	5	F		-5	1650	2067	0	+1	13	1
1914	06	12	SE	EN	0	5	F		-6	1644	2073	0	0	13	1
1914	06	19	SE	HU	1	5	F		-8	1636	1974	0	0	13	3
1914	06	21	SE	HU	1	1	F		6	1642	1968	0	0	13	3
1914	06	28	NO	SE	0	1	F		-6	1373	1648	0	0	25	13
1914	07	05	SE	RU	2	2	F		-7	1641	1459	0	0	13	23
1914	10	25	SE	NO	7	0	F		5	1646	1377	0	0	14	26
1915	06	06	DK	SE	2	0	F		1	2068	1645	0	0	2	14
1915	06	27	NO	SE	1	1	F		4	1381	1641	0	0	26	14
1915	10	24	SE	NO	5	2	F		4	1645	1377	0	−1	14	27
1915	10	31	SE	DK	0	2	F		-4	1641	2072	0	0	14	2
1916	06	04	DK	SE	2	0	F		1	2073	1640	+1	0	1	14
1916	07	02	SE	NO	6	0	F		5	1645	1371	0	0	14	27
1916	08	20	SE	US	2	3	F		-11	1634	1711	−2	−	16	13
1916	10	01	NO	SE	0	0	F		4	1381	1630	+1	0	27	16
1916	10	08	SE	DK	4	0	F		33	1663	2041	+2	−1	14	2
1917	06	03	DK	SE	1	1	F		-9	2033	1672	0	0	2	14
1917	08	19	SE	NO	3	3	F		-8	1664	1387	0	0	14	27
1917	09	16	NO	SE	0	2	F		-8	1379	1672	0	0	27	14
1917	10	14	SE	DK	1	2	F		-4	1668	2039	0	0	14	2
1918	05	26	SE	NO	2	0	F		3	1671	1375	0	0	14	28
1918	06	02	DK	SE	3	0	F		2	2041	1669	0	0	2	14
1918	09	15	NO	SE	2	1	F		14	1418	1655	0	−1	26	15
1918	10	20	SE	DK	1	2	F		-4	1651	2017	0	0	15	2
1919	05	29	SE	FI	1	0	F		6	1657	1599	0	−1	16	19
1919	06	05	DK	SE	3	0	F		2	2019	1655	0	0	2	16
1919	06	09	NL	SE	3	1	F		3	1958	1652	0	0	5	16
1919	06	29	NO	SE	4	3	F		14	1430	1638	0	0	27	16
1919	08	24	SE	NL	4	1	F		27	1665	1931	+1	0	15	5
1919	09	14	SE	NO	1	5	F		-33	1632	1471	−1	+1	16	26
1919	09	28	FI	SE	3	3	F		-2	1597	1634	0	0	19	16
1919	10	12	SE	DK	3	0	F		29	1663	1972	+1	−2	15	4
1920	05	30	SE	FI	4	0	F		10	1673	1587	0	0	15	20
1920	06	06	SE	CH	0	1	F		-16	1657	1542	−2	0	17	23
1920	06	27	NO	SE	0	3	F		-15	1483	1672	0	+2	26	15
1920	08	28	SE	GR	9	0	OG	BE	24	1696	1363	−1	−4	16	33
1920	08	29	NL	SE	5	4	OG	BE	13	1929	1683	+1	0	5	16
1920	09	01	ES	SE	2	1	OG	BE	10	1973	1673	0	0	3	16
1920	09	19	FI	SE	1	0	F		10	1597	1663	0	0	23	17
1920	09	26	SE	NO	0	0	F		-6	1657	1535	−1	0	18	27
1920	10	10	SE	DK	0	2	F		-8	1649	1933	0	+2	18	5
1921	03	26	AT	SE	2	2	F		-7	1817	1656	−1	+1	12	18
1921	05	29	SE	FI	0	3	F		-25	1631	1620	−1	0	20	21
1921	06	19	NO	SE	3	1	F		14	1558	1617	+1	−1	26	21
1921	07	22	EE	SE	0	0	F		3	1396	1614	0	0	32	22
1921	07	24	SE	AT	1	3	F		-10	1604	1839	0	0	22	11
1921	09	18	SE	NO	0	3	F		-24	1580	1582	−3	+3	26	24
1921	10	09	SE	DK	0	0	F		6	1586	1924	+1	−1	24	6
1921	11	06	HU	SE	4	2	F		2	1940	1584	0	0	4	25
1921	11	13	CS	SE	2	2	F		-8	1884	1592	0	0	8	25
1922	05	28	SE	PL	1	2	F		-13	1579	1605	−3	+1	29	25
1922	06	05	FI	SE	1	4	F		-24	1599	1603	−3	+4	26	25
1922	07	09	SE	HU	1	1	F		6	1609	1923	+2	0	24	5
1922	08	13	SE	CS	0	2	F		-8	1601	1897	−2	0	26	7
1922	08	23	SE	NO	0	0	F		-3	1598	1611	0	0	26	24
1922	09	24	NO	SE	0	5	F		-27	1607	1625	−3	+3	26	23
1922	10	01	DK	SE	1	2	F		-18	1866	1643	−1	0	9	23
1923	05	21	SE	EN	2	4	F		-8	1635	1927	0	0	24	4
1923	06	10	SE	AT	4	2	F		19	1654	1809	0	−2	24	13
1923	06	20	SE	FI	5	4	F		5	1659	1563	+1	−1	23	34
1923	06	29	SE	DE	2	1	F		8	1667	1670	0	−1	23	22
1923	09	16	NO	SE	2	3	F		-11	1604	1678	−1	+1	26	21
1923	10	14	SE	DK	1	3	F		-12	1666	1872	−1	0	22	10
1923	10	28	HU	SE	2	1	F		2	1924	1664	0	0	5	22
1923	11	01	PL	SE	2	2	F		-1	1605	1665	0	0	26	22
1924	05	18	SE	PL	5	1	F		11	1676	1594	+1	0	23	28
1924	05	20	SE	PL	7	1	F		11	1687	1583	+1	−1	22	29
1924	05	29	SE	BE	8	1	OG	FR	100	1787	1767	+10	−6	13	15
1924	06	01	SE	EG	5	0	OG	FR	56	1843	1705	+4	−3	9	20
1924	06	05	CH	SE	2	1	OG	FR	37	1795	1806	+4	−3	14	13
1924	06	08	NL	SE	1	1	OG	FR	-2	1831	1808	0	0	11	13
1924	06	09	SE	NL	3	1	OG	FR	48	1856	1783	+6	−2	7	13
1924	06	10	BE	SE	5	0	F		19	1786	1837	+3	−3	13	10
1924	06	15	DK	SE	2	3	NRD		-20	1830	1857	−3	+3	11	7
1924	06	29	SE	EG	5	0	F		7	1864	1692	0	0	7	23
1924	07	25	SE	EE	5	2	F		1	1865	1341	0	0	7	50
1924	07	28	FI	SE	5	7	F		-7	1543	1872	−1	+1	38	6
1924	08	31	DE	SE	1	4	F		-14	1690	1886	−4	+1	24	5
1924	09	21	SE	NO	6	1	NRD		5	1891	1566	0	−2	5	33
1924	11	09	AT	SE	1	1	F		-2	1846	1893	0	0	10	5
1924	11	16	IT	SE	2	2	F		2	1711	1891	0	0	19	5
1925	06	09	SE	FI	4	0	F		3	1894	1556	0	−2	6	36
1925	06	14	SE	DK	0	2	NRD		-31	1863	1881	−3	+4	9	6
1925	06	21	SE	DE	1	0	F		3	1866	1664	0	0	9	25
1925	07	05	SE	AT	2	4	F		-19	1847	1878	−1	+3	10	7
1925	07	12	SE	HU	6	2	F		13	1860	1816	0	−1	10	12
1925	08	23	NO	SE	3	7	NRD		-14	1554	1874	−2	+1	34	9
1925	11	01	PL	SE	2	6	F		-9	1562	1883	−1	0	32	7
1926	06	09	SE	NO	3	2	NRD		3	1886	1572	0	0	7	31
1926	06	13	SE	CS	2	2	F		-4	1882	1856	0	0	7	10
1926	06	20	DE	SE	3	3	F		2	1725	1880	0	0	19	7
1926	07	03	CS	SE	4	2	F		11	1876	1869	+2	−1	7	8
1926	07	18	SE	IT	5	3	F		7	1876	1748	+1	0	7	15
1926	07	20	LV	SE	4	1	F		32	1388	1844	+2	−3	48	10
1926	07	23	EE	SE	1	7	F		-4	1334	1848	0	0	52	10
1926	07	26	FI	SE	2	3	F		-4	1521	1852	0	0	39	10
1926	10	03	DK	SE	2	0	NRD		16	1866	1836	+2	−1	8	10
1926	10	03	SE	PL	3	1	F		3	1839	1581	−1	0	10	31
1926	11	07	AT	SE	3	1	F		8	1913	1831	0	0	6	10
1926	11	14	HU	SE	3	1	F		11	1840	1820	+1	−2	10	12
1927	04	03	BE	SE	2	1	F		10	1743	1810	0	0	16	12
1927	05	29	SE	LV	12	0	F		2	1812	1361	0	−1	12	50
1927	06	12	SE	FI	6	2	F		3	1815	1514	0	0	12	39
1927	06	19	SE	DK	0	0	NRD		-2	1813	1867	0	0	12	9
1927	06	26	NO	SE	3	5	NRD		-14	1556	1827	−6	+2	37	10
1927	07	01	SE	EE	3	1	F		1	1828	1367	0	0	10	49
1927	09	04	SE	BE	7	0	F		10	1838	1689	0	−3	10	23
1927	11	06	CH	SE	2	2	F		1	1698	1837	0	0	21	10
1927	11	13	NL	SE	1	0	F		9	1770	1828	+1	0	14	10
1928	06	07	SE	NO	6	1	NRD		7	1835	1563	+1	−1	11	35
1928	07	01	PL	SE	2	1	F		14	1609	1821	0	−2	28	13
1928	07	06	LV	SE	0	4	F		-4	1357	1825	0	0	51	13
1928	07	09	EE	SE	0	1	F		-2	1371	1827	0	+1	49	12
1928	07	29	SE	AT	2	3	F		-11	1816	1894	−1	0	13	8
1928	09	02	FI	SE	2	3	F		-4	1455	1820	0	0	46	13
1928	09	30	SE	DE	2	0	F		9	1829	1777	+2	0	11	15
1928	10	07	DK	SE	3	1	NRD		15	1873	1814	0	−1	9	12
1929	06	09	SE	NL	6	2	F		8	1822	1689	0	−1	12	20
1929	06	14	SE	FI	3	1	NRD		3	1825	1452	0	0	12	46
1929	06	16	SE	DK	3	2	NRD		13	1838	1860	+1	0	11	10
1929	06	23	DE	SE	3	0	F		14	1819	1824	+2	0	12	11
1929	07	07	SE	EE	4	1	F		1	1825	1365	0	0	11	52
1929	07	28	SE	LV	10	0	F		2	1827	1384	+1	0	10	50
1929	09	29	NO	SE	2	1	NRD		20	1625	1807	+3	−4	26	14
1930	06	15	SE	CH	1	0	F		2	1809	1548	0	0	14	37
1930	06	22	DK	SE	6	1	NRD		20	1847	1789	+1	0	10	14
1930	07	06	SE	NO	6	3	NRD		11	1800	1655	0	−2	14	25
1930	07	18	EE	SE	1	5	F		-5	1376	1805	−1	0	53	14
1930	07	22	LV	SE	0	5	F		-5	1360	1810	0	+1	55	13
1930	09	28	BE	SE	2	2	F		3	1602	1807	0	−1	30	14
1930	09	28	FI	SE	4	4	NRD		11	1408	1796	0	−1	51	14
1930	09	28	SE	PL	0	3	F		-29	1767	1636	−1	+2	14	27
1930	11	16	AT	SE	4	1	F		6	1932	1761	0	0	6	14
1931	06	17	SE	DE	0	0	F		-2	1759	1781	−1	0	15	13
1931	06	28	SE	DK	3	1	NRD		20	1779	1801	+1	0	14	12
1931	07	03	SE	FI	8	2	NRD		4	1783	1412	+1	0	13	52
1931	07	08	SE	EE	3	1	F		1	1784	1335	0	0	13	57
1931	07	26	SE	LV	6	0	F		2	1786	1355	0	0	13	56
1931	09	27	NO	SE	2	1	NRD		16	1682	1770	+1	−1	22	14
1931	11	08	HU	SE	3	1	F		8	1858	1762	0	0	10	13
1932	05	16	SE	FI	7	1	F		4	1766	1453	0	0	13	49
1932	06	10	FI	SE	1	3	NRD		-10	1443	1776	−2	0	51	13
1932	06	12	SE	BE	3	1	F		6	1782	1613	0	−1	13	30
1932	06	19	DK	SE	3	1	NRD		18	1763	1764	+2	0	14	13
1932	07	01	SE	NO	1	4	NRD		-38	1726	1727	−5	+4	18	17
1932	07	10	PL	SE	2	0	F		14	1662	1712	+1	0	24	18
1932	07	13	LV	SE	0	0	F		7	1342	1705	+1	−1	58	19
1932	07	15	EE	SE	1	3	F		-6	1353	1711	0	+1	57	18
1932	07	17	SE	AT	3	4	F		-5	1706	2006	−1	0	19	4
1932	09	25	DE	SE	4	3	F		5	1801	1701	0	0	12	18
1932	09	25	SE	LT	8	1	F		1	1702	1124	0	0	18	71
1932	11	06	CH	SE	2	1	F		9	1637	1693	0	−1	28	20
1933	06	11	SE	EE	6	2	WQ		4	1697	1274	0	0	21	69
1933	06	18	SE	DK	2	3	NRD		-17	1680	1758	−1	+3	22	13
1933	06	29	LT	SE	0	2	WQ		-4	1115	1684	0	0	74	22
1933	07	02	SE	HU	5	2	F		19	1703	1803	+3	0	19	11
1933	07	04	LV	SE	1	1	F		6	1363	1697	0	−2	60	21
1933	07	14	SE	FI	2	0	NRD		6	1703	1479	+2	−2	19	52
1933	09	24	NO	SE	0	1	NRD		-20	1712	1723	−1	+1	19	18
1934	05	23	SE	PL	4	2	F		8	1731	1639	0	−1	18	27
1934	05	27	SE	AR	3	2	WC	IT	52	1783	2010	+4	−1	14	2
1934	05	31	DE	SE	2	1	WC	IT	27	1846	1756	+2	−2	10	16
1934	06	17	DK	SE	3	5	NRD		-29	1738	1785	−3	+2	17	14
1934	07	01	SE	NO	3	3	NRD		-7	1778	1723	0	0	14	18
1934	09	23	FI	SE	5	4	NRD		23	1482	1755	+3	−1	50	15
1934	09	23	SE	LV	3	1	F		1	1756	1313	−1	0	15	63
1935	06	12	SE	FI	2	2	NRD		-12	1744	1500	−1	+1	15	51
1935	06	16	SE	DK	3	1	NRD		13	1757	1674	+1	−3	14	24
1935	06	30	SE	DE	3	1	F		17	1774	1885	0	−1	14	9
1935	07	05	LV	SE	0	3	F		-4	1299	1778	0	0	66	14
1935	07	09	EE	SE	1	2	F		-2	1284	1780	0	0	70	14
1935	09	01	SE	RO	7	1	F		4	1784	1501	0	−3	14	50
1935	09	22	NO	SE	0	2	NRD		-27	1721	1811	−3	+1	18	13
1935	11	10	FR	SE	2	0	F		18	1648	1793	+1	0	30	13
1935	11	17	BE	SE	5	1	F		28	1534	1765	+4	−1	43	14
1936	06	14	DK	SE	4	3	NRD		14	1697	1751	+1	0	20	14
1936	06	21	SE	CH	5	2	F		9	1760	1662	0	+1	14	23
1936	07	05	SE	NO	2	0	NRD		12	1772	1682	0	−1	14	21
1936	07	26	SE	NO	3	4	F		-15	1757	1697	0	+1	14	21
1936	08	04	JP	SE	3	2	OG	DE	57	1281	1700	+6	−7	73	21
1936	09	27	FI	SE	1	2	NRD		-9	1435	1709	−2	0	56	21
1937	05	17	SE	EN	0	4	F		-12	1697	1947	0	+2	21	4
1937	06	16	SE	FI	4	0	WQD		8	1705	1423	+1	0	20	57
1937	06	20	SE	EE	7	2	WQ		3	1708	1252	0	0	20	77
1937	06	23	PL	SE	3	1	F		16	1591	1692	+4	−1	37	21
1937	06	27	RO	SE	2	2	F		0	1579	1692	0	0	41	21
1937	09	19	NO	SE	3	2	NRD		10	1724	1682	+2	0	17	21
1937	10	03	SE	DK	1	2	NRD		-18	1664	1734	−3	+3	23	16
1937	11	21	DE	SE	5	0	WQ		12	1872	1652	+1	−5	10	27
1938	06	10	SE	LV	3	3	F		-8	1644	1414	−3	0	32	60
1938	06	12	SE	CU	8	0	WC	FR	57	1701	1518	+11	−5	21	49
1938	06	15	SE	FI	2	0	F		2	1703	1369	0	0	21	64
1938	06	16	HU	SE	5	1	WC	FR	21	1980	1682	+1	−2	4	23
1938	06	19	BR	SE	4	2	WC	FR	19	1935	1663	0	−4	7	27
1938	06	21	DK	SE	0	1	NRD		-22	1714	1685	−4	+5	19	22
1938	07	04	FI	SE	2	4	NRD		-10	1354	1695	−1	+1	65	21
1938	08	07	SE	CS	2	6	F		-16	1679	1854	−2	+2	23	9
1938	09	04	NO	SE	2	1	F		6	1734	1673	+1	−3	16	26
1938	10	02	SE	NO	2	3	NRD		-17	1656	1745	−4	+1	30	15
1939	06	02	SE	NO	3	2	F		9	1665	1729	+2	0	28	17
1939	06	09	SE	FI	5	1	NRD		6	1671	1392	+1	0	27	60
1939	06	11	SE	LT	7	0	F		1	1672	1085	0	0	27	90
1939	06	14	NO	SE	1	0	FT	DK	13	1742	1659	0	−2	17	29
1939	09	17	NO	SE	2	3	NRD		-21	1684	1680	−5	+2	25	27
1939	10	01	SE	DK	4	1	NRD		21	1701	1688	+7	−4	20	24
1940	08	29	FI	SE	2	3	F		-4	1356	1705	−1	0	65	22
1940	09	22	SE	FI	5	0	F		3	1708	1351	+1	−1	21	66
1940	10	06	SE	DK	1	1	F		-3	1705	1710	−1	+2	22	20
1940	10	20	DK	SE	3	3	F		-3	1707	1708	−2	+1	22	21
1941	09	14	SE	DK	2	2	F		-3	1705	1705	0	+1	20	20
1941	10	05	SE	DE	4	2	F		18	1723	1847	+3	−2	17	13
1941	10	19	DK	SE	2	1	F		8	1713	1715	+1	0	19	17
1942	06	28	DK	SE	0	3	F		-23	1696	1738	−3	+2	21	17
1942	09	20	DE	SE	2	3	F		-16	1869	1754	−3	0	11	17
1942	10	04	SE	DK	2	1	F		6	1760	1690	0	0	17	22
1942	11	15	CH	SE	3	1	F		11	1756	1749	+1	−1	16	17
1943	06	14	SE	CH	1	0	F		7	1756	1744	+1	−1	16	17
1943	06	20	DK	SE	3	2	F		9	1699	1747	0	0	22	16
1943	09	12	SE	HU	2	3	F		-9	1738	1886	−1	0	17	9
1943	10	03	FI	SE	1	1	F		7	1351	1731	+1	−1	70	18
1943	11	07	HU	SE	2	7	F		-33	1856	1764	−3	+2	12	16
1945	06	24	SE	DK	2	1	F		6	1770	1693	0	0	14	20
1945	07	01	DK	SE	3	4	F		-11	1682	1781	−3	0	23	14
1945	08	26	SE	FI	7	2	F		2	1783	1349	0	0	15	70
1945	09	30	FI	SE	1	6	F		-5	1344	1788	0	+1	70	14
1945	09	30	SE	DK	4	1	F		9	1797	1705	+1	−2	14	19
1945	10	21	SE	NO	10	0	F		9	1806	1624	0	−1	14	38
1945	11	25	CH	SE	3	0	F		13	1803	1793	+1	−1	14	15
1946	06	23	DK	SE	3	1	F		15	1711	1778	+3	−2	18	16
1946	07	07	SE	CH	7	2	F		15	1793	1776	+2	−2	14	16
1946	09	15	FI	SE	0	7	F		-5	1327	1798	−1	+1	74	13
1946	09	15	NO	SE	0	3	F		-13	1602	1811	−1	+1	42	13
1946	10	06	SE	DK	3	3	F		-5	1806	1735	0	0	13	17
1947	06	15	DK	SE	1	4	NRD		-29	1715	1835	−1	+3	18	11
1947	06	26	SE	DK	6	1	FT		13	1848	1702	+2	−1	9	19
1947	06	28	SE	NO	5	1	FT	FI	11	1859	1600	0	−1	9	40
1947	08	24	SE	FI	7	0	NRD		2	1861	1317	+1	0	9	80
1947	09	14	SE	PL	5	4	F		2	1863	1549	0	−2	9	46
1947	10	05	SE	NO	4	1	NRD		5	1868	1573	0	0	9	41
1947	11	19	EN	SE	4	2	F		6	2000	1862	0	−1	3	10
1948	06	09	NL	SE	1	0	F		12	1701	1850	+1	−2	25	12
1948	07	11	SE	AT	3	2	F		8	1858	1883	+1	0	11	8
1948	08	02	SE	AT	3	0	OG	EN	56	1914	1827	+5	−5	6	13
1948	08	05	SE	KR	12	0	OG	EN	52	1966	1714	+2	−6	4	22
1948	08	10	SE	DK	4	2	OG	EN	28	1994	1804	+1	−2	3	14
1948	08	13	SE	YU	3	1	OG	EN	18	2012	1739	0	−2	3	19
1948	09	19	FI	SE	2	2	NRD		14	1301	1998	+3	0	86	3
1948	09	19	NO	SE	3	5	NRD		-7	1605	2005	−1	0	37	3
1948	10	10	SE	DK	1	0	NRD		5	2010	1803	0	0	3	14
1948	11	14	AT	SE	2	1	F		13	1804	1997	+2	0	13	3
1949	05	13	SE	EN	3	1	F		12	2009	2013	0	0	3	2
1949	06	02	SE	IE	3	1	WQ		4	2013	1638	0	−2	3	34
1949	06	19	SE	HU	2	2	F		-5	2008	1907	0	0	3	8
1949	10	02	SE	FI	8	1	WQD		1	2009	1339	−2	0	4	81
1949	10	02	SE	NO	3	3	NRD		-14	1995	1578	−2	+4	4	41
1949	10	23	DK	SE	3	2	NRD		20	1789	1975	+1	−1	13	5
1949	11	13	IE	SE	1	3	WQ		-13	1637	1988	−3	+2	35	4
1949	11	20	HU	SE	5	0	F		18	1940	1970	0	−2	7	6
1950	06	08	SE	NL	4	1	F		4	1974	1686	+1	−1	3	27
1950	06	25	SE	IT	3	2	WC	BR	30	2004	1943	+1	−1	3	6
1950	06	29	PY	SE	2	2	WC	BR	11	1888	1993	0	0	11	3
1950	07	09	BR	SE	7	1	WC		46	2036	1947	+1	−4	2	6
1950	07	13	UY	SE	3	2	WC	BR	44	1819	1903	0	−3	13	9
1950	07	16	SE	ES	3	1	WC	BR	47	1950	1868	+3	−4	6	11
1950	09	03	SE	YU	1	2	F		-15	1935	1893	−1	0	7	9
1950	09	24	FI	SE	0	1	NRD		-2	1381	1937	0	+1	74	6
1950	09	24	NO	SE	1	3	NRD		-9	1591	1946	−1	+1	39	6
1950	10	15	SE	DK	4	0	NRD		9	1955	1743	0	0	6	16
1950	11	12	CH	SE	4	2	F		20	1761	1935	+1	−1	15	7
1951	06	10	SE	TR	3	1	F		2	1937	1527	0	0	7	53
1951	06	17	SE	ES	0	0	F		-4	1933	1877	0	0	7	11
1951	06	29	IS	SE	4	3	F		19	1330	1914	0	0	87	7
1951	09	02	SE	FI	3	2	NRD		1	1915	1385	0	−1	7	77
1951	09	02	YU	SE	2	1	F		8	1901	1907	0	0	10	7
1951	09	30	SE	NO	3	4	NRD		-27	1880	1637	−2	+5	10	33
1951	10	21	DK	SE	3	1	NRD		27	1737	1853	+8	−2	16	12
1951	11	11	IT	SE	1	1	F		-6	1982	1859	0	0	4	12
1951	11	14	TR	SE	1	0	F		15	1561	1844	+4	−1	47	13
1952	03	26	FR	SE	0	1	F		-10	1729	1854	−3	+1	20	12
1952	05	14	NL	SE	0	0	F		4	1603	1850	0	0	37	12
1952	05	30	SE	SQ	3	1	F		15	1865	1939	+1	−1	11	5
1952	06	11	SE	DK	2	0	FT	NO	14	1879	1716	+1	−3	10	23
1952	06	13	FI	SE	3	1	FT	NO	42	1438	1837	+5	−3	68	13
1952	06	22	SE	DK	4	3	NRD		7	1844	1709	0	−1	13	24
1952	07	21	SE	NO	4	1	OG	FI	21	1865	1586	+2	−4	11	42
1952	07	28	HU	SE	6	0	OG	FI	40	2038	1825	+1	−2	3	13
1952	09	21	FI	SE	1	8	NRD		-11	1430	1836	−5	0	72	13
1952	10	05	NO	SE	1	2	NRD		-9	1589	1845	−3	0	42	13
1952	10	26	SE	IT	1	1	F		-1	1844	1896	0	0	13	8
1953	05	06	SQ	SE	1	2	F		-15	1934	1859	0	+1	5	12
1953	05	28	SE	BE	2	3	WQ		-32	1827	1752	−2	+4	13	17
1953	06	11	SE	FR	1	0	F		6	1833	1768	0	−1	13	16
1953	06	21	DK	SE	1	3	NRD		-19	1660	1852	−2	+1	27	12
1953	07	05	SE	HU	2	4	F		-9	1843	2112	0	0	12	1
1953	08	05	FI	SE	3	3	WQ		14	1449	1829	+3	−1	70	13
1953	08	16	SE	FI	4	0	WQD		4	1833	1445	0	−1	13	71
1953	10	08	BE	SE	2	0	WQ		30	1765	1803	+1	−1	17	14
1953	10	18	SE	NO	0	0	NRD		-10	1793	1636	0	+1	14	35
1953	11	08	ES	SE	2	2	F		-5	1874	1798	0	0	10	14
1953	11	15	HU	SE	2	2	F		-8	2109	1806	0	0	1	13
1954	05	19	SE	NL	6	1	F		5	1811	1562	0	0	13	51
1954	06	04	SE	FI	6	0	FT		4	1815	1428	0	−2	13	82
1954	06	07	SE	NO	3	0	FT		9	1824	1639	0	−1	13	34
1954	08	15	FI	SE	1	10	NRD		-12	1423	1836	−3	+2	83	10
1954	08	24	SE	IS	3	2	F		1	1837	1336	0	0	10	92
1954	09	08	SU	SE	7	0	F		31	1637	1806	+6	−3	36	13
1954	09	19	NO	SE	1	1	NRD		3	1633	1803	+1	0	38	13
1954	10	10	SE	DK	5	2	NRD		12	1815	1672	+1	−1	12	26
1954	10	31	SE	AT	2	1	F		11	1826	1954	0	0	13	6
1955	04	03	FR	SE	2	0	F		11	1829	1815	+2	−2	10	12
1955	05	11	SE	HU	3	7	F		-6	1809	2194	0	0	12	1
1955	06	15	SE	RO	4	1	F		6	1815	1639	0	−2	13	36
1955	06	26	SE	SU	0	6	F		-33	1782	1734	−1	+3	14	21
1955	08	28	SE	FI	3	0	NRD		3	1785	1392	0	−1	14	86
1955	09	25	SE	NO	1	1	NRD		-10	1775	1634	−1	0	16	37
1955	10	16	DK	SE	3	3	NRD		1	1655	1774	0	0	32	16
1955	11	13	HU	SE	4	2	F		1	2210	1773	0	0	1	16
1955	11	20	PT	SE	2	6	F		-19	1655	1792	−3	+1	31	15
1956	05	16	SE	EN	0	0	F		2	1794	1978	0	0	13	4
1956	06	10	FI	SE	1	3	NRD		-6	1371	1800	−1	0	90	14
1956	06	17	RO	SE	0	2	F		-13	1632	1813	−3	+1	39	13
1956	06	30	SE	WG	2	2	F		1	1814	1954	0	0	13	6
1956	09	16	NO	SE	3	1	NRD		29	1635	1785	+5	−1	39	15
1956	10	21	SE	DK	1	1	NRD		-10	1775	1627	−1	+1	16	43
1957	05	05	AT	SE	1	0	F		4	1896	1771	+1	0	7	17
1957	06	16	SE	HU	0	0	F		6	1777	2095	0	0	17	2
1957	06	18	NO	SE	0	0	FT	FI	6	1636	1771	0	0	41	17
1957	06	19	FI	SE	1	5	FT		-9	1384	1780	−3	0	92	17
1957	06	30	DK	SE	1	2	NRD		-12	1591	1792	−1	+1	47	16
1957	09	22	SE	FI	5	1	NRD		2	1794	1333	0	0	16	97
1957	10	13	SE	NO	5	2	NRD		10	1804	1642	0	0	16	39
1957	11	20	WG	SE	1	0	F		5	1896	1799	0	0	7	15
1958	05	07	SE	CH	3	2	F		4	1803	1626	0	0	14	40
1958	06	08	SE	MX	3	0	WC		34	1837	1742	+1	−2	13	20
1958	06	12	SE	HU	2	1	WC		40	1877	2018	+3	0	9	1
1958	06	15	SE	WA	0	0	WC		-18	1859	1759	−3	+2	12	20
1958	06	19	SE	SU	2	0	WC		43	1902	1901	+4	−4	8	9
1958	06	24	SE	WG	3	1	WC		43	1945	1941	+4	−2	4	5
1958	06	29	SE	BR	2	5	WC		-45	1900	2142	−4	0	9	1
1958	08	20	FI	SE	1	7	NRD		-4	1309	1904	−1	+2	101	7
1958	09	14	NO	SE	0	2	NRD		-12	1617	1916	−1	+2	41	6
1958	10	26	SE	DK	4	4	NRD		-13	1903	1591	−2	+3	9	47
1959	05	21	SE	PT	2	0	F		4	1907	1656	0	−2	8	39
1959	06	21	DK	SE	0	6	NRD		-14	1577	1921	−4	+1	50	7
1959	06	28	HU	SE	3	2	F		6	1995	1915	0	−1	3	8
1959	08	02	SE	FI	3	1	NRD		1	1916	1282	0	0	7	112
1959	10	18	SE	NO	6	2	NRD		3	1919	1513	0	−1	5	61
1959	10	28	EN	SE	2	3	F		-13	1901	1932	0	0	7	5
1959	11	01	IE	SE	3	2	F		12	1758	1920	+2	0	21	5
1960	05	18	SE	IE	4	1	F		7	1927	1775	+1	0	7	17
1960	06	22	FI	SE	0	3	NRD		-2	1267	1929	0	0	116	7
1960	09	18	NO	SE	3	1	NRD		39	1543	1890	+13	−1	55	9
1960	10	19	SE	BE	2	0	WQ		7	1897	1622	0	0	10	41
1960	10	23	SE	DK	2	0	NRD		7	1904	1697	0	−1	10	31
1960	10	30	SE	FR	1	0	F		6	1910	1839	0	−1	10	13
1961	03	26	CS	SE	2	1	F		7	1930	1903	0	0	8	10
1961	05	28	SE	CH	4	0	WQ		9	1912	1646	0	−2	10	38
1961	06	18	DK	SE	1	2	NRD		-10	1680	1922	0	0	31	10
1961	08	09	SE	FI	4	0	NRD		1	1923	1284	0	0	10	113
1961	10	04	BE	SE	0	2	WQ		-12	1572	1935	−3	+3	50	7
1961	10	22	SE	NO	2	0	NRD		2	1937	1458	0	0	9	76
1961	10	29	CH	SE	3	2	WQ		29	1694	1908	+6	−2	31	11
1961	11	12	CH	SE	2	1	WQ	WG	31	1725	1877	+8	−2	22	13
1962	04	07	SE	CS	3	1	F		15	1892	1967	+2	−2	10	5
1962	04	18	SE	SU	0	2	F		-14	1878	2021	0	0	13	2
1962	06	19	FI	SE	0	3	NRD		-3	1273	1881	0	+1	119	11
1962	06	21	NO	SE	0	2	EQ		-8	1452	1889	−2	0	80	11
1962	09	16	NO	SE	2	1	NRD		26	1507	1863	+8	−1	68	12
1962	10	28	SE	DK	4	2	NRD		8	1871	1697	+1	−2	11	27
1962	11	04	SE	NO	1	1	EQ		-17	1854	1524	−3	+3	14	64
1962	11	12	IL	SE	0	4	F		-11	1585	1865	−1	+1	48	12
1962	11	16	TH	SE	1	2	F		-1	1192	1866	0	0	131	12
1962	11	18	AY	SE	0	0	F		7	1450	1859	+3	0	81	12
1962	11	22	AY	SE	0	1	F		-3	1447	1862	−2	0	83	12
1962	11	27	ID	SE	0	3	F		-6	1483	1868	−2	0	74	12
1962	11	30	HK	SE	0	7	F		-6	1429	1874	−2	+1	87	11
1962	12	09	JP	SE	1	5	F		-2	1294	1876	0	0	114	12
1963	05	05	SE	HU	2	1	F		10	1886	1977	0	0	11	2
1963	05	22	SU	SE	0	1	F		-16	1998	1902	0	+1	1	10
1963	06	19	YU	SE	0	0	EQ		-8	1936	1910	−1	+1	5	9
1963	08	14	SE	FI	0	0	NRD		-14	1896	1321	−2	+3	11	107
1963	08	14	SE	NO	0	0	NRD		-13	1883	1505	−2	+3	11	67
1963	09	18	SE	YU	3	2	EQ		17	1900	1919	0	−3	11	8
1963	10	06	DK	SE	2	2	NRD		4	1713	1896	0	0	26	11
1963	11	03	SE	WG	2	1	F		8	1904	1923	+2	−1	9	7
1964	04	29	NL	SE	0	1	F		-6	1643	1910	−2	+1	39	9
1964	05	13	SE	SU	1	1	EQ		0	1910	2006	0	0	9	1
1964	05	27	SU	SE	3	1	EQ		14	2024	1896	0	−1	1	10
1964	06	28	SE	DK	4	1	NRD		6	1902	1648	+1	−2	10	39
1964	08	02	FI	SE	1	0	NRD		28	1347	1874	+2	−2	107	12
1964	09	20	NO	SE	1	1	NRD		10	1511	1864	+1	0	71	12
1964	10	07	SE	PL	3	3	F		-7	1857	1694	−1	+1	13	30
1964	11	04	WG	SE	1	1	WQ		-8	1893	1865	0	+2	10	13
1965	05	05	SE	CY	3	0	WQ		3	1868	1408	+1	0	11	89
1965	05	16	SE	EN	1	2	F		-11	1857	1950	−3	+1	14	4
1965	06	16	SE	IT	2	2	F		-1	1856	1927	+1	0	13	6
1965	06	20	DK	SE	2	1	NRD		20	1655	1836	+3	−1	35	14
1965	06	30	SE	BR	1	2	F		-9	1827	1973	−1	+1	15	3
1965	08	22	SE	FI	2	2	NRD		-14	1813	1415	0	+6	14	88
1965	09	26	SE	WG	1	2	WQ		-22	1791	1901	−2	+2	17	8
1965	10	31	SE	NO	0	0	NRD		-11	1780	1552	0	+1	18	57
1965	11	07	CY	SE	0	5	WQ		-14	1394	1794	−3	+2	94	16
1966	04	27	DD	SE	4	1	F		17	1723	1777	+2	−2	28	19
1966	05	18	PL	SE	1	1	F		-1	1701	1778	0	+1	31	18
1966	06	04	FI	SE	1	0	NRD		24	1453	1754	+6	−6	81	24
1966	06	27	SE	YU	1	1	F		-2	1752	1794	0	0	25	18
1966	06	30	SE	BR	2	3	F		-6	1746	2010	−2	0	27	1
1966	09	18	NO	SE	2	4	NRD		-18	1550	1764	−2	+4	54	21
1966	10	05	SE	AT	4	1	F		13	1777	1751	+1	−3	19	23
1966	11	06	SE	DK	2	1	NRD		4	1781	1562	0	0	19	50
1966	11	13	PT	SE	1	2	EQ		-35	1983	1816	−1	+4	4	15
1967	05	17	SE	DD	0	1	F		-12	1804	1848	0	+1	17	13
1967	06	01	SE	PT	1	1	EQ		5	1809	1980	0	−1	17	5
1967	06	11	SE	BG	0	2	EQ		-43	1766	1794	−3	+5	20	17
1967	06	25	DK	SE	1	1	NRD		5	1557	1761	+1	−1	53	21
1967	08	10	SE	FI	2	0	NRD		4	1765	1443	+1	−1	20	84
1967	09	03	NO	SE	3	1	EQ		38	1604	1727	+7	−7	45	27
1967	11	05	SE	NO	5	2	EQN		13	1740	1549	+2	−4	25	59
1967	11	12	BG	SE	3	0	EQ		22	1802	1718	+2	−3	16	28
1968	02	19	IL	SE	0	3	F		-13	1503	1731	−2	+2	67	26
1968	02	28	ES	SE	3	1	F		6	1878	1725	0	−1	11	27
1968	05	02	SE	ES	1	1	F		1	1726	1871	0	0	27	11
1968	05	22	EN	SE	3	1	F		2	2091	1724	0	0	1	28
1968	06	27	SE	DK	2	1	NRD		8	1732	1648	+2	−1	26	38
1968	08	01	SE	SU	2	2	F		4	1736	1959	+1	0	26	6
1968	09	11	FI	SE	0	3	NRD		-10	1378	1746	−5	+2	102	23
1968	09	15	NO	SE	1	1	NRD		4	1544	1742	+1	−1	62	24
1968	10	09	SE	NO	5	0	WQ		12	1754	1532	+4	−3	20	65
1969	02	18	IL	SE	2	3	F		-10	1651	1764	−5	+2	39	22
1969	02	26	YU	SE	2	1	F		6	1833	1758	0	−1	16	23
1969	05	01	SE	MX	1	0	F		10	1768	1837	+2	−1	20	15
1969	05	22	SE	FI	4	0	NRD		3	1771	1367	0	−1	21	101
1969	06	01	SE	NO	4	2	NRD		6	1777	1551	0	−1	21	61
1969	06	19	NO	SE	2	5	WQ		-23	1528	1800	−4	+3	65	18
1969	06	25	DK	SE	0	1	NRD		-15	1682	1815	−3	+3	33	16
1969	08	06	SU	SE	0	1	F		-16	1927	1831	0	+4	6	12
1969	08	25	SE	IL	3	1	F		5	1836	1641	0	0	12	42
1969	09	24	SE	HU	2	0	F		17	1853	1961	0	0	12	5
1969	10	15	SE	FR	2	0	WQ		12	1865	1707	+1	−3	11	31
1969	11	01	FR	SE	3	0	WQ		41	1748	1824	+6	−2	25	13
1970	02	22	MX	SE	0	0	F		1	1697	1823	+1	0	31	14
1970	03	01	MX	SE	0	1	F		-9	1692	1832	−3	+2	34	11
1970	05	16	HU	SE	1	2	F		-15	1922	1847	−1	+3	7	10
1970	06	03	IT	SE	1	0	WC	MX	17	2024	1830	0	−3	3	13
1970	06	07	IL	SE	1	1	WC	MX	14	1672	1816	0	−1	37	14
1970	06	10	SE	UY	1	0	WC	MX	37	1853	1866	+4	−2	10	9
1970	06	25	SE	DK	1	1	NRD		-11	1842	1650	−1	+1	11	39
1970	08	26	FI	SE	1	2	NRD		-4	1401	1846	0	0	93	11
1970	09	13	NO	SE	2	4	NRD		-10	1521	1856	0	+1	65	9
1970	10	14	IE	SE	1	1	EQ		9	1599	1847	+1	0	51	9
1970	10	28	SE	IE	1	0	EQ		5	1852	1594	0	−1	9	52
1971	03	02	IL	SE	2	1	F		12	1693	1840	+2	−1	35	11
1971	05	20	SE	FI	4	1	NRD		2	1842	1413	0	−1	12	93
1971	05	26	SE	AT	1	0	EQ		8	1850	1703	+1	0	11	32
1971	06	09	SE	IT	0	0	EQ		4	1854	2009	0	0	11	4
1971	06	20	DK	SE	1	3	NRD		-12	1571	1866	−5	+1	57	10
1971	06	27	SE	WG	1	0	F		12	1878	2039	+1	−1	9	3
1971	08	08	SE	NO	3	0	NRD		4	1882	1516	0	−1	9	67
1971	09	04	AT	SE	1	0	EQ		22	1767	1860	+4	−3	20	12
1971	10	09	IT	SE	3	0	EQ		13	2024	1847	0	0	4	12
1972	04	26	CH	SE	1	1	F		1	1709	1846	0	0	31	12
1972	05	14	SE	CS	1	2	F		-12	1834	1881	−1	+1	14	8
1972	05	25	SE	HU	0	0	WQ		0	1834	1936	0	0	13	6
1972	06	10	AT	SE	2	0	WQ		25	1813	1809	+6	−1	13	14
1972	06	29	SE	DK	2	0	NRD		9	1818	1652	+2	−3	14	40
1972	08	06	SE	SU	4	4	F		0	1818	1918	0	0	14	5
1972	09	17	NO	SE	1	3	NRD		-9	1465	1827	−2	0	71	15
1972	10	15	SE	MT	7	0	WQ		4	1831	1373	0	−1	15	99
1973	04	26	DK	SE	1	2	F		-8	1659	1839	−1	0	40	14
1973	05	23	SE	AT	3	2	WQ		15	1854	1826	+1	−2	14	16
1973	06	13	HU	SE	3	3	WQ		-9	1910	1863	0	+1	8	13
1973	06	25	SE	BR	1	0	F		15	1878	2129	+2	0	11	1
1973	07	08	SE	FI	1	1	NRD		-14	1864	1423	−2	+1	13	86
1973	07	11	SE	IS	1	0	F		0	1864	1295	0	0	13	119
1973	08	05	SU	SE	0	0	F		-4	1916	1868	0	0	7	12
1973	08	29	FI	SE	1	2	NRD		-4	1419	1872	0	0	87	12
1973	09	29	IT	SE	2	0	F		7	1985	1865	0	0	4	14
1973	11	11	MT	SE	1	2	WQ		-4	1379	1869	−2	0	99	14
1973	11	27	SE	AT	2	1	WQ	WG	17	1886	1802	+1	−2	12	20
1974	05	01	WG	SE	2	0	F		4	2113	1882	0	−1	2	12
1974	06	03	DK	SE	0	2	NRD		-14	1633	1896	−2	+4	39	9
1974	06	09	SE	CH	0	0	F		-7	1889	1695	−2	0	11	31
1974	06	15	BG	SE	0	0	WC	WG	6	1828	1883	0	−1	18	12
1974	06	19	NL	SE	0	0	WC	WG	0	1878	1883	−1	0	15	13
1974	06	23	SE	UY	3	0	WC	WG	31	1914	1704	+4	−2	9	29
1974	06	26	PL	SE	1	0	WC	WG	21	2047	1893	0	−1	3	10
1974	06	30	WG	SE	4	2	WC		14	2108	1879	0	−4	2	14
1974	07	03	SE	YU	2	1	WC	WG	35	1914	1898	+6	−3	8	10
1974	08	08	SE	NO	2	1	NRD		1	1915	1455	0	−1	8	77
1974	09	04	SE	NL	1	5	F		-16	1899	2075	−1	+1	9	2
1974	10	13	CS	SE	4	0	F		15	1882	1884	+1	−4	15	14
1974	10	30	SE	EI	0	2	EQ		-48	1836	1794	−3	+5	17	20
1975	04	16	SE	SQ	1	1	F		-1	1835	1889	+1	+1	17	9
1975	05	19	SE	DZ	4	0	F		3	1838	1520	+2	0	17	63
1975	06	04	SE	YU	1	2	EQ		-22	1816	1933	−2	+1	19	7
1975	06	30	SE	NO	3	1	EQ		4	1820	1474	0	−2	18	74
1975	08	13	NO	SE	0	2	EQ		-12	1470	1832	−3	0	74	18
1975	09	03	EI	SE	1	2	EQ		-25	1788	1857	−1	+3	20	15
1975	09	25	SE	DK	0	0	NRD		-12	1845	1603	−1	0	16	48
1975	10	15	YU	SE	3	0	EQ		17	1958	1828	0	−2	6	17
1976	02	28	TN	SE	1	1	F		3	1615	1825	0	0	46	17
1976	03	02	DZ	SE	0	2	F		-8	1551	1833	−2	0	57	17
1976	04	28	AT	SE	1	0	F		8	1805	1825	0	0	19	18
1976	05	11	SE	DK	1	2	F		-17	1808	1626	0	+3	18	44
1976	06	01	FI	SE	0	2	NRD		-7	1410	1815	−2	0	90	18
1976	06	16	SE	NO	2	0	WQ		4	1819	1439	0	−3	18	82
1976	08	11	SE	FI	6	0	NRD		3	1822	1409	+1	−2	17	91
1976	09	08	SE	HU	1	1	F		-2	1820	1857	−1	0	18	15
1976	09	22	NO	SE	3	2	NRD		24	1486	1796	+10	−1	67	19
1976	10	09	CH	SE	1	2	WQ		-16	1605	1812	−5	+1	49	18
1977	04	27	SQ	SE	3	1	F		7	1942	1805	+1	0	7	20
1977	05	26	SE	NO	1	0	NRD		2	1807	1484	0	−1	19	69
1977	06	08	SE	CH	2	1	WQ		6	1813	1599	0	0	20	47
1977	06	15	DK	SE	2	1	NRD		18	1667	1795	+5	−1	36	21
1977	07	20	IS	SE	0	1	F		-3	1410	1798	0	0	90	21
1977	08	17	SE	DD	0	1	F		-8	1790	1969	0	0	21	6
1977	09	07	NO	SE	2	1	WQ		32	1489	1758	+8	−3	69	24
1977	10	05	SE	DK	1	0	F		5	1763	1664	+1	0	24	38
1977	10	12	HU	SE	3	0	F		7	1902	1756	0	−2	13	26
1977	11	12	PL	SE	2	1	F		4	1915	1752	0	0	8	26
1978	04	04	DD	SE	0	1	F		-17	1959	1769	−1	+1	6	23
1978	04	19	SE	WG	3	1	F		24	1793	2099	+1	0	22	1
1978	05	21	SE	CS	0	0	F		0	1793	1877	0	0	23	14
1978	06	03	BR	SE	1	1	WC	AR	-20	2061	1813	0	+2	3	20
1978	06	07	AT	SE	1	0	WC	AR	23	1921	1790	+1	−3	10	23
1978	06	11	ES	SE	1	0	WC	AR	18	1951	1772	0	+1	8	22
1978	06	28	SE	FI	2	1	NRD		3	1775	1486	0	−1	22	68
1978	08	16	DK	SE	2	1	NRD		17	1657	1758	+2	−1	39	24
1978	09	01	FR	SE	2	2	EQ		-12	1882	1770	0	+1	13	23
1978	10	04	SE	CS	1	3	EQ		-30	1740	1902	−3	+2	26	12
1979	04	19	SU	SE	2	0	F		5	1935	1735	+1	0	8	26
1979	05	09	DK	SE	2	2	F		0	1624	1735	0	0	45	27
1979	06	07	SE	LU	3	0	EQ		2	1737	1254	0	0	25	120
1979	06	10	SE	EN	0	0	F		5	1742	2040	+1	0	24	3
1979	06	28	SE	NO	2	0	NRD		5	1747	1458	0	−1	24	76
1979	08	15	NO	SE	2	0	NRD		34	1492	1713	+10	−4	71	28
1979	09	05	SE	FR	1	3	EQ		-24	1689	1906	−3	+2	32	12
1979	09	26	IT	SE	1	0	F		2	1990	1687	0	0	5	33
1979	10	10	CS	SE	4	1	EQ		9	1927	1678	+2	−2	8	35
1979	10	23	LU	SE	1	1	EQ		15	1269	1663	0	−2	120	36
1979	11	14	MY	SE	1	3	F		-12	1476	1675	−2	+2	75	34
1979	11	17	SG	SE	0	5	F		-3	1125	1678	0	0	146	34
1980	04	29	SE	SU	1	5	F		-13	1665	1906	−5	+1	39	13
1980	05	07	SE	DK	0	1	NRD		-19	1646	1684	−4	+6	43	33
1980	05	22	FI	SE	0	2	NRD		-21	1505	1667	−2	+3	68	40
1980	06	18	SE	IL	1	1	WQ		-3	1664	1717	+1	+1	38	29
1980	07	17	SE	IS	1	1	F		-8	1656	1364	−2	+2	41	96
1980	08	20	HU	SE	2	0	F		6	1808	1650	+1	−1	18	42
1980	09	10	SE	SQ	0	1	WQ		-18	1632	1800	−3	+2	45	20
1980	09	24	BG	SE	2	3	F		-14	1681	1646	−1	+4	33	41
1980	10	15	EI	SE	3	0	WQ		13	1821	1633	−1	−1	18	42
1980	11	12	IL	SE	0	0	WQ		-10	1707	1643	−1	0	30	42
1981	02	28	SE	NO	4	2	LHT	FI	17	1660	1532	+5	−4	37	62
1981	03	01	FI	SE	2	1	LHT		20	1447	1640	+4	−5	82	42
1981	05	14	SE	DK	1	2	NRD		-18	1622	1693	−2	+4	45	32
1981	06	03	SE	EI	1	0	WQ		25	1647	1779	+3	0	41	22
1981	06	24	SE	PT	3	0	WQ		43	1690	1788	+9	−3	32	21
1981	07	29	SE	FI	1	0	NRD		4	1694	1450	0	0	32	79
1981	08	12	SE	BG	1	0	F		8	1702	1713	+1	−1	30	29
1981	09	09	SQ	SE	2	0	WQ		11	1869	1691	0	−1	16	32
1981	09	23	GR	SE	2	1	F		7	1688	1684	+1	−2	33	34
1981	10	14	PT	SE	1	2	WQ		-31	1775	1715	−5	+3	23	31
1981	10	28	SA	SE	1	2	F		-6	1464	1721	−1	0	79	31
1982	02	20	FI	SE	2	2	F		4	1461	1717	0	0	82	31
1982	02	21	FI	SE	2	1	F		14	1475	1703	+4	0	78	31
1982	05	05	DK	SE	1	1	NRD		-6	1752	1709	−1	+1	27	31
1982	05	19	SE	DD	2	2	F		3	1712	1908	0	0	31	10
1982	06	03	SE	SU	1	1	F		5	1717	2012	0	0	31	3
1982	08	11	NO	SE	1	0	NRD		19	1551	1698	+2	−3	60	33
1982	09	08	RO	SE	2	0	EQ		15	1802	1683	+1	−3	19	36
1982	10	06	CS	SE	2	2	EQ		-13	1835	1696	0	+3	16	33
1982	11	13	CY	SE	0	1	EQ		-5	1268	1701	−3	+1	121	33
1983	04	27	NL	SE	0	3	F		-29	1837	1730	−4	+5	16	28
1983	05	15	SE	CY	5	0	EQ		4	1734	1298	0	0	28	111
1983	05	29	SE	IT	2	0	EQ		41	1775	1933	+6	−4	22	9
1983	06	09	SE	RO	0	1	EQ		-25	1750	1820	−6	0	26	18
1983	06	22	SE	BR	3	3	F		7	1757	2115	+2	0	24	1
1983	08	17	IS	SE	0	4	F		-11	1493	1768	−1	+3	71	21
1983	09	07	FI	SE	0	3	NRD		-13	1462	1781	−3	0	81	21
1983	09	21	SE	CS	1	0	EQ		19	1800	1852	+1	−2	21	14
1983	10	15	IT	SE	0	3	EQ		-56	1880	1856	−3	+6	10	15
1983	11	16	TT	SE	0	5	F		-6	1457	1862	−1	+3	81	12
1983	11	19	BB	SE	0	4	F		-2	1293	1864	−2	0	117	12
1983	11	22	MX	SE	2	0	F		18	1710	1846	+1	−4	32	16
1984	05	02	CH	SE	0	0	F		-1	1765	1847	0	0	26	17
1984	05	23	SE	MT	4	0	WQ		2	1849	1360	+1	0	16	94
1984	06	06	SE	DK	0	1	F		-14	1835	1817	−1	+1	17	21
1984	08	22	SE	MX	1	1	F		-5	1830	1730	0	+1	18	31
1984	09	12	SE	PT	0	1	WQ		-24	1806	1881	−1	+2	19	13
1984	09	26	IT	SE	1	0	F		6	1867	1800	+1	0	14	19
1984	10	17	WG	SE	2	0	WQ		11	1971	1789	0	−1	3	20
1984	11	14	PT	SE	1	3	WQ		-46	1848	1835	−7	+3	16	18
1985	05	01	IL	SE	1	1	F		2	1680	1833	+1	0	34	16
1985	05	22	SE	NO	1	0	F		4	1837	1672	+1	0	16	36
1985	06	05	SE	CS	2	0	WQ		18	1855	1773	+4	0	12	26
1985	08	21	SE	PL	1	0	F		7	1862	1845	+2	0	11	15
1985	09	11	DK	SE	0	3	F		-25	1893	1887	−1	+4	7	8
1985	09	25	SE	WG	2	2	WQ		-2	1885	1949	+1	0	7	3
1985	10	16	CS	SE	2	1	WQ		19	1822	1866	+1	−5	22	12
1985	11	17	MT	SE	1	2	WQ		-4	1363	1870	0	0	96	11
1986	05	01	SE	GR	0	0	F		-8	1862	1634	0	+3	12	40
1986	05	14	AT	SE	1	0	F		10	1757	1852	0	−1	29	14
1986	08	06	FI	SE	1	3	F		-7	1549	1859	−1	+1	61	12
1986	08	20	SE	SU	0	0	F		0	1859	1960	0	0	12	7
1986	09	10	SE	EN	1	0	F		10	1869	1953	+2	−1	10	7
1986	09	24	SE	CH	2	0	EQ		13	1882	1740	+1	−2	9	30
1986	10	12	PT	SE	1	1	EQ		2	1755	1880	+1	0	27	9
1986	11	16	MT	SE	0	5	EQ		-7	1356	1887	−2	0	97	10
1987	04	18	SU	SE	1	3	F		-23	1967	1910	−1	+1	5	9
1987	05	24	SE	MT	1	0	EQ		1	1911	1361	0	0	9	96
1987	06	03	SE	IT	1	0	EQ		14	1925	1889	0	0	9	10
1987	06	17	CH	SE	1	1	EQ		5	1732	1920	0	0	30	8
1987	08	12	NO	SE	0	0	F		2	1741	1918	0	0	29	7
1987	08	26	SE	DK	1	0	F		8	1926	1923	+1	−1	6	7
1987	09	23	SE	PT	0	1	EQ		-34	1892	1760	−4	+3	10	28
1987	10	14	WG	SE	1	1	F		-5	1977	1897	−1	0	3	10
1987	11	14	IT	SE	2	1	EQ		14	1925	1883	+1	−1	6	11
1988	01	12	SE	DD	4	1	FT	ES	25	1908	1838	+2	−4	8	16
1988	01	15	SE	FI	1	0	FT	ES	5	1913	1627	0	−1	8	45
1988	03	31	WG	SE	1	1	FT		-6	1962	1919	0	0	3	8
1988	04	02	SE	SU	2	0	FT	WG	28	1947	1974	+2	−1	6	2
1988	04	27	SE	WA	4	1	F		6	1953	1779	+1	−3	5	24
1988	06	01	ES	SE	1	3	F		-18	1907	1971	0	+1	8	4
1988	07	31	SE	BR	1	1	F		-3	1968	1979	0	0	4	3
1988	08	31	SE	DK	1	2	F		-16	1952	1837	−2	+2	6	16
1988	10	12	SE	PT	0	0	F		-7	1945	1755	0	0	6	29
1988	10	19	EN	SE	0	0	WQ		-3	1892	1948	0	0	7	6
1988	11	05	AL	SE	1	2	WQ		-3	1432	1951	−1	0	82	6
1989	04	26	WA	SE	0	2	F		-12	1767	1963	−1	0	24	6
1989	05	07	SE	PL	2	1	WQ		8	1971	1823	0	−3	6	21
1989	05	31	SE	DZ	2	0	F		2	1973	1628	0	0	6	45
1989	06	14	DK	SE	6	0	FT		33	1892	1940	+2	0	11	6
1989	06	16	SE	BR	2	1	FT	DK	18	1958	1985	0	−2	6	4
1989	08	16	SE	FR	2	4	F		-24	1934	1849	−1	+2	7	16
1989	09	06	SE	EN	0	0	WQ		-5	1929	1941	0	0	7	6
1989	10	08	SE	AL	3	1	WQ		2	1931	1425	0	0	7	85
1989	10	25	PL	SE	0	2	WQ		-28	1784	1959	−1	+3	20	5
1990	02	14	AE	SE	2	1	F		17	1551	1942	+2	−2	60	7
1990	02	17	AE	SE	0	2	F		-5	1546	1947	0	+1	60	6
1990	02	21	BE	SE	0	0	F		0	1833	1947	0	0	17	6
1990	04	11	DZ	SE	1	1	F		2	1765	1945	0	0	24	7
1990	04	25	SE	WA	4	2	F		4	1949	1726	0	0	7	30
1990	05	27	SE	FI	6	0	F		3	1952	1612	+1	0	5	47
1990	06	10	BR	SE	2	1	WC	IT	26	2019	1926	0	−3	3	8
1990	06	16	SQ	SE	2	1	WC	IT	47	1744	1879	+7	−9	26	15
1990	06	20	CR	SE	2	1	WC	IT	48	1694	1831	+10	−4	32	17
1990	08	22	NO	SE	1	2	F		-8	1653	1839	−1	0	41	18
1990	09	05	SE	DK	0	1	F		-11	1828	1904	0	+1	18	9
1990	09	26	SE	BG	2	0	F		6	1834	1691	0	−2	18	34
1990	10	10	SE	WG	1	3	F		-9	1825	2079	0	0	18	1
1991	04	17	GR	SE	2	2	F		1	1707	1824	0	−1	33	18
1991	05	01	SE	AT	6	0	F		8	1832	1665	0	−1	18	36
1991	06	05	SE	CO	2	2	F		-5	1827	1759	0	+1	17	26
1991	06	13	SE	SU	2	3	SCN		-16	1811	1916	−1	0	18	9
1991	06	15	SE	DK	4	0	SCN		25	1836	1853	+1	−2	17	15
1991	08	08	NO	SE	1	2	F		-10	1720	1846	−1	+1	31	15
1991	08	21	PL	SE	2	0	F		14	1785	1832	+1	−1	22	16
1991	09	04	SE	YU	4	3	F		10	1842	1939	+1	−1	15	8
1991	10	09	CH	SE	3	1	F		14	1789	1828	0	−3	23	17
1992	01	26	AU	SE	0	0	F		2	1674	1826	0	0	37	17
1992	01	29	AU	SE	1	0	F		11	1685	1815	+2	−1	35	18
1992	02	02	AU	SE	1	0	F		11	1696	1804	0	−1	35	19
1992	04	22	TN	SE	0	1	F		-6	1538	1810	0	0	65	20
1992	05	07	SE	PL	5	0	F		13	1823	1770	+2	0	17	22
1992	05	27	SE	HU	2	1	F		5	1828	1728	0	0	18	29
1992	06	10	SE	FR	1	1	EC		3	1831	1970	+2	0	16	5
1992	06	14	SE	DK	1	0	EC		21	1852	1859	+1	−1	15	12
1992	06	17	SE	EN	2	1	EC		28	1880	1966	+3	−3	12	5
1992	06	21	SE	DE	2	3	EC		-22	1858	2044	−3	0	14	1
1992	08	26	NO	SE	2	2	F		1	1727	1857	0	0	28	14
1992	09	09	FI	SE	0	1	WQ		-11	1575	1868	−3	+2	63	12
1992	10	07	SE	BG	2	0	WQ		17	1885	1792	+2	−2	10	21
1992	11	11	IL	SE	1	3	WQ		-16	1591	1901	−3	+3	56	8
1993	04	15	HU	SE	0	2	F		-11	1685	1912	0	+1	32	10
1993	04	28	FR	SE	2	1	WQ		14	1938	1898	+2	0	7	10
1993	05	19	SE	AT	1	0	WQ		4	1902	1634	0	0	10	44
1993	06	02	SE	IL	5	0	WQ		6	1908	1574	0	0	10	62
1993	08	11	SE	CH	1	2	F		-14	1894	1862	−1	0	9	15
1993	08	22	SE	FR	1	1	WQ		-3	1891	1949	0	0	9	5
1993	09	08	BG	SE	1	1	WQ		3	1738	1888	0	−2	28	12
1993	10	13	SE	FI	3	2	WQ		3	1891	1515	0	−2	12	73
1993	11	10	AT	SE	1	1	WQ		8	1645	1883	+3	0	43	12
1994	02	18	CO	SE	0	0	JRC	US	-2	1935	1885	0	0	5	11
1994	02	20	US	SE	1	3	JRC		-13	1619	1898	−3	0	52	11
1994	02	24	MX	SE	2	1	F	US	11	1860	1887	+2	0	15	11
1994	04	20	WA	SE	0	2	F		-14	1745	1901	−2	+1	27	10
1994	05	05	SE	NG	3	1	F		5	1906	1734	0	0	10	29
1994	05	26	DK	SE	1	0	F		7	1932	1899	+2	−1	5	10
1994	06	05	SE	NO	2	0	F		9	1908	1851	0	−1	10	18
1994	06	12	RO	SE	1	1	F	US	2	1836	1906	0	0	21	10
1994	06	19	CM	SE	2	2	WC	US	17	1701	1889	+3	−2	31	11
1994	06	24	SE	RU	3	1	WC	US	38	1927	1795	+3	−2	8	23
1994	06	28	BR	SE	1	1	WC	US	-7	2005	1934	0	+2	2	6
1994	07	03	SE	SA	3	1	WC	US	19	1953	1689	0	−2	6	32
1994	07	10	RO	SE	2	2	WC	US	5	1898	1948	+1	0	10	5
1994	07	13	BR	SE	1	0	WC	US	22	2066	1926	0	−3	1	8
1994	07	16	SE	BG	4	0	WC	US	46	1972	1814	+4	−7	4	23
1994	08	17	SE	LT	4	2	F		1	1973	1370	0	0	4	112
1994	09	07	IS	SE	0	1	EQ		-7	1588	1980	0	0	57	4
1994	10	12	CH	SE	4	2	EQ		35	1854	1945	+4	−1	18	5
1994	11	16	SE	HU	2	0	EQ		5	1950	1611	−1	−1	6	51
1995	03	08	CY	SE	3	3	F		9	1368	1941	+4	0	112	6
1995	03	29	TR	SE	2	1	EQ		31	1660	1910	+9	−3	36	9
1995	04	26	HU	SE	1	0	EQ		30	1649	1880	+9	−7	39	16
1995	06	01	SE	IS	1	1	EQ		-16	1864	1589	−3	+2	20	59
1995	06	04	BR	SE	1	0	UMB	EN	7	2069	1857	0	−2	1	21
1995	06	08	EN	SE	3	3	UMB		-5	1879	1862	−1	+2	14	18
1995	06	10	JP	SE	2	2	UMB	EN	9	1615	1853	+4	−3	49	21
1995	08	16	SE	US	1	0	F		4	1857	1710	0	0	20	31
1995	09	06	SE	CH	0	0	EQ		-7	1850	1831	0	+1	19	21
1995	10	11	SE	SQ	2	0	F		9	1859	1782	+3	−1	15	24
1995	11	15	SE	TR	2	2	EQ		-11	1848	1759	−1	+1	16	27
1996	02	22	JP	SE	1	1	CBG	HK	7	1688	1841	+1	−1	35	18
1996	02	25	AU	SE	0	2	F		-13	1681	1854	−2	+2	36	16
1996	02	28	AU	SE	0	0	F		2	1683	1852	0	0	36	16
1996	04	24	EI	SE	1	2	F		-7	1635	1859	−3	+2	45	15
1996	05	09	SE	SK	2	1	F		4	1863	1690	0	0	15	32
1996	05	16	KR	SE	0	2	F		-9	1604	1872	0	0	50	15
1996	06	01	SE	BY	5	1	WQ		4	1876	1454	0	−2	15	92
1996	08	14	SE	DK	0	1	F		-11	1865	1947	0	0	15	6
1996	09	01	LV	SE	1	2	WQ		-4	1398	1869	0	0	107	15
1996	10	09	SE	AT	0	1	WQ		-33	1836	1727	−2	+4	16	30
1996	11	10	SQ	SE	1	0	WQ		17	1814	1819	0	−3	22	19
1997	03	12	IL	SE	0	1	F		-7	1603	1826	0	+2	55	18
1997	04	02	FR	SE	1	0	F		3	2038	1823	0	+1	3	18
1997	04	30	SE	SQ	2	1	WQ		14	1837	1797	+2	−1	16	22
1997	05	22	SE	PL	2	2	F		-6	1831	1679	−1	+1	17	40
1997	06	08	EE	SE	2	3	WQ		-2	1219	1833	0	+1	146	16
1997	08	06	SE	LT	1	0	F		2	1835	1504	0	0	16	76
1997	08	20	BY	SE	1	2	WQ		-4	1363	1839	−1	0	115	16
1997	09	06	AT	SE	1	0	WQ		21	1735	1818	+4	−3	29	19
1997	09	10	SE	LV	1	0	WQ		2	1820	1408	0	−1	19	105
1997	10	11	SE	EE	1	0	WQ		1	1821	1183	0	0	19	159
1998	01	24	US	SE	1	0	F		10	1730	1811	+2	0	33	19
1998	01	29	JM	SE	0	0	F		2	1637	1809	+2	0	48	19
1998	03	25	ES	SE	4	0	F		5	2037	1804	0	0	3	19
1998	04	22	SE	FR	0	0	F		3	1807	2001	+1	0	18	4
1998	05	28	SE	DK	3	0	F		18	1825	1900	0	−1	18	10
1998	06	02	SE	IT	1	0	F		12	1837	1971	0	−1	18	6
1998	08	19	SE	RU	1	0	F		8	1845	1854	0	0	18	17
1998	09	05	SE	EN	2	1	EQ		21	1866	1950	+2	−1	16	9
1998	10	14	BG	SE	0	1	EQ		-17	1689	1883	−3	+1	40	14
1999	02	10	TN	SE	0	1	F		-6	1638	1889	−1	0	52	14
1999	03	27	SE	LU	2	0	EQ		1	1890	1203	0	0	13	152
1999	03	31	PL	SE	0	1	EQ		-18	1734	1908	−5	0	30	13
1999	04	28	IE	SE	2	0	F		17	1771	1891	+3	0	20	13
1999	05	27	SE	JM	2	1	F		3	1894	1651	0	0	13	49
1999	06	05	EN	SE	0	0	EQ		-8	1930	1902	0	0	9	13
1999	08	18	SE	AT	0	0	F		-7	1895	1710	−1	+1	13	35
1999	09	04	SE	BG	1	0	EQ		5	1900	1663	−1	0	14	43
1999	09	08	LU	SE	0	1	EQ		-1	1192	1901	+1	−1	154	15
1999	10	09	SE	PL	2	0	EQ		12	1913	1743	+3	−4	12	30
1999	11	27	ZA	SE	1	0	NMC		22	1648	1891	+7	−6	44	16
2000	01	31	SE	DK	1	0	NRD	ES	16	1907	1892	+3	−4	13	16
2000	02	04	NO	SE	1	1	NRD	ES	0	1915	1907	0	0	10	14
2000	02	23	IT	SE	1	0	F		7	1935	1900	0	0	8	13
2000	03	29	AT	SE	1	1	F		3	1697	1897	0	0	41	13
2000	04	26	DK	SE	0	1	F		-11	1827	1908	0	+3	17	10
2000	06	03	SE	ES	1	1	F		0	1908	2018	−1	0	12	3
2000	06	10	BE	SE	2	1	EC		24	1845	1884	+1	−2	17	14
2000	06	15	SE	TR	0	0	EC	NL	-11	1873	1725	0	+5	14	33
2000	06	19	IT	SE	2	1	EC	NL	18	1997	1855	+2	−1	3	14
2000	08	16	IS	SE	2	1	NRD		22	1611	1833	+2	−2	57	15
2000	09	02	AZ	SE	0	1	WQ		-3	1278	1836	−1	0	136	15
2000	10	07	SE	TR	1	1	WQ		-10	1826	1758	−2	+2	18	29
2000	10	11	SK	SE	0	0	WQ		-1	1737	1827	+1	+1	31	17
2001	01	31	SE	FO	0	0	NRD		-15	1812	1215	−2	+3	17	153
2001	02	01	SE	FI	0	1	NRD		-26	1786	1635	−4	+4	21	54
2001	02	10	TH	SE	1	4	KNG		-16	1526	1802	−1	+4	70	18
2001	02	12	CN	SE	2	2	KNG	TH	6	1660	1796	+2	−1	50	19
2001	02	14	QA	SE	0	0	KNG	TH	9	1559	1787	+2	−3	63	22
2001	02	17	SE	CN	3	0	KNG	TH	19	1806	1664	+4	−3	18	49
2001	02	28	MT	SE	0	3	F		-2	1232	1808	0	−1	148	19
2001	03	24	SE	MK	1	0	WQ		4	1812	1529	+2	+2	17	68
2001	03	28	MD	SE	0	2	WQ		-9	1401	1821	−2	0	105	17
2001	04	25	CH	SE	0	2	F		-15	1698	1836	−4	+1	40	16
2001	06	02	SE	SK	2	0	WQ		16	1852	1743	+2	−3	15	31
2001	06	06	SE	MD	6	0	WQ		4	1856	1405	0	−1	14	105
2001	08	15	SE	ZA	3	0	F		4	1860	1615	+1	0	14	54
2001	09	01	MK	SE	1	2	WQ		-8	1507	1868	−1	+1	74	12
2001	09	05	TR	SE	1	2	WQ		-19	1737	1887	−3	+3	31	9
2001	10	07	SE	AZ	3	0	WQ		1	1888	1301	0	0	9	130
2001	11	10	EN	SE	1	1	F		-4	1932	1892	0	+1	7	8
2002	02	13	GR	SE	2	2	F		4	1661	1888	0	0	48	8
2002	03	27	SE	CH	1	1	F		-7	1881	1678	−2	+1	10	45
2002	04	17	NO	SE	0	0	F		1	1748	1880	+1	+1	29	9
2002	05	17	SE	PY	1	2	F		-16	1864	1731	−3	0	12	37
2002	05	25	JP	SE	1	1	F		-2	1848	1866	0	0	15	13
2002	06	02	EN	SE	1	1	WC	JP	-5	1919	1871	0	+2	7	12
2002	06	07	SE	NG	2	1	WC	JP	20	1891	1734	+3	−2	9	34
2002	06	12	AR	SE	1	1	WC	JP	-8	1984	1899	0	+1	3	11
2002	06	16	SN	SE	2	1	WC	JP	41	1808	1858	+7	−5	21	15
2002	08	21	RU	SE	1	1	F		-1	1775	1859	0	0	28	14
2002	09	07	LV	SE	0	0	EQ		15	1427	1844	+1	0	102	15
2002	10	12	SE	HU	1	1	EQ		-15	1829	1601	−1	+4	16	55
2002	10	16	SE	PT	2	3	F		-10	1819	1926	−2	0	18	8
2002	11	20	CZ	SE	3	3	F		-4	1866	1823	+1	+1	12	17
2003	02	12	TN	SE	1	0	F		13	1626	1810	+2	−2	51	19
2003	02	16	SE	QA	3	2	KNG	TH	6	1816	1575	0	−1	19	61
2003	02	18	KP	SE	1	1	KNG	TH	11	1515	1805	+4	0	70	19
2003	02	20	TH	SE	1	4	KNG		-9	1416	1814	−5	0	107	19
2003	02	22	SE	KP	4	0	KNG	TH	9	1823	1508	+1	−2	18	72
2003	04	02	HU	SE	1	2	EQ		-13	1587	1836	−1	+2	59	15
2003	04	30	SE	HR	1	2	F		-13	1823	1824	−3	+3	18	17
2003	06	07	SM	SE	0	6	EQ		-1	942	1824	0	+1	193	17
2003	06	11	SE	PL	3	0	EQ		16	1840	1694	+2	−1	15	39
2003	08	20	SE	GR	1	2	F		-15	1825	1778	−1	+1	17	25
2003	09	06	SE	SM	5	0	EQ		0	1825	945	−1	0	18	193
2003	09	10	PL	SE	0	2	EQ		-29	1688	1854	−4	+3	39	15
2003	10	11	SE	LV	0	1	EQ		-38	1816	1509	−4	+10	19	76
2003	11	18	EG	SE	1	0	F		12	1657	1804	+3	−1	48	19
2004	01	22	NO	SE	3	0	CBG	HK	33	1743	1771	+8	−7	29	26
2004	02	18	AL	SE	2	1	F		14	1531	1757	+3	−1	74	27
2004	03	31	SE	EN	1	0	F		13	1770	1943	0	0	27	7
2004	04	28	PT	SE	2	2	F		-6	1898	1776	0	+1	9	26
2004	05	28	FI	SE	1	3	F		-15	1668	1791	−4	+4	45	22
2004	06	05	SE	PL	3	1	F		9	1800	1746	+1	0	21	28
2004	06	14	SE	BG	5	0	EC	PT	44	1844	1714	+6	−7	15	35
2004	06	18	IT	SE	1	1	EC	PT	-7	1934	1851	0	+3	8	13
2004	06	22	DK	SE	2	2	EC	PT	-3	1893	1854	0	0	10	13
2004	06	26	NL	SE	0	0	EC	PT	-6	1936	1860	0	+1	8	12
2004	08	18	SE	NL	2	2	F		-1	1859	1917	+2	0	12	9
2004	09	04	MT	SE	0	7	WQ		-5	1251	1864	−1	0	142	12
2004	09	08	SE	HR	0	1	WQ		-27	1837	1857	−7	+7	19	13
2004	10	09	SE	HU	3	0	WQ		9	1846	1594	+3	−4	16	65
2004	10	13	IS	SE	1	4	WQ		-16	1525	1862	−1	+1	73	15
2004	11	17	SQ	SE	1	4	F		-10	1603	1872	−3	+2	61	13
2005	01	22	KR	SE	1	1	F	US	4	1712	1868	0	0	34	13
2005	01	26	MX	SE	0	0	F	US	-1	1887	1869	0	0	10	13
2005	02	09	FR	SE	1	1	F		-6	1980	1875	−1	0	3	13
2005	03	26	BG	SE	0	3	WQ		-30	1697	1905	−5	+3	37	10
2005	06	04	SE	MT	6	0	WQ		1	1906	1242	−1	0	11	143
2005	06	08	SE	NO	2	3	F		-15	1891	1809	0	+3	11	22
2005	08	17	SE	CZ	2	1	F		10	1901	1988	0	0	11	3
2005	09	03	SE	BG	3	0	WQ		10	1911	1678	+3	−2	8	44
2005	09	07	HU	SE	0	1	WQ		-10	1609	1921	−2	0	59	8
2005	10	08	HR	SE	1	0	WQ		17	1882	1904	+2	−2	13	10
2005	10	12	SE	IS	3	1	WQ		3	1907	1507	0	−1	10	81
2005	11	12	KR	SE	2	2	F		4	1670	1903	+2	0	49	10
2006	01	18	SA	SE	1	1	F		6	1574	1897	0	0	66	10
2006	01	23	JO	SE	0	0	F	AE	8	1543	1889	+1	−1	71	11
2006	03	01	IE	SE	3	0	F		16	1839	1873	+3	−1	17	12
2006	05	25	SE	FI	0	0	F		-8	1865	1635	0	+2	12	51
2006	06	02	SE	CL	1	1	F		-6	1859	1713	0	+3	12	39
2006	06	10	SE	TT	0	0	WC	DE	-21	1838	1588	−4	+3	16	63
2006	06	15	SE	PY	1	0	WC	DE	24	1862	1740	+3	−8	13	36
2006	06	20	EN	SE	2	2	WC	DE	-11	1984	1873	0	0	4	12
2006	06	24	DE	SE	2	0	WC		24	1970	1849	0	−1	8	13
2006	08	16	DE	SE	3	0	F		8	1962	1841	0	−3	7	16
2006	09	02	LV	SE	0	1	EQ		-7	1473	1848	+1	+2	89	14
2006	09	06	SE	LI	3	1	EQ		1	1849	1118	0	0	14	172
2006	10	07	SE	ES	2	0	EQ		27	1876	1887	+1	−1	12	11
2006	10	11	IS	SE	1	2	EQ		-7	1496	1883	0	0	85	12
2006	11	15	CI	SE	1	0	F	FR	13	1774	1870	+3	−1	26	13
2007	01	14	VE	SE	2	0	F		21	1648	1849	+4	−1	50	14
2007	01	18	EC	SE	2	1	F		10	1771	1839	+3	−2	28	16
2007	01	21	EC	SE	1	1	F		-1	1770	1840	0	0	28	16
2007	02	07	EG	SE	2	0	F		16	1739	1824	+2	−1	39	17
2007	03	28	EI	SE	2	1	EQ		30	1574	1794	+7	−3	66	20
2007	06	02	DK	SE	3	3	EQ		-11	1900	1805	−1	+1	11	19
2007	06	06	SE	IS	5	0	EQ		6	1811	1471	0	0	19	90
2007	08	22	SE	US	1	0	F		6	1817	1742	0	−1	18	35
2007	09	08	SE	DK	0	0	EQ		-2	1815	1878	+1	0	17	13
2007	09	12	ME	SE	1	2	F		-8	1647	1823	−4	0	52	17
2007	10	13	LI	SE	0	3	EQ		-2	1147	1825	0	0	168	17
2007	10	17	SE	EI	1	1	EQ		-16	1809	1551	0	+3	17	70
2007	11	17	ES	SE	3	0	EQ		14	1962	1795	+1	−4	6	21
2007	11	21	SE	LV	2	1	EQ		3	1798	1470	+1	+1	20	90
2008	01	13	CR	SE	0	1	F		-8	1631	1806	−1	0	54	20
2008	01	19	US	SE	2	0	F		13	1772	1793	+4	−1	27	21
2008	02	06	TR	SE	0	0	F		-3	1811	1796	−1	0	20	23
2008	03	26	BR	SE	1	0	F	EN	3	2085	1793	0	0	1	23
2008	05	26	SE	SI	1	0	F		2	1795	1547	+1	0	22	73
2008	06	01	SE	UA	0	1	F		-14	1781	1748	−5	+3	27	33
2008	06	10	SE	GR	2	0	EC	AT	43	1824	1792	+9	−7	15	21
2008	06	14	ES	SE	2	1	EC	AT	13	2021	1811	0	−1	4	16
2008	06	18	RU	SE	2	0	EC	AT	38	1842	1773	+6	−6	14	24
2008	08	20	SE	FR	2	3	F		-9	1764	1931	0	+1	27	7
2008	09	06	AL	SE	0	0	WQ		9	1497	1755	+4	−3	87	30
2008	09	10	SE	HU	2	1	WQ		7	1762	1580	+2	−3	28	63
2008	10	11	SE	PT	0	0	WQ		-1	1761	1845	−2	+1	29	12
2008	11	19	NL	SE	3	1	F		3	2027	1758	0	0	2	30
2009	01	24	US	SE	3	2	F		6	1810	1752	0	−1	19	31
2009	01	28	SE	MX	1	0	F	US	12	1764	1823	+2	−4	29	17
2009	02	11	AT	SE	0	2	F		-11	1555	1775	−3	+4	70	25
2009	03	28	PT	SE	0	0	WQ		-8	1818	1783	−2	0	18	25
2009	04	01	RS	SE	2	0	F		10	1810	1773	+5	−1	17	26
2009	06	06	SE	DK	0	1	WQ		-22	1751	1860	−3	+1	30	11
2009	06	10	SE	MT	4	0	WQ		2	1753	1222	0	−2	29	151
2009	08	12	SE	FI	1	0	F		5	1758	1658	−1	−1	30	48
2009	09	05	HU	SE	1	2	WQ		-18	1613	1776	−5	+4	56	26
2009	09	09	MT	SE	0	1	WQ		-3	1226	1779	−1	+1	151	25
2009	10	10	DK	SE	1	0	WQ		12	1839	1767	−1	0	15	25
2009	10	14	SE	AL	4	1	WQ		7	1774	1485	+1	0	24	86
2009	11	18	IT	SE	1	0	F		3	1956	1771	0	−2	6	26
2010	01	20	OM	SE	0	1	F		-8	1597	1779	−2	+3	58	23
2010	01	23	SY	SE	1	1	F		4	1552	1775	0	−2	74	25
2010	03	03	WA	SE	0	1	F		-8	1597	1783	−2	+5	58	19
2010	05	29	SE	BA	4	2	F		6	1789	1645	0	−1	20	50
2010	06	02	BY	SE	0	1	F		-8	1599	1797	−3	+2	59	19
2010	08	11	SE	SQ	3	0	F		8	1805	1671	+1	−3	17	46
2010	09	03	SE	HU	2	0	EQ		9	1814	1595	+1	−3	16	59
2010	09	07	SE	SM	6	0	EQ		0	1814	913	−1	0	17	197
2010	10	12	NL	SE	4	1	EQ		7	2102	1807	0	0	3	14
2010	11	17	SE	DE	0	0	F		4	1811	2067	0	0	14	4
2011	01	19	SE	BW	2	1	F	ZA	2	1813	1429	0	−1	14	107
2011	02	08	CY	SE	0	2	FT		-13	1538	1826	−2	+1	76	14
2011	02	09	SE	UA	1	1	FT	CY	-1	1825	1805	0	0	14	17
2011	03	29	SE	MD	2	1	EQ		3	1828	1462	0	0	14	96
2011	06	03	MD	SE	1	4	EQ		-12	1450	1840	−3	+1	98	13
2011	06	07	SE	FI	5	0	EQ		10	1850	1584	0	−1	13	61
2011	08	10	UA	SE	0	1	F		-11	1760	1861	−3	+1	27	12
2011	09	02	HU	SE	2	1	EQ		26	1673	1835	+7	−3	45	15
2011	09	06	SM	SE	0	5	EQ		-1	897	1836	0	0	199	15
2011	10	07	FI	SE	1	2	EQ		-13	1595	1849	−4	+1	61	14
2011	10	11	SE	NL	3	2	EQ		29	1878	2088	+3	0	11	2
2011	11	11	DK	SE	2	0	F		13	1827	1865	+1	0	16	11
2011	11	15	EN	SE	1	0	F		5	1955	1860	0	−2	6	13
2012	01	18	SE	BH	2	0	F	QA	5	1865	1568	+1	−1	12	69
2012	02	29	HR	SE	1	3	F		-20	1870	1885	−1	+4	10	9
2012	05	30	SE	IS	3	2	F		1	1886	1434	0	+1	10	101
2012	06	05	SE	RS	2	1	F		3	1889	1711	+1	0	9	37
2012	06	11	UA	SE	2	1	EC		27	1782	1862	+7	−3	23	14
2012	06	15	EN	SE	3	2	EC	UA	19	1968	1843	+1	0	6	15
2012	06	19	SE	FR	2	0	EC	UA	45	1888	1866	+3	−5	12	14
2012	08	15	SE	BR	0	3	F		-15	1873	2059	0	+1	12	2
2012	09	06	SE	CN	1	0	F		3	1876	1634	0	−2	12	53
2012	09	11	SE	KZ	2	0	WQ		2	1878	1338	0	−1	12	122
2012	10	12	FO	SE	1	2	WQ		-2	1216	1880	0	−1	150	13
2012	10	16	DE	SE	4	4	WQ		-13	2051	1893	0	+2	3	11
2012	11	14	SE	EN	4	2	F		14	1907	1952	+2	0	9	6
2013	01	23	KP	SE	1	1	KNG	TH	11	1589	1896	+2	−2	63	11
2013	01	26	SE	FI	3	0	KNG	TH	10	1906	1634	+2	−1	9	50
2013	02	06	SE	AR	2	3	F		-10	1896	2024	−1	0	10	4
2013	03	22	SE	IE	0	0	WQ		-13	1883	1750	−3	+2	13	29
2013	03	26	SK	SE	0	0	F		5	1591	1878	0	−1	62	14
2013	06	03	SE	MK	1	0	F		1	1879	1529	0	0	12	78
2013	06	07	AT	SE	2	1	WQ		29	1641	1850	+5	−3	50	15
2013	06	11	SE	FO	2	0	WQ		1	1851	1202	−1	−1	16	155
2013	08	14	SE	NO	4	2	F		6	1857	1705	+2	−4	15	37
2013	09	06	IE	SE	1	2	WQ		-19	1729	1876	−1	+4	30	11
2013	09	10	KZ	SE	0	1	WQ		-4	1365	1880	0	0	117	11
2013	10	11	SE	AT	2	1	WQ		5	1885	1641	0	−3	11	53
2013	10	15	SE	DE	3	5	WQ		-24	1861	2079	−5	0	16	3
2013	11	15	PT	SE	1	0	WQ		13	1909	1848	0	−1	11	16
2013	11	19	SE	PT	2	3	WQ		-22	1826	1931	−3	+1	19	9
2014	01	17	SE	MD	2	1	F	AE	2	1828	1437	0	−1	19	104
2014	01	21	SE	IS	2	0	F	AE	5	1833	1537	0	−1	19	74
2014	03	05	TR	SE	2	1	F		11	1723	1822	+2	0	32	19
2014	05	28	DK	SE	1	0	F		9	1753	1813	0	−2	28	21
2014	06	01	SE	BE	0	2	F		-18	1795	1849	−1	+5	22	14
2014	09	04	SE	EE	2	0	F		2	1797	1453	0	0	22	98
2014	09	08	AT	SE	1	1	EQ		1	1676	1796	0	0	42	21
2014	10	09	SE	RU	1	1	EQ		-5	1791	1804	0	+1	21	19
2014	10	12	SE	LI	2	0	EQ		1	1792	1184	+1	0	20	162
2014	11	15	ME	SE	1	1	EQ		6	1593	1786	0	−1	62	22
2014	11	18	FR	SE	1	0	F		3	1965	1783	+1	−1	6	23
2015	01	15	SE	CI	2	0	F	AE	11	1794	1677	+2	−6	21	43
2015	01	19	FI	SE	1	0	F	AE	15	1640	1779	+4	−2	54	23
2015	03	27	MD	SE	0	2	EQ		-10	1398	1789	−2	+1	111	22
2015	03	31	SE	IR	3	1	F		9	1798	1739	+1	0	20	28
2015	06	08	NO	SE	0	0	F		2	1616	1796	+1	0	57	20
2015	06	14	SE	ME	3	1	EQ		9	1805	1585	0	0	20	62
2015	09	05	RU	SE	1	0	EQ		18	1758	1787	+2	−3	27	21
2015	09	08	SE	AT	1	4	EQ		-48	1739	1798	−11	+12	31	18
2015	10	09	LI	SE	0	2	EQ		-5	1203	1744	−1	+3	160	30
2015	10	12	SE	MD	2	0	EQ		3	1747	1357	+1	0	28	117
2015	11	14	SE	DK	2	1	EQ		14	1761	1731	+5	−2	26	34
2015	11	17	DK	SE	2	2	EQ		-4	1727	1765	−3	0	36	27
2016	01	06	EE	SE	1	1	F	AE	7	1499	1758	0	−2	87	29
2016	01	10	SE	FI	3	0	F	AE	10	1768	1592	+2	−2	27	60
2016	03	24	TR	SE	2	1	F		6	1810	1762	+1	−2	18	29
2016	03	29	SE	CZ	1	1	F		-3	1759	1754	−1	−1	29	30
2016	05	30	SE	SI	0	0	F		-6	1753	1620	−2	+2	31	53
2016	06	05	SE	WA	3	0	F		9	1762	1654	+4	−1	27	47
2016	06	13	IE	SE	1	1	EC	FR	0	1758	1762	0	0	29	27
2016	06	17	IT	SE	1	0	EC	FR	15	1932	1747	+1	−7	10	31
2016	06	22	BE	SE	1	0	EC	FR	14	1921	1733	+1	−5	10	32
2016	09	06	SE	NL	1	1	WQ		4	1737	1902	0	0	32	12
2016	10	07	LU	SE	0	1	WQ		-4	1228	1741	−3	+2	153	31
2016	10	10	SE	BG	3	0	WQ		13	1754	1570	+2	−3	29	66
2016	11	11	FR	SE	2	1	WQ		5	2016	1749	0	−2	4	31
2016	11	15	HU	SE	0	2	F		-17	1690	1766	−1	+6	39	26
2017	01	08	CI	SE	2	1	F	AE	11	1728	1755	0	−2	34	28
2017	03	25	SE	BY	4	0	WQ		13	1768	1573	+4	−3	26	67
2017	03	28	PT	SE	2	3	F		-17	1922	1785	−3	+5	11	21
2017	06	09	SE	FR	2	1	WQ		26	1811	1967	+3	−2	19	7
2017	06	13	NO	SE	1	1	F		4	1566	1807	+1	0	69	19
2017	08	31	BG	SE	3	2	WQ		25	1638	1782	+4	−5	51	24
2017	09	03	BY	SE	0	4	WQ		-23	1522	1805	−5	+4	78	19
2017	10	07	SE	LU	8	0	WQ		3	1808	1295	0	−3	21	133
2017	10	10	NL	SE	2	0	WQ		18	1872	1790	+4	−1	13	21
2017	11	10	SE	IT	1	0	WQ		23	1813	1915	+2	−3	20	10
2017	11	13	IT	SE	0	0	WQ		-10	1905	1823	0	+1	10	19
2018	01	07	EE	SE	1	1	F	AE	7	1513	1816	+2	0	79	20
2018	03	24	SE	CL	1	2	F		-12	1804	1871	0	+1	20	15
2018	03	27	RO	SE	1	0	F		10	1705	1794	+2	0	42	20
2018	06	02	SE	DK	0	0	F		-2	1792	1843	0	0	20	18
2018	06	09	SE	PE	0	0	F		1	1793	1915	0	0	20	10
2018	06	18	SE	KR	1	0	WC	RU	23	1816	1690	+2	−4	20	43
2018	06	23	DE	SE	2	1	WC	RU	14	2043	1802	0	0	3	19
2018	06	27	SE	MX	3	0	WC	RU	68	1870	1842	+3	−6	17	19
2018	07	03	SE	CH	1	0	WC	RU	34	1904	1878	+5	−6	12	17
2018	07	07	EN	SE	2	0	WC	RU	40	1983	1864	+3	−6	5	18
2018	09	06	AT	SE	2	0	F		16	1758	1848	+3	0	28	18
2018	09	10	SE	TR	2	3	ENB		-32	1816	1733	0	+8	18	33
2018	10	11	RU	SE	0	0	ENB		-2	1755	1818	0	0	29	19
2018	10	16	SE	SK	1	1	F		-5	1813	1732	0	+2	19	33
2018	11	17	TR	SE	0	1	ENB		-20	1691	1833	−3	+1	43	18
2018	11	20	SE	RU	2	0	ENB		17	1850	1752	0	−4	18	30
2019	01	08	FI	SE	1	0	F	QA	16	1636	1834	+3	0	49	18
2019	01	11	IS	SE	2	2	F	QA	4	1672	1830	0	0	46	18
2019	03	23	SE	RO	2	1	EQ		11	1841	1741	+1	−1	17	35
2019	03	26	NO	SE	3	3	EQ		4	1679	1837	+1	+1	44	16
2019	06	07	SE	MT	3	0	EQ		1	1838	1194	+1	0	16	162
2019	06	10	ES	SE	3	0	EQ		12	2028	1826	0	−2	4	18
2019	09	05	FO	SE	0	4	EQ		-4	1221	1830	+1	0	154	18
2019	09	08	SE	NO	1	1	EQ		-12	1818	1698	0	+2	19	42
2019	10	12	MT	SE	0	4	EQ		-3	1183	1821	0	0	162	19
2019	10	15	SE	ES	1	1	EQ		6	1827	2021	0	−1	19	5
2019	11	15	RO	SE	0	2	EQ		-31	1708	1858	−8	+1	42	18
2019	11	18	SE	FO	3	0	EQ		1	1859	1225	0	0	18	151
2020	01	09	SE	MD	1	0	F	QA	1	1860	1238	0	0	18	147
2020	01	12	SE	KO	1	0	F	QA	3	1863	1561	0	0	18	66
2020	09	05	SE	FR	0	1	ENA		-15	1848	2061	0	0	19	3
2020	09	08	SE	PT	0	2	ENA		-25	1823	2030	−2	0	21	5
2020	10	08	RU	SE	1	2	F		-13	1819	1836	−2	+2	21	19
2020	10	11	HR	SE	2	1	ENA		11	1914	1825	0	−1	14	19
2020	10	14	PT	SE	3	0	ENA		10	2046	1815	0	−1	4	20
2020	11	11	DK	SE	2	0	F		7	1934	1808	+1	−1	12	21
2020	11	14	SE	HR	2	1	ENA		19	1827	1877	+1	0	20	15
2020	11	17	FR	SE	4	2	ENA		7	2091	1820	0	0	3	20
2021	03	25	SE	GE	1	0	WQ		3	1823	1504	+1	0	19	77
2021	03	28	KO	SE	0	3	WQ		-15	1484	1838	−3	+5	82	16
2021	03	31	SE	EE	1	0	F		1	1839	1360	0	0	17	116
2021	05	29	SE	FI	2	0	F		6	1845	1702	+1	0	16	40
2021	06	05	SE	AM	3	1	F		3	1848	1583	0	0	16	63
2021	06	14	ES	SE	0	0	EC		-17	2016	1865	−1	0	6	16
2021	06	18	SE	SK	1	0	EC	RU	13	1878	1678	+2	−1	15	42
2021	06	23	SE	PL	3	2	EC	RU	18	1896	1761	+3	−5	13	33
2021	06	29	UA	SE	2	1	EC	SQ	33	1820	1863	+5	−2	21	16
2021	09	02	SE	ES	2	1	WQ		23	1886	2001	0	−1	16	8
2021	09	05	SE	UZ	2	1	F		2	1888	1548	0	−2	16	72
2021	09	08	GR	SE	2	1	WQ		27	1682	1861	+6	0	43	16
2021	10	09	SE	KO	3	0	WQ		5	1866	1502	+1	+1	16	79
2021	10	12	SE	GR	2	0	WQ		11	1877	1693	0	−3	16	43
2021	11	11	GE	SE	2	0	WQ		50	1542	1827	+10	−5	72	21
2021	11	14	ES	SE	1	0	WQ		6	2037	1821	0	−1	6	23
2022	03	24	SE	CZ	1	0	WQ		15	1836	1818	+5	−1	20	25
2022	03	29	PL	SE	2	0	WQ		27	1798	1809	+2	−5	28	26
2022	06	02	SI	SE	0	2	ENB		-23	1603	1832	−4	+6	61	20
2022	06	05	SE	NO	1	2	ENB		-28	1804	1805	−8	+4	27	26
2022	06	09	SE	RS	0	1	ENB		-24	1780	1849	−4	+5	30	16
2022	06	12	NO	SE	3	2	ENB		14	1805	1766	+2	−1	27	31
2022	09	24	RS	SE	4	1	ENB		19	1860	1747	+2	−4	16	35
2022	09	27	SE	SI	1	1	ENB		-11	1736	1651	−1	+3	35	51
2022	11	16	SE	MX	2	1	F	ES	12	1748	1808	+3	−1	33	22
2022	11	19	SE	DZ	2	0	F		9	1757	1705	+2	−1	32	40
2023	01	09	SE	FI	2	0	F	PT	12	1769	1677	0	−2	30	46
2023	01	12	SE	IS	2	1	F	PT	4	1773	1536	+1	−4	29	75
2023	03	24	SE	BE	0	3	EQ		-28	1745	1975	−7	+2	36	8
2023	03	27	SE	AZ	5	0	EQ		6	1751	1412	+2	−2	33	100
2023	06	16	SE	NZ	4	1	F		5	1756	1524	+2	−1	34	76
2023	06	20	AT	SE	2	0	EQ		20	1794	1736	+2	−2	27	35
2023	09	09	EE	SE	0	5	EQ		-20	1422	1756	−4	+1	97	33
2023	09	12	SE	AT	1	3	EQ		-36	1720	1821	−5	+3	37	25
2023	10	12	SE	MD	3	1	F		2	1722	1312	−3	−2	40	133
2023	10	16	BE	SE	1	1	EQ		-16	1983	1738	0	+2	7	36
2023	11	16	AZ	SE	3	0	EQ		52	1500	1686	+11	−10	80	46
2023	11	19	SE	EE	2	0	EQ		5	1691	1365	0	−2	46	111
2024	01	12	SE	EE	2	1	F	CY	3	1694	1362	0	−1	46	116
2024	03	21	PT	SE	5	2	F		3	2035	1691	+1	0	3	44
2024	03	25	SE	AL	1	0	F		5	1696	1612	0	−1	44	60
2024	06	05	DK	SE	2	1	F		4	1826	1692	0	0	19	44
2024	06	08	SE	RS	0	3	F		-18	1674	1800	−1	+2	45	22
2024	09	05	AZ	SE	1	3	ENC		-23	1468	1697	−6	+4	90	43
2024	09	08	SE	EE	3	0	ENC		5	1702	1356	0	−1	44	118
2024	10	11	SK	SE	2	2	ENC		-6	1695	1708	−1	+1	46	43
2024	10	14	EE	SE	0	3	ENC		-15	1371	1723	−5	+3	114	40
2024	11	16	SE	SK	2	1	ENC		14	1737	1698	+5	−2	36	46
2024	11	19	SE	AZ	6	0	ENC		7	1744	1398	+1	−4	36	108
2025	03	22	LU	SE	1	0	F		15	1460	1729	0	−4	90	40
2025	03	25	SE	EI	5	1	F		7	1736	1556	+1	−2	36	70
2025	06	06	HU	SE	0	2	F		-18	1697	1754	−2	+2	46	35
2025	06	10	SE	DZ	4	3	F		6	1760	1704	+1	+1	33	43
2025	09	05	SI	SE	2	2	WQ		-5	1747	1765	−2	−1	36	33
2025	09	08	KO	SE	2	0	WQ		36	1635	1729	+5	−6	55	40
2025	10	10	SE	CH	0	2	WQ		-26	1703	1896	−4	+2	41	13
2025	10	13	SE	KO	0	1	WQ		-29	1674	1664	−9	+3	50	53
2025	11	15	CH	SE	4	1	WQ		10	1902	1664	+2	0	13	51
2025	11	18	SE	SI	1	1	WQ		-4	1660	1695	0	0	51	46
2026	03	26	SE	UA	3	1	WQ	ES	42	1702	1760	+7	−6	46	32
2026	03	31	SE	PL	3	2	WQ		17	1719	1729	+3	−3	43	37
2026	06	01	NO	SE	3	1	F		5	1917	1714	0	0	12	41
2026	06	04	SE	GR	2	2	F		-2	1712	1754	−1	0	42	34
2026	06	14	SE	TN	5	1	WC	MX	43	1755	1585	+7	−9	35	67
2026	06	20	NL	SE	5	1	WC	US	28	1972	1727	+1	−4	7	39