1932	11	13	TN	DZ	1	0	F		10	1610	1690	−	−	31	22
1933	11	13	DZ	TN	0	3	F		-26	1664	1636	−3	+3	25	30
1934	11	11	DZ	TN	2	2	F		-4	1660	1640	−1	+1	25	28
1935	11	10	DZ	TN	2	4	F		-20	1640	1660	−3	+2	31	28
1954	05	31	GC	TN	2	0	F		10	1699	1650	+1	0	24	32
1957	06	02	TN	LY	4	2	F		5	1655	1485	0	0	36	67
1957	10	19	TN	LY	4	3	PAR	LB	11	1666	1474	+2	−2	35	72
1957	10	21	TN	IQ	4	2	PAR	LB	31	1697	1648	+8	−8	27	39
1957	10	23	MA	TN	3	1	PAR	LB	28	1743	1669	+3	−6	21	33
1957	10	26	LB	TN	2	4	PAR		-10	1289	1679	−3	+2	108	31
1957	10	27	SY	TN	3	1	PAR	LB	52	1393	1627	+8	−10	91	41
1958	05	03	TN	DZ	1	5	F		-23	1604	1663	−5	+5	46	34
1958	05	09	TN	LY	4	1	DBT		9	1613	1431	+3	−1	43	82
1958	05	11	TN	DZ	1	5	DBT		-31	1582	1712	−6	+3	49	28
1959	01	01	TN	HU	0	3	F		-6	1576	1977	−1	0	52	2
1959	03	00	TN	DZ	0	4	F		-17	1559	1729	−3	+5	55	24
1959	03	08	TN	MT	0	0	F		-6	1553	1425	−1	+1	56	84
1959	10	03	TN	DZ	0	8	F		-19	1534	1748	−3	+3	57	22
1959	11	15	TN	MA	2	0	OQ		37	1571	1683	+4	−6	52	35
1959	12	27	MA	TN	3	1	OQ		14	1697	1557	+2	−2	33	54
1960	01	03	TN	YU	1	5	F		-7	1550	1914	−1	+1	55	8
1960	02	14	SD	TN	1	0	OQ		10	1646	1540	+1	0	38	55
1960	02	19	RR	TN	3	1	OQ		10	1740	1530	+1	−3	26	58
1960	04	03	TN	RR	0	0	OQ		7	1537	1753	+2	−1	56	23
1960	04	17	TN	SD	2	0	OQ		29	1566	1597	+3	−2	53	45
1960	06	05	TN	IQ	2	1	F		10	1576	1670	+3	0	49	35
1960	07	20	HU	TN	10	1	F		3	1989	1573	0	0	3	49
1960	08	06	YU	TN	7	0	F		4	1906	1569	0	−2	9	51
1960	08	18	TN	TW	8	1	F	IT	33	1602	1713	+6	−4	45	27
1960	08	21	IN	TN	2	2	F	IT	4	1476	1598	+1	0	75	45
1960	08	26	PL	TN	6	1	OG	IT	55	1681	1543	+8	−10	34	55
1960	09	01	DK	TN	3	1	OG	IT	26	1726	1517	+5	−6	26	61
1960	10	30	MA	TN	2	1	WQ		7	1689	1510	+1	−1	31	66
1960	11	13	TN	MA	2	1	WQ		24	1534	1665	+6	−5	60	36
1960	12	04	TN	DD	0	3	F		-25	1509	1508	−6	+3	66	68
1960	12	08	MT	TN	1	0	F		10	1435	1499	+3	−4	81	70
1960	12	23	IQ	TN	3	2	F		3	1673	1496	+2	−1	32	71
1961	01	22	MA	TN	1	1	WQ	IT	-8	1641	1504	−1	+1	40	70
1961	11	25	NG	TN	2	1	FQ		9	1630	1495	+1	0	40	68
1961	12	10	TN	NG	2	2	FQ		2	1497	1628	0	0	68	40
1962	01	14	ET	TN	4	2	AR		33	1475	1464	+7	−6	73	75
1962	01	20	TN	UG	3	0	AR	ET	36	1500	1363	+6	−8	69	102
1962	03	11	LY	TN	6	3	FT		23	1463	1477	+5	−4	76	74
1962	06	03	TN	LY	2	2	F		-3	1474	1466	0	0	75	78
1963	03	03	TN	KW	2	1	F		2	1476	1208	0	0	77	129
1963	03	10	CI	TN	3	0	F		6	1662	1470	+2	0	36	77
1963	04	02	TN	SY	1	0	ARC	LB	16	1486	1391	+4	−4	74	95
1963	04	04	TN	JO	4	0	ARC	LB	9	1495	1123	+3	−1	69	138
1963	04	06	TN	KW	5	1	ARC	LB	13	1508	1215	+3	−2	67	129
1963	04	07	LB	TN	0	1	ARC		-18	1351	1526	−1	+2	103	65
1963	04	13	TN	CI	3	1	JAM	SN	39	1565	1600	+9	−7	56	47
1963	04	14	TN	CB	2	0	JAM	SN	37	1602	1608	+8	−6	48	44
1963	04	15	TN	MR	4	0	JAM	SN	2	1604	982	−1	0	49	148
1963	04	16	CJ	TN	1	0	JAM	SN	24	1565	1580	+3	−1	57	50
1963	04	18	TN	MG	2	1	JAM	SN	12	1592	1419	0	−3	50	88
1963	04	20	SN	TN	1	1	JAM		-7	1603	1599	−3	+1	48	49
1963	06	06	TN	LB	2	4	F		-26	1573	1377	−5	+2	53	101
1963	06	09	TN	LB	2	0	F		5	1578	1372	+1	−1	52	102
1963	06	15	TN	MA	4	1	FQ		34	1612	1630	+6	−4	46	40
1963	07	02	MA	TN	4	2	FQ		20	1650	1592	+2	−5	38	51
1963	09	25	MA	TN	1	0	MDG	IT	16	1675	1576	+1	−2	35	53
1963	09	27	TN	SY	3	1	MDG	IT	18	1594	1407	+2	−3	51	91
1963	11	17	DH	TN	2	2	OQ		-1	1504	1595	0	0	67	50
1963	11	24	GH	TN	1	1	AR		-18	1795	1613	−2	+4	17	45
1963	11	28	ET	TN	4	2	AR	GH	43	1602	1570	+8	−7	48	52
1963	12	15	TN	DZ	0	0	F		2	1572	1756	0	0	52	24
1964	03	08	TN	DH	1	1	OQ		-8	1564	1530	0	+2	53	65
1964	04	18	DH	TN	1	1	OQ	MA	2	1532	1562	+1	0	63	53
1964	05	17	TN	ET	3	2	F		7	1569	1532	+2	−3	51	62
1964	05	31	GH	TN	2	0	OQ		7	1825	1562	0	−2	14	54
1964	06	21	TN	GH	2	1	OQ		29	1591	1796	+5	−2	50	16
1964	11	01	TR	TN	4	1	F		9	1689	1582	+3	−1	30	49
1964	12	27	DZ	TN	1	0	AGQ		7	1761	1575	0	−2	22	51
1965	02	28	TN	MA	0	0	F		0	1575	1674	0	0	51	33
1965	03	12	LY	TN	2	3	TIF		-16	1472	1591	−2	+3	77	48
1965	03	14	MA	TN	0	0	TIF	LY	-4	1673	1595	0	+3	33	45
1965	03	14	TN	DZ	0	0	AGQ		4	1599	1757	+3	0	45	22
1965	03	19	TN	KW	1	0	TIF	LY	3	1602	1190	0	−1	45	135
1965	05	02	MA	TN	0	1	F		-14	1640	1616	−2	+1	36	46
1965	11	12	TN	ET	4	0	AR		26	1642	1523	+6	−5	39	62
1965	11	14	TN	SN	0	0	AR		-9	1633	1623	−2	+3	41	43
1965	11	21	TN	GH	2	3	AR		-19	1614	1838	−3	0	45	14
1966	03	11	IQ	TN	2	0	TIF	LY	24	1621	1590	+6	−4	42	49
1966	03	14	LY	TN	0	0	TIF		-2	1532	1592	−1	+1	60	48
1966	03	18	MA	TN	1	0	TIF	LY	13	1648	1579	+2	−2	37	50
1967	01	22	TN	TR	0	0	F		-1	1578	1640	0	0	48	39
1967	02	05	TN	CM	4	0	FQ		25	1603	1537	+4	−8	44	58
1967	02	19	TN	CG	1	1	FQ		-9	1594	1547	−2	+4	46	54
1967	08	22	RU	TN	3	0	F		2	1998	1592	0	−1	3	48
1967	09	08	TN	LY	3	0	MDG		15	1607	1445	+5	−7	44	83
1967	11	05	MA	TN	1	1	OQ		-7	1621	1614	−1	+3	42	44
1967	11	26	TN	MA	0	0	OQ		-5	1609	1626	−1	+1	46	42
1967	12	10	SA	TN	4	0	F		28	1345	1581	+6	−9	106	54
1968	03	13	TR	TN	0	0	F		-5	1672	1586	−1	+4	36	51
1968	11	17	DZ	TN	1	2	WQ		-29	1624	1615	−6	+6	43	45
1968	11	24	CD	TN	1	0	IND		6	1752	1609	+1	−2	23	47
1968	12	01	CM	TN	4	2	F		13	1559	1596	+2	−4	59	51
1968	12	29	TN	DZ	0	0	WQ		-4	1592	1628	−1	+1	50	42
1969	04	27	TN	MA	0	0	WQ		-2	1590	1664	0	0	49	34
1969	05	18	MA	TN	0	0	WQ		-9	1655	1599	−1	0	36	48
1969	06	13	MA	TN	2	2	WQ	FR	-3	1652	1602	−1	0	38	48
1969	07	20	CG	TN	4	1	F		15	1573	1587	+4	−1	55	49
1969	10	15	TN	PS	1	1	F		-9	1578	1189	−1	0	52	138
1970	09	01	LY	TN	2	2	F		0	1468	1578	0	0	72	56
1970	09	04	LY	TN	3	2	F		10	1478	1568	+1	0	71	56
1970	09	24	TN	LY	2	0	F		8	1576	1470	0	−1	56	72
1971	03	07	TN	EG	3	0	OQ		46	1622	1739	+11	−10	45	28
1971	04	02	EG	TN	2	0	OQ		16	1719	1606	0	−3	30	48
1971	10	12	TN	SY	1	0	MDG	TR	10	1616	1400	+7	0	43	91
1972	02	20	TN	AT	3	3	F		2	1618	1792	0	−2	43	19
1972	04	23	TN	MA	3	3	OQ		-2	1616	1682	−1	+1	46	34
1972	05	07	ML	TN	2	0	OQ		24	1614	1592	+7	−8	46	54
1972	05	14	MA	TN	0	0	OQ		-10	1682	1602	−1	+2	36	50
1972	05	28	TN	ML	4	0	OQ		24	1626	1552	+3	−4	46	58
1972	06	05	TN	DZ	3	1	F		8	1634	1551	+2	−3	44	58
1972	11	16	TN	DZ	1	2	F		-15	1619	1575	−2	+2	46	53
1972	12	08	EG	TN	2	1	WQ		10	1729	1609	+1	−1	27	46
1972	12	17	TN	EG	2	0	WQ		32	1641	1697	+6	−5	41	32
1973	02	04	TN	YU	0	5	F		-11	1630	1925	0	0	42	8
1973	02	11	TN	CI	1	1	WQ		-5	1625	1648	−1	0	44	41
1973	02	25	CI	TN	2	1	WQ		13	1661	1612	0	−2	41	46
1973	06	06	TN	BR	1	4	F		-3	1609	2148	0	0	45	1
1973	07	22	TN	EG	1	1	FT		0	1609	1698	0	0	45	32
1973	08	13	TN	SY	4	1	PAL	LY	21	1630	1435	+2	−10	43	82
1973	08	15	TN	EG	1	0	PAL	LY	24	1654	1679	+7	−2	36	32
1973	08	19	TN	DY	2	0	PAL	LY	4	1658	1184	0	0	36	138
1973	08	21	TN	PS	6	2	PAL	LY	5	1663	1212	+1	0	34	131
1973	08	23	TN	IQ	2	0	PAL	LY	25	1688	1577	+1	−5	33	52
1973	08	26	TN	SY	4	0	PAL	LY	19	1707	1485	+1	−2	31	67
1973	12	23	CG	TN	0	1	F		-9	1558	1716	−1	0	58	29
1973	12	30	GN	TN	0	0	F		-1	1651	1717	0	0	38	29
1974	01	06	ML	TN	1	0	F		12	1546	1705	+1	−1	59	30
1974	02	26	TN	DD	0	4	F		-13	1692	1923	−1	0	31	7
1974	05	12	DZ	TN	1	2	F		-9	1558	1701	−2	0	55	30
1974	06	02	TN	IQ	2	1	F		4	1705	1545	0	−1	30	59
1974	09	27	TN	EG	2	0	KUN	SY	21	1726	1664	+1	−3	28	35
1974	09	29	LB	TN	2	1	KUN	SY	27	1373	1699	+7	−2	99	30
1974	10	01	MA	TN	3	1	KUN	SY	24	1696	1675	+4	−4	30	34
1974	10	03	TN	DZ	1	0	KUN	SY	10	1685	1535	+2	−2	32	59
1974	10	05	TN	JO	5	0	KUN	SY	2	1687	1135	0	−1	32	143
1974	10	07	SY	TN	3	1	KUN		27	1545	1660	+6	−4	57	36
1974	10	09	TN	SD	3	1	KUN	SY	13	1673	1495	+2	−1	34	69
1974	11	10	TN	LY	1	0	FQ		4	1677	1364	+2	−2	33	103
1974	11	22	LY	TN	1	0	FQ		31	1395	1646	+8	−6	95	39
1974	12	29	KW	TN	2	0	F		15	1567	1631	+1	−1	51	40
1975	01	01	IQ	TN	0	0	F		-1	1579	1632	0	0	49	40
1975	03	02	MA	TN	0	0	NOA		-8	1723	1640	0	0	28	39
1975	03	23	TN	DZ	1	1	FQ		-11	1629	1542	−1	+3	40	56
1975	04	06	DZ	TN	1	2	FQ		-21	1521	1650	−9	+1	64	39
1975	05	11	DZ	TN	1	1	OQ		2	1523	1648	0	0	63	39
1975	06	01	TN	DZ	2	1	OQ		8	1656	1512	0	0	38	65
1975	07	06	TN	SD	3	2	FQ		10	1666	1554	+2	−2	37	53
1975	08	15	SD	TN	2	1	FQ		21	1575	1645	+4	−3	51	41
1975	08	31	MA	TN	0	0	MDG	DZ	-3	1702	1648	0	0	29	41
1975	09	04	DZ	TN	2	1	MDG		20	1562	1628	+5	−2	53	43
1975	09	06	MA	TN	1	1	MDG	DZ	-4	1698	1632	−1	+1	30	41
1975	11	30	TN	MA	0	1	OQ		-22	1610	1720	−3	+1	46	28
1975	12	14	MA	TN	1	0	OQ		9	1729	1601	0	0	28	46
1975	12	19	TN	AE	3	0	PAL		2	1603	1082	0	0	46	153
1975	12	23	TN	IQ	1	1	PAL		-8	1595	1560	0	+2	46	55
1976	02	18	TN	YU	2	1	F		17	1612	1948	+2	−1	46	7
1976	02	28	TN	SE	1	1	F		3	1615	1825	0	0	46	17
1976	09	30	SA	TN	0	1	F		-5	1311	1620	−1	+3	111	45
1976	11	04	TN	LY	3	0	F		4	1624	1368	0	−2	44	101
1976	11	24	MT	TN	1	1	F		4	1380	1620	0	0	97	44
1976	12	12	MA	TN	1	1	WQ		-10	1697	1630	−1	0	31	44
1977	01	09	TN	MA	1	1	WQ		-2	1628	1699	−1	−1	44	32
1977	02	06	TN	DZ	2	0	WQ		15	1643	1517	+3	−2	40	61
1977	02	28	DZ	TN	1	1	WQ		1	1533	1642	0	0	59	40
1977	03	05	TN	MT	0	1	F		-18	1624	1392	−3	+3	43	94
1977	03	08	QA	TN	1	0	F		18	1137	1606	+3	−3	144	46
1977	03	13	EG	TN	2	2	FQ		-7	1633	1613	−1	+1	41	45
1977	03	20	TN	SU	0	3	F		-10	1603	1883	−2	0	47	12
1977	04	27	TN	EG	3	2	FQ		16	1619	1617	+3	−3	43	44
1977	06	05	GN	TN	1	0	WQ		8	1771	1611	+2	−2	22	45
1977	06	19	TN	GN	3	1	WQ		35	1646	1736	+3	−5	42	27
1977	09	06	TN	MT	2	1	F		2	1648	1384	0	0	41	96
1977	09	25	TN	NG	0	0	WQ		-2	1646	1710	0	0	41	30
1977	10	02	TN	GN	3	0	FQ		34	1680	1702	+5	−3	36	30
1977	10	16	GN	TN	3	2	FQ		13	1715	1667	+1	−1	30	36
1977	11	12	NG	TN	0	1	WQ		-27	1672	1694	−5	+5	37	32
1977	11	25	EG	TN	3	2	WQ		16	1687	1678	+3	−2	34	36
1977	12	11	TN	EG	4	1	WQ		26	1704	1661	+3	−4	32	37
1978	01	13	LY	TN	1	0	AGQ		32	1384	1672	+8	−2	94	34
1978	01	25	TN	LY	2	1	AGQ		4	1676	1375	0	0	35	96
1978	03	00	TN	CI	2	2	F		-5	1671	1570	0	0	35	53
1978	03	06	MA	TN	1	1	AR	GH	1	1659	1670	+1	0	38	36
1978	03	09	TN	UG	3	1	AR	GH	25	1695	1522	+1	−4	34	63
1978	03	11	CG	TN	0	0	AR	GH	13	1507	1682	+1	−1	66	35
1978	03	14	GH	TN	1	0	AR		18	1694	1664	+3	0	33	35
1978	03	16	NG	TN	1	1	AR	GH	0	1663	1664	0	0	36	35
1978	04	05	TN	NL	0	4	F		-5	1659	2085	−2	0	37	2
1978	05	16	HU	TN	2	2	F	FR	-6	1917	1665	−1	+2	12	36
1978	05	19	FR	TN	2	0	F		4	1890	1661	0	−1	13	37
1978	06	02	TN	MX	3	1	WC	AR	62	1723	1734	+8	−3	29	25
1978	06	06	PL	TN	1	0	WC	AR	13	1955	1710	+1	−3	7	32
1978	06	10	TN	WG	0	0	WC	AR	24	1734	2076	+7	−1	25	2
1978	12	19	SY	TN	2	1	F		18	1271	1716	+3	−2	119	29
1979	02	18	TN	PL	0	2	F		-10	1706	1943	0	0	31	8
1979	03	25	TN	LY	1	0	OQ		4	1710	1410	0	−1	31	91
1979	04	13	LY	TN	3	0	OQ		53	1463	1657	+15	−8	76	39
1979	08	28	TN	MT	4	0	F		3	1660	1356	+1	0	37	101
1979	09	23	DZ	TN	1	1	MDG	YU	4	1601	1656	+2	−1	49	37
1979	12	26	TN	SN	3	1	FT		12	1668	1562	+2	−2	38	57
1980	01	27	GH	TN	4	1	F		13	1668	1655	+3	−3	38	41
1980	01	30	CI	TN	1	1	F		0	1538	1655	0	0	63	41
1980	02	27	MA	TN	0	0	F		0	1556	1655	−1	0	60	41
1980	04	05	SN	TN	0	2	F		-16	1554	1671	−3	+4	58	38
1980	06	08	TN	MA	0	1	F		-14	1657	1623	−2	+2	40	46
1980	06	29	TN	NG	2	0	WQ		28	1685	1702	+7	−4	34	31
1980	07	12	NG	TN	2	0	WQ		20	1722	1665	+3	−4	28	38
1980	11	11	AO	TN	1	1	IND		4	1470	1661	+1	0	79	37
1981	03	05	BH	TN	0	3	F		-4	1183	1665	0	0	140	36
1981	03	08	SA	TN	1	2	F		-5	1387	1670	−2	0	94	36
1981	04	12	TN	SN	1	0	FQ		8	1678	1515	+3	−1	35	66
1981	04	26	SN	TN	0	0	FQ	GH	9	1524	1669	+1	−3	66	38
1981	05	12	TN	SO	6	0	F		1	1670	1148	0	−1	37	144
1981	09	27	MA	TN	2	2	F		-3	1663	1673	0	0	38	36
1981	10	24	TN	MT	0	1	F		-18	1655	1389	−6	+6	41	91
1981	11	08	TN	CM	1	1	F		-5	1650	1551	−1	+3	41	56
1981	12	27	AE	TN	1	2	F		-1	1106	1651	0	0	151	41
1981	12	29	AE	TN	1	4	F		-3	1103	1654	−1	0	152	41
1982	02	07	TN	DZ	0	1	F		-12	1642	1681	0	0	41	35
1982	03	05	CM	TN	1	1	AR	LY	2	1619	1640	0	0	43	41
1982	03	09	LY	TN	2	0	AR		37	1583	1603	+7	−3	52	44
1982	03	12	GH	TN	1	0	AR	LY	21	1687	1582	+2	−7	34	51
1982	06	23	TN	CN	1	0	F		8	1590	1592	+3	−2	48	47
1982	06	26	TN	CN	1	2	F		-13	1577	1605	−5	+2	53	45
1982	12	08	TN	AO	3	1	F		7	1584	1458	+1	−1	52	82
1982	12	19	TN	DZ	0	1	F		-9	1575	1722	−3	+1	55	30
1983	02	01	MT	TN	1	2	F		-8	1400	1583	0	+3	88	52
1983	02	06	TN	DD	1	0	F		15	1598	1877	+5	−1	47	12
1983	02	10	TN	DD	0	2	F		-8	1590	1885	−2	+1	49	11
1983	03	23	TN	MA	1	0	F		7	1597	1564	+1	0	48	56
1983	04	10	TN	RW	5	0	FQ		2	1599	1093	0	0	48	155
1983	04	17	TN	GA	3	0	OQ		7	1606	1322	+4	−1	44	106
1983	04	24	RW	TN	0	1	FQ		-3	1090	1609	0	+2	155	42
1983	05	01	GA	TN	1	1	OQ		10	1332	1599	+2	−4	103	47
1983	08	14	EG	TN	1	0	FQ		13	1643	1586	0	−2	40	48
1983	08	28	TN	EG	0	0	FQ		-2	1584	1645	0	+1	48	39
1983	09	11	TN	DZ	3	2	MDG	MA	25	1609	1657	+5	−1	42	38
1984	09	26	TN	NG	5	0	F		12	1621	1555	+1	−1	41	57
1984	10	21	TN	CA	2	0	F		11	1632	1603	0	0	41	44
1984	10	28	BJ	TN	0	2	WQ		-10	1252	1642	−2	+3	125	38
1984	11	13	TN	BJ	4	0	WQ		4	1646	1248	0	−1	38	126
1984	12	28	CI	TN	3	1	FRT		23	1561	1623	+1	−5	58	44
1984	12	30	DZ	TN	3	1	FRT	CI	18	1707	1605	+2	−1	32	45
1985	01	01	TN	GH	2	0	FRT	CI	25	1630	1619	+5	−6	40	44
1985	02	10	GN	TN	1	0	WQ		28	1408	1602	+3	−2	90	46
1985	02	24	TN	GN	2	0	WQ		8	1610	1362	+1	0	45	93
1985	03	29	LY	TN	2	0	FQ		25	1599	1585	+7	−5	48	52
1985	04	14	TN	LY	1	0	FQ		15	1600	1584	+3	−3	50	53
1985	05	01	TN	DZ	1	0	F		10	1610	1679	+2	−2	46	35
1985	07	06	NG	TN	1	0	WQ		14	1637	1596	+2	0	42	48
1985	07	20	TN	NG	2	0	WQ		25	1621	1612	+2	−5	46	47
1985	07	28	TN	SA	1	0	F		6	1627	1557	+2	−1	43	59
1985	08	04	TN	MR	4	0	PAR	MA	3	1630	1099	+1	0	42	153
1985	08	07	MA	TN	2	2	PAR		-9	1699	1639	0	+2	33	40
1985	08	09	TN	SO	2	1	PAR	MA	3	1642	1200	0	0	40	140
1985	10	06	TN	DZ	1	4	WQ		-46	1596	1679	−9	+5	49	36
1985	10	18	DZ	TN	3	0	WQ		18	1697	1578	+1	−6	33	55
1985	12	08	TN	PL	1	0	F		14	1592	1821	+4	−3	51	21
1986	01	24	QA	TN	2	1	F		10	1519	1582	+1	−5	68	55
1986	01	27	OM	TN	0	0	F		9	900	1573	+1	−2	175	57
1986	02	26	TN	CM	1	1	F		-3	1570	1577	0	0	57	56
1986	10	29	TN	BG	3	3	F		3	1573	1773	0	0	56	24
1987	01	11	TN	DZ	0	2	AGQ		-34	1539	1659	−7	+7	63	39
1987	02	07	TN	AT	1	3	F		-10	1529	1774	−2	0	64	26
1987	03	08	SA	TN	1	2	F		-14	1554	1543	−4	+3	59	61
1987	03	27	DZ	TN	1	0	FQ		9	1656	1534	0	−3	40	64
1987	04	12	TN	DZ	1	1	FQ		1	1535	1655	0	0	64	39
1987	05	16	SL	TN	1	0	OQ		17	1501	1518	+4	−1	72	66
1987	05	31	TN	SL	2	0	OQ		20	1538	1481	+1	−4	65	76
1987	08	01	KE	TN	1	0	AFG		22	1421	1516	+1	−5	87	68
1987	08	03	MG	TN	3	0	AFG	KE	44	1471	1472	+5	−8	77	76
1987	08	05	CM	TN	3	1	AFG	KE	13	1711	1459	+1	−1	35	77
1987	08	08	SN	TN	1	0	AFG	KE	19	1500	1440	+8	−3	68	80
1987	09	23	DD	TN	2	0	F		2	1818	1438	0	0	19	79
1987	10	04	TN	EG	0	0	OQ		9	1447	1691	0	−1	79	34
1987	11	13	EG	TN	0	1	OQ		-35	1667	1482	−4	+1	37	77
1987	12	02	TN	MW	2	3	F		-11	1471	1554	0	+3	77	61
1987	12	06	TN	MW	1	3	F		-16	1455	1570	−1	+3	78	58
1987	12	11	DZ	TN	0	0	ARQ		-14	1641	1469	−3	+1	43	77
1987	12	13	TN	MR	2	1	ARQ	DZ	4	1473	1071	0	0	77	156
1987	12	23	KW	TN	0	1	F		-17	1634	1490	−3	+1	44	76
1988	01	17	TN	MA	1	0	OQ		26	1516	1669	+8	−1	68	34
1988	01	30	MA	TN	2	2	OQ		-12	1657	1528	−5	+1	40	67
1988	02	10	MT	TN	2	1	FT		16	1422	1512	+7	−2	84	69
1988	02	13	FI	TN	3	0	FT	MT	20	1615	1492	+4	−4	46	73
1988	02	19	BH	TN	1	0	F		14	1267	1478	+6	−3	119	76
1988	02	25	TN	IQ	0	2	F		-12	1466	1661	−1	+3	77	39
1988	07	02	SY	TN	2	0	F		10	1498	1456	+1	−1	71	79
1988	07	04	SY	TN	0	0	F		-4	1494	1460	0	0	71	79
1988	07	09	IQ	TN	1	1	ARC	JO	-12	1682	1472	−1	+3	36	76
1988	07	11	SA	TN	1	1	ARC	JO	-1	1491	1473	0	0	72	76
1988	07	13	EG	TN	1	0	ARC	JO	10	1664	1463	+2	−1	38	77
1988	07	17	LB	TN	1	1	ARC	JO	10	1286	1453	+3	−1	113	78
1988	08	05	TN	GN	5	0	WQ		24	1477	1386	+3	−4	75	92
1988	08	21	GN	TN	3	0	WQ		34	1420	1443	+6	−3	87	78
1988	09	21	CN	TN	0	0	OG	KR	-14	1609	1457	−2	+1	45	77
1988	10	19	IE	TN	4	0	F		2	1857	1455	−1	0	13	78
1988	11	05	TN	DZ	1	0	F		11	1466	1584	+2	0	76	48
1988	11	08	TN	AO	5	0	F		16	1482	1479	+4	−5	72	74
1988	11	23	SA	TN	1	0	F		8	1465	1474	+2	−2	77	74
1988	12	10	CI	TN	1	0	F		3	1650	1471	0	−4	41	76
1988	12	18	CI	TN	1	1	F		-7	1643	1478	−1	+3	41	73
1988	12	20	LR	TN	1	1	F		1	1358	1477	0	0	100	73
1989	01	03	GA	TN	2	3	F		-12	1445	1489	−2	+3	82	70
1989	01	08	ZR	TN	3	1	WQ		16	1587	1473	+6	−4	48	74
1989	01	22	TN	MA	2	1	WQ		25	1498	1635	+7	−2	67	41
1989	03	15	TN	EG	0	0	F		2	1500	1653	0	0	67	39
1989	04	05	DZ	TN	2	0	F		6	1638	1494	+2	0	41	68
1989	05	29	EG	TN	1	0	F		4	1644	1490	0	0	41	69
1989	06	03	MW	TN	1	0	F		6	1554	1484	+1	−3	60	72
1989	06	11	ZM	TN	1	0	WQ		8	1641	1476	+1	−3	41	75
1989	06	16	EG	TN	1	1	F		-7	1645	1483	−2	+2	40	73
1989	06	25	TN	ZR	1	0	WQ		19	1502	1544	+7	−4	66	60
1989	07	02	SN	TN	3	0	FQ		25	1528	1477	+2	−8	63	74
1989	07	16	TN	SN	0	1	FQ		-23	1454	1551	−5	+1	77	61
1989	08	05	TN	MW	3	0	F		13	1467	1444	+2	−4	75	80
1989	08	13	MA	TN	0	0	WQ		-12	1593	1479	−2	+3	50	72
1989	08	27	TN	ZM	1	0	WQ		22	1501	1592	+4	−3	66	48
1989	10	08	CM	TN	2	0	WQ		10	1693	1491	0	−1	32	67
1989	11	01	TN	DZ	0	0	F		2	1493	1656	0	0	68	37
1989	11	07	TN	EG	0	4	F		-15	1478	1678	−4	+3	72	33
1989	11	19	TN	CM	0	1	WQ		-14	1464	1707	−1	0	73	32
1990	06	02	TN	EN	1	1	F		8	1472	1944	+1	−1	70	6
1990	08	09	TN	MA	0	0	F		1	1473	1600	0	0	70	49
1990	08	19	TN	TD	2	1	FQ		6	1479	1267	0	−1	70	120
1990	11	07	TN	NO	1	3	F		-12	1467	1672	−2	+2	73	35
1990	11	11	TN	FI	1	2	F		-8	1459	1629	0	+2	73	46
1990	11	18	ET	TN	0	2	FQ		-36	1399	1495	−14	+6	90	67
1991	03	05	DZ	TN	2	1	F		2	1760	1493	0	0	25	67
1991	03	27	TN	TR	0	0	F		1	1494	1617	0	0	67	47
1991	04	07	TN	DZ	0	0	F		4	1498	1750	0	−3	67	30
1991	04	14	TN	EG	2	2	FQ		3	1501	1639	0	0	68	41
1991	04	28	TD	TN	0	0	FQ		6	1308	1495	+1	0	113	68
1991	07	26	EG	TN	2	2	FQ		-13	1638	1508	−2	+1	43	66
1991	11	27	TN	CI	5	3	F		19	1527	1674	0	−1	67	36
1991	12	25	TN	CM	2	2	F		1	1528	1673	0	0	68	37
1992	02	22	TN	NG	1	1	F		1	1529	1664	0	−2	67	40
1992	02	26	TN	BE	2	1	F		15	1544	1804	+4	−2	63	19
1992	04	22	TN	SE	0	1	F		-6	1538	1810	0	0	65	20
1992	09	23	TN	DZ	1	1	F		0	1538	1646	0	0	67	44
1992	10	11	TN	BJ	5	1	WQ		5	1543	1173	+1	−1	66	158
1992	10	25	ET	TN	0	0	WQ		2	1412	1541	0	−1	101	67
1992	11	07	TN	FI	1	1	F		-2	1539	1577	0	0	68	61
1992	12	20	TN	MA	1	1	WQ		-3	1536	1589	−1	0	67	57
1993	01	10	TN	BG	3	0	F		25	1561	1779	+4	−3	63	24
1993	01	17	BJ	TN	0	5	WQ		-12	1146	1573	0	+2	163	61
1993	01	31	TN	ET	3	0	WQ		10	1583	1359	+2	−1	58	113
1993	02	28	MA	TN	0	0	WQ		-7	1599	1590	−2	+1	55	57
1993	03	17	TN	CH	0	1	F		-6	1584	1824	−1	0	58	18
1993	09	22	TN	DE	1	1	F		7	1591	2011	+4	0	57	1
1993	10	17	TN	IS	3	1	F		11	1602	1578	+3	0	58	62
1993	11	05	TN	GA	4	0	N7C		11	1613	1451	+2	−1	56	94
1993	11	07	TN	EG	2	0	N7C		20	1633	1650	+6	−5	50	40
1993	12	31	GH	TN	1	1	F		-2	1614	1635	0	+2	55	47
1994	01	19	TN	NL	2	2	F		6	1641	1987	0	0	47	3
1994	02	08	MT	TN	1	1	FT		7	1383	1634	+2	−2	107	49
1994	02	10	SI	TN	2	2	FT	MT	3	1577	1631	0	−1	62	50
1994	02	12	GE	TN	2	0	FT	MT	27	1593	1604	+4	−7	60	57
1994	03	17	TN	NE	4	2	F		4	1608	1349	0	0	57	117
1994	03	26	TN	ML	0	2	AR		-63	1545	1490	−12	+14	69	82
1994	03	30	TN	ZR	1	1	AR		-9	1536	1522	−2	+2	71	72
1994	04	18	TN	SA	2	0	F		15	1551	1631	+4	−3	67	48
1994	09	04	GW	TN	1	3	FQ		-15	1246	1566	−4	+1	142	65
1994	11	08	TN	CI	2	0	F		16	1582	1668	+3	−3	61	37
1994	11	13	TN	TG	1	1	FQ		-16	1566	1339	−3	+1	64	122
1994	12	16	TN	DZ	1	0	F		8	1574	1583	+1	−3	64	61
1995	01	02	TN	EG	2	0	F		13	1587	1606	+4	−4	59	53
1995	01	07	SN	TN	0	0	FQ		4	1421	1583	0	−2	99	60
1995	01	29	TN	MR	1	0	FQ		2	1585	1162	0	0	60	162
1995	02	10	TN	LR	0	0	FQ		-15	1570	1368	−2	+5	62	113
1995	04	14	EG	TN	1	0	F		6	1604	1564	0	−1	52	63
1995	04	23	LR	TN	1	0	FQ		25	1398	1539	+8	−4	105	68
1995	06	04	TG	TN	0	1	FQ		-14	1320	1553	−1	+3	124	64
1995	07	15	TN	SN	4	0	FQ		18	1571	1431	+2	−3	63	97
1995	07	22	DZ	TN	2	1	F		8	1549	1563	+2	−1	68	65
1995	07	30	MR	TN	0	0	FQ		14	1181	1549	+4	−3	157	68
1995	10	27	BF	TN	2	2	F		1	1414	1548	0	0	102	66
1995	11	05	TN	DZ	2	0	N7C		18	1566	1556	+3	−4	63	65
1995	11	07	TN	MR	2	1	N7C		2	1568	1174	0	0	63	161
1995	11	29	TN	BF	3	0	F		7	1575	1407	+1	0	63	103
1995	12	23	ZM	TN	2	0	F		10	1604	1565	+4	−3	51	65
1996	01	03	MA	TN	3	1	F		10	1587	1555	+3	−1	57	66
1996	01	08	EG	TN	2	1	F		5	1633	1550	+2	0	44	66
1996	01	16	MZ	TN	1	1	AR	ZA	9	1427	1541	+3	−1	99	68
1996	01	19	GH	TN	2	1	AR	ZA	15	1711	1526	+1	−5	32	73
1996	01	25	TN	CI	3	1	AR	ZA	48	1574	1580	+11	−13	62	60
1996	01	28	GA	TN	1	1	AR	ZA	5	1502	1569	+2	0	77	62
1996	01	31	TN	ZM	4	2	AR	ZA	50	1619	1641	+15	−8	47	42
1996	02	03	ZA	TN	2	0	AR		18	1734	1601	+1	−7	30	54
1996	05	26	TN	SN	2	0	F		6	1607	1457	+1	−3	51	91
1996	06	02	RW	TN	1	3	WQ		-5	1083	1612	0	+2	175	49
1996	06	16	TN	RW	2	0	WQ		2	1614	1081	+1	−2	47	176
1996	10	06	TN	SL	2	0	FQ		10	1624	1424	+1	−3	48	99
1996	10	13	JP	TN	1	0	F		4	1750	1620	+2	−2	26	50
1996	11	10	TN	LR	1	0	WQ	GH	9	1629	1407	+3	−4	45	105
1997	01	04	TN	DZ	0	0	F		-3	1626	1607	−1	0	47	53
1997	01	12	TN	EG	1	0	WQ		14	1640	1595	+2	−4	45	57
1997	01	26	GN	TN	1	0	FQ		28	1426	1612	+11	−6	97	52
1997	04	06	NA	TN	1	2	WQ		-8	1270	1620	−3	+3	138	52
1997	04	27	TN	LR	2	0	WQ		9	1629	1405	+2	−1	50	105
1997	05	31	TN	DZ	0	1	F		-14	1615	1576	−3	+3	53	62
1997	06	08	EG	TN	0	0	WQ		-2	1552	1617	0	0	67	53
1997	07	05	TN	ML	1	0	F		2	1619	1375	+1	−1	51	113
1997	07	13	TN	GN	1	0	FQ		7	1626	1429	+2	−5	49	96
1997	08	07	TN	ZM	3	1	LGC		16	1642	1610	+2	−5	46	53
1997	08	09	TN	NG	2	0	LGC		24	1666	1742	+2	−3	44	27
1997	08	17	TN	NA	4	0	WQ		7	1673	1362	+1	−2	43	116
1997	10	01	TN	AU	0	3	F		-15	1658	1843	−2	+1	45	17
1997	11	05	TN	BA	2	1	F		7	1665	1628	0	0	45	49
1998	01	28	TN	YU	0	3	F		-8	1657	1980	0	+1	44	6
1998	01	31	TN	GN	4	1	F		6	1663	1472	0	−1	44	82
1998	02	04	ML	TN	0	1	F		-7	1453	1670	−1	+1	89	43
1998	02	09	GH	TN	2	0	AR	BF	56	1533	1614	+13	−9	69	52
1998	02	12	TN	CD	2	1	AR	BF	15	1629	1451	+3	−3	49	91
1998	02	16	TN	TG	3	1	AR	BF	14	1643	1359	+2	−4	47	117
1998	02	21	BF	TN	1	1	AR		10	1411	1633	0	−3	104	49
1998	05	02	TN	GE	1	1	F		-2	1631	1664	−1	+1	52	43
1998	05	27	AT	TN	2	1	F		5	1713	1626	+1	0	35	52
1998	05	31	CL	TN	3	2	F	FR	6	1790	1620	+1	−1	22	53
1998	06	06	TN	WA	4	0	F		12	1632	1569	+1	0	52	60
1998	06	15	EN	TN	2	0	WC	FR	11	1985	1621	+1	−4	5	53
1998	06	22	CO	TN	1	0	WC	FR	19	1775	1602	+4	−4	24	56
1998	06	26	RO	TN	1	1	WC	FR	-22	1916	1624	−2	+5	11	52
1998	10	04	TN	LR	2	1	FQ		4	1628	1356	+1	−2	52	118
1998	11	07	TN	ZW	1	1	F		-7	1621	1458	0	+1	52	89
1998	11	10	TN	LV	3	0	F		6	1627	1443	0	−1	52	93
1999	01	22	DZ	TN	0	1	FQ		-17	1464	1644	−7	+1	85	51
1999	02	10	TN	SE	0	1	F		-6	1638	1889	−1	0	52	14
1999	02	28	TN	UG	6	0	FQ		10	1648	1384	+4	−2	49	111
1999	04	10	UG	TN	0	2	FQ		-17	1365	1665	−4	+2	115	48
1999	06	06	TN	DZ	2	0	FQ		10	1675	1473	+3	0	44	79
1999	06	20	LR	TN	2	0	FQ		47	1396	1628	+12	−7	106	51
1999	10	16	TN	AE	1	0	F		4	1632	1501	+1	0	48	77
1999	10	31	TN	ZM	2	1	F		7	1639	1605	0	−1	47	54
1999	11	02	TN	ZM	0	0	F		-4	1635	1609	−1	+1	48	53
1999	12	22	TN	GH	2	0	F		9	1644	1590	+2	−1	46	57
2000	01	07	TN	TG	7	0	F		4	1648	1330	+2	0	44	122
2000	01	18	GH	TN	2	0	F		13	1603	1635	+2	−4	56	48
2000	01	23	NG	TN	4	2	AR		22	1715	1613	+2	−5	37	53
2000	01	29	MA	TN	0	0	AR	NG	-10	1757	1623	−2	+2	25	52
2000	02	03	TN	CG	1	0	AR	NG	12	1635	1411	+1	−4	50	103
2000	02	07	TN	EG	1	0	AR	NG	28	1663	1649	+6	−3	44	46
2000	02	10	CM	TN	3	0	AR	GH	51	1657	1612	+9	−10	46	54
2000	02	12	ZA	TN	2	2	AR	GH	-4	1667	1616	0	0	42	54
2000	03	12	US	TN	1	1	F		-7	1811	1623	−1	+2	19	53
2000	04	07	MR	TN	1	2	WQ		-5	1191	1628	−2	0	157	53
2000	04	22	TN	MR	3	0	WQ		3	1631	1188	+1	−2	52	160
2000	06	11	TN	SN	4	1	F		6	1637	1463	+1	−1	52	85
2000	06	18	CI	TN	2	2	WQ		-2	1566	1639	0	0	61	53
2000	06	28	TN	DZ	2	2	F		-6	1633	1518	0	+2	53	71
2000	07	08	TN	MG	1	0	WQ		6	1639	1414	0	−2	53	103
2000	09	03	KE	TN	0	0	FQ		10	1363	1629	+1	−3	116	54
2000	10	07	TN	GA	4	2	FQ		9	1638	1415	+2	0	53	99
2000	11	15	TN	CH	1	1	F		-1	1637	1713	0	+2	53	36
2001	01	13	TN	MA	0	1	FQ		-24	1613	1686	−2	+6	56	43
2001	01	28	CG	TN	1	2	WQ		-13	1382	1626	−4	+1	112	55
2001	02	25	TN	CD	6	0	WQ		16	1642	1451	+3	−5	53	86
2001	03	24	MA	TN	2	0	FQ		19	1696	1623	+5	−5	40	56
2001	05	05	MG	TN	0	2	WQ		-18	1357	1641	−5	+3	120	53
2001	05	20	TN	CI	1	1	WQ		-7	1634	1616	−1	+1	54	56
2001	06	02	GA	TN	1	1	FQ		7	1407	1627	0	−1	106	55
2001	06	17	TN	KE	4	1	FQ		9	1636	1383	+1	−6	54	115
2001	07	01	TN	CG	6	0	WQ		10	1646	1373	+3	0	52	115
2001	07	15	CD	TN	0	3	WQ		-24	1411	1670	−10	+7	104	47
2001	11	28	TN	TG	1	0	F		4	1674	1502	+2	0	44	79
2001	12	30	TN	LR	7	2	F		7	1681	1490	+1	−1	43	81
2002	01	11	TN	CM	0	1	F		-12	1669	1729	−3	+3	46	36
2002	01	21	TN	ZM	0	0	AR	ML	-13	1656	1486	−2	+3	48	82
2002	01	25	EG	TN	1	0	AR	ML	29	1624	1627	+6	−1	51	49
2002	01	31	SN	TN	0	0	AR	ML	0	1626	1627	−1	−1	51	50
2002	03	13	TN	KR	0	0	F		-1	1626	1694	0	0	49	42
2002	03	27	TN	NO	0	0	F		1	1627	1747	0	0	49	30
2002	04	17	SI	TN	1	0	F		5	1741	1622	+1	−2	32	51
2002	05	26	DK	TN	2	1	F	JP	4	1860	1618	0	0	14	53
2002	06	05	RU	TN	2	0	WC	JP	23	1824	1595	+2	−3	21	56
2002	06	10	BE	TN	1	1	WC	JP	-19	1827	1614	−3	+3	21	53
2002	06	14	JP	TN	2	0	WC		11	1870	1603	0	−1	15	53
2002	08	21	TN	FR	1	1	F		6	1609	1951	0	0	53	7
2002	10	12	PT	TN	1	1	F		-8	1916	1617	0	0	8	54
2002	11	20	TN	EG	0	0	F		-4	1613	1593	0	+1	54	58
2003	02	12	TN	SE	1	0	F		13	1626	1810	+2	−2	51	19
2003	03	27	TN	GH	2	2	FT		-9	1617	1500	0	+2	52	77
2003	03	30	TN	CM	1	0	FT		17	1634	1754	+2	−4	50	30
2003	04	30	TN	SN	1	0	F		10	1644	1736	+1	0	49	33
2003	08	20	TN	GN	0	0	F		-6	1638	1493	−2	+1	51	78
2003	09	10	TN	CI	3	2	F		6	1644	1594	0	0	52	57
2003	10	08	TN	JP	0	1	F		-9	1635	1776	−2	0	53	25
2003	10	11	TN	MA	0	0	F		-4	1631	1579	+1	+1	52	63
2003	11	19	TN	ZA	2	0	F		12	1643	1644	+2	−1	51	50
2004	01	14	TN	BJ	2	0	F		3	1646	1331	0	0	50	126
2004	01	17	TN	BJ	2	1	F		2	1648	1329	0	0	50	126
2004	01	24	TN	RW	2	1	AR		4	1652	1308	+1	0	49	129
2004	01	28	TN	CD	3	0	AR		16	1668	1471	+2	−2	46	83
2004	02	01	TN	GN	1	1	AR		-15	1653	1542	−3	+2	48	72
2004	02	07	TN	SN	1	0	AR		24	1677	1714	+5	−6	43	36
2004	02	11	TN	NG	1	1	AR		-1	1676	1766	−1	0	44	26
2004	02	14	TN	MA	2	1	AR		19	1695	1674	+5	−6	39	45
2004	03	31	TN	CI	0	2	F		-23	1672	1613	−5	+3	44	57
2004	04	28	TN	ML	1	0	F		5	1677	1583	0	0	44	62
2004	05	30	TN	IT	0	4	F		-11	1666	1946	−1	+1	45	7
2004	06	05	TN	BW	4	1	WQA		3	1669	1239	+1	−1	46	146
2004	06	20	GN	TN	2	1	WQA		23	1540	1646	+3	−6	71	52
2004	08	18	TN	ZA	0	2	F		-23	1623	1572	−6	+3	55	67
2004	09	04	MA	TN	1	1	WQA		-8	1669	1631	−4	+1	42	54
2004	10	09	MW	TN	2	2	WQA		13	1283	1618	+6	−4	134	58
2005	03	26	TN	MW	7	0	WQA		7	1625	1289	+3	−1	54	135
2005	05	27	TN	AO	4	1	F		8	1633	1513	0	−2	53	78
2005	06	04	BW	TN	1	3	WQA		-12	1279	1645	−1	+1	136	52
2005	06	11	TN	GN	2	0	WQA		13	1658	1512	+2	−6	51	79
2005	06	15	AR	TN	2	1	CC	DE	6	2015	1652	0	0	1	51
2005	06	18	DE	TN	3	0	CC		10	1911	1642	+1	−2	9	53
2005	06	21	TN	AU	2	0	CC	DE	51	1693	1727	+14	−7	39	34
2005	08	17	TN	KE	1	0	WQA		4	1697	1417	0	−1	40	99
2005	09	03	KE	TN	0	2	WQA		-16	1401	1713	−4	+1	103	39
2005	10	08	TN	MA	2	2	WQA		-8	1705	1679	0	0	39	47
2005	11	11	CD	TN	2	2	F	FR	6	1474	1699	+3	−1	88	39
2005	11	16	EG	TN	1	2	F		-13	1692	1712	−5	+1	43	39
2006	01	12	TN	LY	1	0	F		2	1714	1469	0	0	40	91
2006	01	15	TN	GH	2	0	F		7	1721	1584	+2	−1	37	61
2006	01	22	TN	ZM	4	1	AR	EG	21	1742	1505	+4	−5	34	81
2006	01	26	TN	ZA	2	0	AR	EG	15	1757	1479	+1	−3	33	88
2006	01	30	GN	TN	3	0	AR	EG	65	1640	1692	+11	−11	54	43
2006	02	04	NG	TN	1	1	AR	EG	-7	1788	1699	−1	+1	25	42
2006	03	01	TN	RM	0	1	F		-10	1689	1802	−2	0	44	24
2006	05	30	TN	BY	3	0	LGC		12	1701	1571	+2	−5	44	67
2006	06	02	TN	UY	0	0	LGC		2	1703	1840	0	−1	44	16
2006	06	14	SA	TN	2	2	WC	DE	12	1566	1691	+5	−1	67	46
2006	06	19	ES	TN	3	1	WC	DE	13	2007	1678	+1	−1	3	46
2006	06	23	UA	TN	1	0	WC	DE	21	1809	1657	+1	−3	21	49
2006	08	16	ML	TN	1	0	F	FR	13	1549	1644	+4	0	70	49
2006	09	03	MU	TN	0	0	FQ		13	1283	1631	+4	−3	131	53
2006	10	07	TN	SD	1	0	FQ		3	1634	1300	+2	−1	50	129
2006	11	15	TN	LY	2	0	F		5	1639	1441	0	0	50	96
2007	02	07	MA	TN	1	1	F		-3	1657	1642	0	+1	48	51
2007	03	24	SC	TN	0	3	FQ		-5	1105	1647	+1	0	172	51
2007	06	02	TN	SC	4	0	FQ		2	1649	1077	+3	0	49	176
2007	06	16	TN	MU	2	0	FQ		3	1652	1206	+1	−1	49	155
2007	08	22	TN	GN	1	1	F		-4	1648	1602	0	0	49	59
2007	09	09	SD	TN	3	2	FQ		28	1428	1620	+8	−4	99	56
2007	10	17	AE	TN	0	1	F		-9	1485	1629	−3	0	86	56
2007	11	17	TN	NA	2	0	F		2	1631	1277	+1	−1	55	136
2007	11	21	AT	TN	0	0	F		-2	1598	1633	0	0	59	54
2008	01	06	TN	ZM	1	2	F		-15	1618	1578	−3	+5	57	62
2008	01	08	TN	ZM	1	0	F		6	1624	1572	0	−1	57	63
2008	01	23	SN	TN	2	2	AR	GH	-2	1656	1626	0	+1	47	56
2008	01	27	TN	ZA	3	1	AR	GH	24	1650	1472	+8	−3	49	89
2008	01	31	AO	TN	0	0	AR	GH	5	1584	1645	+1	−2	60	51
2008	02	04	CM	TN	3	2	AR	GH	19	1753	1626	+3	−5	34	56
2008	03	26	TN	CI	2	0	F	FR	20	1646	1736	+6	−4	49	36
2008	06	01	TN	BF	1	2	WQA		-37	1609	1360	−7	+7	56	113
2008	06	07	SC	TN	0	2	WQA		-4	1068	1613	0	0	178	55
2008	06	15	BI	TN	0	1	WQA		-8	1256	1621	−2	0	141	55
2008	06	21	TN	BI	2	1	WQA		3	1624	1253	+1	0	53	141
2008	08	20	TN	AO	1	1	F		-6	1618	1508	−1	+3	52	85
2008	09	06	BF	TN	0	0	WQA		7	1392	1611	+1	−4	112	56
2008	10	11	TN	SC	5	0	WQA		2	1613	1081	0	0	55	178
2008	10	14	FR	TN	3	1	F		3	1897	1610	0	0	8	55
2008	11	19	GH	TN	0	0	F		-5	1695	1615	−1	−1	44	56
2009	02	11	TN	NL	1	1	F		7	1622	2020	+2	0	54	3
2009	03	28	KE	TN	1	2	WQA		-14	1404	1636	−3	+4	108	50
2009	05	28	TN	SD	4	0	F		4	1640	1369	+3	−1	50	119
2009	06	06	TN	MZ	2	0	WQA		8	1648	1404	+1	−1	49	106
2009	06	20	TN	NG	0	0	WQA		0	1648	1747	+1	−1	49	32
2009	08	12	TN	CI	0	0	F		0	1648	1752	0	−1	49	31
2009	09	06	NG	TN	2	2	WQA		-10	1737	1658	−2	0	36	48
2009	10	11	TN	KE	1	0	WQA		4	1662	1385	+1	−2	48	112
2009	10	14	TN	SA	0	1	F		-13	1649	1681	−3	+1	51	45
2009	11	14	MZ	TN	1	0	WQA		27	1447	1622	+11	−1	96	52
2010	01	09	TN	GM	1	2	F		-17	1605	1410	−4	+3	56	109
2010	01	13	TN	ZM	1	1	AR	AO	-6	1599	1528	−3	+2	59	81
2010	01	17	GA	TN	0	0	AR	AO	1	1592	1598	0	0	60	59
2010	01	21	CM	TN	2	2	AR	AO	-10	1739	1608	−3	+3	35	54
2010	05	30	TN	FR	1	1	F		5	1613	1877	+1	−1	53	11
2010	06	20	SD	TN	2	6	F		-9	1303	1622	−4	0	132	53
2010	07	01	TN	BW	0	1	FQ		-37	1585	1347	−12	+8	65	121
2010	08	11	TD	TN	1	3	FQ		-13	1245	1598	−4	+6	143	59
2010	09	04	TN	MW	2	2	FQ		-15	1583	1380	−7	+6	64	113
2010	10	10	TG	TN	1	2	FQ		-16	1394	1599	−3	+6	111	59
2010	11	17	BW	TN	1	0	FQ		25	1431	1574	+2	−8	106	66
2011	03	29	OM	TN	2	1	F		8	1543	1566	+2	−4	76	67
2011	05	29	TN	CF	3	0	F		3	1569	1229	+2	0	65	147
2011	06	05	TN	TD	5	0	FQ		5	1574	1202	+3	−1	62	157
2011	08	10	TN	ML	4	2	F		8	1582	1490	−1	−2	63	90
2011	08	22	JO	TN	3	3	F		-1	1499	1583	0	0	86	63
2011	09	03	MW	TN	0	0	FQ		4	1421	1579	0	−1	104	64
2011	10	08	TN	TG	2	0	FQ		9	1588	1374	+2	−1	63	114
2011	11	12	DZ	TN	1	0	F		11	1479	1577	+2	−3	92	67
2012	01	09	TN	SD	3	0	F	AE	10	1587	1400	+5	−3	62	108
2012	01	13	CI	TN	2	0	F	AE	8	1769	1579	+4	−4	25	65
2012	01	23	TN	MA	2	1	AR	GA	24	1603	1541	+6	−4	58	75
2012	01	27	TN	NE	2	1	AR	GA	8	1611	1311	+2	−1	56	129
2012	01	31	GA	TN	1	0	AR		21	1593	1590	+7	−5	59	60
2012	02	05	GH	TN	2	1	AR	GA	13	1788	1577	+3	−7	22	67
2012	02	29	TN	PE	1	1	F		2	1579	1751	+1	0	66	30
2012	05	27	TN	RW	5	1	F		8	1587	1439	+4	−2	62	99
2012	06	02	TN	GQ	3	1	WQ		5	1592	1277	0	−1	60	138
2012	06	09	CV	TN	1	2	WQ		-15	1386	1607	−3	+3	111	58
2012	08	15	IR	TN	2	2	F	HU	-3	1714	1610	0	−1	33	60
2012	09	08	SL	TN	2	2	FQ		10	1340	1600	+2	−3	121	62
2012	10	13	TN	SL	0	0	FQ		-16	1584	1356	−3	+2	64	120
2012	10	16	TN	EG	1	0	F	AE	12	1596	1649	+2	−3	61	48
2012	11	14	TN	CH	1	2	F		-6	1590	1829	−3	−1	64	18
2012	12	30	TN	IQ	2	1	F	AE	10	1600	1591	+3	−4	58	61
2013	01	07	ET	TN	1	1	F	QA	7	1326	1593	0	−2	130	61
2013	01	10	GA	TN	1	1	F	AE	2	1542	1591	+1	0	74	61
2013	01	13	GH	TN	4	2	F	AE	11	1704	1580	+2	−2	36	63
2013	01	22	TN	DZ	1	0	AR	ZA	24	1604	1539	+7	−8	57	76
2013	01	26	CI	TN	3	0	AR	ZA	17	1863	1587	+2	−6	15	62
2013	01	30	TG	TN	1	1	AR	ZA	9	1466	1578	+2	−3	94	65
2013	03	23	TN	SL	2	1	WQ		5	1583	1351	0	−1	64	124
2013	06	08	SL	TN	2	2	WQ		7	1358	1576	+3	−1	120	65
2013	06	16	GQ	TN	1	1	WQ		9	1309	1567	+4	−1	132	64
2013	08	14	TN	CG	3	0	F		6	1573	1391	+1	−1	64	109
2013	09	07	TN	CV	0	2	WQ		-46	1527	1507	−17	+9	81	85
2013	10	13	TN	CM	0	0	WQ		-3	1524	1570	0	+3	79	63
2013	11	17	CM	TN	4	1	WQ		21	1591	1503	+3	−7	60	84
2014	03	05	CO	TN	1	1	F	ES	-8	1925	1511	−2	+3	8	83
2014	05	28	KR	TN	0	1	F		-17	1686	1528	−7	+7	44	75
2014	06	07	BE	TN	1	0	F		2	1851	1526	0	−1	15	76
2014	09	06	TN	BW	2	1	FQ		7	1533	1340	0	−1	76	126
2014	09	10	EG	TN	0	1	FQ		-31	1622	1564	−8	+7	55	68
2014	10	10	SN	TN	0	0	FQ		-9	1622	1573	−2	+3	55	64
2014	10	15	TN	SN	1	0	FQ		17	1590	1605	+2	−3	62	60
2014	11	14	BW	TN	0	0	FQ		10	1314	1580	+3	−1	129	63
2014	11	19	TN	EG	2	1	FQ		16	1596	1598	+1	−1	62	61
2015	01	11	TN	DZ	1	1	F		-1	1595	1673	+1	−1	62	45
2015	01	18	CV	TN	1	1	AR	GQ	6	1511	1589	+2	−1	81	64
2015	01	22	TN	ZM	2	1	AR	GQ	19	1608	1487	+4	−5	60	87
2015	01	26	CD	TN	1	1	AR	GQ	9	1489	1599	+4	−2	84	62
2015	01	31	GQ	TN	2	1	AR		34	1400	1565	+6	−5	111	66
2015	03	27	JP	TN	2	0	F		5	1763	1560	+1	−1	25	66
2015	03	31	CN	TN	1	1	F		-4	1598	1564	−1	0	61	66
2015	06	12	TN	DJ	8	1	FQ		1	1565	784	0	0	64	211
2015	09	05	LR	TN	1	0	FQ		30	1313	1535	+3	−9	132	75
2015	10	09	TN	GA	3	3	F		-4	1531	1507	−1	+1	75	83
2015	11	13	MR	TN	1	2	WQ		-11	1251	1542	−2	+2	142	73
2015	11	17	TN	MR	2	1	WQ		4	1546	1247	+1	−2	71	145
2016	03	25	TN	TG	1	0	FQ		8	1554	1392	+2	0	69	109
2016	03	29	TG	TN	0	0	FQ		4	1396	1550	+2	−1	109	71
2016	06	03	DJ	TN	0	3	FQ		-1	750	1551	0	−1	214	71
2016	09	04	TN	LR	4	1	FQ		9	1560	1320	+2	−3	69	125
2016	10	09	TN	GN	2	0	WQ		20	1580	1515	+3	−3	64	79
2016	11	11	TN	LY	1	0	WQ	DZ	14	1594	1466	+2	−1	62	88
2016	11	15	TN	MR	0	0	F		-8	1586	1305	−1	+1	61	131
2017	01	04	TN	UG	2	0	F		7	1593	1487	+1	−1	60	85
2017	01	08	EG	TN	1	0	F		6	1662	1587	0	−1	49	61
2017	01	15	SN	TN	2	0	AR	GA	27	1710	1560	+5	−8	37	69
2017	01	19	TN	DZ	2	1	AR	GA	29	1589	1592	+7	−5	62	60
2017	01	23	TN	ZW	4	2	AR	GA	21	1610	1402	+3	−5	59	109
2017	01	28	BF	TN	2	0	AR	GA	45	1583	1565	+8	−10	66	70
2017	03	24	TN	CM	0	1	F		-9	1556	1695	−1	+2	71	39
2017	03	28	MA	TN	1	0	F		6	1616	1550	0	+1	58	71
2017	06	11	TN	EG	1	0	FQ		22	1572	1656	+5	−2	66	48
2017	09	01	TN	CD	2	1	WQ		16	1588	1578	+3	−3	64	66
2017	09	05	CD	TN	2	2	WQ		-5	1573	1593	−4	−1	68	63
2017	10	07	GN	TN	1	4	WQ		-38	1482	1631	−11	+9	88	54
2017	11	11	TN	LY	0	0	WQ		-13	1618	1473	−1	+4	55	88
2018	03	23	TN	IR	1	0	F		12	1630	1790	+2	0	52	22
2018	03	27	TN	CR	1	0	F	FR	13	1643	1743	+1	−4	51	30
2018	05	28	PT	TN	2	2	F		-8	1965	1651	0	+1	6	49
2018	06	01	TN	TR	2	2	F	CH	2	1653	1726	0	−2	49	37
2018	06	09	ES	TN	1	0	F	RU	2	2043	1651	0	0	3	49
2018	06	18	EN	TN	2	1	WC	RU	9	1956	1642	0	0	7	49
2018	06	23	BE	TN	5	2	WC	RU	15	1968	1627	+1	−4	6	53
2018	06	28	TN	PA	2	1	WC	RU	30	1657	1592	+4	−7	48	61
2018	09	09	SW	TN	0	2	FQ		-9	1237	1666	−3	+2	151	46
2018	10	13	TN	NE	1	0	FQ		3	1669	1294	0	+1	46	135
2018	10	16	NE	TN	1	2	FQ		-7	1287	1676	−1	+1	137	45
2018	11	16	EG	TN	3	2	FQ		19	1613	1657	+5	−3	53	48
2018	11	20	TN	MA	0	1	F		-11	1646	1728	0	+4	48	36
2019	03	22	TN	SW	4	0	FQ		3	1649	1199	0	−1	48	160
2019	03	26	DZ	TN	1	0	F		11	1537	1638	+6	−2	70	50
2019	06	07	TN	IQ	2	0	F		10	1648	1595	+2	−4	48	62
2019	06	11	HR	TN	1	2	F		-18	1885	1666	−2	0	15	50
2019	06	17	TN	BI	2	1	F		2	1668	1359	+1	−2	49	117
2019	06	24	AO	TN	1	1	AR	EG	18	1378	1650	+6	−1	109	51
2019	06	28	ML	TN	1	1	AR	EG	8	1549	1642	+1	0	71	51
2019	07	02	MR	TN	0	0	AR	EG	18	1342	1624	+7	−1	121	53
2019	07	08	GH	TN	1	1	AR	EG	1	1611	1623	0	−1	55	54
2019	07	11	TN	MG	3	0	AR	EG	21	1644	1404	+3	−6	51	104
2019	07	14	SN	TN	1	0	AR	EG	17	1782	1627	0	−2	26	53
2019	07	17	NG	TN	1	0	AR	EG	23	1681	1604	+6	−3	45	56
2019	09	06	TN	MR	1	0	F		2	1606	1340	−1	+2	56	121
2019	09	10	CI	TN	2	1	F	FR	9	1636	1597	+1	−1	51	57
2019	10	12	TN	CM	0	0	F		-3	1594	1583	0	0	57	62
2019	11	15	TN	LY	4	1	FQ		15	1609	1451	+4	−3	55	92
2019	11	19	GQ	TN	0	1	FQ		-10	1297	1619	−2	+2	134	53
2020	10	09	TN	SD	3	0	F		3	1622	1300	+1	−1	56	132
2020	10	13	NG	TN	1	1	F	AT	-2	1698	1624	−1	+3	40	53
2020	11	13	TN	TZ	1	0	FQ		3	1627	1279	0	−1	51	138
2020	11	17	TZ	TN	1	1	FQ		12	1291	1615	+2	−3	136	55
2021	03	25	LY	TN	2	5	FQ		-24	1375	1639	−5	+4	108	51
2021	03	28	TN	GQ	2	1	FQ		4	1643	1352	+1	0	48	118
2021	06	05	TN	CD	1	0	F		4	1647	1474	+2	−2	45	86
2021	06	11	TN	DZ	0	2	F		-15	1632	1760	−2	+1	49	33
2021	06	15	TN	ML	1	0	F		5	1637	1541	+1	−2	49	73
2021	09	03	TN	GQ	3	0	WQ		7	1644	1345	+1	−3	49	124
2021	09	07	ZM	TN	0	2	WQ		-24	1447	1668	−3	+5	89	45
2021	10	07	TN	MR	3	0	WQ		6	1674	1352	+2	0	44	118
2021	10	10	MR	TN	0	0	WQ		11	1363	1663	+5	−2	114	46
2021	11	13	GQ	TN	1	0	WQ		29	1426	1634	+5	−7	98	53
2021	11	16	TN	ZM	3	1	WQ		9	1643	1424	+2	−4	51	96
2021	11	30	TN	MR	5	1	ARC	QA	11	1654	1329	+1	−5	50	123
2021	12	03	SY	TN	2	0	ARC	QA	48	1455	1606	+10	−11	89	61
2021	12	06	TN	AE	1	0	ARC	QA	15	1621	1501	+4	−5	57	83
2021	12	10	TN	OM	2	1	ARC	QA	15	1636	1526	+4	−1	53	74
2021	12	15	TN	EG	1	0	ARC	QA	22	1658	1652	+3	−4	50	51
2021	12	18	DZ	TN	2	0	ARC	QA	20	1799	1638	+3	−3	26	53
2022	01	12	ML	TN	1	0	AR	CM	27	1642	1611	+9	−9	52	61
2022	01	16	TN	MR	4	0	AR	CM	15	1626	1313	+3	−7	58	129
2022	01	20	GM	TN	1	0	AR	CM	40	1432	1586	+9	−6	94	63
2022	01	23	TN	NG	1	0	AR	CM	32	1618	1657	+5	−8	58	51
2022	01	29	BF	TN	1	0	AR	CM	30	1581	1588	+2	−4	65	63
2022	03	25	ML	TN	0	1	WQ		-28	1598	1616	−5	+7	61	56
2022	03	29	TN	ML	0	0	WQ		-7	1609	1605	−2	+1	59	60
2022	06	02	TN	GQ	4	0	FQ		13	1622	1423	+2	−3	58	97
2022	06	05	BW	TN	0	0	FQ		11	1308	1611	+1	−2	131	59
2022	06	10	TN	CL	2	0	KRN	JP	31	1642	1726	+9	−4	52	37
2022	06	14	JP	TN	0	3	KRN		-43	1765	1685	−6	+4	31	46
2022	09	22	TN	KM	1	0	F	FR	2	1687	1250	+1	−3	44	151
2022	09	27	BR	TN	5	1	F	FR	2	2169	1685	0	0	1	43
2022	11	16	TN	IR	2	0	F	QA	20	1705	1798	+3	−2	40	24
2022	11	22	DK	TN	0	0	WC	QA	-19	1952	1724	−2	+2	11	38
2022	11	26	AU	TN	1	0	WC	QA	32	1735	1692	+6	−5	36	43
2022	11	30	TN	FR	1	0	WC	QA	53	1745	1992	+6	−1	37	6
2023	03	24	TN	LY	3	0	FQ		4	1749	1344	+1	0	34	121
2023	03	28	LY	TN	0	1	FQ		-6	1338	1755	0	+1	121	33
2023	06	17	GQ	TN	1	0	FQ		30	1498	1725	+6	−1	81	36
2023	06	20	DZ	TN	1	1	F		-3	1711	1728	0	+1	40	36
2023	09	07	TN	BW	3	0	FQ		4	1732	1348	−1	−1	36	117
2023	09	12	EG	TN	1	3	F		-17	1669	1749	−2	+3	48	32
2023	10	13	KR	TN	4	0	F		13	1778	1736	+1	−3	28	35
2023	10	17	JP	TN	2	0	F		6	1900	1730	0	0	14	37
2023	11	17	TN	ST	4	0	WQ		1	1731	1063	0	−1	37	180
2023	11	21	MW	TN	0	1	WQ		-7	1348	1738	−2	+2	118	36
2024	01	06	TN	MR	0	0	F		-9	1729	1399	−2	+2	38	104
2024	01	10	TN	CV	2	0	F		4	1733	1475	+2	−1	36	88
2024	01	16	NA	TN	1	0	AR	CI	44	1428	1689	+10	−9	99	46
2024	01	20	ML	TN	1	1	AR	CI	3	1646	1686	0	0	51	46
2024	01	24	ZA	TN	0	0	AR	CI	12	1510	1674	+5	0	77	45
2024	03	23	HR	TN	0	0	FFC	EG	-10	1941	1684	−1	0	12	45
2024	03	26	NZ	TN	0	0	FFC	EG	7	1525	1677	0	0	75	45
2024	06	05	TN	GQ	1	0	WQ		9	1686	1546	0	−2	45	71
2024	06	09	NA	TN	0	0	WQ	ZA	15	1374	1671	+7	−1	109	45
2024	09	05	TN	MG	1	0	FQ		3	1674	1323	0	−2	48	131
2024	09	08	GM	TN	1	2	FQ	MA	-5	1342	1679	−7	+1	129	48
2024	10	11	TN	KM	0	1	FQ		-37	1642	1379	−5	+13	54	111
2024	10	15	KM	TN	1	1	FQ	CI	13	1392	1629	+3	0	108	55
2024	11	14	TN	MG	3	2	FQ	ZA	5	1634	1301	0	−1	55	135
2024	11	18	TN	GM	0	1	FQ		-36	1598	1378	−5	+7	60	116
2025	03	19	LR	TN	0	1	WQ		-8	1257	1606	0	+1	150	58
2025	03	24	TN	MW	2	0	WQ		5	1611	1279	+1	−1	58	143
2025	06	02	TN	BF	2	0	F		7	1618	1492	+2	−1	56	83
2025	06	06	MA	TN	2	0	F		5	1811	1613	+2	−2	24	58
2025	09	04	TN	LR	3	0	WQ		5	1618	1258	−1	0	59	149
2025	09	08	GQ	TN	0	1	WQ		-18	1465	1636	−3	+5	87	54
2025	10	10	TN	ST	6	0	WQ		1	1637	1024	−1	0	55	183
2025	10	13	TN	NA	3	0	WQ		6	1643	1327	0	0	55	129
2025	11	12	TN	MR	1	1	F		-8	1635	1350	0	+7	55	117
2025	11	14	TN	JO	3	2	F		7	1642	1609	+1	−4	55	62
2025	11	18	BR	TN	1	1	F	FR	-8	1978	1650	0	+2	6	52
2025	12	01	SY	TN	1	0	ARC	QA	30	1487	1620	+5	−6	83	58
2025	12	04	PS	TN	2	2	ARC	QA	8	1483	1612	0	−1	85	60
2025	12	07	QA	TN	0	3	ARC		-29	1425	1641	−7	+7	96	54
2025	12	18	TN	BW	2	1	F		2	1643	1317	+1	0	54	132
2025	12	23	TN	UG	3	1	AR	MA	17	1660	1416	+2	−5	52	100
2025	12	27	NG	TN	3	2	AR	MA	27	1654	1633	+7	−5	53	57
2025	12	30	TZ	TN	1	1	AR	MA	18	1342	1615	+9	−3	120	60
2026	01	03	ML	TN	1	1	AR	MA	1	1600	1614	0	0	63	61
2026	03	28	TN	HT	1	0	FT	CA	12	1626	1530	0	−4	61	79
2026	03	31	CA	TN	0	0	FT		-10	1784	1636	0	+3	25	58
2026	06	01	AT	TN	1	0	F		3	1830	1633	0	−1	23	59
2026	06	06	BE	TN	5	0	F		5	1894	1628	+2	−1	15	59
2026	06	14	SE	TN	5	1	WC	MX	43	1755	1585	+7	−9	35	67
2026	06	20	JP	TN	4	0	WC	MX	15	1925	1570	0	−1	11	70