1902	07	20	UY	AR	0	6	F		-21	1879	2021	−	−	4	1
1903	09	13	AR	UY	2	3	F		-16	2005	1895	0	+1	1	6
1905	08	15	AR	UY	0	0	LPT		-8	1997	1903	0	+1	1	5
1906	07	18	UY	ZA	1	6	F		-30	1873	1847	−3	+2	7	8
1906	08	15	UY	AR	0	2	LPT		-22	1851	2002	0	0	7	1
1906	10	21	AR	UY	2	1	NWT		6	2008	1845	0	−1	1	8
1907	08	15	AR	UY	2	1	LPT		5	2013	1840	0	0	1	8
1907	10	06	UY	AR	1	2	NWT		-12	1828	2025	0	0	8	1
1908	08	15	UY	AR	2	2	LPT		4	1832	2021	0	0	9	2
1908	09	13	AR	UY	2	1	NWT		5	2026	1827	0	0	2	9
1908	10	04	AR	UY	0	1	POA		-25	2001	1852	0	+2	2	7
1909	08	15	AR	UY	2	1	LPT		6	2007	1846	0	−2	2	9
1909	09	19	UY	AR	2	2	NWT		3	1849	2004	+2	0	7	2
1909	10	10	AR	UY	3	1	POA		8	2012	1841	0	−2	2	9
1910	05	29	UY	CL	3	0	MR	AR	5	1846	1395	0	−1	9	22
1910	06	12	AR	UY	4	1	MR		12	2025	1834	0	0	2	9
1910	08	15	UY	AR	3	1	LPT		28	1862	1997	+1	−1	7	3
1910	11	13	AR	UY	1	1	POA		-9	1990	1871	0	+1	3	6
1910	11	27	AR	UY	2	6	POA		-44	1946	1915	0	+1	3	5
1911	04	30	UY	AR	1	2	F		-12	1903	1958	0	+1	5	3
1911	08	15	AR	UY	0	2	LPT		-32	1926	1935	−2	+1	5	4
1911	09	17	UY	AR	2	3	NWT		-20	1915	1946	−1	+1	5	4
1911	10	08	UY	AR	1	1	POU		-3	1912	1949	0	0	5	4
1911	10	22	AR	UY	2	0	POA		14	1963	1898	+1	0	3	5
1911	10	29	UY	AR	3	0	POU		24	1922	1939	0	−1	5	4
1912	02	25	AR	UY	2	0	F		10	1949	1912	0	0	4	5
1912	08	15	UY	AR	2	0	LPT		18	1930	1931	0	−1	6	5
1912	08	25	UY	AR	3	0	POU		19	1949	1912	+2	−1	4	6
1912	09	22	AR	UY	0	1	POA		-18	1894	1967	0	0	6	4
1912	10	06	AR	UY	3	3	NWT		-1	1893	1968	0	0	6	4
1912	12	01	UY	AR	1	3	MTV		-33	1935	1926	−1	0	5	6
1913	04	27	AR	UY	0	0	F		-3	1923	1938	0	+1	6	4
1913	04	27	UY	AR	4	0	F		13	1951	1910	+1	0	4	6
1913	06	15	AR	UY	1	1	SZP		-3	1907	1954	0	0	6	4
1913	07	09	AR	UY	2	1	SZP		13	1920	1941	0	−1	6	5
1913	07	13	AR	UY	3	3	F		-2	1918	1943	0	+1	6	4
1913	07	13	UY	AR	5	4	F		7	1950	1911	+1	0	4	6
1913	08	15	AR	UY	4	0	LPT		23	1934	1927	+1	−2	5	6
1913	08	31	AR	UY	2	0	POA		16	1950	1911	+1	0	4	6
1913	09	28	AR	UY	4	0	CCP		17	1969	1894	0	0	4	6
1913	10	05	UY	AR	1	0	POU		14	1908	1955	0	0	6	4
1913	10	26	UY	AR	1	0	NWT		13	1921	1942	0	−1	6	5
1914	02	28	AR	UY	1	1	F		-3	1939	1924	0	0	5	6
1914	08	30	UY	AR	3	2	POU		11	1935	1928	+1	−1	5	6
1914	09	13	AR	UY	2	1	POA		11	1939	1924	+1	−1	5	6
1914	11	15	UY	AR	3	2	F		7	1931	1922	+1	−1	5	6
1914	11	22	AR	UY	3	0	F		13	1935	1918	+1	−1	5	6
1915	03	28	AR	UY	0	0	F		-3	1932	1921	0	0	5	6
1915	07	18	UY	AR	2	3	POU		-19	1902	1951	−1	0	7	5
1915	08	15	AR	UY	2	1	LPT		9	1960	1893	+2	0	3	7
1915	09	12	UY	AR	2	0	NWT		20	1913	1940	+1	−2	6	5
1916	07	02	UY	CL	4	0	SA	AR	4	1917	1386	0	0	6	25
1916	07	12	UY	BR	2	1	SA	AR	24	1941	1873	+2	−1	4	8
1916	07	14	UY	CL	4	1	F		1	1942	1405	0	0	4	25
1916	07	17	AR	UY	0	0	SA		-6	1927	1948	0	0	6	4
1916	07	18	UY	BR	0	1	F		-15	1933	1888	−1	+1	5	7
1916	08	15	AR	UY	3	1	NWT		17	1944	1916	+3	−1	3	6
1916	08	15	UY	AR	1	2	LPT		-18	1898	1962	−1	+3	6	3
1916	10	01	AR	UY	7	2	CCP		17	1979	1881	0	−4	3	10
1916	10	01	UY	AR	0	1	POU		-15	1866	1994	−4	0	10	3
1916	10	29	UY	AR	3	1	CCP		24	1890	1970	+4	0	6	3
1917	07	18	UY	AR	0	2	POU		-24	1866	1994	−3	0	9	3
1917	08	15	AR	UY	1	0	LPT		6	2000	1860	0	0	3	9
1917	09	02	UY	AR	1	0	NWT		17	1877	1983	+1	0	8	3
1917	09	30	UY	CL	4	0	SA		3	1880	1402	0	0	8	26
1917	10	07	UY	BR	4	0	SA		31	1911	1830	+1	−1	6	10
1917	10	14	UY	AR	1	0	SA		25	1936	1986	0	0	6	3
1917	10	16	UY	BR	3	1	F		7	1943	1831	0	−1	6	10
1918	07	18	UY	AR	1	1	POU		-3	1940	1979	0	0	6	4
1918	07	28	UY	AR	3	1	POU		19	1959	1960	+1	0	5	4
1918	08	15	AR	UY	0	0	POA		-4	1956	1963	−1	+1	5	4
1918	08	25	AR	UY	2	1	POA		11	1967	1952	+1	−2	4	6
1918	09	20	UY	AR	1	1	LPT		-4	1948	1971	0	0	6	4
1918	09	29	AR	UY	2	0	NWT		15	1986	1933	0	0	4	6
1919	05	13	UY	AR	3	2	SA	BR	30	1963	1970	+1	0	5	4
1919	05	17	UY	CL	2	0	SA	BR	3	1966	1395	0	0	5	28
1919	05	25	BR	UY	2	2	SA		-1	1878	1967	0	0	8	4
1919	05	29	BR	UY	1	0	SA		24	1902	1943	+1	−2	7	6
1919	07	18	UY	AR	4	1	POU		20	1963	1941	+2	−2	4	6
1919	08	24	UY	AR	2	1	NWT		10	1973	1931	0	+1	4	5
1919	09	07	AR	UY	1	2	LPT		-17	1914	1990	−1	0	6	4
1919	10	19	AR	UY	6	1	POA		28	1942	1962	+1	−2	5	4
1919	12	07	UY	AR	4	2	CCP		15	1977	1927	+1	0	3	5
1920	07	18	UY	AR	2	0	POU		13	1990	1914	+1	0	2	5
1920	07	25	AR	UY	1	3	NWT		-24	1890	2014	−2	0	7	2
1920	08	08	AR	UY	1	0	POA		16	1906	1998	+1	0	6	2
1920	09	12	AR	UY	1	1	SA	CL	6	1912	1992	0	0	7	2
1920	09	18	UY	BR	6	0	SA	CL	40	2032	1864	+1	−2	1	10
1920	09	26	CL	UY	1	2	SA		-2	1407	2034	0	0	31	1
1921	10	09	PY	UY	2	1	SA	AR	41	1817	1993	+2	−1	13	2
1921	10	23	UY	BR	2	1	SA	AR	16	2009	1839	0	−2	2	12
1921	10	30	AR	UY	1	0	SA		23	1961	1986	0	0	3	2
1921	11	02	UY	PY	4	2	F		4	1990	1751	0	0	2	15
1922	01	21	AR	UY	3	1	F		12	1973	1978	0	0	3	2
1922	01	22	AR	UY	1	3	F		-19	1954	1997	0	0	3	2
1922	09	23	UY	CL	2	0	SA	BR	3	2000	1432	0	0	2	40
1922	10	01	BR	UY	0	0	SA		7	1812	1993	0	0	13	2
1922	10	08	UY	AR	1	0	SA	BR	22	2015	1936	0	0	2	3
1922	10	12	PY	UY	1	0	SA	BR	40	1813	1975	+2	0	13	2
1922	11	12	UY	AR	1	0	LPT		8	1983	1904	0	−1	2	6
1922	11	19	AR	UY	4	4	F		-1	1903	1984	−1	0	7	2
1922	11	19	UY	AR	2	1	F		5	1989	1898	0	−1	2	7
1922	12	10	UY	AR	1	0	POU		7	1996	1891	0	−1	2	8
1922	12	17	AR	UY	2	2	NWT		0	1891	1996	0	0	8	2
1923	06	24	AR	UY	0	0	LPT		1	1864	1995	0	0	9	2
1923	07	01	AR	UY	1	0	F		11	1875	1984	0	0	9	2
1923	07	15	AR	UY	2	2	FMC		0	1875	1984	0	0	9	2
1923	07	18	UY	AR	2	2	F		-5	1979	1880	0	0	2	9
1923	07	22	UY	AR	2	2	POU		-8	1971	1888	0	0	2	9
1923	08	25	UY	AR	1	1	F		-5	1966	1893	0	0	2	9
1923	09	30	UY	AR	0	2	POU		-33	1933	1926	−1	+4	3	5
1923	11	04	UY	PY	2	0	SA		13	1946	1751	+2	0	2	15
1923	11	25	UY	BR	2	1	SA		13	1959	1850	0	0	3	10
1923	11	25	UY	CL	2	1	F		0	1959	1416	0	0	3	42
1923	12	02	UY	AR	2	0	SA		24	1983	1903	+1	−5	2	7
1923	12	08	AR	UY	2	3	FMC		-16	1887	1999	−1	0	8	2
1924	05	25	AR	UY	4	0	NWT		28	1933	1971	+1	+1	4	1
1924	05	25	UY	AR	2	0	NWT		14	1985	1919	+1	+1	1	4
1924	05	26	UY	YU	7	0	OG	FR	12	1997	1565	0	−2	1	34
1924	05	29	UY	US	3	0	OG	FR	17	2014	1696	0	−4	1	22
1924	06	01	FR	UY	1	5	OG		-15	1574	2029	−1	0	30	1
1924	06	06	UY	NL	2	1	OG	FR	16	2045	1833	0	−2	1	11
1924	06	09	UY	CH	3	0	OG	FR	20	2065	1775	0	−1	1	15
1924	08	10	AR	UY	0	0	FMC		2	1921	2063	0	0	3	1
1924	08	31	UY	AR	2	3	POU		-24	2039	1945	0	0	1	3
1924	09	21	UY	AR	1	1	F		-5	2034	1950	0	0	1	3
1924	10	02	AR	UY	2	1	F		10	1960	2024	0	0	3	1
1924	10	12	CL	UY	0	1	F		-1	1414	2025	0	0	44	1
1924	10	19	UY	CL	5	0	SA		2	2027	1412	0	0	1	44
1924	10	26	UY	PY	3	1	SA		9	2036	1769	0	−1	1	17
1924	11	02	UY	AR	0	0	SA		-12	2024	1962	0	0	1	3
1924	11	16	UY	AR	1	0	LPR		8	2032	1954	0	0	1	3
1925	05	01	AR	UY	1	0	BAC		14	1968	2018	+1	0	3	1
1925	07	14	UY	PY	0	1	BOC		-26	1992	1823	−1	+2	2	12
1925	07	18	UY	PY	0	1	BOC		-25	1967	1848	0	+1	2	11
1925	08	15	PY	UY	1	0	BOC		16	1864	1951	+1	−1	10	3
1925	08	19	PY	UY	0	1	BOC		-16	1848	1967	−1	+1	11	2
1925	08	23	PY	UY	0	0	BOC		1	1849	1966	0	0	11	2
1926	10	17	CL	UY	1	3	SA		-6	1420	1972	0	0	46	4
1926	10	24	UY	AR	2	0	SA	CL	43	2015	1978	+3	−3	1	4
1926	10	28	UY	BO	6	0	SA	CL	1	2016	1265	0	0	1	58
1926	11	01	UY	PY	6	1	SA	CL	16	2032	1715	+1	−3	1	20
1927	07	14	UY	AR	0	1	NWT		-22	2010	1978	0	0	1	4
1927	08	30	AR	UY	0	1	LPT		-18	1960	2028	0	0	4	1
1927	11	01	PE	UY	0	4	SA		-12	1588	2040	−	0	30	1
1927	11	06	UY	BO	9	0	SA	PE	1	2041	1262	0	0	1	59
1927	11	20	AR	UY	3	2	SA	PE	31	1993	2010	+1	0	3	1
1927	12	10	CL	UY	2	3	F		-2	1508	2012	0	0	40	1
1928	05	30	NL	UY	0	2	OG		-26	1732	2038	−2	+1	19	1
1928	06	03	UY	DE	4	1	OG	NL	20	2058	1766	0	−1	1	16
1928	06	07	UY	IT	3	2	OG	NL	19	2077	1899	0	−1	1	7
1928	06	10	AR	UY	1	1	OG	NL	2	2059	2075	0	0	2	1
1928	06	13	UY	AR	2	1	OG	NL	29	2104	2030	0	0	1	2
1928	08	15	PY	UY	3	1	F		27	1674	2077	+1	0	21	1
1928	08	19	PY	UY	1	1	F		7	1681	2070	0	0	21	1
1928	08	30	AR	UY	1	0	NWT		12	2042	2058	0	0	2	1
1928	09	21	UY	AR	2	2	LPT		-5	2053	2047	0	0	1	2
1929	06	16	AR	UY	2	0	ACD		17	2064	2036	+1	−2	1	3
1929	06	16	UY	AR	1	1	UAC		-3	2033	2067	−2	+1	3	1
1929	09	20	UY	AR	2	1	NWT		12	2045	2055	+1	0	2	1
1929	09	28	AR	UY	0	0	LPT		-5	2050	2050	0	+1	1	1
1929	11	01	PY	UY	3	0	SA	AR	78	1759	1972	+6	−2	15	3
1929	11	11	UY	PE	4	1	SA	AR	8	1980	1567	0	−3	3	35
1929	11	17	AR	UY	2	0	SA		20	2081	1960	0	0	1	3
1930	05	25	AR	UY	1	1	NWT		-8	2073	1968	0	0	1	5
1930	07	18	UY	PE	1	0	WC		2	1970	1497	0	0	4	41
1930	07	21	UY	RO	4	0	WC		7	1977	1596	0	0	4	30
1930	07	27	UY	YU	6	1	WC		10	1987	1643	0	−2	4	27
1930	07	30	UY	AR	4	2	WC		47	2034	2059	+2	0	2	1
1931	09	06	BR	UY	2	0	RBC		26	1911	2008	+1	0	8	2
1932	05	15	AR	UY	2	0	F		9	2058	1999	0	−1	1	4
1932	05	18	UY	AR	1	0	F		9	2008	2049	+1	0	3	1
1932	12	04	UY	BR	1	2	RBC		-23	1985	1934	0	+1	4	7
1933	01	21	UY	AR	2	1	F		9	1994	2040	0	0	4	1
1933	02	05	AR	UY	4	1	F		11	2051	1983	0	0	1	4
1933	12	14	UY	AR	0	1	F		-11	1972	2062	0	0	5	1
1934	07	18	UY	AR	2	2	F		-2	1970	2012	0	0	5	2
1934	08	15	AR	UY	1	0	F		6	2018	1964	0	−1	2	6
1935	01	13	PE	UY	0	1	SA		-5	1492	1969	−1	+1	50	4
1935	01	18	UY	CL	2	1	SA	PE	6	1975	1630	0	0	4	28
1935	01	27	UY	AR	3	0	SA	PE	51	2026	1983	+1	−2	3	4
1935	07	18	UY	AR	1	1	HGC		-6	2020	1989	0	0	2	4
1935	08	15	AR	UY	3	0	JMC		21	2010	1999	+2	−2	2	4
1936	08	09	AR	UY	1	0	JMC		10	2020	1989	0	0	2	3
1936	09	20	UY	AR	2	1	HGC		12	2001	2008	0	0	3	2
1937	01	02	PY	UY	4	2	SA	AR	61	1809	1940	0	−2	14	5
1937	01	06	UY	PE	4	2	SA	AR	7	1947	1544	+2	−1	3	43
1937	01	10	CL	UY	3	0	SA	AR	78	1664	1869	+14	−7	24	10
1937	01	19	BR	UY	3	2	SA	AR	21	1939	1848	+2	−1	5	11
1937	01	23	AR	UY	2	3	SA		-42	1986	1890	0	+1	2	10
1937	10	10	UY	AR	0	3	NWT		-24	1866	2045	−2	0	11	2
1937	11	11	AR	UY	5	1	LPT		9	2054	1857	0	−1	2	12
1938	06	18	AR	UY	1	0	JMC		5	2059	1852	0	−1	2	10
1938	10	12	UY	AR	2	3	HGC		-11	1841	2070	0	0	11	2
1939	01	22	UY	EC	6	0	SA	PE	5	1846	1306	0	0	11	74
1939	01	29	UY	CL	3	2	SA	PE	9	1855	1572	0	−1	11	43
1939	02	05	UY	PY	3	1	SA	PE	24	1879	1702	+2	−4	9	20
1939	02	12	PE	UY	2	1	SA		30	1743	1849	+2	−2	15	11
1940	03	12	UY	CL	3	2	F		2	1851	1599	+1	−1	10	40
1940	03	24	BR	UY	3	4	RBC		-21	1884	1872	0	+2	7	8
1940	03	31	BR	UY	1	1	RBC		-5	1879	1877	−1	−1	8	9
1940	07	18	UY	AR	3	0	HGC		35	1912	2068	+3	−1	7	2
1940	08	15	AR	UY	5	0	JMC		11	2079	1901	+1	−1	1	8
1941	02	09	UY	EC	6	0	SA	CL	3	1904	1272	0	−1	8	82
1941	02	16	CL	UY	0	2	SA		-20	1609	1924	−3	+2	40	6
1941	02	23	AR	UY	1	0	SA	CL	14	2102	1910	0	−1	1	7
1941	02	26	UY	PE	2	0	SA	CL	19	1929	1702	+1	−4	6	21
1942	01	10	UY	CL	6	1	SA		8	1937	1596	0	−2	6	42
1942	01	18	UY	EC	7	0	SA		1	1938	1263	0	0	6	85
1942	01	24	UY	BR	1	0	SA		15	1953	1882	+1	0	5	8
1942	01	28	UY	PY	3	1	SA		10	1963	1710	0	−4	5	21
1942	02	01	UY	PE	3	0	SA		9	1972	1677	0	−1	5	26
1942	02	07	UY	AR	1	0	SA		27	1999	2079	+2	0	3	1
1942	05	25	AR	UY	4	1	NWT		14	2093	1985	+1	−2	1	5
1942	08	25	UY	AR	1	1	LPT		0	1985	2093	0	0	5	1
1943	01	06	AR	UY	1	0	F		5	2098	1980	0	0	1	5
1943	01	09	UY	AR	6	2	F		20	2000	2078	+2	−1	3	2
1943	03	28	AR	UY	3	3	JMC		-7	2071	2007	0	0	2	3
1943	04	04	UY	AR	0	1	HGC		-17	1990	2088	−2	+1	5	1
1944	01	05	UY	AR	1	3	F		-16	1974	2088	0	+1	5	1
1944	01	08	AR	UY	3	3	F		-5	2083	1979	−1	0	2	5
1944	01	29	AR	UY	6	2	F		9	2092	1970	0	0	2	5
1944	01	29	UY	AR	2	1	F		11	1981	2081	0	0	5	2
1944	05	14	BR	UY	6	1	F		21	1893	1960	+1	0	9	5
1944	05	18	BR	UY	4	0	F		17	1910	1943	+1	−1	8	6
1945	01	24	UY	EC	5	1	SA	CL	2	1945	1236	+1	0	5	90
1945	01	28	UY	CO	7	0	SA	CL	3	1948	1339	0	−1	5	75
1945	02	07	BR	UY	3	0	SA	CL	48	1963	1900	+3	−4	5	9
1945	02	15	UY	BO	2	0	SA	CL	2	1902	1305	0	−1	9	79
1945	02	18	CL	UY	1	0	SA		36	1672	1866	+12	−2	27	11
1945	02	25	AR	UY	1	0	SA	CL	10	2107	1856	0	0	1	11
1945	07	18	UY	AR	2	2	LPT		5	1861	2067	0	0	10	2
1945	08	15	AR	UY	6	2	NWT		8	2075	1853	0	−1	2	11
1945	12	29	UY	AR	1	1	F		2	1855	2033	0	0	11	2
1946	01	05	UY	BR	4	3	RBC		17	1872	1976	0	0	11	4
1946	01	09	UY	BR	1	1	RBC		0	1872	1976	0	0	11	4
1946	01	16	UY	CL	1	0	SA	AR	11	1883	1647	0	−3	11	33
1946	01	23	BR	UY	4	3	SA	AR	18	1996	1865	0	0	4	11
1946	01	29	UY	BO	5	0	SA	AR	4	1869	1296	0	0	11	80
1946	02	02	AR	UY	3	1	SA		13	2060	1856	0	0	2	11
1946	02	08	PY	UY	2	1	SA	AR	33	1780	1823	0	−1	16	12
1947	03	02	AR	UY	2	1	F		2	2083	1821	+1	0	1	11
1947	03	09	UY	AR	4	4	F		4	1825	2079	0	−1	11	2
1947	03	29	UY	BR	0	0	RBC		2	1827	1971	0	0	11	4
1947	04	01	BR	UY	3	2	RBC		6	1977	1821	+1	0	3	11
1947	12	02	UY	CO	2	0	SA	EC	10	1831	1485	0	0	14	54
1947	12	06	UY	CL	6	0	SA	EC	30	1861	1641	+3	−4	11	34
1947	12	09	UY	BO	3	0	SA	EC	3	1864	1284	+2	−1	9	88
1947	12	13	PY	UY	4	2	SA	EC	49	1806	1815	+2	−5	15	14
1947	12	16	EC	UY	1	6	SA		-5	1205	1820	0	0	95	14
1947	12	25	UY	PE	1	0	SA	EC	14	1834	1637	+1	−2	14	35
1947	12	28	AR	UY	3	1	SA	EC	14	2097	1820	0	−1	1	15
1948	04	04	UY	BR	1	1	RBC		2	1822	1975	0	0	15	4
1948	04	11	UY	BR	4	2	RBC		26	1848	1949	+2	0	13	4
1948	05	18	UY	AR	0	1	F		-6	1842	2103	0	0	13	1
1948	05	25	AR	UY	0	2	F		-27	2076	1869	0	+3	1	9
1949	04	13	UY	EC	3	2	SA	BR	1	1870	1215	0	0	9	97
1949	04	17	BO	UY	3	2	SA	BR	48	1371	1822	+6	−4	75	13
1949	04	20	UY	PY	2	1	SA	BR	28	1850	1840	+3	−3	10	12
1949	04	25	CO	UY	2	2	SA	BR	22	1419	1828	+3	−2	66	12
1949	04	30	BR	UY	5	1	SA		19	1987	1809	0	−1	5	13
1949	05	04	PE	UY	4	3	SA	BR	33	1732	1776	+5	−2	20	15
1949	05	08	CL	UY	3	1	SA	BR	56	1639	1720	+7	−8	33	23
1950	04	07	CL	UY	1	5	F		-18	1588	1738	−2	+7	38	16
1950	04	09	CL	UY	2	1	F		11	1599	1727	+1	−5	37	21
1950	04	30	PY	UY	3	2	TPC	BR	9	1881	1718	0	−2	10	23
1950	05	06	BR	UY	3	4	RBC		-27	1955	1745	−3	+7	6	16
1950	05	14	BR	UY	3	2	RBC		4	1963	1741	0	0	5	16
1950	05	18	BR	UY	1	0	RBC		4	1967	1737	0	0	5	16
1950	07	02	UY	BO	8	0	WC	BR	22	1759	1423	+4	−3	14	68
1950	07	09	ES	UY	2	2	WC	BR	-16	1945	1775	−1	+1	7	13
1950	07	13	UY	SE	3	2	WC	BR	44	1819	1903	0	−3	13	9
1950	07	16	BR	UY	1	2	WC		-53	2013	1872	0	+3	2	10
1952	03	23	UY	MX	3	1	PAC	CL	23	1895	1706	+1	−3	10	24
1952	03	30	UY	PE	5	2	PAC	CL	27	1922	1726	+3	−4	7	20
1952	04	06	UY	PA	6	1	PAC	CL	7	1929	1457	0	−2	7	66
1952	04	13	CL	UY	2	0	PAC		49	1770	1880	+6	−3	16	10
1952	04	16	BR	UY	4	2	PAC	CL	24	2032	1856	0	−1	2	11
1953	02	25	UY	BO	2	0	SA	PE	7	1863	1462	−1	0	12	65
1953	03	01	CL	UY	3	2	SA	PE	35	1749	1828	+3	−1	17	13
1953	03	12	PY	UY	2	2	SA	PE	-2	1852	1830	0	0	11	13
1953	03	15	BR	UY	1	0	SA	PE	10	2072	1820	0	0	3	13
1953	03	23	UY	EC	6	0	SA	PE	5	1825	1275	0	0	13	99
1953	03	28	PE	UY	0	3	SA		-48	1709	1873	−6	+3	22	10
1953	05	31	UY	EN	2	1	F		11	1884	1997	0	0	9	3
1954	04	10	UY	PY	1	4	F		-21	1863	1935	−1	0	10	7
1954	04	18	PY	UY	1	1	F		-5	1930	1868	0	0	7	10
1954	05	23	CH	UY	3	3	F		3	1665	1865	+2	0	28	10
1954	06	05	SP	UY	1	7	F		-12	1583	1877	−2	+1	47	10
1954	06	16	UY	CS	2	0	WC	CH	29	1906	1719	+2	−1	8	19
1954	06	19	UY	SQ	7	0	WC	CH	60	1966	1807	+3	−3	5	13
1954	06	26	UY	EN	4	2	WC	CH	53	2019	1972	+1	−1	4	5
1954	06	30	HU	UY	4	2	WC	CH	22	2234	1997	0	−2	1	5
1954	07	03	AT	UY	3	1	WC	CH	56	1969	1941	+2	−2	6	7
1955	03	09	UY	PY	3	1	SA	CL	34	1975	1872	+1	0	6	9
1955	03	13	CL	UY	2	2	SA		13	1692	1962	+3	0	23	6
1955	03	23	UY	EC	5	1	SA	CL	2	1964	1258	0	0	6	112
1955	03	27	AR	UY	6	1	SA	CL	35	2106	1929	0	−1	2	7
1955	03	30	PE	UY	2	1	SA	CL	37	1776	1892	+4	−1	15	8
1956	01	21	UY	PY	4	2	SA		19	1911	1790	0	−1	8	14
1956	01	28	UY	PE	2	0	SA		15	1926	1755	0	−1	8	18
1956	02	06	UY	CL	2	1	SA		11	1937	1801	+1	0	7	13
1956	02	10	UY	BR	0	0	SA		-5	1932	1977	0	0	7	4
1956	02	15	UY	AR	1	0	SA		30	1962	2070	0	0	7	2
1956	06	24	BR	UY	2	0	ATL		12	2044	1950	0	−2	3	7
1956	07	01	UY	AR	1	2	ATL		-15	1935	2071	0	0	7	2
1956	07	15	PY	UY	2	2	F		3	1732	1932	+1	0	20	7
1956	08	12	UY	CS	2	1	F		5	1937	1837	0	−1	7	11
1956	10	10	UY	AR	1	2	F		-9	1928	2084	0	0	6	2
1956	11	14	AR	UY	2	2	F		-6	2078	1934	0	0	2	6
1957	03	07	UY	EC	5	2	SA	PE	2	1936	1256	0	−1	5	117
1957	03	17	CO	UY	1	0	SA	PE	49	1353	1887	+7	−2	95	7
1957	03	20	AR	UY	4	0	SA	PE	21	2119	1866	0	−3	2	10
1957	03	23	PE	UY	3	5	SA		-36	1716	1902	−3	+3	21	7
1957	03	28	UY	BR	3	2	SA	PE	35	1937	2007	+2	0	5	3
1957	04	01	UY	CL	2	0	SA	PE	16	1953	1699	0	−3	5	24
1957	05	23	UY	AR	0	0	NWT		3	1956	2118	0	0	5	2
1957	06	05	AR	UY	1	1	LPT		-10	2108	1966	0	0	2	5
1957	06	16	CO	UY	1	1	WQ		18	1394	1948	+4	0	88	5
1957	06	30	UY	CO	1	0	WQ		1	1949	1380	0	0	5	92
1957	07	14	PY	UY	5	0	WQ		54	1777	1895	+2	−2	18	7
1957	07	28	UY	PY	2	0	WQ		13	1908	1764	+2	0	5	18
1958	04	06	UY	AR	1	0	F		11	1919	2049	0	0	6	2
1958	04	30	AR	UY	2	0	F		7	2044	1912	+1	0	2	6
1959	03	08	UY	BO	7	0	SA	AR	16	1928	1589	+1	−5	6	49
1959	03	14	PE	UY	5	3	SA	AR	54	1823	1874	+5	−4	13	10
1959	03	18	UY	PY	3	1	SA	AR	30	1904	1777	+2	−1	8	17
1959	03	26	BR	UY	3	1	SA	AR	16	2146	1888	0	−1	1	9
1959	03	30	AR	UY	4	1	SA		23	1992	1865	+1	−2	2	11
1959	04	02	CL	UY	1	0	SA	AR	37	1716	1828	+5	−1	29	12
1959	05	01	UY	PY	1	3	F		-21	1807	1803	−1	+3	13	14
1959	12	06	EC	UY	0	4	SA		-6	1233	1813	0	0	120	14
1959	12	12	UY	BR	3	0	SA	EC	77	1890	2089	+5	0	9	1
1959	12	16	UY	AR	5	0	SA	EC	61	1951	1909	+5	−5	4	8
1959	12	22	PY	UY	1	1	SA	EC	12	1789	1939	0	−2	16	6
1960	06	01	CL	UY	2	3	F		-6	1693	1945	−1	+1	33	5
1960	06	05	UY	CL	2	2	F		-8	1937	1701	−1	+1	6	32
1960	07	09	UY	BR	1	0	ATL		16	1953	2049	0	0	5	1
1960	07	13	UY	PY	2	1	ATL		4	1957	1707	0	0	5	28
1960	08	17	AR	UY	4	0	ATL		17	2013	1940	+1	−1	2	6
1961	07	15	BO	UY	1	1	WQ		14	1554	1926	+2	−1	54	9
1961	07	30	UY	BO	2	1	WQ		2	1928	1552	0	0	9	54
1961	10	12	CL	UY	2	3	F		-7	1715	1935	0	+1	22	9
1961	11	29	UY	SU	1	2	F		-11	1924	2006	0	0	9	2
1961	12	23	UY	HU	1	1	F		-2	1922	1955	0	0	9	7
1962	03	13	UY	AR	1	1	F		-1	1921	1976	0	0	9	5
1962	04	11	WG	UY	3	0	F		14	1900	1907	+2	0	10	9
1962	04	18	HU	UY	1	1	F		-4	1951	1911	0	0	7	9
1962	04	22	CS	UY	3	1	F		9	1976	1902	0	0	5	9
1962	04	27	SU	UY	5	0	F		9	2030	1893	0	−2	2	11
1962	05	02	SQ	UY	2	3	F		-13	1880	1906	−1	+2	12	9
1962	05	30	UY	CO	2	1	WC	CL	4	1910	1436	0	−1	9	83
1962	06	02	YU	UY	3	1	WC	CL	41	1985	1869	+2	−5	4	13
1962	06	06	SU	UY	2	1	WC	CL	16	2058	1853	0	0	2	13
1962	06	19	UY	CS	3	1	F		17	1870	1981	+1	0	13	3
1962	08	15	AR	UY	3	1	LPT		12	1955	1858	0	0	5	13
1963	03	23	UY	CL	3	2	CPD		10	1868	1816	0	0	13	16
1963	07	24	CL	UY	0	0	CPD		-2	1814	1870	0	0	15	12
1964	04	25	MA	UY	0	1	F		-7	1664	1877	−1	0	33	13
1964	04	29	EI	UY	3	0	F		23	1685	1854	+3	0	31	13
1964	05	06	EN	UY	2	1	F		5	1941	1849	+1	0	4	13
1964	05	14	AT	UY	0	2	F		-18	1794	1867	−1	0	17	13
1964	05	20	SU	UY	1	0	F		4	2010	1863	0	0	1	13
1965	01	03	UY	DD	0	2	F		-26	1837	1673	−1	+2	15	35
1965	04	24	PY	UY	2	1	ART		12	1814	1825	+1	0	18	15
1965	05	01	UY	PY	4	0	ART		19	1844	1795	+1	−2	15	19
1965	05	09	CL	UY	0	0	CPD		-4	1824	1848	0	0	16	15
1965	05	16	UY	CL	1	1	CPD		-5	1843	1829	0	0	15	16
1965	05	23	UY	VE	5	0	WQ		3	1846	1387	0	0	15	95
1965	05	30	VE	UY	1	3	WQ		-7	1380	1853	−2	+1	97	14
1965	06	06	PE	UY	0	1	WQ		-14	1627	1867	−4	+2	41	12
1965	06	13	UY	PE	2	1	WQ		5	1872	1622	+1	−2	11	43
1965	09	07	BR	UY	3	0	F		8	2004	1864	+1	−1	1	12
1965	12	04	UY	SU	1	3	F		-15	1849	1987	0	+1	13	3
1966	05	15	PY	UY	2	2	ART		-1	1770	1850	−1	0	22	12
1966	05	18	UY	PY	3	1	ART		12	1862	1758	0	−3	12	25
1966	06	15	IL	UY	1	2	F		-4	1541	1866	0	+1	56	11
1966	06	19	RO	UY	1	0	F		7	1872	1859	+1	−1	11	12
1966	06	23	ES	UY	1	1	F		-4	1895	1863	−1	0	9	12
1966	06	26	PT	UY	3	0	F		15	1823	1848	0	0	14	12
1966	07	11	EN	UY	0	0	WC		-18	1976	1866	0	+1	3	12
1966	07	15	UY	FR	2	1	WC	EN	22	1888	1746	+2	−5	10	25
1966	07	19	MX	UY	0	0	WC	EN	4	1843	1884	0	0	14	10
1966	07	23	WG	UY	4	0	WC	EN	38	2039	1846	+2	−3	2	13
1967	01	04	UY	RO	1	1	F		-3	1843	1859	0	0	12	11
1967	01	17	UY	BO	4	0	SA		18	1861	1678	+2	−4	11	34
1967	01	21	UY	VE	4	0	SA		3	1864	1341	0	−2	11	104
1967	01	26	UY	CL	2	2	SA		-13	1851	1780	−1	0	12	20
1967	01	29	UY	PY	2	0	SA		16	1867	1702	+2	−1	10	29
1967	02	02	UY	AR	1	0	SA		29	1896	1998	0	0	10	3
1967	06	25	UY	BR	0	0	RBC		-3	1893	1922	0	0	10	9
1967	06	28	UY	BR	2	2	RBC		-3	1890	1925	0	0	10	9
1967	07	01	UY	BR	1	1	RBC		-3	1887	1928	0	0	10	9
1967	07	28	PE	UY	0	1	F		-5	1613	1892	0	0	42	10
1967	07	30	PE	UY	1	2	F		-5	1609	1897	0	0	42	10
1968	05	21	MX	UY	3	3	F		-2	1849	1899	0	0	15	9
1968	05	28	MX	UY	2	2	F		-1	1848	1900	0	0	15	9
1968	06	02	PY	UY	0	0	ART		3	1741	1897	0	0	24	9
1968	06	05	AR	UY	2	0	LPT		14	1943	1883	+1	−1	7	10
1968	06	09	BR	UY	2	0	RBC		13	1949	1870	+2	0	6	11
1968	06	12	BR	UY	4	0	RBC		15	1964	1855	+3	−4	4	14
1968	06	20	UY	AR	2	1	NWT		14	1869	1929	+3	0	11	8
1968	10	26	UY	MX	0	2	F		-20	1849	1863	−3	+3	15	12
1969	06	08	UY	EN	1	2	F		-6	1843	2096	0	0	13	1
1969	06	27	PE	UY	1	0	F		13	1650	1830	+3	0	40	12
1969	07	02	CO	UY	0	1	F		-3	1416	1833	−1	0	88	12
1969	07	06	EC	UY	0	2	WQ		-10	1439	1843	−2	0	83	12
1969	07	13	CL	UY	0	0	WQ		-3	1793	1846	0	0	19	12
1969	07	20	UY	EC	1	0	WQ		2	1848	1437	0	0	12	83
1969	08	10	UY	CL	2	0	WQ		17	1865	1768	0	−1	11	21
1970	03	31	UY	PE	2	0	F		5	1870	1687	0	0	9	34
1970	04	08	AR	UY	2	1	F		8	1848	1862	0	0	10	9
1970	04	15	UY	AR	2	1	F		7	1869	1841	0	0	9	10
1970	06	02	UY	IL	2	0	WC	MX	23	1892	1658	+1	−2	8	38
1970	06	06	IT	UY	0	0	WC	MX	-11	2013	1903	0	+1	3	7
1970	06	10	SE	UY	1	0	WC	MX	37	1853	1866	+4	−2	10	9
1970	06	14	UY	SU	1	0	WC	MX	38	1904	1928	+1	0	7	5
1970	06	17	BR	UY	3	1	WC	MX	21	2130	1883	0	−1	1	8
1970	06	20	WG	UY	1	0	WC	MX	17	2060	1866	+1	0	2	8
1971	02	08	UY	DD	0	3	F		-20	1846	1935	−3	+1	11	6
1971	02	10	UY	DD	1	1	F		0	1846	1935	0	0	11	6
1971	07	14	AR	UY	1	0	F		7	1850	1839	+1	−1	12	13
1971	07	18	UY	AR	1	1	F		-3	1836	1853	0	0	13	12
1971	10	27	UY	CL	3	0	CPD		13	1849	1733	+1	−2	12	28
1971	11	03	CL	UY	5	0	CPD		31	1764	1818	+7	−2	21	14
1972	05	23	ES	UY	2	0	F		9	1872	1809	0	0	10	14
1972	05	27	DD	UY	1	0	F		5	1893	1804	0	0	7	14
1972	05	31	DD	UY	0	0	F		-5	1888	1809	0	0	7	14
1972	06	14	NO	UY	0	1	F		-4	1462	1813	−2	0	73	14
1972	06	29	SU	UY	1	0	BRI	BR	12	1976	1801	0	−2	4	16
1972	07	02	PT	UY	1	1	BRI	BR	-5	1891	1806	+1	0	6	16
1972	07	06	AR	UY	1	0	BRI	BR	16	1893	1790	+3	−3	7	19
1973	05	17	AR	UY	1	1	LPT		-8	1873	1798	−1	+1	12	21
1973	05	23	UY	AR	1	1	NWT		-1	1797	1874	0	+1	21	11
1973	06	06	HT	UY	0	0	F		3	1592	1794	0	0	51	22
1973	06	24	CO	UY	0	0	WQ		13	1428	1781	+3	0	84	22
1973	07	01	EC	UY	1	2	WQ		-9	1448	1790	−2	0	73	22
1973	07	05	UY	CO	0	1	WQ		-37	1753	1469	−4	+13	26	69
1973	07	08	UY	EC	4	0	WQ		7	1760	1441	+1	−3	25	77
1973	07	19	IL	UY	1	2	F		-11	1699	1771	−1	+3	31	22
1974	03	23	HT	UY	0	1	F		-8	1605	1779	−2	+1	46	24
1974	03	25	HT	UY	0	0	F		2	1607	1777	+1	−1	45	25
1974	03	28	JM	UY	0	3	F		-4	1294	1781	0	+3	116	22
1974	04	19	ID	UY	2	1	F		16	1429	1765	+4	−4	86	26
1974	04	21	ID	UY	2	3	F		-4	1425	1769	−1	0	88	26
1974	04	25	AU	UY	0	0	F		0	1673	1769	0	0	34	26
1974	04	27	AU	UY	2	0	F		15	1688	1754	+2	−1	32	27
1974	05	08	UY	IE	2	0	F		6	1760	1602	0	−2	27	46
1974	06	15	NL	UY	2	0	WC	WG	34	1878	1726	+4	−2	13	28
1974	06	19	BG	UY	1	1	WC	WG	-9	1819	1735	0	0	18	27
1974	06	23	SE	UY	3	0	WC	WG	31	1914	1704	+4	−2	9	29
1975	06	04	UY	CL	1	0	CPD		13	1717	1755	+2	−2	29	24
1975	06	12	PY	UY	0	1	ART		-21	1745	1738	−2	+1	25	28
1975	06	19	UY	PY	0	1	ART		-19	1719	1764	−1	+2	29	23
1975	06	25	CL	UY	1	3	CPD		-31	1724	1750	−4	+4	29	25
1975	07	18	UY	AR	2	3	NWT		-14	1736	1879	−2	+1	27	12
1975	09	21	CO	UY	3	0	CA		48	1654	1688	+6	−4	40	30
1975	10	01	UY	CO	1	0	CA		16	1704	1638	+2	−1	28	41
1976	02	25	UY	BR	1	2	ARB		-7	1697	2033	0	0	30	4
1976	03	10	UY	PY	2	2	ATA		-6	1691	1669	−2	+2	31	35
1976	04	08	AR	UY	4	1	ALP		8	1895	1683	+2	0	11	33
1976	04	28	BR	UY	2	1	ARB		2	2038	1681	0	−1	3	34
1976	05	19	PY	UY	1	0	ATA		10	1700	1671	+3	0	30	34
1976	06	09	UY	AR	0	3	ATN		-19	1652	1895	−3	+1	38	11
1976	10	06	CL	UY	0	0	CPD		-5	1666	1657	0	+3	35	36
1976	10	12	PE	UY	0	0	F		-6	1774	1663	0	0	22	37
1976	10	15	CO	UY	1	2	F		-12	1616	1675	−2	+1	45	35
1976	10	20	EC	UY	2	2	F		4	1416	1671	0	0	93	35
1976	11	24	UY	PE	0	0	F		-1	1670	1749	0	0	36	24
1977	01	04	UY	EC	1	1	F		-8	1662	1424	0	+3	36	86
1977	01	12	PY	UY	1	1	ART		-6	1694	1668	−1	0	32	36
1977	01	23	UY	PY	2	1	ART		12	1680	1682	0	−3	36	35
1977	01	30	UY	CL	3	0	CPD		19	1699	1656	+4	−1	31	37
1977	02	09	VE	UY	1	1	WQ		12	1376	1687	+6	−2	96	34
1977	02	27	BO	UY	1	0	WQ		25	1517	1662	+8	−2	61	36
1977	03	17	UY	VE	2	0	WQ		5	1667	1336	0	−2	36	107
1977	03	27	UY	BO	2	2	WQ		-11	1656	1563	−2	+1	38	55
1977	06	08	UY	WG	0	2	F		-3	1653	2141	−1	0	39	1
1977	06	15	UY	EN	0	0	F		4	1657	1909	+2	0	38	10
1978	04	25	UY	AR	2	0	F		22	1679	1923	+4	−3	35	10
1978	05	03	AR	UY	3	0	F		4	1927	1675	0	0	10	35
1978	05	24	UY	ES	0	0	F		5	1680	1961	0	0	35	5
1979	05	31	BR	UY	5	1	F		1	2146	1679	0	0	1	35
1979	07	11	CL	UY	1	0	CPD		13	1642	1666	+3	−1	41	35
1979	07	18	UY	CL	2	1	CPD		10	1676	1632	0	−2	35	44
1979	08	30	PE	UY	2	0	F		7	1792	1669	0	0	22	35
1979	09	05	EC	UY	2	1	CA		33	1492	1636	+10	−7	71	42
1979	09	16	UY	EC	2	1	CA		9	1645	1473	+4	−5	38	76
1979	09	20	PY	UY	0	0	CA		-12	1719	1657	−1	+1	26	37
1979	09	26	UY	PY	2	2	CA		-3	1654	1722	−2	+1	38	25
1980	03	15	IT	UY	1	0	F		1	1996	1653	0	+1	5	42
1980	03	18	BE	UY	2	0	F		4	1901	1649	0	−2	12	43
1980	03	22	YU	UY	2	1	F		2	1898	1647	0	0	13	42
1980	03	26	LU	UY	0	1	F		-3	1264	1650	0	+1	120	41
1980	06	25	CL	UY	2	1	F		6	1697	1644	+1	−1	32	44
1980	07	18	UY	PE	0	0	F		0	1644	1736	0	0	43	26
1980	08	21	UY	CL	0	0	F		-1	1643	1698	0	0	43	32
1980	08	27	BR	UY	1	0	F		1	2033	1642	0	0	2	43
1980	11	09	BO	UY	1	3	F		-18	1585	1660	−4	+3	49	38
1980	11	12	PE	UY	1	1	F		-5	1731	1665	0	+1	26	37
1980	12	08	UY	FI	6	0	F		5	1670	1427	+1	−3	34	86
1980	12	11	UY	BO	5	0	F		10	1680	1576	+2	−4	32	52
1980	12	18	UY	CH	4	0	F		9	1689	1576	+1	−4	30	51
1980	12	30	UY	NL	2	0	MND		44	1733	1920	+4	−6	26	12
1981	01	03	UY	IT	2	0	MND		45	1778	1972	+3	−1	23	5
1981	01	10	UY	BR	2	1	MND		31	1809	2053	+4	−1	19	2
1981	04	29	CL	UY	1	2	CPD		-16	1715	1825	−1	+2	28	19
1981	07	15	UY	CL	0	0	CPD		-7	1818	1770	−1	0	19	23
1981	08	09	UY	CO	3	2	WQ		6	1824	1596	+1	0	18	49
1981	08	23	UY	PE	1	2	WQ		-31	1793	1730	−1	+4	19	28
1981	09	06	PE	UY	0	0	WQ		-2	1728	1795	0	0	28	19
1981	09	13	CO	UY	1	1	WQ		6	1587	1789	+2	−1	49	20
1982	02	20	KR	UY	2	2	NGC	IN	6	1680	1783	0	−2	35	21
1982	02	22	CN	UY	0	0	NGC	IN	10	1613	1773	0	−1	45	22
1982	02	25	IN	UY	1	3	NGC		-5	1242	1778	−3	+1	126	20
1982	03	04	UY	CN	2	0	NGC	IN	17	1795	1600	+1	−2	19	45
1983	06	02	PY	UY	0	0	ART		0	1689	1795	0	0	35	18
1983	06	09	UY	PY	3	0	ART		12	1807	1677	−1	−2	19	37
1983	07	18	UY	PE	1	1	F		-4	1803	1747	0	0	19	27
1983	08	11	PE	UY	1	1	F		0	1710	1803	0	0	33	19
1983	08	25	UY	PY	0	0	F		-5	1798	1717	0	+2	19	31
1983	09	01	UY	CL	2	1	CA		15	1813	1742	0	−2	19	27
1983	09	04	UY	VE	3	0	CA		4	1817	1377	0	−3	19	93
1983	09	11	CL	UY	2	0	CA		34	1782	1783	+6	−1	21	20
1983	09	18	VE	UY	1	2	CA		-7	1364	1790	0	+1	93	19
1983	09	21	SQ	UY	2	0	F		8	1878	1782	+1	−3	12	22
1983	09	26	IL	UY	2	2	F		0	1687	1782	0	0	35	22
1983	10	13	PE	UY	0	1	CA		-26	1665	1808	−4	+1	37	20
1983	10	20	UY	PE	1	1	CA		-15	1793	1680	0	+1	21	36
1983	10	27	UY	BR	2	0	CA		51	1844	1978	+3	−1	18	4
1983	11	04	BR	UY	1	1	CA		-15	1963	1859	0	+4	4	14
1984	06	13	UY	EN	2	0	WPC		23	1882	1949	+3	−1	11	4
1984	06	21	BR	UY	1	0	F		6	1945	1876	0	0	5	12
1984	07	18	UY	AR	1	0	F		8	1884	1880	+2	−2	10	12
1984	08	02	AR	UY	0	0	F		-3	1877	1887	0	0	12	10
1984	09	19	UY	PE	2	0	F		4	1891	1650	0	0	10	38
1984	10	03	PE	UY	1	3	F		-9	1641	1900	−1	+1	39	9
1984	10	31	UY	MX	1	1	F		-6	1894	1775	−1	+1	9	25
1985	01	29	UY	DD	3	0	F		11	1905	1842	0	−4	7	17
1985	02	03	UY	PY	1	0	ART		6	1911	1775	+1	0	6	25
1985	02	06	BO	UY	0	1	F		-3	1527	1914	0	0	63	6
1985	02	10	PY	UY	1	3	ART		-20	1748	1934	−2	0	30	6
1985	02	14	UY	FI	2	1	F		1	1935	1488	0	−2	6	77
1985	02	24	UY	CO	3	0	F		3	1938	1602	0	−1	6	46
1985	02	27	UY	PE	2	2	F		-8	1930	1673	0	+3	6	34
1985	03	10	UY	EC	2	1	WQ		3	1933	1560	0	0	6	58
1985	03	24	CL	UY	2	0	WQ		36	1803	1897	+6	−1	21	7
1985	03	31	EC	UY	0	2	WQ		-11	1533	1908	−2	0	61	7
1985	04	07	UY	CL	2	1	WQ		9	1917	1794	+1	−3	6	24
1985	04	23	PE	UY	2	1	F		14	1690	1903	+3	−1	32	7
1985	04	28	CO	UY	2	1	F		14	1651	1889	+3	−1	40	8
1985	05	02	BR	UY	2	0	F		9	1938	1880	0	−1	5	9
1985	05	26	JP	UY	1	4	KRN		-9	1491	1889	−5	+1	73	8
1985	08	21	FR	UY	2	0	AFT		17	2018	1872	0	−1	1	9
1985	10	17	CL	UY	1	0	F		9	1801	1863	0	−2	24	12
1986	02	02	UY	CA	3	1	MIA	US	11	1874	1661	+3	−3	12	37
1986	02	07	US	UY	1	1	MIA		9	1559	1865	+1	−4	60	15
1986	02	16	UY	PL	2	2	F		-4	1861	1819	0	+2	15	21
1986	04	13	MX	UY	1	0	F	US	11	1847	1850	0	0	17	15
1986	04	21	WA	UY	0	0	F		-2	1807	1852	0	0	23	15
1986	04	23	IE	UY	1	1	F		1	1702	1851	0	−1	32	16
1986	05	26	BG	UY	4	1	F	MX	19	1845	1832	+4	−4	16	20
1986	06	04	UY	WG	1	1	WC	MX	9	1841	1931	+3	0	17	5
1986	06	08	DK	UY	6	1	WC	MX	46	1967	1795	+3	−11	3	27
1986	06	13	SQ	UY	0	0	WC	MX	-2	1820	1797	0	+1	18	22
1986	06	16	AR	UY	1	0	WC	MX	19	1946	1778	0	−1	6	23
1987	06	19	UY	EC	2	1	F		2	1780	1525	0	0	23	67
1987	06	23	UY	BO	2	1	F		2	1782	1497	0	−2	23	73
1987	07	09	AR	UY	0	1	CA		-42	1941	1824	−3	+4	6	18
1987	07	12	UY	CL	1	0	CA	AR	30	1854	1861	+2	−3	16	14
1988	03	16	GT	UY	1	0	F		15	1559	1839	+2	0	59	15
1988	08	07	CO	UY	2	1	GJQ		12	1817	1827	+1	−1	19	17
1988	09	27	UY	EC	2	1	BQR	PY	6	1833	1562	+2	−1	16	55
1988	09	29	PY	UY	3	1	BQR		18	1821	1815	+4	−3	17	19
1988	10	12	UY	PY	2	0	F		11	1826	1810	+2	−2	17	19
1988	11	01	CL	UY	1	1	CPD		-4	1813	1830	−2	0	20	17
1988	11	09	UY	CL	3	1	CPD		15	1845	1798	0	−3	16	23
1988	12	14	UY	PE	3	0	MFP		8	1853	1634	+3	−2	12	43
1989	04	22	IT	UY	1	1	F		-6	1970	1859	0	+1	5	12
1989	05	03	UY	EC	3	1	F		3	1862	1584	0	0	12	52
1989	05	23	EC	UY	1	1	F		5	1589	1857	+1	−1	50	13
1989	06	08	BO	UY	0	0	F		6	1509	1851	0	0	66	15
1989	06	14	UY	BO	1	0	F		1	1852	1508	0	0	15	66
1989	06	19	UY	CL	2	2	F		-5	1847	1768	0	0	15	25
1989	07	02	EC	UY	1	0	CA	BR	41	1616	1806	+8	−5	45	21
1989	07	04	UY	BO	3	0	CA	BR	13	1819	1487	+2	−1	19	67
1989	07	06	UY	CL	3	0	CA	BR	36	1855	1719	+5	−3	15	29
1989	07	08	AR	UY	1	0	CA	BR	26	1870	1829	+3	−4	14	19
1989	07	12	UY	PY	3	0	CA	BR	43	1872	1784	+4	−4	13	22
1989	07	14	UY	AR	2	0	CA	BR	33	1905	1797	+3	−4	10	21
1989	07	16	BR	UY	1	0	CA		14	1980	1891	+1	−2	4	12
1989	08	06	UY	CO	0	0	F		-4	1887	1828	−1	+1	13	17
1989	08	27	PE	UY	0	2	WQ		-14	1564	1901	−2	+2	56	11
1989	09	03	BO	UY	2	1	WQ		34	1549	1867	+2	−3	63	14
1989	09	17	UY	BO	2	0	WQ		6	1873	1569	+2	−1	14	55
1989	09	24	UY	PE	2	0	WQ		5	1878	1533	+1	0	13	64
1990	02	02	UY	CO	2	0	MIA	US	19	1897	1806	+4	0	12	18
1990	02	04	UY	CR	2	0	MIA	US	8	1905	1633	+1	−1	11	44
1990	03	20	MX	UY	2	1	F	US	10	1925	1895	+1	−1	9	12
1990	04	25	WG	UY	3	3	F		-5	1986	1900	0	0	3	13
1990	05	18	EI	UY	1	0	RSC		22	1654	1878	+4	−4	38	15
1990	05	22	EN	UY	1	2	F		-15	1952	1893	0	+3	5	12
1990	06	13	ES	UY	0	0	WC	IT	-3	1924	1896	−1	+1	8	10
1990	06	17	BE	UY	3	1	WC	IT	47	1924	1849	+9	−8	7	16
1990	06	21	UY	KR	1	0	WC	IT	17	1866	1675	0	−3	16	36
1990	06	25	IT	UY	2	0	WC		19	2019	1847	0	0	2	17
1991	05	05	US	UY	1	0	F		14	1616	1833	+1	−1	48	17
1991	05	07	UY	MX	2	0	CML	US	26	1859	1863	+1	−2	16	14
1991	05	14	CR	UY	0	1	F		-7	1662	1866	−3	+2	38	14
1991	05	30	CL	UY	2	1	F		9	1802	1857	+1	−2	20	16
1991	06	12	PE	UY	1	0	F		16	1539	1841	+5	0	58	16
1991	06	20	UY	PE	0	0	F		-8	1833	1547	−1	+1	17	57
1991	06	26	UY	CL	2	1	F		6	1839	1784	+1	−1	16	23
1991	07	07	BO	UY	1	1	CA	CL	16	1584	1823	+1	−3	54	18
1991	07	09	EC	UY	1	1	CA	CL	13	1642	1810	+3	−1	43	19
1991	07	11	BR	UY	1	1	CA	CL	-10	1947	1820	−2	+1	6	18
1991	07	15	UY	CO	1	0	CA	CL	26	1846	1802	+4	−4	15	21
1991	09	04	ES	UY	2	1	F		7	1869	1839	0	−1	13	16
1991	11	20	MX	UY	1	1	F		-3	1828	1842	−1	0	16	14
1992	04	30	UY	BR	1	0	F		11	1853	1952	0	−1	14	7
1992	06	21	UY	AU	2	0	F		6	1859	1700	+2	+1	13	32
1992	07	04	UY	EC	3	1	F		4	1863	1649	0	−1	13	43
1992	08	01	UY	CR	2	1	F		2	1865	1602	0	0	12	53
1992	09	23	UY	AR	0	0	LPT		1	1866	1996	0	+1	13	3
1992	11	25	BR	UY	1	2	F		-16	1985	1882	−1	+2	3	13
1992	11	29	UY	PL	0	1	F		-15	1867	1810	−2	+2	15	20
1992	12	20	UY	DE	1	4	F		-17	1850	1993	0	+1	15	3
1993	06	16	UY	US	1	0	CA	EC	12	1862	1643	+1	−3	14	42
1993	06	19	UY	VE	2	2	CA	EC	-23	1839	1360	−2	+2	16	115
1993	06	22	EC	UY	2	1	CA		29	1716	1810	+1	−5	31	21
1993	06	26	CO	UY	1	1	CA	EC	0	1812	1810	0	0	21	22
1993	07	13	PE	UY	1	2	F		-7	1596	1817	−4	+1	58	21
1993	07	17	UY	PE	3	0	F		5	1822	1591	0	−1	21	59
1993	07	25	VE	UY	0	1	WQ		-4	1344	1826	0	0	115	21
1993	08	01	UY	EC	0	0	WQ		-12	1814	1706	−1	0	22	31
1993	08	08	BO	UY	3	1	WQ		33	1710	1781	+1	−2	32	24
1993	08	15	UY	BR	1	1	WQ		1	1782	1906	0	0	24	8
1993	08	29	UY	VE	4	0	WQ		3	1785	1326	0	0	24	119
1993	09	05	EC	UY	0	1	WQ		-20	1668	1805	−1	+2	34	22
1993	09	12	UY	BO	2	1	WQ		10	1815	1705	0	−1	22	31
1993	09	19	BR	UY	2	0	WQ		13	1943	1802	+2	0	6	22
1993	10	13	DE	UY	5	0	F		6	2017	1796	0	−2	1	24
1994	10	19	PE	UY	0	1	PDR		-10	1553	1806	−3	+1	67	23
1995	01	18	ES	UY	2	2	F		-7	1989	1813	0	0	3	24
1995	02	01	MX	UY	1	0	F	US	8	1899	1805	+2	0	12	24
1995	03	22	CO	UY	2	1	F		5	1908	1800	0	0	11	24
1995	03	25	US	UY	2	2	F		2	1626	1798	0	0	46	24
1995	03	29	EN	UY	0	0	F		-5	1881	1803	−1	0	14	24
1995	03	31	YU	UY	1	0	F		5	1922	1798	0	0	7	24
1995	04	05	UY	PE	1	0	EIC		4	1802	1549	0	−1	24	66
1995	06	25	UY	NZ	7	0	F		4	1806	1481	0	0	23	82
1995	06	28	UY	NZ	2	2	F		-8	1798	1489	−1	+1	24	81
1995	07	05	UY	VE	4	1	CA		4	1802	1353	+1	0	23	120
1995	07	09	UY	PY	1	0	CA		15	1817	1747	+1	−1	22	29
1995	07	13	UY	MX	1	1	CA		-6	1811	1837	0	0	22	20
1995	07	16	UY	BO	2	1	CA		11	1822	1674	+1	−1	21	34
1995	07	19	UY	CO	2	0	CA		32	1854	1839	+3	−8	18	20
1995	07	23	UY	BR	1	1	CA		10	1864	2098	+4	0	15	1
1995	09	20	IL	UY	3	1	F		21	1639	1843	+8	−5	42	20
1995	10	11	BR	UY	2	0	F		3	2100	1840	0	0	1	20
1996	04	24	VE	UY	0	2	WQ		-6	1337	1846	−2	0	118	19
1996	06	02	UY	PY	0	2	WQ		-45	1801	1793	−4	+3	23	24
1996	07	07	CO	UY	3	1	WQ		16	1888	1785	+2	−2	13	23
1996	07	17	CN	UY	1	1	F		2	1618	1783	+1	0	47	23
1996	08	25	JP	UY	5	3	F		13	1740	1770	+2	−1	28	25
1996	10	08	UY	BO	1	0	WQ		9	1779	1655	0	−2	25	41
1996	11	12	CL	UY	1	0	WQ		18	1732	1761	+4	0	29	25
1996	12	15	UY	PE	2	0	WQ		12	1773	1602	+1	−7	23	56
1997	01	12	UY	AR	0	0	WQ		-4	1769	1800	0	0	23	21
1997	02	12	EC	UY	4	0	WQ		38	1699	1731	+7	−4	33	28
1997	04	02	UY	VE	3	1	WQ		4	1735	1360	0	0	27	120
1997	04	30	PY	UY	3	1	WQ		14	1863	1721	+1	−3	15	29
1997	06	08	UY	CO	1	1	WQ		1	1722	1832	0	−1	29	17
1997	06	12	PE	UY	1	0	CA	BO	29	1695	1693	+5	−10	37	38
1997	06	15	UY	VE	2	0	CA	BO	10	1703	1353	+3	−2	34	120
1997	06	18	BO	UY	1	0	CA		17	1743	1686	+1	−3	27	37
1997	07	20	BO	UY	1	0	WQ		11	1773	1675	+2	−3	23	42
1997	08	20	UY	CL	1	0	WQ		17	1692	1711	+4	−6	38	34
1997	09	10	PE	UY	2	1	WQ		12	1745	1680	+4	−4	27	42
1997	10	12	AR	UY	0	0	WQ		-13	1843	1693	0	0	16	41
1997	11	16	UY	EC	5	3	WQ		30	1723	1759	+6	−2	34	24
1997	12	13	UY	AE	2	0	CC	SA	20	1743	1522	+5	−5	29	73
1997	12	15	UY	CZ	2	1	CC	SA	34	1777	1843	+5	−4	24	16
1997	12	17	UY	ZA	4	3	CC	SA	19	1796	1670	+3	−3	21	44
1997	12	19	AU	UY	1	0	CC	SA	22	1860	1774	+2	−3	14	24
1997	12	21	CZ	UY	1	0	CC	SA	20	1867	1754	+2	−1	14	25
1998	05	24	CL	UY	2	2	F		-4	1784	1758	0	+1	23	27
1999	06	17	PY	UY	2	3	F		-14	1786	1772	0	+4	19	20
1999	07	01	CO	UY	1	0	CA	PY	27	1765	1745	+7	−8	22	28
1999	07	04	UY	EC	2	1	CA	PY	23	1768	1695	+8	−6	22	40
1999	07	07	AR	UY	2	0	CA	PY	26	1902	1742	+4	−7	12	29
1999	07	10	PY	UY	1	1	CA		-11	1798	1753	0	+3	20	26
1999	07	13	CL	UY	1	1	CA	PY	-2	1777	1755	0	+1	21	26
1999	07	18	BR	UY	3	0	CA	PY	11	2111	1744	0	−3	1	29
1999	08	18	UY	CR	5	4	F		4	1748	1614	+2	0	28	52
1999	09	08	UY	VE	2	0	F		2	1750	1406	0	0	28	107
1999	10	12	UY	EC	0	0	F		-5	1745	1684	−1	0	29	42
1999	11	17	UY	PY	0	1	F		-11	1734	1812	−4	+1	33	19
2000	03	29	UY	BO	1	0	WQ		10	1744	1639	+1	−1	28	50
2000	04	26	PY	UY	1	0	WQ		12	1795	1732	0	−1	21	27
2000	06	03	UY	CL	2	1	WQ		13	1745	1696	+2	0	27	38
2000	06	28	BR	UY	1	1	WQ		-17	2079	1762	−1	+3	2	26
2000	07	18	UY	VE	3	1	WQ		5	1767	1422	+2	−2	23	98
2000	07	26	UY	PE	0	0	WQ		-9	1758	1714	−2	+2	26	36
2000	08	15	CO	UY	1	0	WQ		14	1785	1744	+3	−4	20	30
2000	09	03	UY	EC	4	0	WQ		22	1766	1669	+5	−2	26	42
2000	10	08	AR	UY	2	1	WQ		6	1974	1760	0	0	7	27
2000	11	15	BO	UY	0	0	WQ		4	1595	1756	+2	−1	59	28
2001	02	28	SI	UY	0	2	F		-15	1647	1771	−1	+4	51	25
2001	03	28	UY	PY	0	1	WQ		-21	1750	1882	−5	+1	31	12
2001	04	24	CL	UY	0	1	WQ		-21	1652	1771	−7	+4	51	27
2001	07	01	UY	BR	1	0	WQ		23	1794	1894	+2	−2	25	9
2001	07	13	UY	BO	1	0	CA	CO	12	1806	1586	+2	−1	23	61
2001	07	16	CR	UY	1	1	CA	CO	7	1709	1799	+2	−2	35	25
2001	07	19	HN	UY	1	0	CA	CO	33	1721	1766	+10	−1	33	26
2001	07	22	UY	CR	2	1	CA	CO	23	1789	1713	0	−7	26	36
2001	07	25	MX	UY	2	1	CA	CO	29	1769	1760	+3	−2	27	28
2001	07	28	HN	UY	2	2	CA	CO	0	1756	1760	0	0	28	27
2001	08	14	VE	UY	2	0	WQ		49	1441	1711	+13	−11	95	37
2001	09	04	PE	UY	0	2	WQ		-39	1682	1750	−9	+9	43	29
2001	10	07	UY	CO	1	1	WQ		-1	1749	1831	−1	0	32	20
2001	11	07	EC	UY	1	1	WQ		-5	1738	1754	−1	+3	33	28
2001	11	14	UY	AR	1	1	WQ		9	1763	2024	+3	0	26	2
2001	11	20	AU	UY	1	0	WQ		10	1855	1753	+1	−2	14	28
2001	11	25	UY	AU	3	0	WQ		35	1788	1820	+3	−5	25	19
2002	02	13	UY	KR	2	1	F		5	1793	1693	0	0	25	42
2002	03	27	SA	UY	3	2	F		10	1690	1783	+2	0	42	25
2002	04	17	IT	UY	1	1	F		-8	2022	1791	0	0	2	25
2002	05	12	US	UY	2	1	F		7	1816	1784	0	−1	23	26
2002	05	16	CN	UY	0	2	PHL		-25	1704	1809	−3	+2	39	24
2002	05	21	SG	UY	1	2	TGC		-2	1215	1811	0	0	153	21
2002	06	01	DK	UY	2	1	WC	KR	26	1886	1785	+5	−4	9	25
2002	06	06	FR	UY	0	0	WC	KR	-19	2020	1804	−2	+2	3	24
2002	06	11	SN	UY	3	3	WC	KR	4	1767	1800	+1	0	27	23
2002	11	20	VE	UY	1	0	PLR		19	1617	1781	+5	−5	52	27
2003	02	04	IR	UY	1	1	CBG	HK	3	1712	1778	+1	0	36	27
2003	03	28	JP	UY	2	2	F		-4	1801	1782	0	+2	20	24
2003	06	08	KR	UY	0	2	F		-19	1751	1801	−5	+1	30	20
2003	07	16	AR	UY	2	2	F		-7	2030	1808	0	0	2	21
2003	07	24	PE	UY	3	4	F		-8	1636	1816	−2	0	51	20
2003	07	30	UY	PE	1	0	F		3	1819	1633	0	0	20	51
2003	08	13	UY	CM	4	0	LGC	IR	30	1849	1809	+5	−4	15	20
2003	08	15	UY	IQ	5	2	LGC	IR	12	1861	1623	0	−2	15	53
2003	08	20	AR	UY	3	2	F	IT	5	2035	1856	0	0	2	15
2003	09	07	UY	BO	5	0	WQ		7	1863	1539	0	−1	15	68
2003	09	10	PY	UY	4	1	WQ		39	1760	1824	+7	−2	27	17
2003	10	15	UY	MX	2	0	F	US	17	1841	1857	+2	−1	14	13
2003	11	15	UY	CL	2	1	WQ		6	1847	1647	0	−2	14	50
2003	11	19	BR	UY	3	3	WQ		-13	1990	1860	−1	+2	4	12
2004	02	18	JM	UY	2	0	F		22	1620	1838	+2	−1	55	13
2004	03	31	UY	VE	0	3	WQ		-59	1779	1711	−13	+14	26	37
2004	06	01	UY	PE	1	3	WQ		-47	1732	1701	−3	+13	30	38
2004	06	06	CO	UY	5	0	WQ		29	1761	1703	+3	−8	27	38
2004	07	07	MX	UY	2	2	CA	PE	-10	1842	1713	−2	+3	16	32
2004	07	10	UY	EC	2	1	CA	PE	25	1738	1687	+2	−5	30	38
2004	07	13	AR	UY	4	2	CA	PE	17	1970	1721	0	−1	6	32
2004	07	18	UY	PY	3	1	CA	PE	49	1770	1786	+4	−6	28	26
2004	07	21	BR	UY	1	1	CA	PE	-15	2005	1785	−1	+1	3	27
2004	07	24	UY	CO	2	1	CA	PE	27	1812	1786	+6	−5	21	26
2004	09	05	UY	EC	1	0	WQ		8	1820	1666	0	−4	21	44
2004	10	09	AR	UY	4	2	WQ		9	2041	1811	0	0	1	21
2004	10	12	BO	UY	0	0	WQ		6	1603	1805	+1	0	62	21
2004	11	17	UY	PY	1	0	WQ		13	1818	1774	+1	0	20	27
2005	03	26	CL	UY	1	1	WQ		3	1672	1815	0	+1	47	19
2005	03	30	UY	BR	1	1	WQ		4	1819	1973	−1	−1	20	4
2005	06	04	VE	UY	1	1	WQ		7	1608	1812	+2	−1	58	20
2005	06	07	PE	UY	0	0	WQ		3	1671	1809	+2	0	46	20
2005	08	17	ES	UY	2	0	F		6	1951	1803	0	−2	7	23
2005	09	04	UY	CO	3	2	WQ		12	1815	1744	+4	−3	21	32
2005	10	08	EC	UY	0	0	WQ		-4	1773	1819	−3	+2	28	21
2005	10	12	UY	AR	1	0	WQ		22	1841	1935	+3	−2	18	7
2005	10	26	MX	UY	3	1	F		11	1855	1830	+2	−1	14	19
2005	11	12	UY	AU	1	0	WQ		11	1841	1745	+4	0	15	33
2005	11	16	AU	UY	1	0	WQ		20	1765	1821	+4	−4	29	20
2006	03	01	EN	UY	2	1	F		4	1967	1817	+2	0	3	21
2006	05	21	UY	EI	1	0	F	US	3	1820	1503	0	−2	21	80
2006	05	24	UY	RO	2	0	F	US	17	1837	1842	+4	−2	16	15
2006	05	27	RM	UY	1	1	F		-2	1800	1839	−1	0	23	16
2006	05	30	UY	LY	2	1	LGC	TN	3	1842	1460	0	−1	16	94
2006	06	02	TN	UY	0	0	LGC		2	1703	1840	0	−1	44	16
2006	08	16	EG	UY	0	2	F		-15	1730	1855	−4	+3	37	12
2006	09	27	VE	UY	1	0	F		14	1627	1841	+3	−3	53	16
2006	10	18	UY	VE	4	0	F		5	1846	1622	0	0	16	53
2006	11	15	GE	UY	2	0	F		24	1527	1822	+4	−2	79	18
2007	02	07	CO	UY	1	3	F		-18	1772	1840	−5	+3	26	15
2007	03	24	KR	UY	0	2	F		-13	1680	1853	−2	0	46	15
2007	06	02	AU	UY	1	2	F		-10	1754	1863	−2	+1	32	14
2007	06	26	PE	UY	3	0	CA	VE	70	1696	1793	+11	−10	43	24
2007	06	30	UY	BO	1	0	CA	VE	12	1805	1583	+4	−1	20	62
2007	07	03	VE	UY	0	0	CA		2	1674	1803	0	0	44	19
2007	07	07	VE	UY	1	4	CA		-40	1634	1843	−9	+4	53	15
2007	07	10	BR	UY	2	2	CA	VE	-13	2029	1856	−1	0	4	15
2007	07	14	MX	UY	3	1	CA	VE	33	1929	1823	+3	−2	8	17
2007	09	12	ZA	UY	0	0	F		6	1464	1817	0	−2	90	18
2007	10	13	UY	BO	5	0	WQ		10	1827	1566	+2	−1	16	65
2007	10	17	PY	UY	1	0	WQ		18	1786	1809	+5	−1	23	17
2007	11	18	UY	CL	2	2	WQ		-8	1801	1770	−1	+3	20	26
2007	11	21	BR	UY	2	1	WQ		4	2077	1797	0	−1	1	21
2008	02	06	UY	CO	2	2	F		-2	1795	1840	−3	+1	25	15
2008	05	25	UY	TR	3	2	F	DE	10	1805	1802	+3	−1	18	19
2008	05	28	NO	UY	2	2	F		-1	1736	1806	+1	0	34	18
2008	06	14	UY	VE	1	1	WQ		-11	1795	1691	−2	+2	21	41
2008	06	17	UY	PE	6	0	WQ		15	1810	1616	+2	−5	19	56
2008	08	20	JP	UY	1	3	F		-18	1757	1828	−2	+2	28	16
2008	09	06	CO	UY	0	1	WQ		-24	1774	1852	−4	+2	25	14
2008	09	10	UY	EC	0	0	WQ		-12	1840	1733	−1	+3	15	34
2008	10	11	AR	UY	2	1	WQ		8	1995	1832	0	−2	5	17
2008	10	14	BO	UY	2	2	WQ		6	1626	1826	0	−2	53	19
2008	11	19	FR	UY	0	0	F		-5	1892	1831	0	+2	8	15
2009	02	11	LY	UY	2	3	F		-5	1524	1836	−3	+1	79	13
2009	03	28	UY	PY	2	0	WQ		24	1860	1836	+2	−1	11	12
2009	04	01	CL	UY	0	0	WQ		-3	1811	1863	+3	0	16	11
2009	06	06	UY	BR	0	4	WQ		-31	1832	2053	−1	+1	12	2
2009	06	10	VE	UY	2	2	WQ		1	1709	1831	+2	−1	42	13
2009	08	12	DZ	UY	1	0	F		15	1544	1816	+7	−3	75	17
2009	09	05	PE	UY	1	0	WQ		29	1569	1787	+10	−5	65	22
2009	09	09	UY	CO	3	1	WQ		19	1806	1729	+3	−4	19	37
2009	10	10	EC	UY	1	2	WQ		-23	1730	1829	−6	+2	37	17
2009	10	14	UY	AR	0	1	WQ		-23	1806	1900	−1	+3	18	7
2009	11	14	CR	UY	0	1	WQ		-20	1690	1826	−2	+4	43	14
2009	11	18	UY	CR	1	1	WQ		-12	1814	1702	−1	+1	15	41
2010	03	03	CH	UY	1	3	F		-18	1775	1832	−5	0	23	16
2010	05	26	UY	IL	4	1	RPB		13	1845	1726	+1	−1	15	34
2010	06	11	FR	UY	0	0	WC	ZA	-1	1860	1846	0	0	12	14
2010	06	16	ZA	UY	0	3	WC		-33	1576	1879	−13	+3	67	11
2010	06	22	UY	MX	1	0	WC	ZA	34	1913	1890	+4	−3	8	11
2010	06	26	UY	KR	2	1	WC	ZA	18	1931	1745	0	−6	7	31
2010	07	02	GH	UY	1	1	WC	ZA	14	1768	1917	+3	0	24	6
2010	07	06	NL	UY	3	2	WC	ZA	15	2126	1902	0	−1	1	7
2010	07	10	DE	UY	3	2	WC	ZA	19	2061	1883	0	−2	4	9
2010	08	11	UY	AO	2	0	F	PT	2	1885	1448	0	−1	9	96
2010	10	08	ID	UY	1	7	F		-2	1255	1887	−1	0	140	8
2010	10	12	CN	UY	0	4	FCC		-16	1609	1903	−5	0	57	8
2010	11	17	CL	UY	2	0	F		12	1893	1891	0	−2	9	10
2011	03	25	EE	UY	2	0	F		26	1498	1865	+4	−1	90	10
2011	03	29	IE	UY	2	3	F		-10	1743	1875	−2	0	31	10
2011	05	29	DE	UY	2	1	F		4	2047	1871	0	−1	4	11
2011	06	08	UY	NL	1	1	CYC		6	1877	2112	+1	0	10	2
2011	06	23	UY	EE	3	0	BSE		2	1879	1452	0	−1	11	96
2011	07	04	PE	UY	1	1	CA	AR	14	1666	1865	+1	0	46	11
2011	07	08	CL	UY	1	1	CA	AR	-5	1929	1870	0	0	5	11
2011	07	12	UY	MX	1	0	CA	AR	26	1896	1857	+2	−2	9	12
2011	07	16	AR	UY	1	1	CA		-9	1916	1905	−1	+1	7	8
2011	07	19	UY	PE	2	0	CA	AR	21	1926	1725	+2	−4	5	36
2011	07	24	UY	PY	3	0	CA	AR	30	1956	1784	0	−3	5	20
2011	09	02	UA	UY	2	3	F		-7	1753	1963	−3	0	30	5
2011	10	07	UY	BO	4	2	WQ		3	1966	1535	0	−2	5	76
2011	10	11	PY	UY	1	1	WQ		4	1792	1962	0	0	23	5
2011	11	11	UY	CL	4	0	WQ		20	1982	1863	0	−4	5	13
2011	11	15	IT	UY	0	1	F		-10	1884	1992	−1	0	10	5
2012	02	29	RO	UY	1	1	F		5	1716	1987	0	0	36	5
2012	05	25	RU	UY	1	1	F		1	1837	1986	0	0	15	5
2012	06	02	UY	VE	1	1	WQ		-16	1970	1715	0	+2	5	36
2012	06	10	UY	PE	4	2	WQ		6	1976	1694	0	0	5	38
2012	08	15	FR	UY	0	0	F		1	1854	1975	0	−1	14	6
2012	09	07	CO	UY	4	0	WQ		46	1839	1929	+4	−2	16	8
2012	09	11	UY	EC	1	1	WQ		-11	1918	1826	0	0	8	17
2012	10	12	AR	UY	3	0	WQ		21	1991	1897	+2	−2	4	10
2012	10	16	BO	UY	4	1	WQ		55	1629	1842	+13	−6	53	16
2012	11	14	PL	UY	1	3	F		-13	1693	1855	−1	+1	37	15
2013	02	06	ES	UY	3	1	F	QA	5	2153	1850	0	−1	1	16
2013	03	22	UY	PY	1	1	WQ		-11	1839	1736	0	0	16	33
2013	03	26	CL	UY	2	0	WQ		26	1816	1813	+6	−2	17	18
2013	06	05	UY	FR	1	0	F		9	1822	1863	+1	0	18	15
2013	06	11	VE	UY	0	1	WQ		-21	1711	1843	−2	+1	35	17
2013	06	16	ES	UY	2	1	CC	BR	7	2156	1836	0	−1	1	18
2013	06	20	UY	NG	2	1	CC	BR	16	1852	1694	+3	−5	14	41
2013	06	23	UY	TI	8	0	CC	BR	3	1855	1221	0	0	14	149
2013	06	26	BR	UY	2	1	CC		7	2086	1848	0	−2	2	16
2013	06	30	IT	UY	2	2	CC	BR	-7	1936	1855	0	+2	7	14
2013	08	14	JP	UY	2	4	F		-16	1753	1871	−2	+4	27	11
2013	09	06	PE	UY	1	2	WQ		-20	1745	1891	−2	+1	28	10
2013	09	10	UY	CO	2	0	WQ		24	1915	1902	+2	−3	8	10
2013	10	11	EC	UY	1	0	WQ		19	1848	1896	+1	0	18	8
2013	10	15	UY	AR	3	2	WQ		23	1919	2019	+1	0	7	4
2013	11	13	JO	UY	0	5	WQ		-16	1566	1935	−5	0	67	7
2013	11	20	UY	JO	0	0	WQ		-17	1918	1583	−3	+7	9	63
2014	03	05	AT	UY	1	1	F		4	1666	1914	0	0	47	10
2014	05	30	UY	EI	1	0	F		1	1915	1412	0	0	10	110
2014	06	04	UY	SI	2	0	F		3	1918	1643	+1	0	9	49
2014	06	14	CR	UY	3	1	WC	BR	69	1780	1849	+8	−5	25	15
2014	06	19	UY	EN	2	1	WC	BR	34	1883	1863	+5	−4	11	15
2014	06	24	UY	IT	1	0	WC	BR	30	1913	1849	+3	−2	9	15
2014	06	28	CO	UY	2	0	WC	BR	34	2034	1879	0	−2	5	12
2014	09	05	JP	UY	0	2	F		-13	1721	1892	−3	+1	32	11
2014	09	08	KR	UY	0	1	F		-6	1624	1898	0	0	53	10
2014	10	10	SA	UY	1	1	F		8	1455	1890	+1	−2	96	12
2014	10	13	OM	UY	0	3	F		-8	1560	1898	−1	+2	67	11
2014	11	13	UY	CR	3	3	ANT		-6	1892	1866	−1	0	13	15
2014	11	18	CL	UY	1	2	F		-15	1963	1907	−1	+2	7	11
2015	03	28	MA	UY	0	1	F		-4	1540	1911	0	+1	69	10
2015	06	06	UY	GT	5	1	F		2	1913	1522	0	−1	10	77
2015	06	13	UY	JM	1	0	CA	CL	5	1918	1534	0	−2	10	72
2015	06	16	AR	UY	1	0	CA	CL	17	2056	1901	0	−1	3	11
2015	06	20	PY	UY	1	1	CA	CL	12	1726	1889	+3	−1	37	12
2015	06	24	CL	UY	1	0	CA		14	1968	1875	+1	0	6	12
2015	09	04	PA	UY	0	1	F		-8	1688	1883	+1	0	43	12
2015	09	08	CR	UY	1	0	F		11	1773	1872	+2	−1	22	13
2015	10	08	BO	UY	0	2	WQ		-19	1616	1891	−5	+1	57	12
2015	10	13	UY	CO	3	0	WQ		37	1928	1970	+2	−2	10	6
2015	11	12	EC	UY	2	1	WQ		17	1898	1911	+3	−1	12	11
2015	11	17	UY	CL	3	0	WQ		35	1946	1975	+2	−2	9	5
2016	03	25	BR	UY	2	2	WQ		-10	2028	1956	0	+1	3	8
2016	03	29	UY	PE	1	0	WQ		7	1963	1767	0	−2	8	27
2016	05	27	UY	TT	3	1	F		2	1965	1579	+1	−2	7	64
2016	06	05	MX	UY	3	1	CA	US	41	1978	1924	+3	−2	6	10
2016	06	09	VE	UY	1	0	CA	US	42	1675	1882	+8	−4	43	13
2016	06	13	UY	JM	3	0	CA	US	12	1894	1553	+1	−2	13	71
2016	09	01	AR	UY	1	0	WQ		6	2115	1888	0	0	1	13
2016	09	06	UY	PY	4	0	WQ		16	1904	1740	+2	−4	11	31
2016	10	06	UY	VE	3	0	WQ		10	1914	1684	0	0	11	44
2016	10	11	CO	UY	2	2	WQ		-8	1952	1922	−1	+1	7	10
2016	11	10	UY	EC	2	1	WQ		11	1933	1835	+1	−1	9	18
2016	11	15	CL	UY	3	1	WQ		19	1981	1914	+1	−2	5	11
2017	03	23	UY	BR	1	4	WQ		-27	1887	2118	−2	0	14	1
2017	03	28	PE	UY	2	1	WQ		17	1848	1870	+1	+1	17	13
2017	06	04	IE	UY	3	1	F		15	1786	1855	+4	−3	21	16
2017	06	07	IT	UY	3	0	F	FR	13	1969	1842	+1	−2	7	18
2017	08	31	UY	AR	0	0	WQ		4	1846	2013	+2	0	16	3
2017	09	05	PY	UY	1	2	WQ		-21	1748	1867	−4	+3	32	13
2017	10	05	VE	UY	0	0	WQ		3	1718	1864	−1	−1	37	14
2017	10	10	UY	BO	4	2	WQ		12	1876	1706	+2	−4	12	39
2017	11	10	PL	UY	0	0	F		-2	1854	1878	0	0	17	14
2017	11	14	AT	UY	2	1	F		12	1711	1866	+4	−1	39	13
2018	03	23	UY	CZ	2	0	CHN	CN	13	1879	1699	0	−5	13	43
2018	03	26	UY	WA	1	0	CHN	CN	11	1890	1776	0	0	13	23
2018	06	07	UY	UZ	3	0	F		3	1893	1601	0	0	12	58
2018	06	15	UY	EG	1	0	WC	RU	11	1904	1628	0	−1	12	54
2018	06	20	UY	SA	1	0	WC	RU	7	1911	1551	+2	−1	9	70
2018	06	25	RU	UY	0	3	WC		-40	1690	1951	−10	+3	44	8
2018	06	30	UY	PT	2	1	WC	RU	32	1983	1939	+3	−4	5	9
2018	07	06	FR	UY	2	0	WC	RU	39	2067	1944	0	−2	2	7
2018	09	07	UY	MX	4	1	F	US	12	1956	1816	+1	0	6	19
2018	10	12	KR	UY	2	1	F		13	1779	1943	+2	−1	24	8
2018	10	16	JP	UY	4	3	F		13	1731	1930	+4	−3	34	10
2018	11	16	BR	UY	1	0	F	EN	5	2135	1925	0	0	1	11
2018	11	20	FR	UY	1	0	F		4	2092	1921	0	−1	2	11
2019	03	22	UY	UZ	3	0	CHN	CN	8	1929	1605	+1	−2	10	56
2019	03	25	UY	TH	4	0	CHN	CN	2	1931	1371	+1	0	10	111
2019	06	07	UY	PA	3	0	F		2	1933	1564	0	0	10	65
2019	06	16	UY	EC	4	0	CA	BR	24	1957	1728	+1	−5	9	37
2019	06	20	JP	UY	2	2	CA	BR	14	1747	1943	+4	0	32	9
2019	06	24	UY	CL	1	0	CA	BR	21	1964	1868	0	−1	9	16
2019	06	29	PE	UY	0	0	CA	BR	9	1836	1955	0	0	18	9
2019	09	06	CR	UY	1	2	F		-5	1678	1960	−2	+1	48	8
2019	09	10	US	UY	1	1	F		4	1726	1956	0	0	38	8
2019	10	11	UY	PE	1	0	F		5	1961	1872	0	0	8	17
2019	10	15	PE	UY	1	1	F		0	1872	1961	0	0	17	8
2019	11	15	HU	UY	1	2	F		-4	1630	1965	0	−1	51	9
2019	11	18	AR	UY	2	2	F	IL	0	1970	1965	0	−1	8	10
2020	10	08	UY	CL	2	1	WQ		7	1972	1800	+1	0	10	23
2020	10	13	EC	UY	4	2	WQ		42	1762	1930	+9	−1	28	12
2020	11	13	CO	UY	0	3	WQ		-50	1943	1980	−6	+7	12	6
2020	11	17	UY	BR	0	2	WQ		-28	1952	2135	−3	0	11	1
2021	06	03	UY	PY	0	0	WQ		-13	1939	1782	−1	+2	11	25
2021	06	08	VE	UY	0	0	WQ		4	1766	1935	−1	0	30	11
2021	06	18	AR	UY	1	0	CA	BR	22	1995	1913	+1	−2	7	12
2021	06	21	CL	UY	1	1	CA	BR	5	1842	1908	0	−1	18	12
2021	06	24	UY	BO	2	0	CA	BR	11	1919	1587	0	−2	12	62
2021	06	28	UY	PY	1	0	CA	BR	18	1937	1808	+1	−1	11	21
2021	07	03	CO	UY	0	0	CA	BR	3	1895	1934	0	0	14	10
2021	09	02	PE	UY	1	1	WQ		1	1809	1933	+1	0	21	10
2021	09	05	UY	BO	4	2	WQ		4	1937	1588	0	−1	10	62
2021	09	09	UY	EC	1	0	WQ		8	1945	1791	0	−3	10	26
2021	10	07	UY	CO	0	0	WQ		-7	1938	1931	0	0	10	13
2021	10	10	AR	UY	3	0	WQ		15	2084	1923	+1	−2	3	13
2021	10	14	BR	UY	4	1	WQ		10	2140	1913	0	−1	1	14
2021	11	12	UY	AR	0	1	WQ		-16	1897	2104	0	+1	14	2
2021	11	16	BO	UY	3	0	WQ		50	1693	1847	+8	−3	43	17
2022	01	27	PY	UY	0	1	WQ		-19	1710	1866	−4	+3	40	14
2022	02	01	UY	VE	4	1	WQ		13	1879	1692	+1	0	13	42
2022	03	24	UY	PE	1	0	WQ		13	1892	1841	0	−2	13	19
2022	03	29	CL	UY	0	2	WQ		-30	1767	1922	−1	+1	30	12
2022	06	02	UY	MX	3	0	F	US	14	1936	1830	+1	−2	11	21
2022	06	05	US	UY	0	0	F		0	1829	1936	0	0	21	12
2022	06	11	UY	PA	5	0	F		4	1940	1650	0	−1	12	51
2022	09	23	IR	UY	1	0	F	AT	14	1822	1926	+4	0	21	11
2022	09	27	UY	CA	2	0	F	SK	9	1935	1769	0	+1	11	29
2022	11	24	KR	UY	0	0	WC	QA	12	1798	1923	+2	0	24	11
2022	11	28	PT	UY	2	0	WC	QA	34	2043	1889	+1	−2	5	15
2022	12	02	UY	GH	2	0	WC	QA	15	1904	1593	0	−1	14	62
2023	03	24	JP	UY	1	1	F		-1	1850	1905	0	0	17	13
2023	03	28	KR	UY	1	2	F		-10	1779	1915	−3	0	28	13
2023	06	14	UY	NI	4	1	F		0	1915	1278	0	0	13	141
2023	06	20	UY	CU	2	0	F		1	1916	1341	+1	0	12	120
2023	09	08	UY	CL	3	1	WQ		9	1925	1698	0	−2	12	42
2023	09	12	EC	UY	2	1	WQ		19	1867	1906	+1	0	16	12
2023	10	12	CO	UY	2	2	WQ		-8	1939	1914	0	0	11	12
2023	10	17	UY	BR	2	0	WQ		36	1950	2053	+4	0	9	3
2023	11	16	AR	UY	0	2	WQ		-52	2118	2002	−1	+2	2	7
2023	11	21	UY	BO	3	0	WQ		4	2006	1611	0	−3	7	59
2024	03	26	CI	UY	2	1	F	FR	18	1629	1988	+5	−2	56	8
2024	05	31	CR	UY	0	0	F		7	1611	1981	+1	−1	61	9
2024	06	05	UY	MX	4	0	F	US	10	1991	1795	+1	−2	8	23
2024	06	23	UY	PA	3	1	CA	US	12	2003	1685	+1	−1	7	44
2024	06	27	UY	BO	5	0	CA	US	8	2011	1572	+1	0	5	65
2024	07	01	US	UY	0	1	CA		-15	1746	2026	−1	+1	31	5
2024	07	06	BR	UY	0	0	CA	US	0	2020	2026	0	0	6	5
2024	07	10	CO	UY	1	0	CA	US	24	2069	2002	+1	−1	3	6
2024	07	13	CA	UY	2	2	CA	US	16	1755	1986	+2	−1	31	7
2024	09	01	GT	UY	1	1	F	US	9	1482	1977	+2	−1	87	7
2024	09	06	UY	PY	0	0	WQ		-17	1960	1679	−2	+3	9	48
2024	09	10	VE	UY	0	0	WQ		5	1770	1955	+2	−1	27	10
2024	10	11	PE	UY	1	0	WQ		28	1741	1927	+6	−2	35	12
2024	10	15	UY	EC	0	0	WQ		-9	1918	1866	0	+1	11	16
2024	11	15	UY	CO	3	2	WQ		21	1939	2009	0	−1	11	4
2024	11	19	BR	UY	1	1	WQ		-9	1996	1948	+1	+1	5	9
2025	03	21	UY	AR	0	1	WQ		-17	1931	2125	−1	0	10	2
2025	03	25	BO	UY	0	0	WQ		10	1651	1921	0	0	52	10
2025	06	05	PY	UY	2	0	WQ		32	1832	1889	+7	−3	20	13
2025	06	10	UY	VE	2	0	WQ		12	1901	1745	0	−3	12	36
2025	09	04	UY	PE	3	0	WQ		13	1914	1730	+2	−1	10	39
2025	09	09	CL	UY	0	0	WQ		7	1690	1907	−1	−1	48	11
2025	10	10	UY	DO	1	0	F	MY	1	1908	1285	0	0	11	143
2025	10	13	UY	UZ	2	1	F	MY	5	1913	1714	0	0	12	39
2025	11	15	MX	UY	0	0	F		-1	1845	1914	0	+1	20	11
2025	11	18	US	UY	5	1	F		24	1747	1890	+5	−2	34	14
2026	03	27	EN	UY	1	1	F		-6	2036	1896	0	+1	4	13
2026	03	31	DZ	UY	0	0	F	IT	4	1743	1892	0	−2	35	15
2026	06	15	SA	UY	1	1	WC	US	22	1598	1870	+3	−2	66	16
2026	06	21	CV	UY	2	2	WC	US	19	1625	1851	+4	−5	58	21