1938	02	12	PA	VE	2	1	CAC		14	1314	1286	−	−	69	77
1938	02	14	MX	VE	1	0	CAC	PA	2	1797	1284	0	+1	14	76
1938	02	16	SV	VE	3	2	CAC	PA	12	1443	1272	+1	−4	57	80
1938	02	20	CR	VE	3	0	CAC	PA	2	1848	1270	0	0	13	80
1938	02	23	VE	CO	2	1	CAC	PA	29	1299	1415	+6	−3	74	59
1938	08	11	BO	VE	3	1	BG	CO	34	1281	1265	+4	−7	80	83
1938	08	13	CO	VE	2	0	BG		15	1376	1250	0	−1	63	84
1938	08	17	PE	VE	2	1	BG	CO	4	1639	1246	+1	0	34	84
1938	08	19	EC	VE	5	2	BG	CO	28	1340	1218	+3	−3	69	87
1944	04	01	VE	AW	3	1	FT	CW	31	1249	1329	+1	−8	90	76
1944	04	05	VE	HT	2	0	FT	CW	27	1276	1300	+3	−6	87	82
1944	04	09	CW	VE	3	3	FT		-12	1537	1288	0	+3	50	84
1946	12	12	CO	VE	2	0	CAC		14	1407	1274	+2	−2	64	86
1946	12	14	CR	VE	4	2	CAC	CO	6	1661	1268	+2	−1	32	87
1946	12	16	PA	VE	2	1	CAC	CO	17	1334	1251	+2	−1	74	88
1946	12	18	VE	GT	3	2	CAC	CO	30	1281	1417	+2	−4	86	64
1946	12	19	CW	VE	1	0	CAC	CO	8	1523	1273	+2	0	51	86
1946	12	20	VE	PR	6	0	CAC	CO	8	1281	873	0	0	86	100
1948	01	05	BO	VE	2	2	BG	PE	0	1279	1281	0	0	91	89
1951	03	05	CR	VE	3	1	PAG	AR	13	1565	1268	0	−1	46	98
1955	03	16	VE	AN	3	2	PAG	MX	39	1307	1447	+13	−9	98	75
1955	03	21	AN	VE	3	1	PAG	MX	23	1470	1284	+5	−10	70	108
1956	03	09	VE	PA	1	0	MGC	HT	16	1300	1292	+6	−8	102	106
1956	03	10	HT	VE	1	1	MGC		-6	1331	1306	−1	+4	95	98
1956	03	14	VE	PA	4	2	MGC	HT	21	1327	1262	+2	−4	96	112
1956	03	16	HT	VE	3	0	MGC		18	1358	1309	+3	−2	91	98
1959	01	09	VE	AN	2	2	CAC		5	1314	1496	0	−1	104	71
1959	01	14	VE	PA	2	2	CAC		-9	1305	1254	0	+2	104	117
1959	01	16	VE	PR	7	0	CAC		4	1309	858	0	0	104	145
1961	12	04	VE	PA	6	2	BG	CO	28	1337	1195	+5	−5	104	128
1961	12	12	VE	PA	3	0	BG	CO	21	1358	1174	0	−3	104	131
1962	08	15	VE	CU	2	0	CAC	JM	13	1371	1130	+5	0	100	138
1962	08	17	JM	VE	0	2	CAC		-35	1300	1406	−7	+7	112	93
1962	08	20	AN	VE	4	3	CAC	JM	13	1553	1393	+3	−3	54	96
1962	08	24	VE	PR	4	0	CAC	JM	3	1396	842	+1	0	95	155
1965	05	16	PE	VE	1	0	WQ		6	1619	1390	+4	−1	44	95
1965	05	23	UY	VE	5	0	WQ		3	1846	1387	0	0	15	95
1965	05	30	VE	UY	1	3	WQ		-7	1380	1853	−2	+1	97	14
1965	06	02	VE	PE	3	6	WQ		-22	1358	1641	−6	+6	103	37
1965	11	25	PA	VE	1	0	BG	EC	28	1236	1330	+3	−9	130	112
1965	12	04	VE	PA	3	1	BG	EC	22	1352	1214	+7	−2	105	132
1967	01	18	CL	VE	2	0	SA	UY	8	1729	1344	0	−1	28	102
1967	01	21	UY	VE	4	0	SA		3	1864	1341	0	−2	11	104
1967	01	25	AR	VE	5	1	SA	UY	2	2011	1339	0	0	3	104
1967	01	28	VE	BO	3	0	SA	UY	75	1414	1573	+10	−11	94	49
1967	02	01	PY	VE	5	3	SA	UY	12	1714	1402	+1	−3	28	97
1969	07	27	CO	VE	3	0	WQ		24	1440	1378	+6	−5	83	100
1969	08	02	VE	CO	1	1	WQ		-2	1376	1442	0	+2	100	81
1969	08	06	VE	PY	0	2	WQ		-11	1365	1739	−1	+1	101	25
1969	08	10	VE	BR	0	5	WQ		-3	1362	2014	−1	0	102	2
1969	08	21	PY	VE	1	0	WQ		3	1732	1359	+1	−2	25	104
1969	08	24	BR	VE	6	0	WQ		1	2036	1358	0	0	2	104
1971	11	13	VE	TT	1	0	F		8	1366	1363	+2	−2	100	102
1972	06	03	VE	CO	2	1	F		9	1375	1408	+3	−1	98	87
1972	06	11	PY	VE	4	1	BRI	BR	7	1763	1368	+1	−3	25	101
1972	06	14	YU	VE	10	0	BRI	BR	6	1854	1362	+1	0	11	101
1972	06	18	PE	VE	1	0	BRI	BR	5	1711	1357	+2	−2	30	103
1972	06	21	BO	VE	2	2	BRI	BR	-12	1585	1369	−2	+2	53	102
1973	12	16	VE	DO	1	0	F		1	1370	955	0	0	101	164
1975	07	30	VE	BR	0	4	CA		-3	1367	2039	−2	0	103	4
1975	08	03	VE	AR	1	5	CA		-8	1359	1887	−1	0	104	12
1975	08	10	AR	VE	11	0	CA		4	1882	1355	0	0	12	104
1975	08	13	BR	VE	6	0	CA		1	2049	1354	0	0	4	104
1977	01	20	VE	EC	1	0	F		10	1364	1428	0	−3	103	86
1977	02	09	VE	UY	1	1	WQ		12	1376	1687	+6	−2	96	34
1977	03	06	VE	BO	1	3	WQ		-26	1350	1543	−6	+3	103	58
1977	03	13	BO	VE	2	0	WQ		9	1552	1341	+2	−2	56	105
1977	03	17	UY	VE	2	0	WQ		5	1667	1336	0	−2	36	107
1978	03	30	VE	CN	0	1	F		-6	1330	1588	−1	+1	107	50
1979	08	01	VE	CO	0	0	CA		11	1341	1581	+1	−2	105	54
1979	08	08	VE	CL	1	1	CA		13	1354	1619	+3	−2	102	45
1979	08	22	CO	VE	4	0	CA		11	1613	1343	+2	−3	47	105
1979	08	29	CL	VE	7	0	CA		13	1611	1330	+2	−1	48	106
1980	07	01	VE	CR	2	0	F		23	1353	1620	+4	−3	99	48
1980	07	05	VE	CR	1	1	F		4	1357	1616	+1	−1	98	48
1981	01	11	AN	VE	3	1	F		17	1228	1340	+5	−3	128	103
1981	01	18	VE	AN	1	0	F		5	1345	1223	+1	−1	102	129
1981	02	08	VE	BR	0	1	WQ		-1	1344	2046	0	0	102	2
1981	02	15	BO	VE	3	0	WQ		9	1577	1335	+3	−1	51	103
1981	03	15	VE	BO	1	0	WQ		28	1363	1545	+4	−4	99	58
1981	03	29	BR	VE	5	0	WQ		1	2056	1362	+1	−1	1	100
1981	06	28	VE	ES	0	2	F		-3	1359	1850	−1	0	101	17
1981	09	20	VE	CU	1	0	BQS		22	1381	1608	+8	−3	93	46
1983	09	04	UY	VE	3	0	CA		4	1817	1377	0	−3	19	93
1983	09	08	CL	VE	5	0	CA		6	1748	1371	0	0	27	93
1983	09	18	VE	UY	1	2	CA		-7	1364	1790	0	+1	93	19
1983	09	21	VE	CL	0	0	CA		18	1382	1764	+3	−3	90	24
1985	02	24	VE	BO	5	0	F		21	1403	1487	+1	−8	91	76
1985	04	21	BO	VE	4	1	F		9	1496	1394	+6	0	69	90
1985	05	26	VE	AR	2	3	WQ		-4	1390	1896	−1	0	91	6
1985	06	02	VE	PE	0	1	WQ		-10	1380	1698	−1	0	92	32
1985	06	09	AR	VE	3	0	WQ		2	1919	1378	+2	0	5	91
1985	06	16	PE	VE	4	1	WQ		6	1697	1372	0	0	32	91
1985	06	23	VE	CO	2	2	WQ		10	1382	1654	0	0	91	38
1985	06	30	CO	VE	2	0	WQ		6	1660	1376	0	−1	38	91
1987	06	28	BR	VE	5	0	CA	AR	2	2033	1374	0	−1	1	95
1987	06	30	CL	VE	3	1	CA	AR	6	1802	1368	+1	−1	20	96
1988	09	26	AN	VE	0	0	F		-2	1343	1370	0	+1	102	98
1989	03	26	VE	PY	1	2	F		-2	1368	1815	0	0	99	19
1989	03	30	VE	PY	0	0	F		8	1376	1807	+2	0	97	19
1989	05	18	PE	VE	2	1	F		2	1642	1374	0	0	40	98
1989	06	25	VE	PE	3	1	F		21	1395	1600	+2	−2	96	48
1989	07	01	BR	VE	3	1	CA		2	1945	1393	0	−1	6	97
1989	07	03	CO	VE	4	2	CA	BR	5	1855	1388	0	+1	16	96
1989	07	05	PE	VE	1	1	CA	BR	-14	1586	1402	−3	+3	52	93
1989	07	07	PY	VE	3	0	CA	BR	6	1848	1396	+2	−3	16	96
1989	07	30	VE	BR	0	4	WQ		-4	1392	1984	−1	0	96	4
1989	08	06	VE	CL	1	3	WQ		-10	1382	1772	−1	+1	97	24
1989	08	20	BR	VE	6	0	WQ		2	1980	1380	0	0	4	97
1989	08	27	CL	VE	5	0	WQ	AR	7	1785	1373	0	−1	23	98
1991	07	06	CL	VE	2	0	CA		4	1794	1369	+1	−1	21	99
1991	07	08	AR	VE	3	0	CA	CL	4	1900	1365	0	0	10	99
1991	07	10	PY	VE	5	0	CA	CL	9	1773	1356	0	−3	26	102
1991	07	12	PE	VE	5	1	CA	CL	25	1556	1331	+4	−8	58	110
1993	01	23	VE	PE	0	0	F		3	1334	1548	+1	0	117	65
1993	02	24	VE	CO	0	0	F		8	1342	1768	+2	−2	117	26
1993	05	21	CO	VE	1	1	F		-9	1774	1351	−1	+1	25	117
1993	06	11	PE	VE	3	1	F		5	1550	1346	+1	0	67	118
1993	06	15	EC	VE	6	1	CA		9	1662	1337	+2	0	37	118
1993	06	19	UY	VE	2	2	CA	EC	-23	1839	1360	−2	+2	16	115
1993	06	22	US	VE	3	3	CA	EC	-16	1602	1376	−5	+6	54	109
1993	07	18	VE	BO	1	7	WQ		-28	1348	1630	−6	+10	115	44
1993	07	25	VE	UY	0	1	WQ		-4	1344	1826	0	0	115	21
1993	08	01	VE	BR	1	5	WQ		-5	1339	1910	−2	+1	117	8
1993	08	08	EC	VE	5	0	WQ		5	1711	1334	+1	0	30	117
1993	08	22	BO	VE	7	0	WQ		5	1729	1329	0	−2	30	119
1993	08	29	UY	VE	4	0	WQ		3	1785	1326	0	0	24	119
1993	09	05	BR	VE	4	0	WQ		1	1930	1325	0	0	8	119
1993	09	12	VE	EC	2	1	WQ		32	1357	1636	+5	−9	114	44
1994	01	28	VE	CO	1	2	F		-1	1356	1935	0	0	116	5
1995	04	03	BO	VE	0	0	F		-8	1678	1364	0	+2	33	116
1995	06	18	VE	BO	1	3	F		-7	1357	1687	−1	0	120	33
1995	07	05	UY	VE	4	1	CA		4	1802	1353	+1	0	23	120
1995	07	09	MX	VE	3	1	CA	UY	5	1831	1348	0	0	20	120
1995	07	12	PY	VE	3	2	CA	UY	5	1752	1343	+1	0	28	120
1995	12	21	AR	VE	6	0	F		1	1846	1342	0	−1	17	118
1996	01	05	TT	VE	0	0	F		-7	1538	1349	−3	+1	71	117
1996	01	07	TT	VE	0	0	F		-7	1531	1356	−2	0	73	117
1996	02	02	VE	EC	0	1	F		-4	1352	1676	0	0	116	37
1996	03	27	GT	VE	3	0	F		9	1458	1343	+6	0	88	116
1996	04	24	VE	UY	0	2	WQ		-6	1337	1846	−2	0	118	19
1996	06	02	VE	CL	1	1	WQ		14	1351	1713	+4	−3	116	33
1996	06	22	HN	VE	1	0	F		3	1551	1348	+2	−1	68	118
1996	07	07	BO	VE	6	1	WQ		6	1681	1342	+1	−1	35	119
1996	07	21	PA	VE	0	2	F		-18	1305	1360	−3	+3	127	116
1996	09	01	EC	VE	1	0	WQ		3	1697	1357	0	0	33	118
1996	09	19	SV	VE	0	1	F		-17	1528	1374	−2	+3	71	115
1996	10	02	VE	CR	2	0	F		19	1393	1554	+7	−5	108	66
1996	10	09	VE	AR	2	5	WQ		-10	1383	1816	−4	0	113	20
1996	11	10	PE	VE	4	1	WQ		9	1614	1374	+2	0	50	113
1996	12	15	VE	CO	0	2	WQ		-5	1369	1913	−1	0	116	11
1997	01	12	VE	PY	0	2	WQ		-7	1362	1825	−2	+1	119	18
1997	02	12	JM	VE	0	0	F		-7	1560	1369	−2	+1	65	119
1997	02	19	CR	VE	5	2	F		5	1579	1364	+2	0	59	119
1997	04	02	UY	VE	3	1	WQ		4	1735	1360	0	0	27	120
1997	04	29	CL	VE	6	0	WQ		5	1731	1355	0	0	27	119
1997	06	08	VE	BO	1	1	WQ		12	1367	1696	+2	−4	117	37
1997	06	12	BO	VE	1	0	CA		4	1700	1363	+2	−1	35	118
1997	06	15	UY	VE	2	0	CA	BO	10	1703	1353	+3	−2	34	120
1997	06	18	PE	VE	2	0	CA	BO	10	1679	1343	+3	0	40	120
1997	07	06	VE	EC	1	1	WQ		15	1358	1769	+2	0	119	24
1997	07	20	AR	VE	2	0	WQ		2	1837	1356	0	−1	15	119
1997	08	20	VE	PE	0	3	WQ		-13	1343	1719	−2	+6	121	30
1997	09	10	CO	VE	1	0	WQ		2	1773	1341	0	0	24	121
1997	10	12	PY	VE	1	0	WQ		2	1767	1339	0	0	25	121
1999	02	03	VE	AR	0	2	F		-2	1337	1934	0	0	120	10
1999	03	30	VE	CO	0	0	F		7	1344	1749	+1	−4	119	27
1999	04	15	VE	CO	1	1	F		7	1351	1742	0	−1	119	28
1999	05	19	EC	VE	0	2	F		-28	1726	1379	−7	+9	32	110
1999	06	15	VE	EC	3	2	F		17	1396	1733	+5	−3	105	31
1999	06	20	VE	PE	3	0	F		28	1424	1700	+4	−6	101	38
1999	06	23	PE	VE	3	0	F		4	1704	1420	+1	−1	37	102
1999	06	30	BR	VE	7	0	CA	PY	3	2048	1417	0	0	1	102
1999	07	03	CL	VE	3	0	CA	PY	12	1754	1405	+4	−1	26	103
1999	07	06	MX	VE	3	1	CA	PY	5	1880	1400	+1	−1	15	104
1999	08	25	BO	VE	0	0	F		-8	1640	1408	−1	0	46	108
1999	09	08	UY	VE	2	0	F		2	1750	1406	0	0	28	107
1999	09	28	HT	VE	3	2	F		8	1393	1398	+1	0	110	107
2000	03	16	VE	BO	0	0	F		4	1402	1649	+1	0	107	49
2000	03	29	EC	VE	2	0	WQ		6	1677	1396	0	−2	44	109
2000	04	26	VE	AR	0	4	WQ		-5	1391	1955	+1	+1	109	4
2000	05	31	VE	PA	3	1	F		12	1403	1411	+2	−2	106	104
2000	06	04	CO	VE	3	0	WQ		5	1767	1398	0	−2	23	108
2000	06	21	PA	VE	2	0	F		10	1421	1388	+3	−2	101	110
2000	06	28	VE	BO	4	2	WQ		40	1428	1563	+10	−3	99	60
2000	07	05	MX	VE	2	1	F		1	1839	1427	0	0	15	96
2000	07	18	UY	VE	3	1	WQ		5	1767	1422	+2	−2	23	98
2000	07	25	VE	CL	0	2	WQ		-16	1406	1719	−6	+5	105	34
2000	08	10	CR	VE	1	5	F		-32	1589	1438	−2	+14	58	92
2000	08	16	PE	VE	1	0	WQ		4	1718	1434	0	−2	36	94
2000	09	02	PY	VE	3	0	WQ		4	1815	1430	0	−2	18	96
2000	10	08	VE	BR	0	6	WQ		-5	1425	2018	0	0	95	3
2000	11	15	VE	EC	1	2	WQ		-12	1413	1692	−12	+2	106	41
2001	03	28	AR	VE	5	0	WQ		1	2019	1412	+1	0	3	102
2001	04	18	CR	VE	2	2	F		-8	1654	1420	0	+6	50	98
2001	04	24	VE	CO	2	2	WQ		14	1434	1793	+6	−1	92	21
2001	06	03	BO	VE	5	0	WQ		15	1598	1419	+2	−6	60	99
2001	07	11	CO	VE	2	0	CA		5	1788	1414	0	−3	26	105
2001	07	14	CL	VE	1	0	CA	CO	8	1713	1406	+2	0	34	105
2001	07	17	EC	VE	4	0	CA	CO	14	1717	1392	+3	−2	34	107
2001	08	14	VE	UY	2	0	WQ		49	1441	1711	+13	−11	95	37
2001	09	04	CL	VE	0	2	WQ		-52	1611	1493	−6	+16	55	80
2001	10	06	VE	PE	3	0	WQ		44	1537	1638	+14	−7	67	51
2001	11	08	VE	PY	3	1	WQ		44	1581	1766	+9	−3	60	24
2001	11	14	BR	VE	3	0	WQ		9	1833	1572	+1	−1	18	61
2002	03	01	IR	VE	1	0	LGC	MA	8	1745	1564	+1	−2	31	61
2002	05	07	VE	CO	0	0	F		6	1570	1873	+3	−2	59	12
2002	08	21	VE	BO	2	0	F		10	1580	1546	+2	0	61	65
2002	10	20	VE	EC	2	0	F		18	1598	1725	+3	0	57	35
2002	11	20	VE	UY	1	0	PLR		19	1617	1781	+5	−5	52	27
2003	03	29	US	VE	2	0	F		4	1834	1613	+2	−2	15	54
2003	04	02	VE	JM	2	0	F		9	1622	1557	+1	−3	53	65
2003	04	30	VE	TT	3	0	F		5	1627	1412	+2	−1	51	106
2003	06	07	VE	HN	2	1	F	US	12	1639	1693	0	−2	51	41
2003	06	26	PE	VE	1	0	F	US	10	1636	1629	+1	−1	51	52
2003	07	03	TT	VE	2	2	F		3	1414	1626	−1	0	107	52
2003	07	26	NG	VE	1	0	F	EN	7	1748	1619	+3	−1	30	53
2003	08	20	VE	HT	3	2	F		4	1623	1458	+1	−2	53	89
2003	09	06	EC	VE	2	0	WQ		14	1743	1609	+5	−2	29	55
2003	09	09	VE	AR	0	3	WQ		-10	1599	2027	−3	0	58	2
2003	11	15	CO	VE	0	1	WQ		-31	1693	1630	−2	+3	38	54
2003	11	18	VE	BO	2	1	WQ		13	1643	1588	+3	−6	51	62
2004	02	18	VE	AU	1	1	F		2	1645	1818	0	+1	52	17
2004	03	10	VE	HN	2	1	F		7	1652	1639	+2	−1	50	52
2004	03	31	UY	VE	0	3	WQ		-59	1779	1711	−13	+14	26	37
2004	04	28	JM	VE	2	1	F		10	1628	1701	+1	−1	55	38
2004	06	01	VE	CL	0	1	WQ		-27	1674	1693	−7	+6	45	39
2004	06	06	PE	VE	0	0	WQ		-7	1694	1681	−1	+1	39	43
2004	07	06	CO	VE	1	0	CA	PE	18	1803	1663	+4	−5	21	46
2004	07	09	PE	VE	3	1	CA		26	1702	1637	+9	−8	34	54
2004	07	12	BO	VE	1	1	CA	PE	4	1580	1633	0	−2	61	55
2004	08	18	ES	VE	3	2	F		1	1987	1632	0	+2	5	52
2004	09	05	PY	VE	1	0	WQ		8	1794	1624	0	−2	23	55
2004	10	09	VE	BR	2	5	WQ		-11	1613	2020	−2	0	59	2
2004	10	14	VE	EC	3	1	WQ		28	1641	1661	+6	−10	51	46
2004	11	17	AR	VE	3	2	WQ		2	2029	1639	0	−1	1	51
2004	12	21	VE	GT	0	1	F		-14	1625	1615	−1	+5	52	57
2005	02	09	VE	EE	3	0	F		4	1629	1377	−1	−2	53	108
2005	03	26	VE	CO	0	0	WQ		4	1633	1794	+1	0	53	24
2005	03	29	BO	VE	3	1	WQ		26	1609	1607	+9	−7	57	60
2005	05	25	VE	PA	1	1	F		-6	1601	1494	−1	+1	61	83
2005	06	04	VE	UY	1	1	WQ		7	1608	1812	+2	−1	58	20
2005	06	08	CL	VE	2	1	WQ		11	1690	1597	+1	−4	42	62
2005	08	17	EC	VE	3	1	F		6	1762	1591	+2	0	26	60
2005	09	03	VE	PE	4	1	WQ		34	1625	1649	+4	−8	56	52
2005	10	08	VE	PY	0	1	WQ		-17	1608	1794	−1	+1	58	24
2005	10	12	BR	VE	3	0	WQ		3	2024	1605	+1	+1	1	57
2006	03	01	VE	CO	1	1	F		2	1607	1762	+1	0	56	31
2006	05	05	MX	VE	1	0	F	US	4	1847	1603	+1	0	14	56
2006	05	26	US	VE	2	0	F		4	1818	1599	0	−1	21	58
2006	08	16	VE	HN	0	0	F		1	1600	1728	0	−1	62	38
2006	09	02	CH	VE	1	0	FT		3	1862	1597	0	+1	11	61
2006	09	06	VE	AT	1	0	FT	CH	16	1613	1603	+8	−4	55	59
2006	09	27	VE	UY	1	0	F		14	1627	1841	+3	−3	53	16
2006	10	18	UY	VE	4	0	F		5	1846	1622	0	0	16	53
2006	11	15	VE	GT	2	1	F		5	1627	1545	−1	−1	53	76
2007	01	14	VE	SE	2	0	F		21	1648	1849	+4	−1	50	14
2007	02	07	VE	CL	0	1	F		-10	1638	1745	−2	+2	52	37
2007	02	28	MX	VE	3	1	F	US	8	1816	1630	0	−1	19	53
2007	03	24	VE	CU	3	1	F		8	1638	1538	+1	−5	52	77
2007	03	28	VE	NZ	5	0	F		8	1646	1484	0	−1	52	87
2007	05	25	VE	HN	2	1	F		8	1654	1669	+4	−1	48	46
2007	06	01	VE	CA	2	2	F		-4	1650	1598	−3	+4	51	55
2007	06	26	VE	BO	2	2	CA		-11	1639	1595	−4	+2	52	60
2007	06	30	VE	PE	2	0	CA		33	1672	1663	+8	−4	44	47
2007	07	03	VE	UY	0	0	CA		2	1674	1803	0	0	44	19
2007	07	07	VE	UY	1	4	CA		-40	1634	1843	−9	+4	53	15
2007	08	22	PY	VE	1	1	F		-6	1787	1640	−2	−1	24	56
2007	09	08	VE	PY	3	2	F		11	1651	1776	+6	−2	50	26
2007	09	12	VE	PA	1	1	F		-5	1646	1575	−3	+1	53	63
2007	10	13	EC	VE	0	1	WQ		-28	1664	1674	−4	+11	45	42
2007	10	16	VE	AR	0	2	WQ		-11	1663	2036	−2	+1	44	2
2007	11	17	CO	VE	1	0	WQ		8	1811	1655	+3	−2	17	47
2007	11	20	VE	BO	5	3	WQ		15	1670	1556	+4	−4	44	71
2008	02	03	VE	HT	1	0	F		4	1674	1529	+1	−3	42	80
2008	02	06	VE	HT	1	1	F		-6	1668	1535	−2	+4	44	76
2008	03	23	VE	SV	1	0	F		2	1670	1385	0	0	45	109
2008	03	26	VE	BO	0	1	F		-15	1655	1580	−2	+5	47	63
2008	04	30	CO	VE	5	2	F		6	1832	1649	+1	−1	15	48
2008	05	30	HN	VE	1	1	F	US	-1	1696	1650	0	0	41	48
2008	06	06	VE	BR	2	0	F	US	28	1678	2058	+5	0	43	1
2008	06	09	AN	VE	0	1	F		-2	1161	1680	0	0	166	43
2008	06	14	UY	VE	1	1	WQ		-11	1795	1691	−2	+2	21	41
2008	06	19	VE	CL	2	3	WQ		-22	1669	1781	−2	+4	44	24
2008	08	20	VE	SY	4	1	F		7	1676	1533	+1	−2	44	76
2008	09	06	PE	VE	1	0	WQ		18	1634	1658	+1	−2	52	47
2008	09	09	PY	VE	2	0	WQ		11	1824	1647	+2	−1	17	48
2008	10	12	VE	BR	0	4	WQ		-13	1634	2027	−3	0	52	2
2008	10	15	VE	EC	3	1	WQ		31	1665	1720	+4	−6	48	38
2008	11	19	VE	AO	0	0	F		-7	1658	1502	−1	+2	49	89
2009	02	11	VE	GT	2	1	F		3	1661	1425	+2	0	47	102
2009	03	28	AR	VE	4	0	WQ		6	1996	1655	−1	−1	5	48
2009	03	31	VE	CO	2	0	WQ		30	1685	1730	+2	−5	46	33
2009	05	13	VE	CR	1	1	F		-1	1684	1741	0	0	46	30
2009	06	06	BO	VE	0	1	WQ		-24	1630	1708	−5	+4	54	43
2009	06	10	VE	UY	2	2	WQ		1	1709	1831	+2	−1	42	13
2009	06	24	MX	VE	4	0	F	US	15	1785	1694	+2	−3	25	45
2009	06	27	CR	VE	1	0	F		5	1789	1689	+3	0	23	45
2009	08	12	VE	CO	2	1	F	US	11	1700	1725	+1	−5	44	40
2009	09	05	CL	VE	2	2	WQ		-12	1835	1712	−1	+4	13	40
2009	09	09	VE	PE	3	1	WQ		12	1724	1557	+1	−2	39	67
2009	10	10	VE	PY	1	2	WQ		-21	1703	1827	−2	+1	41	18
2009	10	14	BR	VE	0	0	WQ		-18	2093	1721	0	+2	1	38
2010	02	02	JP	VE	0	0	F		-5	1785	1726	0	+1	19	36
2010	03	03	VE	PA	1	2	F		-17	1709	1565	−3	+6	39	69
2010	03	04	VE	KP	1	1	F		-6	1703	1550	−1	+1	40	77
2010	03	06	VE	KP	2	1	F		4	1707	1546	+1	−1	39	78
2010	03	31	CL	VE	0	0	F		-7	1876	1714	−2	+1	12	38
2010	04	21	HN	VE	0	1	F		-14	1742	1728	−4	+3	31	35
2010	05	20	AW	VE	0	3	F		-1	904	1729	0	0	198	34
2010	05	29	VE	CA	1	1	F		-6	1723	1602	−3	0	36	57
2010	08	11	PA	VE	3	1	F		17	1582	1706	+3	−4	67	39
2010	09	03	VE	CO	0	2	F		-18	1688	1762	−1	+6	40	25
2010	09	07	VE	EC	1	0	F		8	1696	1725	+1	0	39	33
2010	10	07	BO	VE	1	3	F		-15	1581	1711	−8	+1	67	38
2010	10	12	MX	VE	2	2	F		-6	1845	1717	−1	+1	12	34
2010	11	17	EC	VE	4	1	F		13	1727	1704	+2	−3	34	37
2011	02	09	VE	CR	2	2	F		-4	1700	1668	−1	0	40	45
2011	03	16	AR	VE	4	1	F		3	2003	1697	0	−1	5	41
2011	03	25	JM	VE	0	2	F		-17	1637	1714	−4	+4	52	37
2011	03	29	MX	VE	1	1	F	US	-4	1860	1718	−1	+1	12	36
2011	06	01	GT	VE	0	2	F		-8	1428	1726	−3	+3	106	34
2011	06	07	VE	ES	0	3	F		-5	1721	2135	−1	0	36	1
2011	07	03	BR	VE	0	0	CA	AR	-19	2063	1740	0	+4	3	32
2011	07	09	VE	EC	1	0	CA	AR	24	1764	1707	+7	−2	25	38
2011	07	13	PY	VE	3	3	CA	AR	-3	1799	1767	−1	0	20	25
2011	07	17	VE	CL	2	1	CA	AR	37	1804	1903	+5	−3	19	8
2011	07	20	PY	VE	0	0	CA	AR	-1	1814	1805	−1	0	17	19
2011	07	23	PE	VE	4	1	CA	AR	54	1779	1751	+14	−12	22	31
2011	08	07	SV	VE	2	1	F	US	15	1558	1736	+4	−5	70	36
2011	08	10	HN	VE	2	0	F	US	19	1659	1717	+3	0	50	36
2011	09	02	AR	VE	1	0	TOI	IN	7	1923	1710	0	−1	7	37
2011	09	06	VE	GN	2	1	F		3	1713	1507	0	0	37	85
2011	10	07	EC	VE	2	0	WQ		20	1756	1693	+3	−2	30	39
2011	10	11	VE	AR	1	0	WQ		28	1721	1913	+4	−1	36	7
2011	11	11	CO	VE	1	1	WQ		-9	1787	1730	−2	+1	23	35
2011	11	15	VE	BO	1	0	WQ		6	1736	1535	0	−3	34	76
2011	12	22	VE	CR	0	2	F		-23	1713	1663	−3	+5	37	46
2012	01	21	US	VE	1	0	F		7	1722	1706	+2	−1	34	38
2012	01	25	MX	VE	3	1	F	US	9	1873	1697	+1	−2	12	40
2012	02	29	ES	VE	5	0	F		2	2118	1695	0	−1	1	40
2012	05	23	VE	MD	4	0	F		4	1699	1409	+1	−1	39	106
2012	06	02	UY	VE	1	1	WQ		-16	1970	1715	0	+2	5	36
2012	06	09	VE	CL	0	2	WQ		-22	1693	1932	−3	0	39	8
2012	08	15	JP	VE	1	1	F		-5	1792	1698	−3	−2	21	40
2012	09	07	PE	VE	2	1	WQ		14	1720	1684	+4	−2	33	42
2012	09	11	PY	VE	0	2	WQ		-43	1708	1727	−11	+9	37	34
2012	10	16	VE	EC	1	1	WQ		1	1728	1850	0	+1	32	15
2012	11	14	NG	VE	3	1	F	US	19	1650	1709	+2	−2	49	34
2013	03	22	AR	VE	3	0	WQ		6	2030	1703	0	0	4	36
2013	03	26	VE	CO	1	0	WQ		26	1729	1886	+3	−3	33	11
2013	05	22	VE	SV	2	1	F		3	1732	1534	0	−1	33	76
2013	06	07	BO	VE	1	1	WQ		0	1631	1732	−2	0	52	33
2013	06	11	VE	UY	0	1	WQ		-21	1711	1843	−2	+1	35	17
2013	08	14	VE	BO	2	2	F		-5	1706	1627	−3	0	36	54
2013	09	06	CL	VE	3	0	WQ		13	1871	1693	+2	−3	12	39
2013	09	10	VE	PE	3	2	WQ		17	1710	1728	+3	−1	36	29
2013	10	11	VE	PY	1	1	WQ		-5	1705	1717	−1	+1	37	34
2014	03	05	HN	VE	2	1	F		8	1692	1697	0	−3	42	40
2014	09	05	KR	VE	3	1	F		14	1630	1683	+2	−3	53	39
2014	09	09	JP	VE	2	2	F		-4	1717	1687	+1	0	31	38
2014	11	14	CL	VE	5	0	F		4	1978	1683	0	−1	6	41
2014	11	18	BO	VE	3	2	F		9	1627	1674	+3	0	54	42
2015	02	04	HN	VE	2	3	F		-9	1541	1683	−4	+3	71	43
2015	02	11	VE	HN	2	1	F		4	1687	1537	+2	−1	41	72
2015	03	27	JM	VE	2	1	F		12	1531	1675	+3	−2	72	44
2015	03	31	VE	PE	1	0	F	US	12	1687	1719	+3	−4	42	37
2015	06	14	VE	CO	1	0	CA	CL	44	1731	1984	+9	−1	35	5
2015	06	18	PE	VE	1	0	CA	CL	26	1741	1705	+10	−6	29	41
2015	06	21	BR	VE	2	1	CA	CL	6	2050	1699	0	−1	3	42
2015	09	04	VE	HN	0	3	F		-29	1670	1539	−4	+7	46	74
2015	09	08	VE	PA	1	1	F		-2	1668	1690	+1	0	46	43
2015	10	08	VE	PY	0	1	WQ		-24	1644	1720	−3	+6	49	36
2015	10	13	BR	VE	3	1	WQ		4	2024	1640	0	−1	2	50
2015	11	12	BO	VE	4	2	WQ		24	1633	1616	+5	−7	52	57
2015	11	17	VE	EC	1	3	WQ		-16	1600	1914	−6	0	60	12
2016	02	02	VE	CR	1	0	F		13	1613	1781	+4	−2	54	23
2016	03	24	PE	VE	2	2	WQ		-13	1774	1626	−2	+3	24	51
2016	03	29	VE	CL	1	4	WQ		-15	1611	1967	−5	+2	56	7
2016	05	24	PA	VE	0	0	F		-5	1680	1616	0	+4	42	52
2016	05	27	CR	VE	2	1	F		3	1789	1613	0	−4	21	56
2016	06	01	GT	VE	1	1	F	US	4	1490	1609	+1	0	86	57
2016	06	05	VE	JM	1	0	CA	US	24	1633	1572	+5	−4	51	66
2016	06	09	VE	UY	1	0	CA	US	42	1675	1882	+8	−4	43	13
2016	06	13	MX	VE	1	1	CA	US	-18	1967	1693	−3	+2	7	42
2016	06	18	AR	VE	4	1	CA	US	8	2091	1685	0	0	1	42
2016	09	01	CO	VE	2	0	WQ		6	1958	1679	0	0	7	44
2016	09	06	VE	AR	2	2	WQ		15	1694	2100	+1	0	44	1
2016	10	06	UY	VE	3	0	WQ		10	1914	1684	0	0	11	44
2016	10	11	VE	BR	0	2	WQ		-12	1672	2040	−1	+1	46	2
2016	11	10	VE	BO	5	0	WQ		25	1697	1611	+5	−3	41	57
2016	11	15	EC	VE	3	0	WQ		14	1849	1683	0	−3	19	43
2017	03	23	VE	PE	2	2	WQ		3	1686	1831	+2	+1	41	18
2017	03	28	CL	VE	3	1	WQ		6	1979	1680	0	0	6	42
2017	06	03	US	VE	1	1	F		-5	1747	1685	0	+3	33	40
2017	06	08	EC	VE	1	1	F	US	-3	1797	1688	0	+1	19	40
2017	08	31	VE	CO	0	0	WQ		10	1698	1959	+2	−1	38	8
2017	09	05	AR	VE	1	1	WQ		-17	1996	1715	0	+3	4	36
2017	10	05	VE	UY	0	0	WQ		3	1718	1864	−1	−1	37	14
2017	10	10	PY	VE	0	1	WQ		-29	1753	1747	−4	+5	27	30
2017	11	13	IR	VE	1	0	F	NL	9	1800	1738	+1	−5	21	33
2018	09	07	CO	VE	2	1	F	US	5	1943	1733	0	−1	8	33
2018	09	11	PA	VE	0	2	F		-13	1579	1746	−3	+2	62	31
2018	10	16	VE	AE	2	0	F	ES	6	1752	1502	+3	+1	28	81
2018	11	16	JP	VE	1	1	F		-2	1729	1754	0	−1	34	29
2018	11	20	IR	VE	1	1	F	QA	-2	1826	1756	0	+2	19	28
2019	03	22	VE	AR	3	1	F	ES	22	1778	1899	+8	−2	24	13
2019	06	01	EC	VE	1	1	F	US	1	1760	1777	0	0	33	26
2019	06	05	MX	VE	3	1	F	US	14	1823	1763	0	−3	20	29
2019	06	09	US	VE	0	3	F		-22	1726	1785	−2	+4	37	25
2019	06	15	PE	VE	0	0	CA	BR	-3	1818	1788	0	+1	20	24
2019	06	18	BR	VE	0	0	CA		-21	2116	1809	0	+3	1	21
2019	06	22	VE	BO	3	1	CA	BR	18	1827	1597	+3	−3	18	57
2019	06	28	AR	VE	2	0	CA	BR	30	1923	1797	+2	−5	11	23
2019	09	10	CO	VE	0	0	F	US	-6	2009	1803	0	+1	6	20
2019	10	10	VE	BO	4	1	F		5	1808	1585	0	−3	20	61
2019	10	14	VE	TT	2	0	F		1	1809	1355	0	0	21	117
2019	11	19	JP	VE	1	4	F		-21	1749	1830	−1	0	29	20
2020	10	09	CO	VE	3	0	WQ		13	1998	1817	0	−1	6	21
2020	10	13	VE	PY	0	1	WQ		-29	1788	1769	−4	+8	24	26
2020	11	13	BR	VE	1	0	WQ		3	2107	1785	0	−1	1	25
2020	11	17	VE	CL	2	1	WQ		17	1802	1813	+1	−4	23	22
2021	06	03	BO	VE	3	1	WQ		40	1618	1762	+10	−7	53	29
2021	06	08	VE	UY	0	0	WQ		4	1766	1935	−1	0	30	11
2021	06	13	BR	VE	3	0	CA		5	2156	1761	0	−2	1	33
2021	06	17	CO	VE	0	0	CA	BR	-12	1932	1773	−1	+3	11	28
2021	06	20	EC	VE	2	2	CA	BR	0	1777	1773	0	0	28	29
2021	06	27	PE	VE	1	0	CA	BR	22	1834	1751	+1	−5	19	34
2021	09	02	VE	AR	1	3	WQ		-14	1737	2077	0	+1	34	3
2021	09	05	PE	VE	1	0	WQ		11	1820	1726	0	−1	21	36
2021	09	09	PY	VE	2	1	WQ		11	1799	1715	+4	0	23	36
2021	10	07	VE	BR	1	3	WQ		-8	1707	2136	−2	+1	38	1
2021	10	10	VE	EC	2	1	WQ		20	1727	1781	+2	−2	35	28
2021	10	14	CL	VE	3	0	WQ		20	1806	1707	+4	−4	22	40
2021	11	11	EC	VE	1	0	WQ		10	1817	1697	−1	0	23	40
2021	11	16	VE	PE	1	2	WQ		-19	1678	1834	−3	+3	46	22
2022	01	28	VE	BO	4	1	WQ		27	1705	1669	+5	−6	41	47
2022	02	01	UY	VE	4	1	WQ		13	1879	1692	+1	0	13	42
2022	03	25	AR	VE	3	0	WQ		3	2118	1689	0	−3	2	45
2022	03	29	VE	CO	0	1	WQ		-15	1674	1896	−3	0	48	14
2022	06	01	MT	VE	0	1	F		-3	1254	1677	−1	+1	146	47
2022	06	09	VE	SA	1	0	F	ES	9	1686	1622	+2	−1	45	56
2022	09	22	IS	VE	1	0	F	AT	14	1561	1672	+4	−1	68	45
2022	09	27	VE	AE	4	0	F	AT	10	1682	1486	+1	0	47	82
2022	11	15	PA	VE	2	2	F	AE	1	1646	1681	0	0	52	47
2022	11	20	VE	SY	2	1	F	AE	4	1685	1425	+1	−1	45	96
2023	03	24	SA	VE	1	2	F		-10	1586	1695	−1	+1	65	44
2023	03	28	UZ	VE	1	1	F	SA	3	1589	1692	0	0	66	44
2023	06	15	VE	HN	1	0	F	US	4	1696	1468	0	−3	44	86
2023	06	18	VE	GT	1	0	F	US	4	1700	1474	+1	−1	42	86
2023	09	07	CO	VE	1	0	WQ		5	1956	1695	0	−1	11	43
2023	09	12	VE	PY	1	0	WQ		16	1711	1705	+4	−3	38	41
2023	10	12	BR	VE	1	1	WQ		-18	2089	1729	−1	+1	3	37
2023	10	17	VE	CL	3	0	WQ		26	1755	1713	+8	−5	30	40
2023	11	16	VE	EC	0	0	WQ		1	1756	1875	+1	0	29	15
2023	11	21	PE	VE	1	1	WQ		-5	1742	1761	0	+2	35	31
2023	12	10	CO	VE	1	0	F	US	5	1979	1756	0	−2	9	33
2024	03	21	IT	VE	2	1	F	US	5	1942	1751	0	0	12	33
2024	03	24	GT	VE	0	0	F	US	7	1488	1744	0	0	86	32
2024	06	22	VE	EC	2	1	CA	US	34	1778	1841	+7	−1	25	16
2024	06	26	VE	MX	1	0	CA	US	27	1805	1779	+5	−7	21	27
2024	06	30	VE	JM	3	0	CA	US	21	1826	1588	+3	−1	18	61
2024	07	05	CA	VE	1	1	CA	US	6	1746	1820	+2	0	31	18
2024	09	05	BO	VE	4	0	WQ		55	1605	1765	+15	−11	59	29
2024	09	10	VE	UY	0	0	WQ		5	1770	1955	+2	−1	27	10
2024	10	10	VE	AR	1	1	WQ		13	1783	2137	+3	0	24	2
2024	10	15	PY	VE	2	1	WQ		18	1742	1765	+5	−4	34	30
2024	11	14	VE	BR	1	1	WQ		8	1773	2005	−2	0	32	5
2024	11	19	CL	VE	4	2	WQ		29	1713	1744	+4	−6	44	36
2025	01	18	US	VE	3	1	F		10	1768	1734	+1	−1	33	37
2025	03	21	EC	VE	2	1	WQ		7	1916	1727	0	−2	12	41
2025	03	25	VE	PE	1	0	WQ		15	1742	1724	+4	−4	34	39
2025	06	06	VE	BO	2	0	WQ		15	1757	1636	+1	0	34	53
2025	06	10	UY	VE	2	0	WQ		12	1901	1745	0	−3	12	36
2025	09	04	AR	VE	3	0	WQ		4	2136	1741	0	0	2	37
2025	09	09	VE	CO	3	6	WQ		-24	1717	1981	−6	+2	40	6
2025	10	10	AR	VE	1	0	F	US	2	2111	1715	0	+1	2	39
2025	11	14	VE	AU	1	0	F	US	12	1727	1781	0	−3	39	29
2025	11	18	CA	VE	2	0	F	US	12	1802	1715	+1	−3	25	41
2026	03	27	VE	TT	4	1	FFS	UZ	7	1722	1392	0	−1	43	104
2026	03	30	UZ	VE	0	0	FFS		-5	1727	1727	−1	+3	40	40
2026	06	06	TR	VE	2	1	F	US	5	1911	1722	+1	0	12	39
2026	06	09	VE	IQ	2	0	F	US	11	1733	1607	+2	−3	37	63