1904	05	01	BE	FR	3	3	ECT		-10	1790	1610	−	−	8	9
1905	04	30	BE	NL	1	4	VDA		-25	1765	1925	−1	−	9	3
1905	05	07	BE	FR	7	0	F		9	1774	1606	0	0	9	10
1905	05	14	NL	BE	4	0	RNC		11	1936	1763	0	0	3	9
1906	04	22	FR	BE	0	5	F		-17	1589	1780	0	0	10	9
1906	04	29	BE	NL	5	0	VDA		35	1815	1901	0	−2	9	5
1906	05	13	NL	BE	2	3	RNC		-22	1879	1837	−2	+1	7	8
1907	04	04	BE	NL	1	3	VDA		-28	1809	1883	0	0	9	6
1907	04	21	BE	FR	1	2	F		-17	1792	1595	0	0	10	12
1907	05	09	NL	BE	1	2	RNC		-23	1860	1815	−1	+1	6	9
1908	03	29	BE	NL	1	4	VDA		-31	1784	1879	0	0	10	6
1908	04	12	FR	BE	1	2	F		-8	1594	1792	0	0	12	10
1908	04	18	BE	EN	2	8	F		-15	1777	2011	0	0	10	2
1908	04	26	NL	BE	3	1	RNC		11	1890	1766	+1	0	5	10
1908	10	26	BE	SE	2	1	F		5	1771	1657	0	0	11	13
1909	03	21	BE	NL	1	4	VDA		-24	1747	1928	0	0	11	4
1909	04	19	EN	BE	11	2	F		2	2168	1745	0	0	1	11
1909	04	25	NL	BE	4	1	RNC		9	1925	1736	0	0	4	11
1909	05	09	BE	FR	5	2	F		6	1742	1567	0	0	11	15
1910	03	13	BE	NL	3	2	VDA		18	1760	1902	0	0	11	4
1910	03	26	BE	EN	2	2	F		7	1767	2183	0	0	11	1
1910	04	03	FR	BE	0	4	F		-13	1551	1780	0	0	15	11
1910	04	10	NL	BE	7	0	RNC		15	1917	1765	0	0	4	11
1910	05	16	DE	BE	0	3	F		-18	1664	1783	0	0	13	11
1911	03	04	EN	BE	4	0	F		2	2151	1781	0	0	1	11
1911	03	19	BE	NL	1	5	VDA		-24	1757	1951	0	+1	11	3
1911	04	02	NL	BE	3	1	RNC		7	1958	1750	0	0	3	11
1911	04	23	BE	DE	2	1	F		5	1755	1668	0	0	11	13
1911	04	30	BE	FR	7	1	F		5	1760	1517	0	−1	11	18
1912	01	28	FR	BE	1	1	F		4	1533	1756	0	0	18	11
1912	02	20	BE	CH	9	2	F		6	1762	1524	0	0	11	18
1912	03	10	BE	NL	1	2	VDA		-11	1751	1961	0	0	11	3
1912	04	08	BE	EN	1	2	F		-3	1748	2154	0	0	11	1
1912	04	28	NL	BE	4	3	RNC		5	1952	1743	+1	0	3	11
1912	11	09	EN	BE	4	0	F		1	2213	1742	0	0	1	11
1913	02	16	BE	FR	3	0	F		6	1748	1565	0	−1	11	18
1913	03	09	BE	NL	3	3	VDA		5	1753	1972	0	0	11	3
1913	04	20	NL	BE	2	4	RNC		-39	1946	1792	−1	0	4	11
1913	05	01	IT	BE	1	0	F		12	1620	1780	+2	0	14	11
1913	05	04	CH	BE	1	2	F		-5	1490	1785	0	0	20	11
1913	11	02	BE	CH	2	0	F		3	1788	1504	0	0	11	20
1913	11	23	BE	DE	6	2	LVC		12	1800	1651	0	0	11	12
1914	01	25	FR	BE	4	3	F		13	1600	1787	0	0	16	11
1914	02	24	BE	EN	1	8	F		-10	1777	2115	0	0	11	1
1914	03	15	BE	NL	2	4	VDA		-18	1759	1961	0	0	11	4
1914	04	26	NL	BE	4	2	RNC		7	1960	1752	0	0	4	11
1916	03	12	FR	BE	1	4	F		-13	1555	1765	0	0	19	12
1917	06	03	IT	BE	3	4	F		-9	1627	1774	0	0	16	12
1918	04	22	BE	FR	5	2	F		5	1779	1550	0	0	12	21
1918	09	20	IT	BE	1	1	F		1	1628	1778	0	0	16	12
1918	09	22	IT	BE	1	1	F		1	1629	1777	0	0	16	12
1919	03	09	BE	FR	2	2	F		-7	1770	1557	0	0	12	21
1920	02	17	BE	EN	3	1	F		22	1792	2020	0	0	12	1
1920	03	28	FR	BE	2	1	F		14	1578	1778	0	0	22	12
1920	08	29	BE	ES	3	1	OG		63	1841	1963	+2	−2	11	3
1920	08	31	BE	NL	3	0	OG		51	1892	1878	+2	−5	9	10
1920	09	02	BE	CS	2	0	OG		36	1928	1889	+4	−4	5	9
1921	03	06	BE	FR	3	1	F		2	1930	1594	0	0	7	22
1921	05	05	BE	IT	2	3	F		-18	1912	1656	−3	+2	8	18
1921	05	15	BE	NL	1	1	F		-5	1907	1847	0	0	8	10
1921	05	21	BE	EN	0	2	F		-19	1888	1933	−1	+2	9	4
1921	10	07	ES	BE	2	0	F		6	2022	1882	0	0	2	9
1922	01	15	FR	BE	2	1	F		15	1622	1867	0	0	24	9
1922	03	26	BE	NL	4	0	VDA		20	1887	1845	+1	0	8	10
1922	04	15	BE	DK	0	0	F		-2	1885	1926	0	0	8	6
1922	05	07	NL	BE	1	2	RNC		-18	1841	1903	0	0	10	8
1922	05	21	IT	BE	4	2	F		21	1689	1882	+2	0	20	8
1923	02	04	BE	ES	1	0	F		12	1894	2024	+1	0	8	1
1923	02	25	BE	FR	4	1	F		3	1897	1593	+1	0	7	29
1923	03	19	EN	BE	6	1	F		14	1920	1883	0	−2	5	9
1923	04	29	NL	BE	1	1	RNC		-2	1816	1885	−1	0	13	9
1923	05	05	BE	EN	3	0	F		15	1900	1912	+3	−1	6	5
1923	11	01	BE	EN	2	2	F		-3	1897	1904	−1	0	9	7
1924	01	13	FR	BE	2	0	F		24	1584	1873	+5	0	30	8
1924	03	23	NL	BE	1	1	F		-1	1819	1874	0	0	13	7
1924	04	27	BE	NL	1	1	VDA		-7	1867	1810	−1	0	8	13
1924	05	29	SE	BE	8	1	OG	FR	100	1787	1767	+10	−6	13	15
1924	06	10	BE	SE	5	0	F		19	1786	1837	+3	−3	13	10
1924	10	05	DK	BE	2	1	F		6	1850	1780	+1	−2	9	15
1924	11	11	BE	FR	3	0	F		5	1785	1563	0	−2	14	34
1924	12	08	EN	BE	4	0	F		9	1902	1776	0	−1	5	15
1925	03	15	BE	NL	0	1	VDA		-19	1757	1809	−2	0	17	13
1925	05	03	NL	BE	5	0	F		12	1810	1745	0	0	13	17
1925	05	21	HU	BE	1	3	F		-23	1829	1768	−1	0	11	17
1925	05	24	CH	BE	0	0	F		-3	1769	1771	−1	+2	16	15
1925	12	13	BE	AT	3	4	F		-10	1761	1866	−1	+1	16	9
1926	02	14	BE	HU	0	2	F		-18	1743	1820	−2	0	17	13
1926	03	14	BE	NL	1	1	LVC		-1	1742	1825	0	0	17	12
1926	04	11	FR	BE	4	3	F		13	1554	1729	+3	−2	33	19
1926	05	02	NL	BE	1	5	F		-28	1792	1757	−1	+3	13	15
1926	05	24	BE	EN	3	5	F		-15	1742	1868	−2	+2	17	8
1926	06	20	BE	FR	2	2	F		-6	1736	1597	0	0	17	29
1926	08	29	CH	BE	5	2	F		14	1729	1722	+2	−3	18	20
1927	01	02	BE	CS	2	3	F		-9	1713	1879	0	0	19	7
1927	03	13	BE	NL	2	0	LVC		20	1733	1748	+2	−1	16	15
1927	04	03	BE	SE	2	1	F		10	1743	1810	0	0	16	12
1927	05	01	NL	BE	3	2	F		7	1755	1736	0	0	15	16
1927	05	11	BE	EN	1	9	F		-20	1716	1906	−2	+1	18	7
1927	05	22	AT	BE	4	1	F		5	1916	1711	0	0	6	18
1927	05	26	CS	BE	4	0	F		6	1909	1705	0	−1	8	19
1927	05	29	CS	BE	4	0	F		6	1915	1699	0	−1	8	20
1927	09	04	SE	BE	7	0	F		10	1838	1689	0	−3	10	23
1928	01	08	BE	AT	1	2	F		-7	1682	1905	−2	0	24	7
1928	02	12	BE	IE	2	4	F		-22	1660	1623	0	+1	24	26
1928	03	11	NL	BE	1	1	F		-5	1767	1665	−1	0	16	24
1928	04	01	BE	NL	1	0	LVC		15	1680	1752	0	0	24	16
1928	04	15	FR	BE	2	3	F		-10	1574	1690	−1	+1	33	23
1928	05	19	BE	EN	1	3	F		-14	1676	1836	0	+3	24	9
1928	05	27	BE	LU	5	3	OG	NL	9	1685	1279	0	−1	24	58
1928	06	02	AR	BE	6	3	OG	NL	13	2036	1672	0	−1	2	22
1928	06	05	NL	BE	3	1	OG		25	1763	1647	+1	0	17	22
1928	11	04	NL	BE	1	1	F		-5	1723	1652	−1	0	18	23
1929	04	20	IE	BE	4	0	F		15	1638	1637	+1	−1	23	24
1929	05	05	BE	NL	3	1	LVC		22	1659	1703	+1	−1	23	18
1929	05	11	BE	EN	1	5	F		-13	1646	1882	0	+1	23	9
1929	05	26	BE	FR	4	1	F		9	1655	1547	0	−1	23	36
1929	12	08	NL	BE	1	0	F		7	1670	1648	0	0	22	23
1930	04	13	FR	BE	1	6	F		-19	1520	1667	0	0	40	24
1930	05	04	NL	BE	2	2	F		-3	1672	1670	0	0	21	24
1930	05	11	BE	IE	1	3	F		-20	1650	1658	−1	+2	25	24
1930	05	18	BE	NL	3	1	LVC		18	1668	1654	+2	−4	23	25
1930	05	25	BE	FR	1	2	F		-16	1652	1530	−2	0	25	40
1930	06	08	BE	PT	2	1	F		9	1661	1698	+3	0	23	18
1930	07	13	US	BE	3	0	WC	UY	51	1723	1610	+4	−4	17	27
1930	07	20	PY	BE	1	0	WC	UY	21	1737	1589	+2	−2	16	31
1930	09	14	BE	NL	4	1	F		15	1604	1632	+2	−2	30	27
1930	09	21	BE	CS	2	3	F		-5	1599	1915	0	0	30	8
1930	09	28	BE	SE	2	2	F		3	1602	1807	0	−1	30	14
1930	12	07	FR	BE	2	2	F		-2	1573	1604	0	0	33	30
1931	03	29	NL	BE	3	2	F		7	1622	1597	+1	0	28	30
1931	05	03	BE	NL	4	2	LVC		18	1615	1606	+1	−2	29	30
1931	05	16	BE	EN	1	4	F		-7	1608	1971	−1	0	30	5
1931	05	31	PT	BE	3	2	F		5	1689	1603	0	−1	21	31
1931	10	11	BE	PL	2	1	F		8	1611	1619	+1	−1	30	28
1931	12	06	BE	CH	2	1	F		5	1616	1535	0	0	30	39
1932	02	14	NL	BE	2	3	F		-14	1630	1630	−1	+3	27	27
1932	03	20	BE	NL	1	4	LVC		-34	1596	1664	−4	+4	31	23
1932	04	17	NL	BE	2	1	F		6	1670	1590	0	−1	23	32
1932	05	01	BE	FR	5	2	F		13	1603	1584	+2	−3	30	33
1932	06	05	DK	BE	3	4	F		-16	1745	1619	−2	+1	16	29
1932	06	12	SE	BE	3	1	F		6	1782	1613	0	−1	13	30
1932	10	16	BE	NL	2	3	F		-12	1601	1654	0	+1	30	26
1932	12	11	BE	AT	1	6	F		-6	1595	2017	0	0	32	3
1933	02	12	BE	IT	2	3	F		-3	1592	1968	0	0	33	5
1933	03	12	CH	BE	3	3	F		-4	1654	1596	0	0	27	33
1933	03	26	FR	BE	3	0	F		14	1589	1582	+2	−2	34	35
1933	04	09	BE	NL	1	3	F		-16	1566	1665	−3	+1	38	26
1933	05	07	NL	BE	1	2	F		-15	1650	1581	−1	+2	27	36
1933	06	04	PL	BE	0	1	F		-15	1670	1596	−2	+2	25	34
1933	06	11	AT	BE	4	1	F		2	2005	1594	0	−1	3	35
1933	10	22	DE	BE	8	1	F		8	1766	1586	+2	−2	13	38
1933	11	26	BE	DK	2	2	F		2	1588	1760	+1	−1	37	15
1934	01	21	BE	FR	2	3	F		-13	1575	1612	−2	+2	39	33
1934	02	25	IE	BE	4	4	WQ		-10	1664	1585	0	+1	24	38
1934	03	11	NL	BE	9	3	F		11	1669	1574	+2	−1	23	39
1934	04	29	BE	NL	2	4	WQ		-28	1546	1722	−2	+3	42	18
1934	05	10	BE	LU	4	1	F		3	1549	1257	0	0	42	72
1934	05	27	DE	BE	5	2	WC	IT	20	1819	1529	+1	−1	12	43
1935	03	31	NL	BE	4	2	F		6	1686	1523	+2	0	19	44
1935	04	14	BE	FR	1	1	F		0	1523	1616	0	−1	44	34
1935	04	28	BE	DE	1	6	F		-7	1516	1904	0	0	44	9
1935	05	12	BE	NL	0	2	F		-12	1504	1698	−4	+1	48	19
1935	05	30	BE	CH	2	2	F		2	1506	1672	+1	0	48	25
1935	11	17	BE	SE	5	1	F		28	1534	1765	+4	−1	43	14
1936	02	16	BE	PL	0	2	F		-17	1517	1608	−1	+2	44	34
1936	03	08	FR	BE	3	0	F		8	1625	1509	+2	−2	31	46
1936	03	29	NL	BE	8	0	F		6	1741	1503	+1	−3	16	49
1936	05	03	BE	NL	1	1	F		4	1507	1737	+1	−1	48	17
1936	05	09	BE	EN	3	2	F		18	1525	1942	+5	−2	43	6
1936	05	24	CH	BE	1	1	F		-6	1657	1531	−3	0	27	44
1937	02	21	BE	FR	3	1	F		15	1546	1612	+1	−2	44	35
1937	04	04	BE	NL	2	1	F		13	1559	1723	+1	−1	43	17
1937	04	18	BE	CH	1	2	F		-11	1548	1618	−1	0	44	34
1937	04	25	DE	BE	1	0	F		2	1821	1546	0	0	13	44
1937	05	02	NL	BE	1	0	F		3	1726	1543	0	0	17	44
1937	06	06	YU	BE	1	1	F		-5	1645	1548	−1	0	29	44
1937	06	10	RO	BE	2	1	F		7	1579	1541	+1	−1	40	45
1938	01	30	FR	BE	5	3	F		8	1628	1533	+2	0	33	47
1938	02	27	NL	BE	7	2	F		7	1720	1526	0	0	19	47
1938	03	13	LU	BE	2	3	WQ		-10	1231	1536	0	0	84	47
1938	04	03	BE	NL	1	1	WQ		5	1541	1715	0	0	47	19
1938	05	08	CH	BE	0	3	F		-28	1654	1569	−6	+4	29	44
1938	05	15	IT	BE	6	1	F		1	2050	1568	0	0	2	44
1938	05	29	BE	YU	2	2	F		-1	1567	1617	0	0	44	38
1938	06	05	FR	BE	3	1	WC		25	1655	1542	+6	−4	28	48
1939	01	29	BE	DE	1	4	F		-11	1531	1785	0	0	45	14
1939	03	19	BE	NL	5	4	F		12	1543	1682	0	−3	45	23
1939	04	23	NL	BE	3	2	F		4	1686	1539	0	0	23	45
1939	05	14	BE	CH	1	2	F		-7	1532	1759	−1	0	46	15
1939	05	18	BE	FR	1	3	F		-14	1518	1671	−1	+3	47	26
1939	05	27	PL	BE	3	3	F		-4	1576	1522	0	0	43	47
1939	12	10	NL	BE	5	2	F		6	1696	1516	0	−1	23	49
1940	03	17	BE	NL	7	1	F		26	1542	1670	+2	−4	47	26
1940	04	21	NL	BE	4	2	F		7	1658	1535	+3	−1	30	48
1944	12	24	FR	BE	3	1	F		6	1675	1529	+2	0	26	51
1945	05	13	LU	BE	4	1	F		25	1294	1504	+6	−4	81	54
1945	12	15	BE	FR	2	1	F		12	1516	1661	+3	−2	51	27
1946	01	19	EN	BE	2	0	F		1	1938	1515	0	−1	6	52
1946	01	23	SQ	BE	2	2	F		-9	2004	1524	0	+2	3	50
1946	02	23	BE	LU	7	0	F		6	1530	1288	0	−2	50	82
1946	05	12	NL	BE	6	3	F		7	1672	1523	+4	−1	26	51
1946	05	30	BE	NL	2	2	F		1	1524	1671	0	0	51	26
1947	04	07	NL	BE	2	1	F		4	1671	1520	+3	0	27	51
1947	05	04	BE	NL	1	2	F		-9	1511	1680	−3	+2	53	26
1947	05	18	BE	SQ	2	1	F		18	1529	1961	+4	−1	49	4
1947	06	01	FR	BE	4	2	F		5	1729	1524	0	−1	18	50
1947	09	21	BE	EN	2	5	F		-4	1520	1980	0	+1	51	3
1947	11	02	CH	BE	4	0	F		5	1762	1515	0	0	16	51
1948	03	14	BE	NL	1	1	F		2	1517	1685	0	0	51	26
1948	04	18	NL	BE	2	2	F		-7	1681	1524	0	0	26	52
1948	04	28	SQ	BE	2	0	F		2	1861	1522	+1	0	10	52
1948	06	06	BE	FR	4	2	F		21	1543	1749	+3	−1	50	17
1948	10	17	FR	BE	3	3	F		-7	1768	1550	0	+2	16	48
1948	11	21	BE	NL	1	1	F		2	1552	1701	+1	−1	47	26
1949	01	02	ES	BE	1	1	F		-9	1885	1561	0	+2	8	45
1949	03	13	NL	BE	3	3	F		-6	1695	1567	0	+2	25	43
1949	04	24	IE	BE	0	2	F		-22	1634	1589	−3	+4	34	39
1949	05	22	BE	WA	3	1	F		21	1610	1809	+3	0	36	11
1949	10	02	BE	CH	3	0	F		19	1629	1728	+1	−5	35	21
1949	11	06	NL	BE	0	1	F		-15	1716	1644	−5	+2	25	33
1949	11	23	WA	BE	5	1	F		8	1766	1636	0	−3	15	35
1950	03	05	IT	BE	3	1	F		2	1992	1634	0	0	3	34
1950	04	16	BE	NL	2	0	F		14	1648	1691	+2	0	32	25
1950	05	10	BE	IE	5	1	F		13	1661	1625	+2	0	30	34
1950	05	18	BE	EN	1	4	F		-5	1656	2071	−2	0	32	2
1950	06	04	BE	FR	4	1	F		16	1672	1705	+3	−2	29	24
1950	11	01	FR	BE	3	3	F		-4	1701	1676	0	0	24	28
1950	11	12	BE	NL	7	2	F		13	1689	1638	+2	−3	26	34
1951	04	15	NL	BE	5	4	F		9	1637	1680	0	0	33	26
1951	05	20	BE	SQ	0	5	F		-9	1671	2013	−2	+1	28	2
1951	06	10	BE	ES	3	3	F		3	1674	1873	0	0	28	11
1951	06	17	PT	BE	1	1	F		-3	1667	1677	0	0	29	28
1951	10	14	BE	AT	1	8	F		-16	1661	1903	−1	+1	29	8
1951	11	25	NL	BE	6	7	F		-12	1608	1673	−3	+1	38	28
1952	02	24	BE	IT	2	0	F		23	1696	1950	+3	−2	25	5
1952	03	23	AT	BE	2	0	F		4	1910	1692	0	0	8	25
1952	04	06	BE	NL	4	2	F		8	1700	1600	0	0	25	37
1952	05	22	BE	FR	1	2	F		-12	1688	1752	0	+1	25	17
1952	10	19	BE	NL	2	1	F		5	1693	1590	+1	−2	24	42
1952	11	26	EN	BE	5	0	F		3	2015	1690	0	0	4	24
1952	12	25	FR	BE	0	1	F		-15	1775	1705	−1	0	15	23
1953	03	19	ES	BE	3	1	F		5	1873	1700	0	−1	10	23
1953	04	19	NL	BE	0	2	F		-14	1572	1714	−1	+3	44	20
1953	05	14	BE	YU	1	3	F		-11	1703	1931	−3	+2	24	6
1953	05	25	FI	BE	2	4	WQ		-18	1433	1721	−3	+3	72	21
1953	05	28	SE	BE	2	3	WQ		-32	1826	1753	−1	+4	13	17
1953	09	23	BE	FI	2	2	WQ		-17	1736	1439	0	+2	18	75
1953	10	08	BE	SE	2	0	WQ		30	1766	1802	+1	−1	17	14
1953	10	25	NL	BE	1	0	F		13	1574	1753	0	−2	45	18
1953	11	22	CH	BE	2	2	F		-1	1671	1754	0	0	27	18
1954	03	14	BE	PT	0	0	F		-5	1749	1667	0	+1	17	28
1954	04	04	BE	NL	4	0	F		6	1755	1568	0	−1	16	49
1954	05	09	YU	BE	0	2	F		-25	1924	1780	−2	+3	7	14
1954	05	30	BE	FR	3	3	F		-3	1777	1775	0	0	14	15
1954	06	17	BE	EN	4	4	WC	CH	18	1795	2003	0	0	14	4
1954	06	20	IT	BE	4	1	WC	CH	44	1897	1751	0	−3	10	17
1954	09	26	BE	WG	2	0	F		24	1775	2074	+2	−1	15	3
1954	10	24	BE	NL	4	3	F		3	1778	1553	0	−1	15	54
1954	11	11	FR	BE	2	2	F		-4	1805	1782	0	0	14	15
1955	01	16	IT	BE	1	0	F		6	1856	1776	0	0	10	15
1955	04	03	NL	BE	1	0	F		13	1566	1763	+4	−1	49	16
1955	06	05	BE	CS	1	3	F		-21	1742	1737	−3	+1	19	20
1955	09	25	CS	BE	5	2	F		13	1750	1729	+1	−1	20	21
1955	09	28	RO	BE	1	0	F		10	1632	1719	0	−2	38	23
1955	10	16	NL	BE	2	2	F		1	1582	1718	0	0	45	23
1955	12	25	BE	FR	2	1	F		11	1729	1839	+4	0	20	9
1956	03	11	BE	CH	1	3	F		-21	1708	1699	−3	+1	24	26
1956	04	08	BE	NL	0	1	F		-15	1693	1643	−2	+1	26	36
1956	06	03	BE	HU	5	4	F		17	1710	2097	+3	0	23	1
1956	10	14	BE	NL	2	3	F		-14	1696	1656	−2	+3	25	35
1956	11	11	FR	BE	6	3	WQ		13	1858	1683	+2	−3	9	29
1956	12	23	WG	BE	4	1	F		5	1894	1678	+1	0	7	29
1957	03	31	BE	ES	0	5	F		-18	1660	1825	−5	0	34	14
1957	04	28	NL	BE	1	1	F		-3	1646	1663	0	+1	36	33
1957	05	26	BE	RO	1	0	F		6	1669	1622	0	0	32	41
1957	06	05	BE	IS	8	3	WQ		6	1675	1328	+1	−2	31	100
1957	09	04	IS	BE	2	5	WQ		-12	1282	1687	−3	+2	107	29
1957	10	27	BE	FR	0	0	WQ		5	1692	1864	+1	−1	27	11
1957	11	17	NL	BE	5	2	F		14	1669	1678	+4	−2	33	31
1957	12	08	TR	BE	1	1	F		-4	1710	1682	−1	0	26	31
1958	03	02	BE	WG	0	2	F		-10	1672	1920	−2	0	32	5
1958	04	13	BE	NL	2	7	F		-26	1646	1683	−6	+6	38	31
1958	05	26	CH	BE	0	2	F		-18	1608	1664	−3	+4	43	35
1958	09	28	BE	NL	2	3	F		-13	1651	1687	−2	+1	38	32
1958	10	26	BE	TR	1	1	F		-1	1650	1723	0	+1	38	25
1958	11	23	HU	BE	3	1	F		2	1971	1648	0	0	2	39
1959	03	01	FR	BE	2	2	F		-8	1930	1656	0	0	4	39
1959	04	19	NL	BE	2	2	F		-4	1719	1660	−1	0	28	39
1959	05	24	BE	AT	0	2	F		-12	1648	1847	−2	0	39	12
1959	06	14	AT	BE	4	2	F		5	1852	1643	+1	0	11	40
1959	10	04	NL	BE	9	1	F		13	1724	1630	+4	−1	27	41
1960	02	28	BE	FR	1	0	F		16	1646	1929	+3	−1	38	6
1960	03	27	BE	CH	3	1	F		8	1654	1556	0	−2	38	53
1960	04	13	BE	CL	1	1	F		-2	1652	1699	0	0	38	30
1960	04	24	BE	NL	2	1	F		9	1661	1722	+1	0	37	26
1960	05	22	BG	BE	4	1	F		11	1718	1650	+2	−2	28	39
1960	10	02	BE	NL	1	4	F		-20	1630	1728	−2	+2	41	26
1960	10	19	SE	BE	2	0	WQ		7	1897	1623	0	0	10	41
1960	10	30	BE	HU	2	1	F		16	1639	1953	0	0	41	4
1960	11	20	BE	CH	2	4	WQ		-40	1599	1658	−6	+6	47	37
1961	03	08	WG	BE	1	0	F		2	1880	1597	0	0	11	47
1961	03	15	FR	BE	1	1	F		-8	1850	1605	0	+2	12	45
1961	03	22	NL	BE	6	2	F		8	1740	1597	0	−2	25	47
1961	05	20	CH	BE	2	1	WQ		12	1655	1585	+3	0	35	47
1961	10	04	BE	SE	0	2	WQ		-12	1573	1935	−2	+3	49	7
1961	10	18	BE	FR	3	0	F		25	1598	1819	+3	−1	46	15
1961	11	12	NL	BE	0	4	F		-30	1698	1628	−6	+5	28	40
1961	12	24	BE	BG	4	0	F		23	1651	1782	0	−2	40	18
1962	04	01	BE	NL	3	1	F		13	1664	1685	+3	−2	37	29
1962	05	13	BE	IT	1	3	F		-11	1653	1872	−3	0	39	14
1962	05	17	PT	BE	1	2	F		-13	1637	1666	−1	+3	41	36
1962	05	23	PL	BE	2	0	F		9	1732	1657	0	−2	23	38
1962	10	14	BE	NL	2	0	F		12	1669	1666	+4	−2	31	33
1962	11	04	YU	BE	3	2	EQ		4	1932	1665	0	−2	8	32
1962	12	02	BE	ES	1	1	F		4	1669	1896	0	0	32	10
1963	03	03	NL	BE	0	1	F		-13	1672	1682	−3	+2	32	30
1963	03	31	BE	YU	0	1	EQ		-12	1670	1944	−3	+2	33	5
1963	04	24	BE	BR	5	1	F		28	1698	1942	+5	−1	28	4
1963	10	20	NL	BE	1	1	F		-2	1679	1700	0	0	33	30
1963	12	01	ES	BE	1	2	F		-16	1850	1716	0	+2	13	28
1963	12	25	FR	BE	1	2	F		-15	1780	1731	0	+1	18	27
1964	03	22	BE	NL	0	0	F		-5	1726	1647	0	+1	27	37
1964	04	15	CH	BE	2	0	F		17	1596	1709	0	−1	48	28
1964	05	03	BE	PT	1	2	F		-14	1695	1683	−1	+1	29	32
1964	09	30	BE	NL	1	0	F		6	1701	1652	0	0	29	36
1964	10	21	EN	BE	2	2	F		-7	1922	1708	0	+1	7	28
1964	12	02	BE	FR	3	0	F		15	1723	1752	+4	−2	24	23
1965	03	24	IE	BE	0	2	F		-17	1654	1740	−1	+1	36	24
1965	04	07	BE	PL	0	0	F		-4	1736	1691	0	0	25	31
1965	05	09	BE	IL	1	0	WQ		8	1744	1585	+1	−1	24	51
1965	06	02	BR	BE	5	0	F		6	1947	1738	0	−1	5	25
1965	09	26	BG	BE	3	0	WQ		23	1786	1715	+3	−1	19	27
1965	10	27	BE	BG	5	0	WQ		37	1752	1749	+4	−6	24	25
1965	11	10	IL	BE	0	5	WQ		-31	1540	1783	−5	+6	58	18
1965	12	29	BG	BE	2	1	WQ	IT	21	1789	1762	+7	−9	18	27
1966	04	17	NL	BE	3	1	F		16	1656	1746	0	−1	38	27
1966	04	20	FR	BE	0	3	F		-24	1751	1770	−4	+3	26	24
1966	05	22	BE	SU	0	1	F		-6	1764	2011	−1	0	23	1
1966	05	25	BE	IE	2	3	F		-16	1748	1665	−4	+2	27	37
1966	10	22	BE	CH	1	0	F		4	1752	1613	+2	0	23	43
1966	11	11	BE	FR	2	1	EQ		14	1766	1730	+2	−1	21	27
1967	03	19	LU	BE	0	5	EQ		-10	1316	1776	−5	0	113	20
1967	04	16	BE	NL	1	0	F		5	1781	1682	0	0	20	33
1967	05	21	PL	BE	3	1	EQ		31	1695	1750	+1	−3	33	23
1967	10	08	BE	PL	2	4	EQ		-46	1704	1686	−4	+5	29	33
1967	10	28	FR	BE	1	1	EQ		-8	1750	1712	−4	0	25	31
1967	11	22	BE	LU	3	0	EQ		4	1716	1325	0	0	30	108
1968	01	10	IL	BE	0	2	F		-11	1504	1727	−1	+3	67	25
1968	03	06	BE	WG	1	3	F		-8	1719	2009	−1	0	27	2
1968	04	07	NL	BE	1	2	F		-12	1683	1731	−2	+1	34	26
1968	04	24	SU	BE	1	0	F		2	1973	1729	0	0	4	26
1968	05	01	LU	BE	0	1	F		-3	1319	1732	0	+1	112	25
1968	06	19	FI	BE	1	2	WQ		-9	1400	1741	−3	+1	95	24
1968	10	09	BE	FI	6	1	WQ		5	1746	1371	0	−1	24	102
1968	10	16	BE	YU	3	0	WQ		36	1782	1821	+6	−2	18	16
1968	12	11	ES	BE	1	1	WQ		-10	1864	1792	−1	+1	13	17
1969	02	23	BE	ES	2	1	WQ		18	1810	1846	0	−2	17	15
1969	04	16	BE	MX	2	0	F		13	1823	1844	0	−1	17	14
1969	10	19	YU	BE	4	0	WQ		29	1837	1794	+4	−6	13	19
1969	11	05	MX	BE	1	0	F		8	1782	1786	0	−1	20	19
1970	02	25	BE	EN	1	3	F		-7	1779	2090	0	0	20	1
1970	06	03	BE	SV	3	0	WC	MX	21	1800	1514	+3	−2	16	67
1970	06	06	SU	BE	4	1	WC	MX	34	1959	1766	0	−6	5	22
1970	06	11	MX	BE	1	0	WC		24	1757	1742	+5	−6	23	26
1970	11	15	BE	FR	1	2	F		-12	1730	1779	−2	+2	27	18
1970	11	25	BE	DK	2	0	EQ		12	1742	1581	+2	−3	25	54
1971	02	03	BE	SQ	3	0	EQ		36	1778	1816	+5	−4	20	15
1971	02	17	BE	PT	3	0	EQ		29	1807	1785	+4	−2	16	18
1971	05	20	LU	BE	0	4	F		-3	1282	1810	−2	0	118	16
1971	05	26	DK	BE	1	2	EQ		-12	1558	1822	−2	+2	59	14
1971	11	07	BE	LU	1	0	F		1	1823	1300	0	−1	13	113
1971	11	10	SQ	BE	1	0	EQ		19	1766	1804	+5	−2	21	15
1971	11	21	PT	BE	1	1	EQ		-5	1795	1809	0	+1	18	15
1972	04	29	IT	BE	0	0	EQ		-13	1979	1822	0	+2	4	14
1972	05	13	BE	IT	2	1	EQ		23	1845	1956	+1	−1	13	5
1972	05	18	BE	IS	4	0	WQ		2	1847	1278	0	0	12	122
1972	05	22	BE	IS	4	0	WQ		2	1849	1276	+1	0	11	122
1972	06	14	BE	WG	1	2	EC		-15	1834	2115	−2	0	13	2
1972	06	17	BE	HU	2	1	EC		23	1857	1890	+2	0	11	6
1972	10	04	NO	BE	0	2	WQ		-9	1456	1866	−1	0	72	12
1972	11	19	BE	NL	0	0	WQ		-8	1858	1823	0	+1	13	17
1973	03	29	BE	US	6	0	F		2	1860	1419	0	−1	14	88
1973	04	18	BE	DD	3	0	F		13	1873	1858	+2	−1	12	13
1973	10	31	BE	NO	2	0	WQ		3	1876	1473	0	0	13	69
1973	11	18	NL	BE	0	0	WQ		-4	1834	1880	−1	0	16	12
1974	03	13	DD	BE	1	0	F		6	1935	1874	0	0	7	13
1974	04	17	BE	PL	1	1	F		-1	1873	1956	0	+1	13	5
1974	05	01	CH	BE	0	1	F		-8	1688	1881	−1	+1	31	12
1974	06	01	BE	SQ	2	1	F		6	1887	1824	+1	+1	11	17
1974	09	08	IS	BE	0	2	EQ		-3	1270	1890	−1	+1	123	12
1974	10	12	BE	FR	2	1	EQ		10	1900	1790	+4	0	9	20
1974	12	07	DD	BE	0	0	EQ		-5	1891	1905	0	0	10	9
1975	04	30	BE	NL	1	0	F		12	1917	2079	+1	0	7	2
1975	09	06	BE	IS	1	0	EQ		1	1918	1341	0	0	8	107
1975	09	27	BE	DD	1	2	EQ		-29	1889	1888	−2	+3	10	11
1975	11	15	FR	BE	0	0	EQ		1	1766	1888	0	0	23	13
1976	04	25	NL	BE	5	0	EQ		15	2058	1873	0	0	2	13
1976	05	22	BE	NL	1	2	EQ		-15	1858	2073	0	0	13	2
1976	09	05	IS	BE	0	1	WQ		-4	1373	1862	0	0	100	14
1976	11	10	BE	EI	2	0	WQ		14	1876	1748	+3	−1	12	24
1977	01	26	IT	BE	2	1	F		5	1969	1871	+1	−2	5	14
1977	03	26	BE	NL	0	2	WQ		-24	1847	2070	−1	+1	14	2
1977	09	03	BE	IS	4	0	WQ		3	1850	1406	0	0	15	91
1977	10	26	NL	BE	1	0	WQ		5	2076	1845	+1	0	2	17
1977	11	16	EI	BE	3	0	WQ		41	1730	1804	+7	−2	27	19
1977	12	21	BE	IT	0	1	F		-9	1795	1956	−1	+1	20	6
1978	03	22	BE	AT	1	0	F		9	1804	1860	+2	−1	19	15
1978	04	19	DD	BE	0	0	F		-6	1953	1810	0	+1	6	19
1978	09	20	BE	NO	1	1	EQ		-17	1793	1485	−2	+5	20	69
1978	10	11	PT	BE	1	1	EQ		-9	1846	1802	0	−1	15	21
1978	11	15	IL	BE	1	0	F		10	1716	1792	+1	−1	31	20
1979	03	28	BE	AT	1	1	EQ		0	1792	1900	−1	+1	22	11
1979	05	02	AT	BE	0	0	EQ		-11	1889	1803	−1	+2	13	20
1979	09	12	NO	BE	1	2	EQ		-9	1480	1812	−1	0	73	20
1979	09	26	NL	BE	1	0	F		3	2031	1809	+1	+1	3	19
1979	10	17	BE	PT	2	0	EQ		29	1838	1872	+1	−1	18	15
1979	11	21	BE	SQ	2	0	EQ		22	1860	1827	+3	−1	15	17
1979	12	19	SQ	BE	1	3	EQ		-36	1791	1896	−2	+3	19	12
1980	02	27	BE	LU	5	0	F		1	1897	1267	0	0	12	119
1980	03	18	BE	UY	2	0	F		4	1901	1649	0	−1	12	42
1980	04	02	BE	PL	2	1	F		8	1909	1921	0	−2	12	10
1980	06	06	BE	RO	2	1	F		4	1913	1761	+2	0	12	22
1980	06	12	BE	EN	1	1	EC	IT	8	1921	2028	+4	0	8	4
1980	06	15	BE	ES	2	1	EC	IT	23	1944	1866	+1	0	7	15
1980	06	18	IT	BE	0	0	EC		-10	1988	1954	−1	0	6	7
1980	06	22	WG	BE	2	1	EC	IT	15	2108	1939	0	0	1	7
1980	10	15	IE	BE	1	1	WQ		5	1759	1934	0	0	25	8
1980	11	19	BE	NL	1	0	WQ		17	1951	1964	+2	0	8	6
1980	12	21	CY	BE	0	2	WQ		-2	1261	1953	0	0	120	8
1981	02	18	BE	CY	3	2	WQ		0	1953	1261	0	0	8	119
1981	03	25	BE	IE	1	0	WQ		6	1959	1730	+2	0	6	26
1981	04	29	FR	BE	3	2	WQ		17	1922	1942	+2	−3	11	9
1981	09	09	BE	FR	2	0	WQ		19	1961	1890	+2	−1	4	13
1981	10	14	NL	BE	3	0	WQ		30	1941	1931	+3	−2	6	7
1981	12	16	ES	BE	2	0	F		13	1880	1918	0	0	15	6
1982	03	24	BE	RO	4	1	F		7	1925	1760	0	−1	6	24
1982	04	28	BE	BG	2	1	F		3	1928	1737	0	0	7	29
1982	05	27	DK	BE	1	0	F		12	1760	1916	+3	−2	24	9
1982	06	13	BE	AR	1	0	WC	ES	38	1954	1967	+2	0	7	4
1982	06	19	BE	SV	1	0	WC	ES	6	1960	1563	0	−2	6	57
1982	06	22	BE	HU	1	1	WC	ES	-13	1947	1814	−2	0	8	18
1982	06	28	PL	BE	3	0	WC	ES	50	2014	1897	+2	−3	4	10
1982	07	01	SU	BE	1	0	WC	ES	23	2008	1874	0	−2	5	13
1982	09	22	WG	BE	0	0	F		-6	2029	1880	0	0	3	13
1982	10	06	BE	CH	3	0	EQ		11	1891	1680	+2	−3	11	36
1982	12	15	BE	SQ	3	2	EQ		12	1903	1831	+1	−1	10	17
1983	03	30	DD	BE	1	2	EQ		-25	1863	1928	−2	+1	13	9
1983	04	27	BE	DD	2	1	EQ		11	1939	1858	0	−3	9	14
1983	05	31	BE	FR	1	1	F	LU	0	1939	1948	0	0	7	6
1983	09	21	BE	NL	1	1	F		-5	1934	1847	0	+1	6	15
1983	10	12	SQ	BE	1	1	EQ		-3	1875	1937	0	+1	11	6
1983	11	09	CH	BE	3	1	EQ		37	1788	1900	+6	−3	23	8
1984	02	29	BE	WG	0	1	F		-10	1890	2012	0	0	7	2
1984	04	17	PL	BE	0	1	F		-14	1910	1904	0	+2	6	7
1984	06	06	BE	HU	2	2	F		-6	1898	1777	0	0	7	25
1984	06	13	BE	YU	2	0	EC	FR	37	1935	1855	+1	−6	6	15
1984	06	16	FR	BE	5	0	EC		31	2002	1904	0	−1	3	7
1984	06	19	DK	BE	3	2	EC	FR	28	1888	1876	+5	−5	9	12
1984	09	05	BE	AR	0	2	F		-19	1857	1896	−2	+5	15	7
1984	10	17	BE	AL	3	1	WQ		3	1860	1424	0	0	15	87
1984	12	19	GR	BE	0	0	WQ		8	1612	1852	0	−1	45	14
1984	12	22	AL	BE	2	0	WQ		51	1494	1801	+12	−7	71	21
1985	03	27	BE	GR	2	0	WQ		11	1812	1639	+2	0	20	39
1985	05	01	BE	PL	2	0	WQ		24	1836	1818	+3	−4	15	18
1985	09	11	PL	BE	0	0	WQ		-5	1826	1841	−2	0	20	16
1985	10	16	BE	NL	1	0	WQ		16	1857	1860	0	−5	16	14
1985	11	20	NL	BE	2	1	WQ		14	1874	1843	+3	−1	11	17
1986	02	19	ES	BE	3	0	F		11	1893	1832	0	−1	8	18
1986	04	23	BE	BG	2	0	F		11	1843	1823	0	−2	19	20
1986	05	19	BE	YU	1	3	F		-20	1823	1834	−3	+2	21	19
1986	06	03	MX	BE	2	1	WC		20	1860	1803	+4	−3	12	24
1986	06	08	BE	IQ	2	1	WC	MX	13	1816	1567	+5	−1	21	57
1986	06	11	BE	PY	2	2	WC	MX	2	1818	1834	+1	0	19	14
1986	06	15	BE	SU	4	3	WC	MX	45	1863	1960	+7	−2	12	5
1986	06	22	BE	ES	1	1	WC	MX	10	1873	1979	+1	+1	11	3
1986	06	25	AR	BE	2	0	WC	MX	32	2011	1841	+1	−3	2	14
1986	06	28	FR	BE	4	2	WC	MX	26	2022	1815	+2	−4	1	18
1986	09	10	BE	IE	2	2	EQ		-10	1805	1742	−1	+1	19	30
1986	10	14	LU	BE	0	6	EQ		-4	1167	1809	0	0	144	19
1986	11	19	BE	BG	1	1	EQ		-7	1802	1780	0	+1	18	23
1987	02	04	PT	BE	1	0	F		8	1763	1794	+2	−3	27	21
1987	04	01	BE	SQ	4	1	EQ		24	1818	1761	+5	−3	16	25
1987	04	29	IE	BE	0	0	EQ		-2	1747	1820	−1	0	28	16
1987	09	09	NL	BE	0	0	F		-4	1884	1824	0	0	11	18
1987	09	23	BG	BE	2	0	EQ		24	1822	1800	+3	−3	18	21
1987	10	14	SQ	BE	2	0	EQ		24	1789	1776	+2	−3	22	24
1987	11	11	BE	LU	3	0	EQ		1	1777	1157	+1	0	23	144
1988	01	19	IL	BE	2	3	F		-7	1559	1784	−1	0	59	23
1988	03	26	BE	HU	3	0	F		13	1797	1778	+4	−4	20	24
1988	06	05	DK	BE	3	1	F		8	1889	1789	0	0	9	23
1988	10	12	BE	BR	1	2	F		-7	1782	1996	0	0	26	2
1988	10	19	BE	CH	1	0	WQ		12	1794	1720	+2	−1	24	32
1988	11	16	CS	BE	0	0	WQ		-9	1848	1803	0	+3	13	21
1989	02	15	PT	BE	1	1	WQ		-4	1763	1807	0	+1	27	20
1989	04	29	BE	CS	2	1	WQ		17	1824	1840	+2	−2	19	15
1989	05	27	BE	YU	1	0	F		9	1833	1892	+1	−2	18	10
1989	06	01	BE	LU	5	0	WQ	FR	2	1835	1163	0	0	18	144
1989	06	08	CA	BE	0	2	F		-8	1537	1843	−1	+2	62	16
1989	08	23	BE	DK	3	0	F		16	1859	1904	+2	−2	15	10
1989	09	06	BE	PT	3	0	WQ		18	1877	1763	+3	−1	13	24
1989	10	11	CH	BE	2	2	WQ		5	1686	1872	0	0	33	15
1989	10	25	BE	LU	1	1	WQ		-20	1852	1181	−2	+2	17	141
1990	01	17	GR	BE	2	0	F		19	1678	1833	+4	0	34	17
1990	02	21	BE	SE	0	0	F		0	1833	1947	0	0	17	6
1990	05	26	BE	RO	2	2	F		-1	1832	1894	0	0	17	12
1990	06	02	BE	MX	3	0	F		16	1848	1885	0	−4	17	15
1990	06	06	BE	PL	1	1	F		-4	1844	1791	0	0	17	20
1990	06	12	BE	KR	2	0	WC	IT	33	1877	1713	+2	−4	15	31
1990	06	17	BE	UY	3	1	WC	IT	47	1924	1849	+9	−8	7	16
1990	06	21	ES	BE	2	1	WC	IT	28	1973	1896	+1	−1	5	8
1990	06	26	EN	BE	1	0	WC	IT	25	1981	1871	+2	−5	4	14
1990	09	12	BE	DD	0	2	F		-23	1848	1786	−1	+4	16	20
1990	10	17	WA	BE	3	1	EQ		32	1760	1816	+2	−3	27	19
1991	02	13	IT	BE	0	0	F		-7	2010	1823	0	0	2	18
1991	02	27	BE	LU	3	0	EQ		1	1824	1173	0	0	18	143
1991	03	27	BE	WA	1	1	EQ		-9	1815	1755	0	+3	18	27
1991	05	01	DE	BE	1	0	EQ		4	2088	1811	0	0	1	19
1991	09	11	LU	BE	0	2	EQ		-3	1170	1814	−2	0	152	18
1991	10	09	HU	BE	0	2	F		-17	1741	1831	0	+3	28	15
1991	11	20	BE	DE	0	1	EQ		-12	1819	2088	−4	0	19	1
1992	02	26	TN	BE	2	1	F		15	1544	1804	+4	−2	63	19
1992	03	25	FR	BE	3	3	F		-7	1989	1811	0	+1	3	18
1992	04	22	BE	CY	1	0	WQ		1	1812	1249	0	0	18	139
1992	06	03	FO	BE	0	3	WQ		-5	1261	1817	−2	+1	136	19
1992	09	02	CS	BE	1	2	WQ		-27	1819	1844	−3	+3	18	15
1992	10	14	BE	RO	1	0	WQ		14	1858	1826	0	−1	15	17
1992	11	18	BE	WA	2	0	WQ		16	1874	1765	+2	−3	13	28
1993	02	13	CY	BE	0	3	WQ		-5	1336	1879	−1	0	117	13
1993	03	31	WA	BE	2	0	WQ		32	1793	1847	+6	−2	22	15
1993	05	22	BE	FO	3	0	WQ		1	1848	1212	+1	0	16	151
1993	10	06	BE	GA	2	1	F		1	1849	1462	0	−1	18	92
1993	10	13	RO	BE	2	1	WQ		18	1803	1831	+2	−3	22	21
1993	11	17	BE	CS	0	0	WQ		-5	1826	1843	−1	+2	22	17
1994	02	16	MT	BE	1	0	F		18	1378	1808	+7	0	108	22
1994	06	04	BE	ZM	9	0	F		10	1818	1661	0	−2	22	40
1994	06	08	BE	HU	3	1	F		5	1823	1616	0	−3	22	55
1994	06	19	BE	MA	1	0	WC	US	17	1840	1649	+2	−4	20	43
1994	06	25	BE	NL	1	0	WC	US	43	1883	1954	+6	−2	13	5
1994	06	29	SA	BE	1	0	WC	US	47	1709	1836	+7	−9	30	22
1994	07	02	DE	BE	3	2	WC	US	16	2030	1820	0	0	1	22
1994	09	07	BE	AM	2	0	EQ		1	1821	1260	0	0	21	138
1994	10	12	DK	BE	3	1	EQ		15	1928	1806	0	−2	8	23
1994	11	16	BE	MK	1	1	EQ		-14	1792	1627	−1	+7	24	45
1994	12	17	BE	ES	1	4	EQ		-27	1765	1996	−3	+1	27	3
1995	03	29	ES	BE	1	1	EQ		-15	1971	1780	−1	+1	4	25
1995	04	22	BE	US	1	0	F		4	1784	1622	0	−2	25	48
1995	04	26	BE	CY	2	0	EQ		3	1787	1383	0	−1	25	109
1995	06	07	MK	BE	0	5	EQ		-32	1588	1819	−9	+2	57	23
1995	08	23	BE	DE	1	2	F		-7	1812	2015	0	0	23	2
1995	09	06	BE	DK	1	3	EQ		-27	1785	1975	−1	+1	24	4
1995	10	07	AM	BE	0	2	EQ		-6	1286	1791	−3	+1	137	23
1995	11	15	CY	BE	1	1	EQ		14	1397	1777	+5	−1	107	25
1996	03	27	BE	FR	0	2	F		-11	1766	1974	0	+1	25	5
1996	04	24	BE	RU	0	0	F		2	1768	1924	0	0	25	8
1996	05	29	IT	BE	2	2	F		-7	1985	1775	−1	+1	4	24
1996	08	31	BE	TR	2	1	WQ		11	1786	1699	0	0	24	32
1996	10	09	SM	BE	0	3	WQ		-1	958	1787	0	0	193	24
1996	12	14	BE	NL	0	3	WQ		-31	1756	1961	−2	+2	26	7
1997	02	11	EI	BE	3	0	F		19	1645	1737	+2	−3	46	28
1997	03	29	WA	BE	1	2	WQ		-18	1579	1755	−2	+2	59	24
1997	04	30	TR	BE	1	3	WQ		-35	1684	1790	−9	0	39	24
1997	06	07	BE	SM	6	0	WQ		0	1790	956	0	0	23	195
1997	09	06	NL	BE	3	1	WQ		11	1953	1779	0	−1	8	22
1997	10	11	BE	WA	3	2	WQ		6	1785	1575	0	−2	22	61
1997	10	29	IE	BE	1	1	WQ		-3	1726	1788	−1	+1	31	22
1997	11	15	BE	IE	2	1	WQ		11	1799	1715	+1	−2	20	35
1998	02	25	BE	US	2	0	F		9	1808	1743	0	−1	20	31
1998	03	25	BE	NO	2	2	F		-1	1807	1864	+2	0	18	15
1998	04	22	BE	RO	1	1	F		-1	1806	1874	−1	−2	19	14
1998	05	27	FR	BE	1	0	KHC	MA	7	2007	1799	0	−1	4	20
1998	05	29	BE	EN	0	0	KHC	MA	7	1806	1974	+1	0	19	6
1998	06	03	BE	CO	2	0	F		10	1816	1778	0	0	19	23
1998	06	06	BE	PY	1	0	F		6	1822	1742	0	−1	19	30
1998	06	13	BE	NL	0	0	WC	FR	11	1833	1948	0	−1	19	8
1998	06	20	BE	MX	2	2	WC	FR	4	1837	1876	+1	−2	18	15
1998	06	25	BE	KR	1	1	WC	FR	-12	1825	1704	−1	+5	19	34
1998	11	18	LU	BE	0	0	F		9	1208	1816	+4	−1	152	18
1999	02	03	CY	BE	0	1	FT		-7	1500	1823	0	+1	76	17
1999	02	05	GR	BE	1	0	FT	CY	19	1750	1804	+4	−2	26	19
1999	02	09	BE	CZ	0	1	F		-10	1794	1909	0	+2	19	11
1999	03	27	BE	BG	0	1	F		-16	1778	1676	−1	+4	20	43
1999	03	30	BE	EG	0	1	F		-16	1762	1667	−1	+3	21	45
1999	04	28	RO	BE	1	0	F		5	1874	1757	0	−3	15	24
1999	05	30	BE	PE	1	1	KRN	JP	-2	1755	1724	0	+2	23	33
1999	06	03	JP	BE	0	0	KRN		1	1642	1754	+1	0	50	23
1999	06	05	KR	BE	1	2	F		-12	1724	1766	−3	+4	33	21
1999	08	18	BE	FI	3	4	F		-17	1749	1555	−4	+3	27	67
1999	09	04	NL	BE	5	5	F		-7	1958	1756	0	+2	5	25
1999	09	07	BE	MA	4	0	F		14	1770	1756	+2	−2	23	25
1999	10	10	EN	BE	2	1	F		4	1922	1766	0	0	10	23
1999	11	13	IT	BE	1	3	F		-25	1928	1791	−3	+1	8	22
2000	02	23	BE	PT	1	1	F		1	1792	1911	−1	0	22	11
2000	03	29	BE	NL	2	2	F		2	1794	1959	+1	0	20	4
2000	04	26	NO	BE	0	2	F		-24	1900	1818	−4	+2	13	18
2000	06	03	DK	BE	2	2	F		-3	1824	1821	0	0	17	18
2000	06	10	BE	SE	2	1	EC		24	1845	1884	+1	−2	17	14
2000	06	14	BE	IT	0	2	EC		-38	1807	1979	−4	+2	20	5
2000	06	19	BE	TR	0	2	EC		-56	1751	1781	−6	+12	25	21
2000	08	16	BG	BE	1	3	F		-16	1649	1767	−3	+2	49	26
2000	09	02	BE	HR	0	0	WQ		2	1769	1900	+2	0	24	10
2000	10	07	LV	BE	0	4	WQ		-15	1412	1784	−6	+3	103	21
2001	02	28	BE	SM	10	1	WQ		0	1784	937	+1	0	22	193
2001	03	24	SQ	BE	2	2	WQ		-3	1742	1787	0	−1	32	23
2001	04	25	CZ	BE	1	1	F		-6	1898	1793	0	+3	9	21
2001	06	02	BE	LV	3	1	WQ		3	1796	1397	0	−2	23	108
2001	06	06	SM	BE	1	4	WQ		-1	955	1797	0	0	191	24
2001	08	15	FI	BE	4	1	F		20	1664	1777	+4	0	49	25
2001	09	05	BE	SQ	2	0	WQ		19	1796	1730	+3	−3	23	33
2001	10	06	HR	BE	1	0	WQ		10	1901	1786	0	−1	8	24
2001	11	10	BE	CZ	1	0	WQ		19	1805	1846	+1	−3	21	14
2001	11	14	CZ	BE	0	1	WQ		-28	1818	1833	−6	+4	20	18
2002	02	13	BE	NO	1	0	F		5	1838	1748	+1	−1	17	30
2002	03	27	GR	BE	3	2	F		12	1673	1826	+2	−1	46	18
2002	04	17	BE	SK	1	1	F		-6	1820	1703	−1	0	19	40
2002	05	14	BE	DZ	0	0	F		-9	1811	1480	−3	0	23	85
2002	05	18	FR	BE	1	2	F		-18	2089	1829	0	+2	1	19
2002	05	26	BE	CR	1	0	F	JP	8	1837	1755	+2	−3	17	30
2002	06	04	JP	BE	2	2	WC		-9	1839	1846	−3	+2	18	16
2002	06	10	BE	TN	1	1	WC	JP	-19	1827	1614	−3	+3	21	53
2002	06	14	BE	RU	3	2	WC	JP	28	1855	1776	+4	−5	16	27
2002	06	17	BR	BE	2	0	WC	JP	33	1980	1822	+3	−4	5	20
2002	08	21	PL	BE	1	1	F		-1	1744	1823	−1	+1	35	20
2002	09	07	BE	BG	0	2	EQ		-49	1774	1719	−7	+7	27	36
2002	10	12	AD	BE	0	1	EQ		-1	1075	1775	0	−1	178	28
2002	10	16	EE	BE	0	1	EQ		-8	1420	1783	−3	+1	104	27
2003	02	12	DZ	BE	1	3	F		-8	1494	1791	−4	+2	78	23
2003	03	29	HR	BE	4	0	EQ		28	1811	1763	+4	−8	19	29
2003	04	30	BE	PL	3	1	F		9	1772	1707	+2	−3	24	39
2003	06	07	BG	BE	2	2	EQ		-5	1755	1777	−1	+2	30	23
2003	06	11	BE	AD	3	0	EQ		1	1778	1061	+2	0	21	181
2003	08	20	BE	NL	1	1	F		4	1782	2041	0	0	22	1
2003	09	10	BE	HR	2	1	EQ		17	1799	1809	+2	−2	20	19
2003	10	11	BE	EE	2	0	EQ		3	1802	1405	0	−2	20	109
2004	02	18	BE	FR	0	2	F		-9	1793	2059	−3	0	22	1
2004	03	31	DE	BE	3	0	F		9	1899	1784	+1	−2	10	24
2004	04	28	BE	TR	2	3	F		-12	1772	1843	−4	−1	27	15
2004	05	29	NL	BE	0	1	F		-17	1982	1789	−1	+3	5	24
2004	08	18	NO	BE	2	2	F		-3	1784	1792	−3	+1	28	23
2004	09	04	BE	LT	1	1	WQ		-18	1774	1435	−6	+4	29	99
2004	10	09	ES	BE	2	0	WQ		9	1974	1765	0	−2	5	30
2004	11	17	BE	RM	0	2	WQ		-41	1724	1773	−4	+4	33	28
2005	02	09	EG	BE	4	0	F		17	1679	1707	+7	−2	40	35
2005	03	26	BE	BA	4	1	WQ		18	1725	1601	+4	−5	32	61
2005	03	30	SM	BE	1	2	WQ		-1	946	1726	0	0	193	32
2005	06	04	RM	BE	0	0	WQ		-8	1772	1734	−1	0	29	33
2005	08	17	BE	GR	2	0	F		15	1749	1812	0	−3	31	21
2005	09	03	BA	BE	1	0	WQ		23	1619	1726	+2	−6	57	37
2005	09	07	BE	SM	8	0	WQ		1	1727	942	+1	0	36	193
2005	10	08	BE	ES	0	2	WQ		-21	1706	1959	−2	+3	38	4
2005	10	12	LT	BE	1	1	WQ		8	1463	1698	0	−2	92	40
2006	03	01	LU	BE	0	2	F		-1	980	1699	0	0	190	43
2006	05	11	BE	SA	2	1	F	NL	6	1705	1553	+1	−2	42	71
2006	05	20	SK	BE	1	1	F		-3	1697	1708	0	+1	44	42
2006	05	24	BE	TR	3	3	F		1	1709	1836	0	0	42	17
2006	08	16	BE	KZ	0	0	EQ		-17	1692	1363	−2	+4	45	113
2006	09	06	AM	BE	0	1	EQ		-10	1385	1702	0	+2	104	43
2006	10	07	RS	BE	1	0	EQ		12	1760	1690	+4	−2	29	45
2006	10	11	BE	AZ	3	0	EQ		5	1695	1351	+1	+1	44	115
2006	11	15	BE	PL	0	1	EQ		-23	1672	1770	−3	+8	47	27
2007	02	07	BE	CZ	0	2	F		-10	1662	1894	0	−1	47	12
2007	03	24	PT	BE	4	0	EQ		9	1927	1653	0	−2	8	50
2007	06	02	BE	PT	1	2	EQ		-11	1642	1932	−3	0	51	8
2007	06	06	FI	BE	2	0	EQ		23	1644	1619	+3	−4	51	55
2007	08	22	BE	RS	3	2	EQ		23	1642	1743	+2	−5	55	33
2007	09	12	KZ	BE	2	2	EQ		10	1358	1632	+1	−1	115	56
2007	10	13	BE	FI	0	0	EQ		-4	1628	1663	+1	+1	55	46
2007	10	17	BE	AM	3	0	EQ		13	1641	1453	+1	−2	54	93
2007	11	17	PL	BE	2	0	EQ		13	1778	1628	+4	−2	24	56
2007	11	21	AZ	BE	0	1	EQ		-12	1370	1640	−6	+3	115	52
2008	03	26	BE	MA	1	4	F		-22	1618	1677	−3	+4	54	43
2008	05	30	IT	BE	3	1	F		1	2032	1617	0	0	2	54
2008	08	20	DE	BE	2	0	F		2	1975	1615	0	0	6	54
2008	09	06	BE	EE	3	2	WQ		6	1621	1403	−1	−3	55	109
2008	09	10	TR	BE	1	1	WQ		-15	1832	1636	−2	+2	17	53
2008	10	11	BE	AM	2	0	WQ		9	1645	1428	+3	−1	50	99
2008	10	15	BE	ES	1	2	WQ		-5	1640	2097	−2	0	51	1
2008	11	19	LU	BE	1	1	F		9	1097	1631	+2	−1	176	52
2009	02	11	BE	SI	2	0	F		9	1640	1570	+2	−2	51	64
2009	03	28	BE	BA	2	4	WQ		-43	1597	1619	−7	+8	58	54
2009	04	01	BA	BE	2	1	WQ		13	1632	1584	−1	−5	55	63
2009	05	29	BE	CL	1	1	KRN	JP	8	1592	1779	+1	−2	61	26
2009	05	31	JP	BE	4	0	KRN		9	1790	1583	+2	−1	23	62
2009	08	12	CZ	BE	3	1	F		4	1804	1579	+2	+1	19	62
2009	09	05	ES	BE	5	0	WQ		3	2076	1576	0	0	2	63
2009	09	09	AM	BE	2	1	WQ		27	1384	1549	+4	−7	114	70
2009	10	10	BE	TR	2	0	WQ		44	1593	1781	+11	−9	59	24
2009	10	14	EE	BE	2	0	WQ		37	1442	1556	+10	−10	97	70
2009	11	14	BE	HU	3	0	F		16	1572	1611	+5	0	65	55
2009	11	17	BE	QA	2	0	F	FR	14	1586	1534	+3	−6	62	80
2010	03	03	BE	HR	0	1	F		-5	1581	1893	−3	+1	65	9
2010	05	19	BE	BG	2	1	F		12	1593	1727	+4	−2	61	34
2010	08	11	FI	BE	1	0	F		6	1659	1587	0	−1	48	64
2010	09	03	BE	DE	0	1	EQ		-4	1583	2059	−2	0	66	4
2010	09	07	TR	BE	3	2	EQ		5	1821	1578	+1	−5	13	70
2010	10	08	KZ	BE	0	2	EQ		-19	1323	1597	−4	+8	126	61
2010	10	12	BE	AT	4	4	EQ		-5	1592	1613	−1	+2	63	55
2010	11	17	RU	BE	0	2	F		-27	1826	1619	−2	+6	13	55
2011	02	09	BE	FI	1	1	F		-3	1616	1596	0	+1	55	58
2011	03	25	AT	BE	0	2	EQ		-37	1566	1653	−11	+7	68	48
2011	03	29	BE	AZ	4	1	EQ		10	1663	1439	+1	−2	46	101
2011	06	03	BE	TR	1	1	EQ		1	1664	1783	0	0	47	21
2011	08	10	SI	BE	0	0	F		-3	1683	1667	−2	+1	44	46
2011	09	02	AZ	BE	1	1	EQ		9	1414	1658	+1	−5	107	51
2011	09	06	BE	US	1	0	F		9	1667	1714	+4	−1	45	36
2011	10	07	BE	KZ	4	1	EQ		5	1672	1334	0	−2	45	124
2011	10	11	DE	BE	3	1	EQ		3	2075	1669	0	+1	3	43
2011	11	11	BE	RO	2	1	F		8	1677	1687	0	−1	43	41
2011	11	15	FR	BE	0	0	F		-6	1839	1683	0	+1	14	42
2012	02	29	GR	BE	1	1	F		-5	1778	1688	−2	0	25	42
2012	05	25	BE	ME	2	2	F		-4	1684	1641	0	+3	42	51
2012	06	02	EN	BE	1	0	F		2	1955	1682	0	0	6	42
2012	08	15	BE	NL	4	2	F		22	1704	1943	+3	−2	38	8
2012	09	07	WA	BE	0	2	WQ		-31	1581	1735	−6	+7	65	31
2012	09	11	BE	HR	1	1	WQ		2	1737	1865	0	−2	31	15
2012	10	12	RS	BE	0	3	WQ		-44	1687	1781	−7	+7	39	24
2012	10	16	BE	SQ	2	0	WQ		14	1795	1653	+2	−4	22	47
2012	11	14	RO	BE	2	1	F		9	1754	1786	−1	0	29	22
2013	02	06	BE	SK	2	1	F		3	1789	1598	−1	+2	23	55
2013	03	22	MK	BE	0	2	WQ		-19	1534	1808	−5	+4	77	19
2013	03	26	BE	MK	1	0	WQ		4	1812	1530	0	−3	19	77
2013	05	29	US	BE	2	4	F		-17	1750	1829	−4	+3	29	16
2013	06	07	BE	RS	2	1	WQ		8	1837	1693	−1	−3	17	41
2013	08	14	BE	FR	0	0	F		-2	1835	1859	0	0	18	13
2013	09	06	SQ	BE	0	2	WQ		-22	1624	1857	−4	+4	53	14
2013	10	11	HR	BE	1	2	WQ		-26	1845	1883	−6	+3	19	12
2013	10	15	BE	WA	1	1	WQ		-17	1866	1585	−2	+5	14	60
2013	11	14	BE	CO	0	2	F		-17	1849	1928	−2	0	16	8
2013	11	19	BE	JP	2	3	F		-15	1834	1764	−3	+2	18	25
2014	03	05	BE	CI	2	2	F		-4	1830	1778	0	+1	18	23
2014	05	26	BE	LU	5	1	F		1	1831	1212	0	0	18	155
2014	06	01	SE	BE	0	2	F		-18	1795	1849	−1	+5	22	14
2014	06	07	BE	TN	1	0	F		2	1851	1526	0	−1	15	76
2014	06	17	BE	DZ	2	1	WC	BR	13	1864	1612	0	−3	14	57
2014	06	22	BE	RU	1	0	WC	BR	27	1891	1807	+3	−2	10	21
2014	06	26	BE	KR	1	0	WC	BR	11	1902	1616	+1	−2	11	55
2014	07	01	BE	US	2	1	WC	BR	27	1929	1837	+1	−4	9	17
2014	07	05	AR	BE	1	0	WC	BR	19	2082	1910	0	−1	4	10
2014	09	04	BE	AU	2	0	F		4	1914	1661	0	0	10	46
2014	10	10	BE	AD	6	0	EQ		0	1914	983	0	0	9	190
2014	10	13	BA	BE	1	1	EQ		4	1744	1910	+1	0	26	9
2014	11	12	BE	IS	3	1	F		4	1914	1670	0	0	9	43
2014	11	16	BE	WA	0	0	EQ		-17	1897	1620	−2	+4	11	57
2015	03	28	BE	CY	5	0	EQ		3	1900	1402	−1	0	13	110
2015	03	31	IL	BE	0	1	EQ		-11	1622	1911	−2	+3	55	10
2015	06	07	FR	BE	3	4	F		-14	1940	1925	−1	+2	7	9
2015	06	12	WA	BE	1	0	EQ		28	1698	1897	+5	−2	41	11
2015	09	03	BE	BA	3	1	EQ		11	1908	1719	+1	−2	10	37
2015	09	06	CY	BE	0	1	EQ		-3	1397	1911	0	0	109	10
2015	10	10	AD	BE	1	4	EQ		-1	960	1912	0	0	192	11
2015	10	13	BE	IL	3	1	EQ		5	1917	1578	0	−1	11	65
2015	11	13	BE	IT	3	1	F		10	1927	1876	0	0	10	15
2016	03	29	PT	BE	2	1	F		8	1909	1919	0	−1	12	11
2016	05	28	CH	BE	1	2	F		-9	1769	1928	−2	+1	25	10
2016	06	01	BE	FI	1	1	F		-9	1919	1578	−1	+1	11	66
2016	06	05	BE	NO	3	2	F		2	1921	1635	0	−1	12	50
2016	06	13	IT	BE	2	0	EC	FR	43	1917	1878	+4	−4	11	15
2016	06	18	BE	IE	3	0	EC	FR	29	1907	1729	+3	−9	11	36
2016	06	22	BE	SE	1	0	EC	FR	14	1921	1733	+1	−5	10	32
2016	06	26	BE	HU	4	0	EC	FR	25	1946	1723	+1	−7	9	36
2016	07	01	WA	BE	3	1	EC	FR	57	1807	1889	+9	−7	20	14
2016	09	01	BE	ES	0	2	F		-17	1872	1955	0	+1	14	8
2016	09	06	CY	BE	0	3	WQ		-8	1412	1880	−1	0	105	14
2016	10	07	BE	BA	4	0	WQ		17	1897	1751	+1	−1	13	28
2016	10	10	BE	GI	6	0	WQ	PT	1	1898	1101	+1	0	12	180
2016	11	09	NL	BE	1	1	F		-3	1885	1901	0	+1	14	12
2016	11	13	BE	EE	8	1	WQ		3	1904	1432	0	−1	13	99
2017	03	25	BE	GR	1	1	WQ		-15	1889	1667	0	+3	12	47
2017	03	28	RU	BE	3	3	F		3	1672	1886	−1	0	48	12
2017	06	05	BE	CZ	2	1	F		3	1889	1699	0	+1	12	37
2017	06	09	EE	BE	0	2	WQ		-8	1464	1897	−4	0	90	12
2017	08	31	BE	GI	9	0	WQ		1	1898	1088	+1	0	10	179
2017	09	03	GR	BE	1	2	WQ		-13	1650	1911	−2	0	49	10
2017	10	07	BA	BE	3	4	WQ		-15	1709	1926	−3	+1	39	9
2017	10	10	BE	CY	4	0	WQ		2	1928	1421	+1	−1	9	102
2017	11	10	BE	MX	3	3	F		-5	1923	1834	+1	0	8	18
2017	11	14	BE	JP	1	0	F		3	1926	1744	0	−2	8	30
2018	03	27	BE	SA	4	0	F		2	1928	1564	0	0	9	67
2018	06	02	BE	PT	0	0	F		-2	1926	1967	−1	0	9	6
2018	06	06	BE	EG	3	0	F		3	1929	1639	+1	−1	8	52
2018	06	11	BE	CR	4	1	F		6	1935	1742	0	−5	8	33
2018	06	18	BE	PA	3	0	WC	RU	18	1953	1639	0	−5	8	52
2018	06	23	BE	TN	5	2	WC	RU	15	1968	1627	+1	−4	6	53
2018	06	28	BE	EN	1	0	WC	RU	30	1998	1943	+2	−5	4	9
2018	07	02	BE	JP	3	2	WC	RU	9	2007	1698	0	−1	4	45
2018	07	06	BE	BR	2	1	WC	RU	42	2049	2113	+1	0	3	1
2018	07	10	FR	BE	1	0	WC	RU	28	2095	2021	0	0	2	3
2018	07	14	BE	EN	2	0	WC	RU	36	2057	1913	0	−3	3	10
2018	09	07	SQ	BE	0	4	F		-7	1701	2064	−2	0	42	3
2018	09	11	IS	BE	0	3	ENA		-12	1681	2076	0	0	44	3
2018	10	12	BE	CH	2	1	ENA		6	2082	1880	0	−1	3	15
2018	10	16	BE	NL	1	1	F		-6	2076	1945	0	+2	3	7
2018	11	15	BE	IS	2	0	ENA		3	2079	1672	0	0	3	46
2018	11	18	CH	BE	5	2	ENA		45	1921	2034	+3	0	12	3
2019	03	21	BE	RU	3	1	EQ		6	2040	1746	0	−2	3	35
2019	03	24	CY	BE	0	2	EQ		-3	1413	2043	0	0	102	3
2019	06	08	BE	KZ	3	0	EQ		1	2044	1382	0	+1	3	108
2019	06	11	BE	SQ	3	0	EQ		4	2048	1664	0	−3	3	51
2019	09	06	SM	BE	0	4	EQ		0	830	2048	0	0	206	3
2019	09	09	SQ	BE	0	4	EQ		-11	1633	2059	0	+1	51	2
2019	10	10	BE	SM	9	0	EQ		0	2059	825	0	0	2	206
2019	10	13	KZ	BE	0	2	EQ		-2	1362	2061	0	0	116	2
2019	11	16	RU	BE	1	4	EQ		-21	1793	2082	−3	+1	23	1
2019	11	19	BE	CY	6	1	EQ		1	2083	1399	0	−2	1	107
2020	09	05	DK	BE	0	2	ENA		-22	1869	2105	−2	0	17	1
2020	09	08	BE	IS	5	1	ENA		3	2108	1671	0	0	1	44
2020	10	08	BE	CI	1	1	F		-9	2099	1624	0	+2	1	55
2020	10	11	EN	BE	2	1	ENA		22	1994	2077	+4	−1	7	2
2020	10	14	IS	BE	1	2	ENA		-6	1655	2083	+1	−1	47	3
2020	11	11	BE	CH	2	1	F		3	2086	1867	+1	0	2	16
2020	11	15	BE	EN	2	0	ENA		13	2099	1955	0	−1	2	11
2020	11	18	BE	DK	4	2	ENA		11	2110	1927	0	−1	2	13
2021	03	24	BE	WA	3	1	WQ		6	2116	1823	0	−1	2	19
2021	03	27	CZ	BE	1	1	WQ		12	1780	2104	+1	0	28	2
2021	03	30	BE	BY	8	0	WQ		2	2106	1507	0	0	2	76
2021	06	03	BE	GR	1	1	F		-9	2097	1647	0	+2	2	45
2021	06	06	BE	HR	1	0	F		2	2099	1825	0	0	2	19
2021	06	12	RU	BE	0	3	EC		-16	1729	2115	−4	0	39	2
2021	06	17	DK	BE	1	2	EC		-19	1909	2134	−1	0	13	2
2021	06	21	BE	FI	2	0	EC	RU	6	2140	1705	0	0	2	40
2021	06	27	BE	PT	1	0	EC	ES	17	2157	2006	+1	−1	1	6
2021	07	02	IT	BE	2	1	EC	DE	32	2093	2125	+1	−1	3	2
2021	09	02	EE	BE	2	5	WQ		-2	1402	2127	0	0	101	1
2021	09	05	BE	CZ	3	0	WQ		7	2134	1832	0	0	1	19
2021	09	08	BY	BE	0	1	WQ	RU	-1	1482	2135	−1	0	84	1
2021	10	07	FR	BE	3	2	ENL	IT	31	2081	2104	+1	−1	3	2
2021	10	10	IT	BE	2	1	ENL		23	2058	2081	+2	−2	5	4
2021	11	13	BE	EE	3	1	WQ		1	2082	1431	0	−1	4	94
2021	11	16	WA	BE	1	1	WQ		8	1836	2074	0	0	21	4
2022	03	26	IE	BE	2	2	F		7	1689	2067	+3	0	45	4
2022	03	29	BE	BF	3	0	F		1	2068	1547	0	−1	4	68
2022	06	03	BE	NL	1	4	ENA		-55	2013	1993	−2	+3	6	7
2022	06	08	BE	PL	6	1	ENA		12	2025	1803	0	−4	5	28
2022	06	11	WA	BE	1	1	ENA		6	1829	2019	0	−1	23	6
2022	06	14	PL	BE	0	1	ENA		-14	1803	2033	−4	+1	28	4
2022	09	22	BE	WA	2	1	ENA		6	2039	1816	0	−1	4	22
2022	09	25	NL	BE	1	0	ENA		15	2040	2024	+3	−2	3	5
2022	11	18	EG	BE	2	1	F	KW	18	1660	2006	+2	0	51	5
2022	11	23	BE	CA	1	0	WC	QA	13	2019	1762	0	−1	6	29
2022	11	27	MA	BE	2	0	WC	QA	72	1849	1947	+9	−2	19	8
2022	12	01	BE	HR	0	0	WC	QA	0	1947	1944	−1	−1	10	11
2023	03	24	SE	BE	0	3	EQ		-28	1745	1975	−7	+2	36	8
2023	03	28	DE	BE	2	3	F		-12	1950	1987	−1	+1	10	7
2023	06	17	BE	AT	1	1	EQ		-15	1972	1774	0	+3	9	29
2023	06	20	EE	BE	0	3	EQ		-6	1442	1978	−2	0	94	8
2023	09	09	AZ	BE	0	1	EQ		-3	1405	1981	−1	0	104	8
2023	09	12	BE	EE	5	0	EQ		2	1983	1420	0	−1	8	98
2023	10	13	AT	BE	2	3	EQ		-16	1805	1999	−3	0	26	7
2023	10	16	BE	SE	1	1	EQ		-16	1983	1738	0	+2	7	36
2023	11	15	BE	RS	1	0	F		4	1987	1820	0	0	7	23
2023	11	19	BE	AZ	5	0	EQ		3	1990	1497	0	+2	8	79
2024	03	23	IE	BE	0	0	F		7	1615	1983	+2	0	59	9
2024	03	26	EN	BE	2	2	F		-3	1998	1986	+1	0	6	9
2024	06	05	BE	ME	2	0	F		1	1987	1570	−1	−1	9	67
2024	06	08	BE	LU	3	0	F		1	1988	1511	0	0	8	78
2024	06	17	SK	BE	1	0	EC	DE	43	1713	1945	+5	−2	42	11
2024	06	22	BE	RO	2	0	EC	DE	16	1961	1698	+1	−3	10	42
2024	06	26	BE	UA	0	0	EC	DE	-10	1951	1816	−1	+1	10	19
2024	07	01	FR	BE	1	0	EC	DE	17	2077	1934	0	0	3	11
2024	09	06	BE	IL	3	1	ENA	HU	6	1940	1561	0	−2	10	70
2024	09	09	FR	BE	2	0	ENA		17	2014	1923	0	−1	5	12
2024	10	10	IT	BE	2	2	ENA		-7	1936	1930	0	0	11	12
2024	10	14	BE	FR	1	2	ENA		-21	1909	2040	−2	+1	13	3
2024	11	14	BE	IT	0	1	ENA		-24	1885	1964	0	0	13	9
2024	11	17	IL	BE	1	0	ENA	HU	34	1601	1851	+12	−4	60	17
2025	03	20	UA	BE	3	1	EAB	ES	34	1836	1817	+5	−3	18	20
2025	03	23	BE	UA	3	0	EAB		27	1844	1809	+4	−7	16	25
2025	06	06	NM	BE	1	1	WQ		7	1620	1837	+1	−2	56	18
2025	06	09	BE	WA	4	3	WQ		10	1847	1726	+2	0	17	38
2025	09	04	LI	BE	0	6	WQ		-1	904	1848	0	−1	200	19
2025	09	07	BE	KZ	6	0	WQ		3	1851	1390	+1	−2	19	109
2025	10	10	BE	NM	0	0	WQ		-15	1836	1638	−1	+5	21	53
2025	10	13	WA	BE	2	4	WQ		-29	1692	1865	−9	+4	47	17
2025	11	15	KZ	BE	1	1	WQ		15	1422	1850	+1	−1	101	19
2025	11	18	BE	LI	7	0	WQ		0	1850	900	0	+1	19	200
2026	03	28	US	BE	2	5	F		-17	1730	1867	−6	+2	40	19
2026	03	31	BE	MX	1	1	F	US	0	1867	1857	0	+1	19	20
2026	06	02	HR	BE	0	2	F		-22	1909	1889	−2	+1	12	17
2026	06	06	BE	TN	5	0	F		5	1894	1628	+2	−1	15	59
2026	06	15	BE	EG	1	1	WC	US	-15	1879	1711	−2	+4	15	45