1920	08	28	IT	EG	2	1	OG	BE	36	1662	1664	0	−	18	17
1920	09	03	EG	YU	4	2	F	BE	11	1675	1565	+1	0	16	25
1924	05	27	EG	LT	10	0	F	FR	2	1677	1082	0	0	24	54
1924	05	29	EG	HU	3	0	OG	FR	84	1761	1834	+8	−7	17	11
1924	06	01	SE	EG	5	0	OG	FR	56	1843	1705	+4	−3	9	20
1924	06	22	AT	EG	3	1	F		6	1841	1699	+1	−3	9	23
1924	06	29	SE	EG	5	0	F		7	1864	1692	0	0	7	23
1928	05	28	EG	TR	7	1	OG	NL	26	1718	1433	+2	−1	20	47
1928	06	04	EG	PT	2	1	OG	NL	33	1751	1716	+3	−3	17	20
1928	06	06	AR	EG	6	0	OG	NL	21	2057	1730	0	−1	2	19
1928	06	09	IT	EG	11	3	OG	NL	39	1938	1691	+3	−1	4	20
1928	06	14	NL	EG	1	2	F		-14	1728	1705	−1	0	18	20
1928	06	28	LU	EG	1	1	F		7	1286	1698	+1	0	57	20
1932	02	19	EG	HU	0	0	F		1	1699	1848	0	0	19	10
1934	03	16	EG	PS	7	1	WQ		5	1704	1295	0	−	20	66
1934	04	06	PS	EG	1	4	WQ		-10	1285	1714	−2	+1	68	19
1934	04	07	PS	EG	2	2	F		7	1292	1707	+2	−1	66	20
1934	05	27	HU	EG	4	2	WC	IT	30	1859	1677	+1	−1	10	21
1936	06	19	EG	GR	3	1	F		2	1679	1274	0	0	22	73
1936	06	21	EG	GR	2	5	F		-33	1646	1307	−6	+7	28	66
1948	07	31	DK	EG	3	1	OG	EN	36	1756	1610	+5	−4	16	37
1948	12	24	EG	NO	1	1	F		-3	1607	1607	0	+1	36	36
1949	05	12	TR	EG	3	2	MFT	GR	28	1481	1579	+2	−4	60	40
1949	05	18	GR	EG	1	3	MFT		-16	1292	1595	−6	+2	88	38
1950	02	17	EG	GR	2	0	EMC		7	1602	1322	+1	−1	37	84
1950	02	19	EG	GR	0	1	F		-18	1584	1340	−3	+2	40	82
1951	10	16	EG	SY	8	0	MDG		11	1595	1313	0	0	42	87
1951	10	18	EG	GR	0	2	MDG		-52	1543	1432	−9	+12	51	68
1951	10	21	EG	GR	3	0	F		8	1551	1424	+2	−1	49	69
1951	11	25	GR	EG	1	0	EMC		22	1446	1529	+2	−3	67	53
1951	11	28	GR	EG	2	2	F		0	1446	1529	0	0	67	53
1952	08	10	NL	EG	1	1	F		-5	1599	1534	0	+2	38	49
1952	11	02	YU	EG	5	0	F		2	1929	1532	0	0	6	50
1953	01	16	EG	YU	1	3	F		-5	1527	1926	−1	+1	52	6
1953	01	18	EG	YU	3	3	F		7	1534	1919	+1	−1	51	7
1953	08	01	EG	PS	8	1	PAR		9	1543	1252	0	−2	52	105
1953	08	06	EG	LY	10	2	PAR		31	1574	1483	+8	−6	44	62
1953	08	10	EG	SY	4	0	PAR		9	1583	1320	+2	−3	42	89
1953	11	13	EG	IT	1	2	WQ		-11	1572	1853	−1	0	45	12
1954	01	24	IT	EG	5	1	WQ		7	1878	1565	0	−1	11	49
1954	02	12	EG	HU	0	3	F		-2	1563	2129	0	0	49	1
1954	02	21	EG	HU	0	3	F		-2	1561	2131	0	0	49	1
1954	11	07	GR	EG	1	1	MDC		-2	1493	1563	−1	+1	64	51
1954	11	09	GR	EG	1	2	F		-11	1482	1574	−6	+3	70	48
1955	01	07	EG	BG	1	0	F		5	1579	1490	+1	0	46	63
1955	01	21	EG	GR	1	1	MDC		-10	1569	1492	−3	+7	49	63
1955	01	23	EG	GR	1	3	F		-22	1547	1514	−6	+3	55	60
1955	05	22	BG	EG	2	1	F		9	1506	1538	0	−1	64	55
1955	07	25	EG	SY	3	0	MDG	ES	16	1554	1304	+3	−4	53	99
1955	12	23	EG	PT	0	4	F		-19	1535	1663	−6	+7	58	28
1956	01	29	ET	EG	1	4	OQ		-42	1466	1577	−5	+14	71	44
1956	04	27	EG	ET	5	2	OQ		16	1593	1450	+2	−5	44	75
1957	02	10	SD	EG	1	2	AR		-38	1652	1631	−9	+7	35	40
1957	02	15	EG	ET	4	0	AR	SD	26	1657	1434	+5	−6	35	80
1957	02	17	SD	EG	3	4	F		-13	1639	1670	−4	+4	40	31
1957	04	05	EG	TR	0	4	MDC		-48	1622	1714	−11	+10	41	22
1957	12	13	EG	CS	1	2	F		-6	1616	1885	−1	0	43	10
1958	12	28	RR	WG	2	1	F		14	1630	1870	+1	−1	40	11
1959	05	22	RR	ET	4	0	AR		14	1644	1420	0	−3	40	85
1959	05	29	RR	SD	2	1	AR		17	1661	1606	+4	−2	36	43
1959	11	13	RR	GH	2	1	OQ		18	1679	1704	+1	−5	36	32
1959	12	06	GH	RR	2	0	OQ		18	1743	1661	+2	0	25	37
1959	12	13	NG	RR	2	6	OQ		-53	1666	1714	−8	+6	38	31
1960	01	01	RR	NG	3	0	OQ		21	1735	1645	+5	−1	26	38
1960	01	08	RR	YU	0	1	F		-8	1727	1922	−1	+1	27	7
1960	01	10	RR	YU	0	0	F		3	1730	1919	0	−1	27	8
1960	02	19	RR	TN	3	1	OQ		9	1739	1530	+1	−2	26	58
1960	02	26	SD	RR	0	1	OQ		-20	1626	1759	−4	+4	42	21
1960	04	03	TN	RR	0	0	OQ		7	1537	1752	+2	−1	56	23
1960	04	22	RR	SD	3	0	OQ		13	1765	1584	+2	−2	21	46
1960	04	29	RR	BR	0	5	F		-12	1753	2024	−2	+1	22	1
1960	05	01	RR	BR	1	3	F		-8	1745	2032	−2	0	24	1
1960	05	06	RR	BR	0	3	F		-9	1736	2041	0	0	24	1
1960	07	06	GH	RR	2	2	F		-3	1754	1739	0	0	22	24
1960	08	26	YU	RR	6	1	OG	IT	33	1939	1706	+2	−5	7	28
1960	08	29	BG	RR	2	0	OG	IT	45	1748	1661	+7	−8	23	36
1960	11	19	NG	RR	2	1	F		9	1601	1652	0	−1	47	38
1961	02	17	RR	HU	0	2	F		-7	1645	1970	−2	0	39	4
1961	02	19	RR	HU	2	5	F		-8	1637	1978	−1	0	40	4
1961	09	03	RR	SA	13	0	PAR	MA	24	1661	1373	+2	−7	37	101
1961	09	04	RR	KW	8	0	PAR	MA	11	1672	1295	+3	−3	34	112
1961	09	06	RR	LY	2	1	PAR	MA	7	1679	1395	+1	−3	33	95
1961	09	08	RR	LB	4	0	PAR	MA	10	1689	1349	+1	0	32	104
1961	09	10	MA	RR	2	2	PAR		-6	1696	1695	−1	0	31	32
1962	01	05	EG	AT	1	0	F		13	1708	1899	+4	0	25	10
1962	01	18	EG	UG	2	1	AR	ET	8	1716	1399	0	−1	25	94
1962	01	21	ET	EG	4	2	AR		52	1527	1664	+13	−12	61	37
1963	00	00	EG	KE	4	3	F		3	1667	1427	+1	−1	33	87
1963	04	26	ID	EG	1	3	FT		-17	1466	1684	−3	+1	77	33
1963	04	27	ID	EG	2	2	FT		5	1471	1679	0	0	77	33
1963	04	30	EG	CN	2	0	FT	ID	14	1693	1524	+2	−3	31	65
1963	05	17	EG	BR	0	1	F		-6	1687	1942	0	+1	33	5
1963	07	04	DZ	EG	1	1	F		-5	1763	1692	−1	+1	23	32
1963	07	07	DZ	EG	2	2	F		-5	1758	1697	0	0	23	32
1963	09	25	LB	EG	0	0	MDG	IT	15	1387	1682	+5	−1	98	32
1963	10	09	UG	EG	1	4	OQ		-14	1332	1696	−1	+2	106	30
1963	11	11	EG	NV	4	1	GNF	ID	3	1699	1220	0	−1	31	128
1963	11	15	EG	LA	15	0	GNF	ID	1	1700	959	+1	−1	30	153
1963	11	18	EG	SA	7	0	GNF	ID	6	1706	1295	0	−2	30	114
1963	11	22	EG	KP	1	1	GNF	ID	1	1707	1728	+1	0	29	25
1963	11	24	EG	NG	6	3	AR	GH	35	1742	1600	+4	−8	25	49
1963	11	26	EG	SD	2	2	AR	GH	-9	1733	1613	0	+3	25	45
1963	11	30	EG	ET	3	0	AR	GH	28	1761	1574	+2	−3	23	51
1964	01	15	EG	UG	3	1	OQ		3	1764	1357	+3	0	21	105
1964	02	19	EG	DD	1	1	F		-6	1758	1653	−3	+2	24	34
1964	03	20	EG	DZ	1	0	F		8	1766	1766	+3	−1	20	20
1964	03	22	EG	DZ	2	2	F		-3	1763	1769	−2	0	22	20
1964	03	27	EG	SD	4	1	OQ		13	1776	1600	+3	−1	19	46
1964	04	17	SD	EG	3	3	OQ		4	1604	1772	+1	−1	45	20
1964	10	16	EG	KR	10	0	OG	JP	43	1815	1557	+5	−11	15	55
1964	10	18	EG	GH	5	1	OG	JP	55	1870	1751	+3	−6	12	23
1965	03	25	EG	KE	4	3	AGQ	UG	3	1873	1420	0	0	12	86
1965	03	27	UG	EG	5	1	AGQ		70	1400	1803	+18	−7	92	19
1965	09	03	EG	DN	14	0	PAR		3	1806	1273	0	0	16	122
1965	09	04	EG	LB	3	0	PAR		3	1809	1353	0	−1	16	105
1965	09	06	EG	PS	2	1	PAR		1	1810	1245	0	0	16	128
1965	09	08	EG	IQ	1	0	PAR		6	1816	1597	+1	−2	15	49
1965	09	09	EG	LY	8	1	PAR		8	1824	1501	+1	−2	14	71
1965	09	11	EG	SD	0	0	PAR		-13	1811	1681	−2	+2	16	34
1966	02	25	EG	BG	2	2	F		-3	1808	1792	0	+1	15	17
1966	09	04	DD	EG	6	0	F		19	1757	1789	+3	−2	22	17
1966	12	09	LY	EG	2	2	FQ		11	1483	1778	+2	−3	73	20
1967	01	17	EG	DD	1	2	F		-13	1765	1801	−1	0	21	17
1967	01	20	EG	DD	0	3	F		-21	1744	1822	−4	+2	25	15
1967	01	24	EG	DD	2	2	F		-1	1743	1823	0	0	26	15
1967	03	24	EG	LY	3	2	FQ		4	1747	1455	+1	−3	25	81
1967	06	04	UG	EG	0	1	FQ		-6	1351	1753	0	+4	105	21
1968	11	21	GR	EG	4	1	F		21	1606	1732	+4	−5	49	26
1968	12	13	IQ	EG	1	1	F		1	1611	1731	0	0	45	26
1969	06	27	JO	EG	1	6	F		-2	1109	1733	0	0	150	26
1969	07	09	DD	EG	7	0	F		10	1869	1723	0	−1	11	27
1969	07	21	RU	EG	2	2	F		-7	1942	1730	0	+2	6	25
1969	09	19	EG	DZ	1	0	FQ		10	1740	1628	+1	−1	26	43
1969	09	28	DZ	EG	1	1	FQ		1	1629	1739	0	0	44	26
1969	11	02	EG	SD	3	1	F		7	1746	1613	+1	0	26	47
1969	11	09	IQ	EG	0	1	F		-8	1567	1754	−3	+1	56	25
1969	11	13	IQ	EG	1	2	F		-8	1559	1762	0	0	56	25
1969	12	19	EG	DD	1	3	F		-14	1748	1889	0	0	24	8
1970	02	07	EG	GN	4	1	AR	SD	31	1779	1613	+3	−8	21	47
1970	02	09	EG	GH	1	1	AR	SD	-6	1773	1695	−1	+1	21	33
1970	02	11	EG	CD	1	0	AR	SD	21	1794	1701	+4	−2	17	32
1970	02	14	SD	EG	2	1	AR		30	1657	1764	+3	−5	39	22
1970	02	16	EG	CI	3	1	AR	SD	32	1796	1679	+5	−3	17	34
1970	07	07	LY	EG	3	2	EDT		24	1478	1772	+7	−1	72	19
1970	12	27	LY	EG	0	1	FQ		-10	1460	1782	−3	+2	75	18
1971	01	03	EG	LY	2	1	FQ		3	1785	1457	0	0	18	75
1971	03	07	TN	EG	3	0	OQ		46	1622	1739	+11	−10	45	28
1971	03	14	MA	EG	3	0	FQ		36	1670	1703	+4	−2	39	30
1971	04	02	EG	TN	2	0	OQ		16	1719	1606	0	−3	30	48
1971	04	16	EG	MA	3	2	FQ		12	1731	1660	+1	−2	28	40
1971	07	11	EG	SY	1	0	EDT	LY	4	1735	1410	+1	−1	26	89
1971	07	13	LY	EG	0	2	EDT		-12	1455	1747	−3	+2	75	24
1971	07	18	LY	EG	2	0	EDT		35	1475	1712	+9	−6	71	30
1971	10	08	MA	EG	1	0	MDG	TR	22	1694	1690	+4	−7	34	37
1972	01	01	IQ	EG	0	0	PAL		-1	1605	1691	0	0	48	36
1972	01	05	EG	KW	2	0	PAL	IQ	8	1699	1365	+2	−2	34	101
1972	01	07	EG	LY	1	1	PAL	IQ	-13	1686	1452	−2	+4	36	75
1972	01	12	EG	SY	4	2	PAL	IQ	11	1697	1421	+2	−5	34	86
1972	01	14	IQ	EG	1	3	PAL		-34	1608	1731	−8	+4	48	30
1972	11	24	EG	SO	4	2	AGQ		1	1732	1168	0	0	27	141
1972	11	27	EG	UG	2	2	AGQ		-16	1716	1489	−1	+1	28	66
1972	12	01	EG	KE	1	0	AGQ		3	1719	1402	0	−2	28	90
1972	12	08	EG	TN	2	1	WQ		10	1729	1609	+1	−1	27	46
1972	12	17	TN	EG	2	0	WQ		32	1641	1697	+6	−5	41	32
1973	01	08	GN	EG	4	1	AFG	NG	41	1675	1656	+8	−7	34	39
1973	01	10	EG	CG	3	1	AFG	NG	30	1686	1628	+6	−7	33	44
1973	01	12	EG	UV	4	2	AFG	NG	9	1695	1365	0	−4	33	101
1973	01	14	NG	EG	4	2	AFG		26	1662	1669	+5	−2	38	35
1973	01	16	EG	GH	2	1	AFG	NG	17	1686	1606	+1	−3	34	47
1973	07	16	EG	TZ	10	1	FT	TN	12	1698	1394	+1	−7	32	96
1973	07	22	TN	EG	1	1	FT		0	1609	1698	0	0	45	32
1973	08	12	EG	DY	6	1	PAL	LY	5	1703	1228	+1	−1	30	130
1973	08	15	TN	EG	1	0	PAL	LY	24	1654	1679	+7	−2	36	32
1973	08	18	EG	PS	2	0	PAL	LY	4	1683	1217	−1	−1	33	131
1973	08	20	SY	EG	2	0	PAL	LY	47	1500	1636	+10	−8	65	41
1974	03	01	EG	UG	2	1	AR		13	1649	1537	+1	−2	38	60
1974	03	04	EG	ZM	3	1	AR		16	1665	1506	+2	−2	35	65
1974	03	06	EG	CI	2	0	AR		24	1689	1606	+3	−6	32	47
1974	03	09	EG	ZR	2	3	AR		-28	1661	1772	−4	+3	36	24
1974	03	11	EG	CG	4	0	AR		24	1685	1552	+3	−5	32	58
1974	09	27	TN	EG	2	0	KUN	SY	21	1726	1664	+1	−3	28	35
1974	09	29	MA	EG	4	2	KUN	SY	23	1672	1641	+3	−3	34	38
1974	10	01	EG	DZ	3	1	KUN	SY	17	1658	1545	+1	−6	37	57
1974	10	03	EG	JO	5	0	KUN	SY	3	1661	1137	+1	0	36	142
1974	10	05	EG	LB	2	0	KUN	SY	7	1668	1350	+1	0	35	106
1975	03	23	BI	EG	0	3	FQ		-11	1259	1679	−1	+2	124	33
1975	04	19	EG	BI	2	0	FQ		3	1682	1256	0	0	33	126
1975	05	02	EG	SD	1	1	OQ		-12	1670	1542	−2	+2	35	57
1975	05	30	SD	EG	1	0	OQ		22	1564	1648	+5	−4	52	38
1975	07	05	TZ	EG	1	1	FQ		5	1472	1643	+2	0	75	40
1975	07	12	EG	ZR	3	2	FT	IR	18	1661	1699	+2	0	39	30
1975	08	01	EG	TZ	5	2	FQ		11	1672	1455	+5	−1	35	77
1975	08	29	DZ	EG	1	0	MDG		23	1535	1649	+4	−4	58	40
1975	09	02	EG	LY	4	2	MDG	DZ	10	1659	1359	+1	−1	39	105
1975	12	19	EG	DY	5	0	PAL	TN	6	1665	1202	+3	−1	37	133
1975	12	23	EG	SA	2	1	PAL	TN	5	1670	1322	+1	−2	35	113
1975	12	26	EG	SD	3	1	PAL	TN	20	1690	1533	+4	−2	31	58
1975	12	28	EG	IQ	1	0	PAL	TN	15	1705	1579	+2	−4	29	51
1976	02	29	EG	GN	1	1	AR	ET	-4	1701	1646	0	0	29	41
1976	03	03	EG	UG	2	1	AR	ET	10	1711	1452	0	−2	29	77
1976	03	05	ET	EG	1	1	AR		12	1443	1699	+6	0	80	29
1976	03	09	MA	EG	2	1	AR	ET	20	1791	1679	+2	−3	21	32
1976	03	11	GN	EG	4	2	AR	ET	38	1712	1641	+4	−10	29	42
1976	03	14	NG	EG	3	2	AR	ET	25	1670	1616	+6	−2	34	44
1976	10	29	EG	ET	3	0	WQ		12	1628	1436	+2	−4	43	86
1976	11	14	ET	EG	1	2	WQ		-15	1421	1643	−2	+1	88	42
1977	02	06	KE	EG	0	0	WQ		8	1394	1635	+2	−2	92	42
1977	02	27	EG	KE	1	0	WQ		5	1640	1374	+1	−1	41	96
1977	03	13	EG	TN	2	2	FQ		-7	1633	1613	−1	+1	41	45
1977	04	27	TN	EG	3	2	FQ		16	1619	1617	+3	−3	43	44
1977	07	15	EG	ZM	2	0	WQ		17	1634	1543	0	−5	44	59
1977	07	31	ZM	EG	0	0	WQ		-1	1542	1635	0	0	59	44
1977	10	08	NG	EG	4	0	WQ		20	1730	1615	+2	0	27	44
1977	10	21	EG	NG	3	1	WQ		31	1646	1699	+3	−6	41	33
1977	11	10	EG	ET	2	1	AGQ		6	1652	1425	+1	−2	39	88
1977	11	12	EG	SO	4	0	AGQ		2	1654	1131	0	0	39	146
1977	11	16	EG	SD	1	0	AGQ		9	1663	1532	+1	−2	38	61
1977	11	18	EG	UG	1	0	AGQ		8	1671	1512	0	0	38	65
1977	11	25	EG	TN	3	2	WQ		16	1687	1678	+3	−2	34	36
1977	12	11	TN	EG	4	1	WQ		26	1704	1661	+3	−4	32	37
1978	07	13	DZ	EG	1	1	AFG		3	1503	1658	0	0	65	38
1978	07	18	EG	MW	4	1	AFG	DZ	16	1674	1434	0	−7	38	85
1978	07	22	EG	LY	1	0	AFG	DZ	7	1681	1405	+2	−1	36	91
1979	06	30	KE	EG	3	1	FQ		47	1406	1634	+10	−9	91	43
1979	07	13	EG	KE	3	0	FQ		9	1643	1393	+3	−1	41	93
1979	09	23	EG	MA	0	0	MDG	YU	-3	1640	1591	0	+1	39	52
1979	12	09	MG	EG	1	1	OQ		8	1401	1632	+2	−2	90	44
1979	12	21	EG	MG	1	1	OQ		-15	1617	1416	−3	+1	48	89
1980	02	22	EG	ZM	4	1	OQ		22	1639	1559	+2	−3	44	57
1980	03	08	EG	CI	2	1	AR	NG	18	1657	1517	+3	−2	41	67
1980	03	12	EG	TZ	2	1	AR	NG	12	1669	1449	+4	−1	37	80
1980	03	15	NG	EG	1	0	AR		19	1680	1650	+4	−4	37	43
1980	03	19	DZ	EG	2	2	AR	NG	-3	1694	1653	0	0	32	41
1980	03	21	MA	EG	2	0	AR	NG	47	1609	1606	+9	−7	47	48
1980	04	13	ZM	EG	1	1	OQ		-3	1556	1609	−1	+1	56	48
1981	04	04	KE	EG	3	5	FQ		-21	1383	1630	−4	+1	95	44
1981	04	18	EG	KE	2	0	FQ		7	1637	1379	+1	−2	43	95
1981	04	26	MA	EG	1	0	WQ		12	1687	1625	+3	−1	33	44
1981	05	08	EG	MA	0	0	WQ		-2	1623	1689	0	0	45	32
1982	10	01	EG	ZM	3	5	F		-19	1604	1650	−4	+1	45	39
1982	10	03	EG	ZM	0	0	F		-2	1602	1652	0	0	45	39
1983	01	21	EG	HU	1	0	F		13	1615	1804	+1	−1	43	19
1983	01	23	EG	HU	0	2	F		-11	1604	1815	−1	+1	44	18
1983	02	18	NG	EG	0	0	F		0	1515	1604	0	0	67	43
1983	02	20	NG	EG	1	1	F		0	1515	1604	0	0	67	43
1983	02	23	CM	EG	2	0	F		8	1677	1596	0	−5	38	47
1983	02	26	CM	EG	1	1	F		-5	1672	1601	0	+2	38	45
1983	04	10	CG	EG	2	0	FQ		23	1601	1578	+7	−8	46	54
1983	04	22	EG	CG	2	0	FQ		23	1601	1578	+7	−7	47	54
1983	04	28	IQ	EG	0	1	F		-16	1724	1617	−3	+5	30	41
1983	05	29	EG	CM	4	0	F		14	1631	1610	+1	−1	40	41
1983	06	04	SD	EG	0	0	OQ		6	1420	1625	0	0	89	40
1983	07	29	EG	SD	2	1	OQ		5	1630	1381	+1	0	40	89
1983	08	14	EG	TN	1	0	FQ		13	1643	1586	0	−2	40	48
1983	08	28	TN	EG	0	0	FQ		-2	1584	1645	0	+1	48	39
1983	09	11	EG	SY	1	0	MDG	MA	4	1649	1282	0	−2	39	119
1983	09	15	MA	EG	2	1	MDG		17	1610	1632	+3	−1	42	40
1983	10	09	ZM	EG	1	0	OQ		16	1623	1616	+4	−3	41	43
1983	10	29	EG	ZM	2	0	OQ		22	1638	1601	+4	−4	39	45
1983	12	23	JO	EG	1	3	F		-2	1097	1640	0	0	152	38
1983	12	25	JO	EG	1	3	F		-2	1095	1642	0	0	152	38
1984	01	06	DZ	EG	1	1	OQ		-6	1639	1648	−1	+1	38	37
1984	01	20	EG	TR	1	0	F		6	1654	1577	0	−2	37	53
1984	01	22	EG	TR	0	1	F		-15	1639	1592	0	+4	37	49
1984	02	17	EG	DZ	1	0	OQ		15	1654	1626	+1	−4	37	41
1984	02	27	EG	IQ	1	2	F		-12	1642	1687	0	0	37	35
1984	02	29	EG	IQ	0	0	F		-2	1640	1689	0	+1	37	34
1984	03	04	EG	CM	1	0	AR	CI	21	1661	1564	+1	−5	36	58
1984	03	07	CI	EG	1	2	AR		-29	1594	1690	−9	+3	50	33
1984	03	10	EG	TG	0	0	AR	CI	-15	1675	1470	−3	+3	36	77
1984	03	14	EG	NG	2	2	AR	CI	-6	1669	1599	−1	+1	36	47
1984	03	17	DZ	EG	3	1	AR	CI	37	1707	1632	+3	−4	32	40
1984	07	03	EG	CM	2	1	F		9	1641	1686	+2	0	37	35
1984	07	31	EG	CR	4	1	OG	US	38	1679	1501	+2	−9	36	69
1984	08	02	US	EG	1	1	OG		-1	1587	1680	0	0	47	36
1984	08	28	EG	ZW	1	0	WQ		7	1687	1495	0	−3	35	71
1984	09	30	ZW	EG	1	1	WQ		5	1500	1682	+1	0	71	35
1984	12	17	EG	NO	0	1	F		-14	1668	1655	−1	+2	36	37
1984	12	20	EG	NO	0	1	F		-13	1655	1668	−1	+1	37	36
1985	01	31	CI	EG	0	1	F		-11	1574	1666	−4	+1	54	36
1985	02	03	CM	EG	1	0	F		8	1636	1658	+3	−1	40	37
1985	02	06	CM	EG	0	0	F		-2	1634	1660	−1	0	41	37
1985	03	29	EG	CM	2	0	F		10	1670	1624	+2	−4	36	45
1985	03	31	EG	CM	2	1	F		6	1676	1618	+2	0	34	45
1985	04	05	EG	MG	1	0	WQ		5	1681	1433	+1	0	33	84
1985	04	21	MG	EG	1	0	WQ		28	1461	1653	+1	−5	83	39
1985	07	12	EG	MA	0	0	WQ		-4	1649	1687	0	0	40	34
1985	07	28	MA	EG	2	0	WQ		19	1706	1630	+1	−3	34	42
1985	09	10	NO	EG	3	0	F		10	1691	1620	+1	−1	35	45
1985	10	20	EG	MX	2	1	F		13	1633	1800	+1	0	41	23
1985	11	14	KW	EG	0	0	F		1	1502	1632	0	0	72	42
1985	11	19	CI	EG	1	0	FT	ZR	16	1617	1616	+7	−1	42	43
1985	11	21	ZR	EG	3	2	FT		12	1606	1604	+4	−6	47	49
1985	11	23	EG	ZM	1	0	FT	ZR	16	1620	1600	+7	−8	42	50
1986	01	29	EG	EN	0	4	F		-8	1612	1943	−2	0	45	3
1986	02	28	EG	RO	2	2	F		2	1614	1788	0	0	44	27
1986	03	02	EG	RO	0	1	F		-8	1606	1796	−2	+1	46	26
1986	03	07	EG	SN	0	1	AR		-31	1575	1648	−11	+2	57	40
1986	03	10	EG	CI	2	0	AR		32	1607	1587	+11	−10	45	53
1986	03	13	EG	MZ	2	0	AR		9	1616	1345	+2	−3	44	100
1986	03	17	EG	MA	1	0	AR		24	1640	1676	+4	−1	41	34
1986	03	21	EG	CM	0	0	AR		-6	1634	1667	0	+1	41	35
1987	04	04	TZ	EG	2	4	AGQ		-14	1320	1648	−1	+3	104	41
1987	04	17	EG	TZ	6	0	AGQ		7	1655	1312	+2	−1	39	105
1987	06	08	EG	US	3	1	PRS	KR	17	1672	1555	+3	−2	36	59
1987	06	10	KR	EG	0	0	PRS		-3	1636	1675	0	0	44	37
1987	06	12	EG	TH	1	1	PRS	KR	-12	1663	1282	−2	+2	39	117
1987	06	19	AU	EG	0	0	PRS	KR	-1	1678	1664	0	0	36	38
1987	06	27	EG	KE	4	0	OQ		9	1673	1402	+1	−2	37	88
1987	07	12	KE	EG	1	3	OQ		-17	1397	1690	−3	+1	89	37
1987	08	02	EG	SN	1	0	AFG	KE	12	1702	1531	+1	−2	35	63
1987	08	04	EG	CI	2	1	AFG	KE	18	1720	1650	+1	−3	33	42
1987	08	06	MW	EG	2	1	AFG	KE	33	1494	1687	+5	−3	71	36
1987	08	09	CM	EG	1	1	AFG	KE	-1	1710	1688	0	0	34	36
1987	08	12	KE	EG	0	1	AFG		-12	1433	1700	−2	+1	81	35
1987	10	04	TN	EG	0	0	OQ		9	1447	1691	0	−1	79	34
1987	11	08	KW	EG	1	2	F		-11	1631	1702	0	+1	45	32
1987	11	13	EG	TN	0	1	OQ		-35	1667	1482	−5	+1	38	77
1988	01	06	EG	KR	1	1	AAC	QA	-1	1666	1650	0	0	36	41
1988	01	29	EG	BG	1	0	F		11	1677	1774	+2	−1	34	24
1988	02	23	AE	EG	1	2	F		-6	1431	1683	−1	+2	82	33
1988	02	26	AE	EG	1	1	F		4	1435	1679	+1	−1	81	34
1988	03	14	CM	EG	1	0	AR	MA	26	1686	1653	+6	−6	34	41
1988	03	17	EG	KE	3	0	AR	MA	16	1669	1371	+2	−2	39	95
1988	03	20	EG	NG	0	0	AR	MA	-5	1664	1607	0	+2	39	49
1988	07	09	EG	SA	0	0	ARC	JO	-10	1654	1492	−2	+2	40	72
1988	07	13	EG	TN	1	0	ARC	JO	10	1664	1463	+2	−1	38	77
1988	07	15	EG	LB	3	0	ARC	JO	7	1671	1276	0	−2	38	116
1988	07	17	EG	IQ	0	0	ARC	JO	0	1671	1679	0	0	38	37
1988	07	19	EG	SY	0	0	ARC	JO	-9	1662	1503	0	+1	38	70
1988	07	21	JO	EG	0	2	ARC		-11	1299	1673	−2	0	107	38
1988	11	14	SA	EG	0	0	F		4	1449	1669	0	0	79	37
1988	11	16	KW	EG	2	2	F		2	1503	1667	+1	−1	67	38
1988	12	06	MA	EG	0	0	F		-2	1638	1669	−2	+1	44	38
1988	12	14	EG	CH	1	3	F		-17	1652	1737	−2	+1	39	30
1988	12	18	ZM	EG	2	1	F		8	1639	1644	+1	0	42	39
1988	12	20	ZM	EG	1	2	F		-13	1626	1657	−1	0	43	39
1989	01	06	EG	LR	2	0	WQ		5	1662	1353	0	0	39	100
1989	01	11	EG	FI	2	1	F		6	1668	1607	+1	−2	37	45
1989	01	13	EG	FI	2	1	F		6	1674	1601	0	−1	37	46
1989	01	21	MW	EG	1	1	WQ		0	1574	1674	0	0	54	36
1989	02	13	EG	DD	0	4	F		-19	1655	1790	−3	+2	39	23
1989	03	15	TN	EG	0	0	F		2	1500	1653	0	0	67	39
1989	04	09	ET	EG	1	0	FQ		27	1457	1626	+6	−4	79	43
1989	04	21	EG	ET	6	1	FQ		14	1640	1443	+4	−3	41	82
1989	05	29	EG	TN	1	0	F		4	1644	1490	0	0	41	69
1989	06	03	EG	CL	2	0	F		17	1661	1763	+2	−1	39	25
1989	06	10	KE	EG	0	0	WQ		9	1410	1652	+3	0	90	39
1989	06	16	EG	TN	1	1	F		-7	1645	1483	−2	+2	40	73
1989	06	25	LR	EG	1	0	WQ		29	1405	1616	+5	−5	92	45
1989	07	16	EG	ZR	2	0	FQ		17	1633	1536	+1	−2	43	62
1989	07	21	EG	QA	3	3	F		-6	1627	1492	−1	0	44	67
1989	07	30	ZR	EG	0	0	FQ		-1	1535	1628	0	0	62	44
1989	08	11	EG	MW	1	0	WQ		7	1635	1437	+2	−2	42	82
1989	08	26	EG	KE	2	0	WQ		9	1644	1423	+1	−3	41	86
1989	09	16	KR	EG	0	1	F		-15	1728	1659	−1	+3	29	38
1989	09	25	KW	EG	0	0	F		2	1499	1657	0	0	67	38
1989	10	08	DZ	EG	0	0	WQ		-6	1658	1663	−2	+2	38	36
1989	11	07	TN	EG	0	4	F		-15	1478	1678	−4	+3	72	33
1989	11	17	EG	DZ	1	0	WQ		13	1691	1641	0	−3	33	42
1990	01	28	AE	EG	1	2	F		-8	1516	1699	−1	0	65	33
1990	01	31	AE	EG	1	0	F		12	1528	1687	+2	0	63	33
1990	02	14	EG	DK	0	0	F		3	1690	1895	0	0	33	12
1990	02	18	EG	KR	0	0	F		-1	1689	1746	0	0	33	25
1990	02	28	EG	AT	0	0	F		-2	1687	1724	0	0	33	30
1990	03	02	CI	EG	3	1	AR	DZ	43	1681	1644	+8	−8	34	41
1990	03	05	NG	EG	1	0	AR	DZ	29	1622	1615	+3	−6	45	46
1990	03	08	DZ	EG	2	0	AR		18	1738	1597	+5	−3	27	48
1990	03	28	EG	RO	1	3	F		-8	1589	1894	−1	+1	48	14
1990	04	04	CS	EG	0	1	F		-18	1867	1607	−1	+2	16	46
1990	04	11	DD	EG	2	0	F		6	1741	1601	0	−1	29	47
1990	05	16	SQ	EG	1	3	F		-25	1736	1626	−4	+3	29	45
1990	05	21	RO	EG	1	0	F		2	1893	1624	+1	0	12	45
1990	05	26	EG	CO	1	1	F		3	1627	1816	0	0	44	18
1990	06	12	EG	NL	1	1	WC	IT	25	1652	2008	+5	−2	40	3
1990	06	17	EG	IE	0	0	WC	IT	18	1670	1878	+3	−7	37	15
1990	06	21	EN	EG	1	0	WC	IT	10	1956	1660	−1	−2	6	40
1990	08	17	EG	ET	2	0	FQ		8	1668	1435	+3	−1	37	77
1990	09	02	TD	EG	0	0	FQ		14	1281	1654	+1	−1	119	38
1990	10	10	GR	EG	6	1	F		12	1706	1642	0	−3	31	40
1991	04	14	TN	EG	2	2	FQ		3	1501	1639	0	0	68	41
1991	06	07	KR	EG	0	0	PRS		-7	1712	1646	0	+1	33	41
1991	06	09	EG	MT	5	2	PRS	KR	8	1654	1350	+2	−4	39	107
1991	06	11	EG	ID	6	0	PRS	KR	5	1659	1227	0	0	39	132
1991	06	16	KR	EG	2	0	PRS		14	1709	1645	+1	−2	33	41
1991	07	12	EG	TD	5	1	FQ		6	1651	1302	+2	−1	40	117
1991	07	26	EG	TN	2	2	FQ		-13	1638	1508	−2	+1	43	66
1991	12	03	EG	PL	4	0	F		22	1660	1776	+2	−2	42	22
1991	12	05	EG	PL	0	0	F		0	1660	1776	0	0	42	22
1991	12	21	EG	RO	3	1	F		18	1678	1811	+6	−3	36	19
1991	12	24	EG	RO	1	1	F		1	1679	1810	0	0	36	19
1992	01	04	EG	CS	2	0	F		19	1698	1859	+2	0	34	13
1992	01	07	EG	NO	0	0	F		-2	1696	1725	−1	0	35	30
1992	01	13	ZM	EG	1	0	AR	SN	32	1635	1664	+4	−5	46	40
1992	01	17	GH	EG	1	0	AR	SN	32	1596	1632	+7	−6	53	46
1992	07	19	CM	EG	0	1	F		-14	1676	1646	−2	+1	36	46
1992	07	22	CM	EG	0	1	F		-14	1662	1660	−4	+5	40	41
1992	07	26	CI	EG	2	0	F		9	1724	1651	+1	−1	31	42
1992	07	28	CI	EG	2	2	F		-5	1719	1656	0	0	31	42
1992	08	06	EG	KE	2	1	F		3	1659	1434	0	0	42	92
1992	08	16	MW	EG	1	0	FQ		31	1386	1628	+7	−5	106	47
1992	09	08	EG	JO	1	1	PGC	SY	-11	1617	1413	−4	+2	52	101
1992	09	12	EG	KW	1	0	PGC	SY	14	1631	1495	+5	−2	47	75
1992	09	15	SY	EG	0	0	PGC		5	1454	1626	+2	−2	87	49
1992	09	18	EG	SA	3	2	PGC	SY	19	1645	1593	+4	−2	45	56
1992	10	11	EG	AO	1	0	WQ		4	1649	1382	0	−1	43	107
1992	10	25	TG	EG	1	4	WQ		-18	1347	1667	−6	+9	117	34
1992	11	08	MA	EG	0	0	FQ		-1	1586	1668	0	−1	59	35
1992	11	20	EG	KW	1	1	F		-6	1662	1507	−2	+1	37	74
1992	12	20	ZW	EG	2	1	WQ		25	1507	1637	+7	−8	74	45
1993	01	18	AO	EG	0	0	WQ		8	1391	1629	+3	−2	104	46
1993	01	31	EG	TG	3	0	WQ		6	1635	1327	0	−1	47	119
1993	02	28	EG	ZW	2	1	WQ		9	1644	1522	+2	−4	44	72
1993	04	04	KW	EG	1	3	F		-12	1469	1656	−3	+3	86	38
1993	04	10	EG	ML	2	1	FQ		5	1661	1430	+4	−1	35	94
1993	04	15	EG	ZW	0	0	WQ	FR	-7	1654	1539	−6	+4	41	66
1993	04	25	EG	MW	2	0	FQ		10	1664	1463	+6	−1	34	88
1993	06	19	KR	EG	1	2	PRS		-19	1647	1683	−4	+2	39	34
1993	06	28	KR	EG	0	1	PRS		-18	1629	1701	−4	0	43	32
1993	07	11	EG	MA	1	1	FQ		-11	1690	1585	0	+2	31	62
1993	07	25	ML	EG	2	1	FQ		28	1471	1662	+4	−7	89	39
1993	11	05	EG	MT	3	0	N7C	TN	8	1670	1368	+3	−2	35	111
1993	11	07	TN	EG	2	0	N7C		20	1633	1650	+6	−5	50	40
1993	12	29	GH	EG	0	0	F		-2	1616	1652	0	0	55	40
1994	01	02	GH	EG	2	1	F		8	1622	1644	+4	−3	51	43
1994	02	02	EG	MA	1	1	FRT	AE	1	1645	1662	0	0	43	38
1994	02	04	EG	SK	1	0	FRT	AE	16	1661	1660	+6	−4	37	38
1994	02	06	AE	EG	0	1	FRT		-12	1482	1673	−3	0	84	37
1994	03	16	EG	CM	0	0	F		-4	1669	1647	−1	+4	36	41
1994	03	28	EG	GA	4	0	AR	TN	18	1687	1396	+1	−7	35	103
1994	03	30	EG	NG	0	0	AR	TN	1	1688	1703	0	0	35	30
1994	04	02	ML	EG	1	0	AR	TN	39	1504	1649	+13	−6	76	41
1994	08	19	EG	ML	2	1	F		3	1652	1454	+1	0	41	90
1994	08	21	EG	ML	0	1	F		-17	1635	1471	−5	+1	46	89
1994	08	23	EG	GH	2	0	FT		14	1649	1588	+4	−2	42	58
1994	08	27	EG	ZM	0	4	FT		-36	1613	1679	−11	+8	52	34
1994	09	04	SD	EG	0	0	FQ		10	1341	1603	+1	−3	122	55
1994	10	14	EG	TZ	5	1	FQ		8	1611	1333	+4	−1	53	123
1994	11	11	EG	ET	5	0	FQ		8	1619	1324	+4	−1	49	123
1995	01	02	TN	EG	2	0	F		13	1587	1606	+4	−4	59	53
1995	01	08	DZ	EG	1	0	FQ		16	1599	1590	+6	−4	54	57
1995	01	21	UG	EG	0	0	FQ		3	1436	1587	+1	0	93	57
1995	03	26	LB	EG	1	1	F		5	1284	1582	0	−2	136	60
1995	03	31	SY	EG	1	2	F		-9	1455	1591	0	+2	89	58
1995	04	07	EG	SD	3	1	FQ		7	1598	1325	+5	−2	53	125
1995	04	14	EG	TN	1	0	F		6	1604	1564	0	−1	52	63
1995	04	22	TZ	EG	1	2	FQ		-15	1392	1619	−5	+3	106	49
1995	05	18	MA	EG	0	0	F		-2	1593	1621	−1	+1	56	47
1995	06	04	ET	EG	0	2	FQ		-17	1340	1638	−1	+4	122	41
1995	07	04	SY	EG	1	1	F		2	1457	1636	0	−2	90	42
1995	07	09	SY	EG	1	1	F		2	1459	1634	+1	0	89	42
1995	07	14	EG	DZ	1	1	FQ		-11	1623	1541	−3	+2	45	68
1995	07	30	EG	UG	6	0	FQ		17	1640	1466	+4	−2	41	85
1995	11	22	EG	ZW	2	2	SMB	ZA	-5	1635	1512	0	+1	43	77
1995	11	24	ZA	EG	2	0	SMB		16	1662	1619	+4	−4	37	47
1995	11	26	EG	ZM	3	1	SMB	ZA	22	1641	1594	+4	−4	43	54
1995	12	29	EG	GH	1	2	F		-13	1628	1660	−2	+4	46	38
1996	01	08	EG	TN	2	1	F		5	1633	1550	+2	0	44	66
1996	01	15	EG	AO	2	1	AR	ZA	12	1645	1426	+1	−3	42	99
1996	01	18	CM	EG	2	1	AR	ZA	33	1558	1612	+11	−7	64	49
1996	01	24	ZA	EG	0	1	AR		-37	1663	1649	−4	+7	38	43
1996	01	27	ZM	EG	3	1	AR	ZA	37	1691	1612	+7	−6	34	49
1996	03	20	MA	EG	2	0	FRT	AE	24	1619	1588	+11	−10	48	59
1996	03	22	AE	EG	0	0	FRT		-2	1541	1590	0	0	70	59
1996	03	25	EG	KR	1	1	FRT	AE	0	1590	1600	0	0	59	55
1996	05	26	GH	EG	0	2	F		-21	1620	1611	−4	+7	46	50
1996	10	04	EG	MA	1	1	FQ		-5	1606	1621	0	+2	53	47
1996	11	01	EG	ML	0	0	F		-8	1598	1335	−4	+2	55	122
1996	11	08	EG	NA	7	1	WQ		6	1604	1243	+4	−1	52	143
1997	01	05	EG	BY	2	0	F		5	1609	1403	+1	−2	53	105
1997	01	12	TN	EG	1	0	WQ		14	1640	1595	+2	−4	45	57
1997	01	25	SN	EG	0	0	FQ		3	1452	1592	+3	−2	89	59
1997	02	18	KW	EG	2	0	F		10	1635	1582	+1	0	48	58
1997	02	23	ET	EG	1	1	FQ		9	1320	1573	0	−3	128	61
1997	04	06	LR	EG	1	0	WQ	GH	30	1414	1543	+10	−7	103	68
1997	04	26	NA	EG	2	3	WQ		-11	1259	1554	−2	+2	139	67
1997	06	08	EG	TN	0	0	WQ		-2	1552	1617	0	0	67	53
1997	06	12	KR	EG	3	1	KOR		11	1649	1541	+1	−3	45	70
1997	06	14	EG	YU	0	0	KOR	KR	13	1554	1950	+4	0	66	8
1997	06	16	EG	GH	2	0	KOR	KR	22	1576	1527	+6	−1	60	70
1997	06	21	MA	EG	1	0	FQ		8	1719	1568	+2	−5	30	65
1997	07	13	EG	SN	2	0	FQ		13	1581	1440	+4	−2	60	91
1997	07	27	EG	ET	8	1	FQ		9	1590	1286	+2	−2	56	136
1997	08	17	EG	LR	5	0	WQ		11	1601	1366	+2	−3	54	115
1997	12	03	EG	GH	3	2	F		4	1605	1474	0	−1	54	82
1997	12	18	EG	TG	7	2	F		5	1610	1376	0	0	54	112
1997	12	20	EG	DZ	1	2	F		-14	1596	1557	0	+7	54	61
1997	12	22	EG	CM	2	0	F		9	1605	1545	0	−3	54	65
1997	12	24	EG	DZ	1	2	F		-14	1591	1556	−2	+7	56	61
1998	01	25	TH	EG	1	1	KNG		2	1447	1589	0	0	93	56
1998	01	27	KR	EG	2	0	KNG	TH	13	1755	1576	+5	−1	25	57
1998	01	31	EG	KR	1	1	KNG	TH	7	1583	1758	+2	0	56	24
1998	02	10	EG	MZ	2	0	AR	BF	19	1602	1377	+2	−4	54	111
1998	02	13	EG	ZM	4	0	AR	BF	53	1655	1597	+8	−8	46	54
1998	02	17	MA	EG	1	0	AR	BF	19	1765	1636	+5	−3	26	49
1998	02	21	EG	CI	0	0	AR	BF	-3	1633	1604	0	0	49	55
1998	02	25	BF	EG	0	2	AR		-25	1386	1658	−5	+2	109	46
1998	02	28	EG	ZA	2	0	AR	BF	41	1699	1648	+8	−7	38	47
1998	09	16	EG	CI	0	0	F		-5	1694	1591	−2	0	39	58
1998	09	22	EG	SY	2	1	ARC	QA	12	1706	1544	+5	−2	34	66
1998	09	23	EE	EG	2	2	F		8	1226	1698	0	−3	148	37
1998	09	24	KW	EG	4	1	ARC	QA	47	1617	1651	+6	−10	54	47
1998	09	29	MK	EG	2	2	F		0	1563	1651	0	0	63	48
1998	10	28	JP	EG	1	0	F		7	1677	1644	+2	−2	43	51
1998	11	18	EG	NO	1	1	F		2	1646	1829	0	0	51	16
1998	12	16	ZA	EG	2	1	NMC		11	1664	1635	+1	−1	48	51
1998	12	27	KW	EG	1	1	F		-4	1659	1639	−1	0	49	51
1999	02	16	EG	BG	3	1	CBG	HK	25	1664	1648	+5	−4	46	48
1999	02	19	MX	EG	3	0	CBG	HK	13	1868	1651	0	−1	15	47
1999	03	30	BE	EG	0	1	F		-16	1762	1667	−1	+3	21	45
1999	06	13	HR	EG	2	2	KOR	KR	-9	1905	1676	0	+1	12	44
1999	06	15	KR	EG	0	0	KOR		-6	1720	1682	−3	0	35	44
1999	06	18	MX	EG	2	0	KOR	KR	12	1872	1670	0	−1	16	45
1999	06	29	ZW	EG	1	1	F		2	1488	1668	+3	−1	78	46
1999	07	10	EG	NZ	1	1	F	MX	-4	1664	1532	0	+1	45	73
1999	07	15	EG	NZ	1	0	F	MX	6	1670	1526	0	−1	45	74
1999	07	25	BO	EG	2	2	CC	MX	1	1652	1669	0	0	47	45
1999	07	27	MX	EG	2	2	CC		-18	1872	1687	−2	+3	16	42
1999	07	29	SA	EG	5	1	CC	MX	47	1734	1640	+10	−7	32	49
1999	11	12	EG	GH	1	2	F		-14	1626	1593	−3	+3	49	55
1999	11	14	EG	NA	1	0	F		2	1628	1318	0	0	49	126
2000	01	04	EG	TG	2	1	F		2	1630	1334	+1	−2	50	122
2000	01	06	EG	GA	4	0	F		7	1637	1457	+2	−1	48	90
2000	01	09	CI	EG	2	0	F		14	1577	1623	+3	−3	61	51
2000	01	19	TG	EG	1	0	F		15	1345	1608	+2	−3	120	54
2000	01	23	EG	ZM	2	0	AR	NG	36	1644	1557	+8	−8	46	66
2000	01	28	EG	SN	1	0	AR	NG	18	1662	1532	+2	+1	44	67
2000	02	01	EG	BF	4	2	AR	NG	15	1677	1401	+1	−4	43	106
2000	02	07	TN	EG	1	0	AR	NG	28	1663	1649	+6	−3	44	46
2000	04	20	EG	MU	2	0	WQ		3	1652	1218	0	0	49	149
2000	04	23	EG	MU	4	2	WQ		3	1655	1215	+1	0	48	149
2000	06	07	IR	EG	1	1	LGC		-8	1740	1663	−2	+4	28	46
2000	06	09	KR	EG	1	0	LGC	IR	12	1745	1651	+3	−4	27	50
2000	06	17	EG	GH	2	0	F		7	1658	1533	0	0	49	66
2000	07	09	SN	EG	0	0	WQ		5	1477	1653	+1	−1	81	51
2000	08	25	EG	KE	2	1	F		2	1655	1353	0	0	48	117
2000	09	02	EG	CI	1	0	FQ		10	1665	1563	+1	0	47	62
2000	10	02	QA	EG	0	1	F		-8	1477	1673	0	+3	79	42
2000	10	08	SD	EG	0	1	FQ		-8	1327	1681	−1	0	122	42
2001	01	06	EG	AE	2	1	F		4	1685	1543	0	+1	42	67
2001	01	09	EG	ZM	3	1	F		4	1689	1440	0	0	42	90
2001	01	14	EG	LY	4	0	FQ		9	1698	1437	+1	−2	41	90
2001	01	17	CN	EG	0	0	ACV	IR	1	1680	1697	0	0	44	41
2001	01	23	EG	KP	1	0	F		2	1699	1447	0	−1	41	87
2001	01	28	EG	MA	0	0	WQ		-6	1693	1692	0	+2	41	42
2001	02	24	NA	EG	1	1	WQ		13	1328	1680	+1	−2	124	44
2001	03	11	EG	DZ	5	2	WQ		13	1693	1512	+1	−1	43	73
2001	03	19	EG	EE	3	3	F		-8	1685	1376	−1	+2	44	114
2001	03	23	LY	EG	2	0	FQ		45	1434	1640	+21	−10	90	54
2001	04	24	EG	CA	3	0	LGC		18	1658	1614	+5	−2	47	56
2001	04	26	EG	KR	1	2	LGC		-14	1644	1800	−5	+3	52	21
2001	05	06	EG	SN	1	0	WQ		9	1653	1531	+3	0	49	68
2001	06	03	EG	SD	3	2	FQ		4	1657	1375	0	0	48	115
2001	06	10	KE	EG	1	1	F		5	1392	1652	+1	−1	109	49
2001	06	17	CI	EG	2	2	FQ		-6	1645	1658	−1	+2	52	48
2001	06	30	MA	EG	1	0	WQ		14	1681	1644	+3	−5	42	53
2001	07	13	EG	NA	8	2	WQ		6	1650	1284	+2	−2	52	134
2001	07	21	DZ	EG	1	1	WQ		2	1516	1648	0	+1	73	52
2001	11	10	ZA	EG	1	0	F		8	1623	1640	0	−1	52	50
2001	12	30	QA	EG	2	2	F		-1	1560	1641	0	0	64	49
2002	01	04	EG	GH	2	0	F		7	1648	1512	0	0	49	72
2002	01	06	EG	ML	1	2	F		-17	1631	1449	−1	+7	50	91
2002	01	11	EG	BF	2	2	F		-8	1623	1386	−1	+1	51	111
2002	01	20	SN	EG	1	0	AR	ML	28	1609	1595	+6	−6	54	58
2002	01	25	EG	TN	1	0	AR	ML	29	1624	1627	+6	−1	51	49
2002	01	31	EG	ZM	2	1	AR	ML	15	1639	1454	+3	−3	49	91
2002	02	04	CM	EG	1	0	AR	ML	16	1786	1623	+1	−3	26	51
2002	08	08	EG	ET	4	1	F		4	1627	1364	+1	−1	49	117
2002	08	20	EG	UG	2	0	F		3	1630	1330	0	−1	49	128
2002	08	23	EG	SD	3	0	F		5	1635	1419	0	−1	49	102
2002	08	27	EG	LY	0	1	F		-18	1617	1360	−2	+7	51	118
2002	09	07	MG	EG	1	0	FQ		28	1405	1589	+7	−7	108	58
2002	11	20	TN	EG	0	0	F		-4	1613	1593	0	+1	54	58
2002	11	25	NG	EG	1	1	F		-6	1733	1599	0	+1	34	57
2002	12	16	AE	EG	1	2	F		-8	1416	1607	−2	+1	105	56
2002	12	22	EG	GH	0	0	F		-5	1602	1500	−1	+3	57	76
2003	02	12	EG	DK	1	4	F		-9	1593	1905	0	0	56	9
2003	03	19	EG	QA	6	0	F		13	1606	1532	0	−2	56	69
2003	03	29	MU	EG	0	1	FQ		-6	1214	1612	0	0	152	56
2003	04	30	FR	EG	5	0	F		3	1961	1609	0	0	5	56
2003	06	08	EG	MU	7	0	FQ		5	1614	1209	+1	−1	55	153
2003	06	20	EG	MG	6	0	FQ		12	1626	1387	+4	−1	52	108
2003	10	10	EG	SN	1	0	F		11	1637	1745	+2	−1	52	29
2003	11	15	EG	ZA	2	1	F		8	1645	1656	0	−3	51	48
2003	11	18	EG	SE	1	0	F		12	1657	1804	+3	−1	48	19
2003	12	12	EG	KE	1	0	PMC	BH	9	1666	1494	+4	0	44	83
2003	12	15	BH	EG	0	1	PMC		-13	1503	1679	−5	+3	82	41
2003	12	18	EG	IQ	2	0	PMC	BH	20	1699	1617	+2	−2	39	55
2004	01	08	EG	RW	5	1	F		2	1701	1312	0	0	39	128
2004	01	14	EG	CD	2	2	F		-7	1694	1511	0	+3	39	78
2004	01	17	EG	BF	1	1	F		-8	1686	1442	−3	+1	42	95
2004	01	25	EG	ZW	2	1	AR	TN	12	1698	1466	+3	−4	39	86
2004	01	29	DZ	EG	2	1	AR	TN	37	1555	1661	+8	−8	69	47
2004	02	03	CM	EG	0	0	AR	TN	-8	1769	1669	−2	+2	26	44
2004	03	31	EG	TT	2	1	F		2	1671	1422	0	−1	45	102
2004	05	24	EG	ZW	2	0	F		5	1676	1479	0	−1	45	82
2004	05	29	EG	GA	2	0	F		2	1678	1343	+1	+1	43	125
2004	06	06	SD	EG	0	3	WQA		-15	1331	1693	−3	+3	126	40
2004	06	20	EG	CI	1	2	WQA		-29	1664	1663	−5	+6	46	48
2004	07	04	BJ	EG	3	3	WQA		13	1303	1651	+3	−5	131	51
2004	09	05	EG	CM	3	2	WQA		19	1670	1720	+8	−1	41	32
2004	10	08	LY	EG	2	1	WQA		25	1503	1645	+4	−8	83	50
2004	11	29	EG	BG	1	1	F		0	1645	1729	0	0	50	32
2005	01	08	EG	UG	3	0	F		3	1648	1331	+1	0	49	124
2005	02	04	KR	EG	0	1	F		-14	1698	1662	−1	+2	35	47
2005	02	09	EG	BE	4	0	F		17	1679	1707	+7	−2	40	35
2005	03	14	SA	EG	0	1	F		-10	1563	1689	−1	+2	69	39
2005	03	27	EG	LY	4	1	WQA		14	1703	1529	+1	−2	38	73
2005	05	27	KW	EG	0	1	F		-8	1519	1711	0	+1	75	37
2005	06	05	EG	SD	6	1	WQA		6	1717	1373	+2	−2	36	108
2005	06	19	CI	EG	2	0	WQA		26	1691	1691	+8	−4	40	40
2005	07	29	EG	QA	5	0	FT	CH	17	1708	1513	+2	−5	40	80
2005	07	31	EG	AE	0	0	FT	CH	-10	1698	1448	0	+2	40	93
2005	08	17	PT	EG	2	0	F		4	1908	1694	−1	−2	10	41
2005	09	04	EG	BJ	4	1	WQA		3	1697	1251	0	+1	41	139
2005	10	08	CM	EG	1	1	WQA		-8	1743	1705	−2	+2	33	39
2005	11	16	EG	TN	1	2	F		-13	1692	1712	−5	+1	43	39
2005	12	27	EG	UG	2	0	LGC		3	1695	1345	0	−1	43	116
2005	12	29	EG	SN	4	2	LGC		18	1713	1701	+4	−3	39	41
2006	01	05	EG	ZW	2	0	F		4	1717	1498	+2	−2	37	83
2006	01	14	EG	ZA	1	2	F		-17	1700	1534	−4	+4	41	74
2006	01	20	EG	LY	3	0	AR		11	1711	1458	+1	−2	40	94
2006	01	24	EG	MA	0	0	AR		-10	1701	1670	−1	+2	42	48
2006	01	28	EG	CI	3	1	AR		31	1732	1711	+5	−6	36	41
2006	02	03	EG	CD	4	1	AR		11	1743	1485	+1	−2	34	86
2006	02	07	EG	SN	2	1	AR		14	1757	1668	+2	−3	32	47
2006	02	10	EG	CI	0	0	AR		-8	1749	1755	−2	+2	34	33
2006	06	03	ES	EG	2	0	F		4	1957	1745	0	0	6	35
2006	08	16	EG	UY	0	2	F		-15	1730	1855	−4	+3	37	12
2006	09	02	EG	BI	4	1	FQ		2	1732	1227	+2	−1	35	148
2006	10	07	BW	EG	0	0	FQ		15	1298	1717	+3	−6	130	42
2006	11	15	EG	ZA	1	0	NMC	EN	6	1723	1473	0	−1	41	92
2007	02	07	EG	SE	2	0	F		16	1739	1824	+2	−1	39	17
2007	03	25	EG	MR	3	0	FQ		2	1741	1192	+1	−1	36	158
2007	06	03	MR	EG	1	1	FQ		17	1209	1724	+5	−4	154	42
2007	06	12	KW	EG	1	1	F		5	1447	1719	+1	−1	94	42
2007	08	22	EG	CI	0	0	F	FR	2	1721	1786	0	−1	40	25
2007	09	09	BI	EG	0	0	FQ		15	1278	1706	+3	−2	137	41
2007	10	13	EG	BW	1	0	FQ		2	1708	1319	0	0	40	128
2007	10	17	JP	EG	4	1	AAC		27	1778	1681	+6	−1	25	41
2007	11	13	EG	AE	3	0	PAR		11	1692	1487	0	−5	41	87
2007	11	16	EG	SD	5	0	PAR		8	1700	1409	0	−4	41	104
2007	11	21	EG	LY	0	0	PAR		-14	1686	1497	−1	+3	41	84
2007	11	25	EG	SA	2	1	PAR		13	1699	1650	+1	−3	40	50
2008	01	05	EG	NA	3	0	F		2	1701	1275	0	−1	40	135
2008	01	10	EG	ML	1	0	F	AE	6	1707	1564	0	−2	40	67
2008	01	13	AO	EG	3	3	F	PT	5	1535	1702	+2	0	77	40
2008	01	22	EG	CM	4	2	AR	GH	41	1743	1692	+6	−6	35	41
2008	01	26	EG	SD	3	0	AR	GH	9	1752	1347	+2	−2	33	117
2008	01	30	EG	ZM	1	1	AR	GH	-13	1739	1567	−3	+6	36	66
2008	02	04	EG	AO	2	1	AR	GH	15	1754	1569	+3	−4	33	64
2008	02	07	EG	CI	4	1	AR	GH	54	1808	1785	+13	−11	20	27
2008	02	10	EG	CM	1	0	AR	GH	24	1832	1764	+4	−3	16	30
2008	03	26	EG	AR	0	2	F		-12	1820	2026	−1	0	17	3
2008	06	01	EG	CD	2	1	WQA		2	1822	1444	0	−1	16	97
2008	06	06	DJ	EG	0	4	WQA		0	805	1822	0	0	208	16
2008	06	14	MW	EG	1	0	WQA		37	1328	1785	+11	−7	121	23
2008	06	22	EG	MW	2	0	WQA		2	1787	1326	0	+1	23	122
2008	08	20	SD	EG	4	0	F		33	1359	1754	+3	−8	120	31
2008	09	07	CD	EG	0	1	WQA		-10	1455	1764	−1	+4	93	27
2008	10	12	EG	DJ	4	0	WQA		0	1764	795	0	0	26	209
2008	11	19	EG	BJ	5	1	F		3	1767	1405	−1	−2	29	109
2009	01	23	EG	KE	1	0	F		1	1768	1419	0	−1	29	105
2009	02	11	EG	GH	2	2	F		-5	1763	1700	0	+1	28	43
2009	03	29	EG	ZM	1	1	WQA		-17	1746	1470	−2	+4	30	92
2009	05	30	OM	EG	0	1	F		-9	1607	1755	0	0	57	29
2009	06	07	DZ	EG	3	1	WQA		46	1492	1709	+11	−14	85	43
2009	06	15	BR	EG	4	3	CC	ZA	6	2063	1703	0	−2	2	44
2009	06	18	EG	IT	1	0	CC	ZA	43	1746	1968	+11	−1	33	5
2009	06	21	US	EG	3	0	CC	ZA	40	1815	1706	+10	−9	16	43
2009	07	05	EG	RW	3	0	WQA		5	1711	1353	0	0	42	119
2009	08	12	EG	GN	3	3	F		-7	1704	1530	−1	+3	43	81
2009	09	05	RW	EG	0	1	WQA		-7	1333	1711	−3	+2	125	40
2009	10	02	EG	MU	4	0	F		0	1711	1058	0	0	40	181
2009	10	10	ZM	EG	0	1	WQA		-10	1419	1721	−3	+2	104	38
2009	11	05	EG	TZ	5	1	F		3	1724	1371	+1	−1	37	117
2009	11	14	EG	DZ	2	0	WQA		11	1735	1550	0	−3	37	72
2009	11	18	DZ	EG	1	0	WQ	SD	30	1580	1705	+7	−3	65	40
2009	12	29	EG	MW	1	1	F		-9	1696	1356	−1	0	41	119
2010	01	04	EG	ML	1	0	F	AE	7	1703	1563	+1	−2	40	70
2010	01	12	EG	NG	3	1	AR	AO	42	1745	1699	+6	−6	34	41
2010	01	16	EG	MZ	2	0	AR	AO	10	1755	1400	+3	−3	30	112
2010	01	20	EG	BJ	2	0	AR	AO	11	1766	1437	+2	−4	28	102
2010	01	25	EG	CM	3	1	AR	AO	35	1801	1704	+10	−5	17	40
2010	01	28	EG	DZ	4	0	AR	AO	21	1822	1562	+2	−6	15	69
2010	01	31	EG	GH	1	0	AR	AO	17	1839	1691	+1	−3	14	42
2010	03	03	EN	EG	3	1	F		6	1991	1833	0	−1	4	15
2010	08	11	EG	CD	6	3	F		2	1835	1412	0	+2	14	107
2010	09	05	EG	SL	1	1	FQ		-19	1816	1281	0	+3	14	135
2010	10	10	NE	EG	1	0	FQ		37	1294	1779	+8	−8	131	22
2010	11	17	EG	AU	3	0	F		13	1792	1775	+4	−5	18	22
2010	12	16	QA	EG	2	1	F		15	1522	1777	+5	−2	81	20
2011	01	05	EG	TZ	5	1	NBT		3	1780	1392	0	0	20	112
2011	01	08	EG	UG	1	0	NBT		4	1784	1561	+1	−1	19	73
2011	01	11	EG	BI	3	0	NBT		1	1785	1210	0	0	18	153
2011	01	14	EG	KE	5	1	NBT		2	1787	1277	0	0	18	139
2011	01	17	EG	UG	3	1	NBT		6	1793	1557	−1	0	19	73
2011	03	26	ZA	EG	1	0	FQ		25	1634	1768	+1	−4	55	25
2011	06	05	EG	ZA	0	0	FQ		-12	1756	1651	−4	+3	28	49
2011	09	03	SL	EG	2	1	FQ		36	1324	1720	+5	−7	128	36
2011	10	08	EG	NE	3	0	FQ		4	1724	1330	0	−3	35	127
2011	11	14	BR	EG	2	0	F	QA	4	2064	1720	0	+1	4	35
2012	02	29	EG	NE	1	0	F	QA	2	1722	1298	0	+1	35	131
2012	03	02	CD	EG	0	0	F	QA	7	1444	1715	+2	−1	99	36
2012	03	29	EG	UG	2	1	F	SD	5	1720	1500	+1	−2	35	88
2012	03	31	EG	TD	4	0	F	SD	2	1722	1245	0	−1	35	146
2012	04	12	EG	NG	3	2	F	AE	8	1730	1646	+3	−4	31	51
2012	04	15	EG	MR	3	0	F	AE	1	1731	1141	0	−1	31	169
2012	04	17	EG	IQ	0	0	F	AE	-4	1727	1589	−1	+1	32	61
2012	05	07	EG	LY	4	0	F		5	1732	1489	+1	0	31	91
2012	05	11	LB	EG	1	4	F		-5	1313	1737	0	0	127	31
2012	05	20	EG	CM	2	1	F	SD	8	1745	1649	0	−3	31	49
2012	05	22	EG	TG	3	0	F	SD	3	1748	1358	0	0	31	117
2012	06	01	EG	MZ	2	0	WQ		3	1751	1330	0	−2	31	127
2012	06	10	GN	EG	2	3	WQ		-14	1538	1765	−5	+5	78	26
2012	06	15	EG	CF	2	3	FQ		-39	1726	1285	−7	+8	33	137
2012	06	24	EG	SD	1	1	ARC	SA	-14	1712	1452	−2	+3	35	97
2012	06	27	IQ	EG	2	1	ARC	SA	27	1620	1685	+5	−6	56	41
2012	06	30	CF	EG	1	1	FQ		14	1299	1671	+5	−4	134	45
2012	06	30	EG	LB	1	1	ARC	SA	-16	1655	1299	−4	+6	45	134
2012	08	15	OM	EG	1	1	F		1	1528	1654	−1	−2	81	47
2012	10	12	EG	CG	3	0	F	AE	6	1660	1384	0	0	45	112
2012	10	16	TN	EG	1	0	F	AE	12	1596	1648	+3	−3	61	48
2012	11	14	GE	EG	0	0	F		1	1508	1647	−1	−2	86	50
2012	12	28	QA	EG	0	2	F		-12	1476	1659	−4	+4	93	46
2013	01	10	GH	EG	3	0	F	AE	17	1693	1642	+4	−4	38	50
2013	01	14	CI	EG	4	2	F	AE	7	1842	1635	0	0	17	50
2013	02	06	CL	EG	2	1	F	ES	5	1809	1630	+1	+1	20	49
2013	03	07	QA	EG	3	1	F		18	1485	1612	+1	−5	92	54
2013	03	22	EG	SZ	10	0	F		2	1614	1107	+1	0	53	178
2013	03	26	EG	ZW	2	1	WQ		5	1619	1365	+3	0	51	118
2013	06	04	EG	BW	1	1	F		-9	1610	1291	−6	+1	57	138
2013	06	09	ZW	EG	2	4	WQ		-18	1345	1628	−8	+2	126	54
2013	06	16	MZ	EG	0	1	WQ		-9	1308	1637	−3	0	133	52
2013	08	14	EG	UG	3	0	F		8	1645	1516	+1	−2	50	83
2013	09	10	EG	GN	4	2	WQ		13	1658	1510	+2	−2	48	83
2013	09	30	EG	UG	2	0	F		6	1664	1501	+1	−2	47	86
2013	10	02	EG	UG	3	0	F		6	1670	1495	+1	−2	46	88
2013	10	15	GH	EG	6	1	WQ		27	1715	1643	+7	−3	33	48
2013	11	14	EG	ZM	2	0	F		7	1650	1521	+1	−2	47	79
2013	11	19	EG	GH	2	1	WQ		18	1668	1697	+1	−7	46	41
2014	03	05	EG	BA	2	0	F	AT	20	1688	1763	+3	−3	43	26
2014	05	30	CL	EG	3	2	F		3	1918	1685	0	−3	9	43
2014	06	04	EG	JM	2	2	F	EN	-4	1681	1524	−1	+1	43	77
2014	08	30	EG	KE	1	0	F		2	1683	1377	0	0	40	115
2014	09	05	SN	EG	2	0	FQ		30	1615	1653	+7	−6	56	46
2014	09	10	EG	TN	0	1	FQ		-31	1622	1564	−8	+7	55	68
2014	10	10	BW	EG	0	2	FQ		-15	1309	1637	−3	+2	130	53
2014	10	15	EG	BW	2	0	FQ		5	1642	1304	0	−1	51	131
2014	11	15	EG	SN	0	1	FQ		-28	1614	1633	−9	+8	59	52
2014	11	19	TN	EG	2	1	FQ		16	1596	1598	+1	−1	62	61
2015	03	26	EG	GQ	2	0	F		4	1602	1380	+1	0	61	113
2015	06	08	EG	MW	2	1	F		3	1605	1393	0	0	60	112
2015	06	14	EG	TZ	3	0	FQ		4	1609	1234	+2	−3	57	149
2015	09	06	TD	EG	1	5	FQ		-15	1247	1624	−4	+2	144	55
2015	10	11	EG	ZM	3	0	F	AE	13	1637	1510	+2	−2	51	80
2015	11	14	TD	EG	1	0	WQ		34	1283	1603	+7	−9	136	58
2015	11	17	EG	TD	4	0	WQ		6	1609	1277	+2	−1	56	137
2016	01	27	EG	JO	0	1	F		-15	1594	1545	−3	+3	58	72
2016	01	29	EG	LY	2	0	F		8	1602	1497	+1	−4	57	88
2016	03	25	NG	EG	1	1	FQ		-7	1627	1609	0	+2	50	56
2016	03	29	EG	NG	1	0	FQ		15	1624	1612	+5	−4	51	54
2016	06	04	TZ	EG	0	2	FQ		-15	1325	1639	−6	+3	125	48
2016	08	30	EG	GN	1	1	F		-6	1633	1526	−1	+3	52	78
2016	09	06	ZA	EG	1	0	NMC		13	1602	1620	+1	−5	60	55
2016	10	09	CG	EG	1	2	WQ		-17	1445	1637	−3	+4	97	52
2016	11	13	EG	GH	2	0	WQ		19	1656	1590	+2	−3	50	61
2017	01	08	EG	TN	1	0	F		6	1662	1587	0	−1	49	61
2017	01	17	EG	ML	0	0	AR	GA	-9	1653	1545	+1	+1	48	73
2017	01	21	EG	UG	1	0	AR	GA	13	1666	1450	+1	−2	47	92
2017	01	25	EG	GH	1	0	AR	GA	22	1688	1606	+6	−7	41	61
2017	01	29	EG	MA	1	0	AR	GA	20	1708	1598	+5	−2	36	60
2017	02	01	BF	EG	1	1	AR	GA	9	1592	1699	+3	−2	63	38
2017	02	05	CM	EG	2	1	AR	GA	28	1686	1671	+9	−8	41	46
2017	03	28	EG	TG	3	0	F		4	1675	1387	−1	−1	47	111
2017	06	05	EG	LY	1	0	F		3	1678	1456	+2	−2	45	93
2017	06	11	TN	EG	1	0	FQ		22	1572	1656	+5	−2	66	48
2017	08	31	UG	EG	1	0	WQ		24	1510	1632	+5	−3	81	52
2017	09	05	EG	UG	1	0	WQ		9	1641	1501	+2	−2	50	82
2017	10	08	EG	CG	2	1	WQ		5	1646	1379	0	−1	50	111
2017	11	12	GH	EG	1	1	WQ		-4	1613	1650	0	0	56	50
2018	03	23	PT	EG	2	1	F	CH	2	1996	1648	0	0	4	50
2018	03	27	GR	EG	1	0	F	CH	10	1663	1638	+2	−1	48	52
2018	05	25	KW	EG	1	1	F		3	1423	1635	0	0	102	52
2018	06	01	CO	EG	0	0	F	IT	-7	1927	1642	−1	+1	9	51
2018	06	06	BE	EG	3	0	F		3	1929	1639	+1	−1	8	52
2018	06	15	UY	EG	1	0	WC	RU	11	1904	1628	0	−1	12	54
2018	06	19	RU	EG	3	1	WC		24	1730	1604	+6	−3	35	57
2018	06	25	SA	EG	2	1	WC	RU	35	1586	1569	+7	−10	63	67
2018	09	08	EG	NE	6	0	FQ		9	1578	1297	+3	−3	64	136
2018	10	12	EG	SW	4	1	FQ		5	1583	1232	+3	0	60	153
2018	10	16	SW	EG	0	2	FQ		-11	1221	1594	−2	+2	155	58
2018	11	16	EG	TN	3	2	FQ		19	1613	1657	+5	−3	53	48
2019	03	23	NE	EG	1	1	FQ		11	1320	1602	+5	−3	130	57
2019	03	26	NG	EG	1	0	F		5	1717	1597	+2	−2	37	60
2019	06	13	EG	TZ	1	0	F		3	1600	1358	+1	−2	57	117
2019	06	16	EG	GN	3	1	F		5	1605	1433	+1	0	55	96
2019	06	21	EG	ZW	1	0	AR		11	1616	1469	+3	0	53	88
2019	06	26	EG	CD	2	0	AR		16	1632	1480	+2	−6	52	88
2019	06	30	EG	UG	2	0	AR		15	1647	1477	+2	−3	50	88
2019	07	06	EG	ZA	0	1	AR		-40	1607	1548	−6	+5	56	72
2019	10	14	EG	BW	1	0	F		2	1609	1293	0	+1	55	135
2019	11	07	EG	LR	1	0	F		2	1611	1326	+1	0	55	126
2019	11	14	EG	KE	1	1	FQ		-15	1596	1383	−2	+5	57	109
2019	11	18	KM	EG	0	0	FQ		15	1189	1581	+5	−2	161	61
2020	11	14	EG	TG	1	0	FQ		4	1585	1309	+1	−1	62	130
2020	11	17	TG	EG	1	3	FQ		-16	1293	1601	−4	+3	135	59
2021	03	25	KE	EG	1	1	FQ		8	1365	1593	+1	−1	114	60
2021	03	29	EG	KM	4	0	FQ		5	1598	1234	+1	0	58	150
2021	09	01	EG	AO	1	0	WQ		5	1603	1363	0	−2	59	114
2021	09	05	GA	EG	1	1	WQ		5	1416	1598	0	−2	99	60
2021	09	30	EG	LR	2	0	F		4	1602	1362	+1	0	59	116
2021	10	08	EG	LY	1	0	WQ		5	1607	1368	+2	−3	57	114
2021	10	11	LY	EG	0	3	WQ		-22	1346	1629	−10	+3	121	55
2021	11	12	AO	EG	2	2	WQ		10	1355	1619	+3	0	115	56
2021	11	16	EG	GA	2	1	WQ		6	1625	1413	0	0	57	99
2021	12	01	EG	LB	1	0	ARC	QA	8	1633	1372	+3	−2	54	107
2021	12	04	EG	SD	5	0	ARC	QA	13	1646	1336	+3	−2	50	118
2021	12	07	DZ	EG	1	1	ARC	QA	-6	1757	1652	−3	0	33	50
2021	12	11	EG	JO	3	1	ARC	QA	22	1674	1529	+3	−4	47	72
2021	12	15	TN	EG	1	0	ARC	QA	22	1658	1652	+3	−4	50	51
2021	12	18	QA	EG	0	0	ARC		-6	1663	1658	−2	+1	49	50
2022	01	11	NG	EG	1	0	AR	CM	26	1669	1632	+5	−3	47	53
2022	01	15	EG	GW	1	0	AR	CM	10	1642	1372	+1	−3	52	109
2022	01	19	EG	SD	1	0	AR	CM	6	1648	1300	0	−2	51	135
2022	01	26	EG	CI	0	0	AR	CM	3	1651	1685	0	0	52	44
2022	01	30	EG	MA	2	1	AR	CM	33	1684	1733	+7	−2	45	33
2022	02	03	CM	EG	0	0	AR		-3	1629	1687	0	+1	54	44
2022	02	06	EG	SN	0	0	AR	CM	3	1690	1728	0	−2	44	36
2022	03	25	EG	SN	1	0	WQ		16	1706	1712	+3	−6	42	41
2022	03	29	SN	EG	1	0	WQ		14	1726	1692	+4	+1	37	42
2022	06	05	EG	GN	1	0	FQ		3	1695	1377	0	−3	42	108
2022	06	09	ET	EG	2	0	FQ	MW	54	1356	1641	+19	−8	114	52
2022	06	14	KR	EG	4	1	F		6	1805	1635	+2	−3	26	54
2022	09	23	EG	NE	3	0	CRO		3	1638	1252	−1	−1	55	147
2022	09	27	EG	LR	3	0	CRO		4	1642	1307	+2	−1	53	134
2022	11	18	EG	BE	2	1	F	KW	18	1660	2006	+2	0	51	5
2023	03	24	EG	MW	2	0	FQ		3	1663	1264	+1	−2	49	143
2023	03	28	MW	EG	0	4	FQ		-11	1253	1674	−2	+2	145	48
2023	06	14	EG	GN	2	1	FQ	MA	8	1682	1417	+3	−2	45	99
2023	06	18	EG	SS	3	0	F		1	1683	1116	0	0	46	174
2023	09	08	EG	ET	1	0	FQ		3	1686	1313	+1	0	45	131
2023	09	12	EG	TN	1	3	F		-17	1669	1749	−2	+3	48	32
2023	10	12	EG	ZM	1	0	F	AE	6	1675	1504	+2	0	46	78
2023	10	16	DZ	EG	1	1	F	AE	-1	1711	1676	+1	0	40	47
2023	11	16	EG	DJ	6	0	WQ		1	1677	913	0	0	47	198
2023	11	19	EG	SL	2	0	WQ	LR	7	1684	1311	0	−5	47	136
2024	01	07	EG	TZ	2	0	F		2	1686	1347	0	−1	47	119
2024	01	14	EG	MZ	2	2	AR	CI	-18	1668	1381	−1	+3	48	112
2024	01	18	EG	GH	2	2	AR	CI	-11	1657	1522	−1	+2	49	73
2024	01	22	CV	EG	2	2	AR	CI	8	1542	1649	+1	0	71	50
2024	01	28	CD	EG	1	1	AR	CI	10	1506	1639	+4	−2	79	53
2024	03	22	EG	NZ	1	0	FFC		7	1646	1518	+1	0	51	75
2024	03	26	EG	HR	2	4	FFC		-11	1635	1952	−4	0	55	12
2024	06	06	EG	BF	2	1	WQ		8	1643	1493	+4	−4	51	85
2024	06	10	GW	EG	1	1	WQ		10	1360	1633	+4	−3	116	54
2024	09	06	EG	CV	3	0	FQ		19	1652	1541	0	−4	53	74
2024	09	10	BW	EG	0	4	FQ		-14	1283	1666	−1	+3	143	51
2024	10	11	EG	MR	2	0	FQ		5	1671	1343	+2	−1	50	123
2024	10	15	MR	EG	0	1	FQ		-8	1335	1679	−3	+1	127	49
2024	11	15	CV	EG	1	1	FQ		5	1495	1674	0	−2	83	50
2024	11	19	EG	BW	1	1	FQ		-17	1657	1355	−2	+3	52	123
2025	03	21	EG	ET	2	0	WQ	MA	6	1663	1269	0	−1	50	148
2025	03	25	EG	SL	1	0	WQ		3	1666	1325	0	+3	50	127
2025	09	05	EG	ET	2	0	WQ		3	1669	1276	+1	−1	50	146
2025	09	09	BF	EG	0	0	WQ		4	1509	1665	+1	0	79	50
2025	10	08	EG	DJ	3	0	WQ	MA	1	1666	920	0	0	50	195
2025	10	12	EG	GW	1	0	WQ		2	1668	1244	−1	0	51	151
2025	11	14	UZ	EG	2	0	FT	AE	20	1734	1648	+4	−2	36	54
2025	11	17	CV	EG	1	1	FT	AE	4	1561	1644	+1	0	70	53
2025	12	02	EG	KW	1	1	ARC	QA	-14	1630	1354	−3	+7	56	116
2025	12	06	EG	AE	1	1	ARC	QA	-6	1624	1522	−2	0	58	79
2025	12	09	JO	EG	3	0	ARC	QA	34	1669	1590	+5	−7	50	66
2025	12	16	EG	NG	2	1	F		8	1598	1619	+2	−1	63	59
2025	12	22	EG	ZW	2	1	AR	MA	10	1608	1342	+3	−4	60	120
2025	12	26	EG	ZA	1	0	AR	MA	21	1629	1537	+2	−2	59	76
2025	12	29	AO	EG	0	0	AR	MA	6	1543	1623	+1	0	75	60
2026	01	05	EG	BJ	3	1	AR	MA	18	1641	1410	+3	−5	57	97
2026	01	10	EG	CI	3	2	AR	MA	27	1668	1637	+6	−6	51	58
2026	01	14	SN	EG	1	0	AR	MA	15	1838	1653	+3	−3	20	54
2026	01	17	EG	NG	0	0	AR	MA	6	1659	1739	0	−1	54	36
2026	03	27	SA	EG	0	4	F		-21	1571	1680	−4	+2	68	51
2026	03	31	ES	EG	0	0	F		-9	2165	1689	0	0	1	51
2026	05	28	EG	RU	1	0	F		10	1699	1766	+5	−3	46	30
2026	06	06	BR	EG	2	1	F	US	3	1991	1696	0	−1	5	48
2026	06	15	BE	EG	1	1	WC	US	-15	1879	1711	−2	+4	15	45