1957	10	20	LB	SA	1	1	PAR		1	1282	1399	0	−	109	89
1957	10	22	JO	SA	1	0	PAR	LB	31	1211	1368	+3	−5	122	94
1957	10	24	SA	SY	3	1	PAR	LB	29	1397	1323	+5	−4	89	101
1961	09	03	RR	SA	13	0	PAR	MA	24	1661	1373	+2	−7	37	101
1961	09	04	LB	SA	7	1	PAR	MA	55	1325	1318	+10	−6	105	107
1961	09	06	MA	SA	13	1	PAR		7	1699	1311	+1	−1	30	108
1961	09	08	LY	SA	5	1	PAR	MA	29	1424	1282	+10	−6	85	114
1961	09	10	SA	KW	1	0	PAR	MA	19	1301	1239	+5	−3	109	121
1963	11	18	EG	SA	7	0	GNF	ID	6	1706	1295	0	−2	30	114
1967	03	18	PK	SA	3	1	F		8	1369	1287	+1	−1	102	117
1967	03	21	PK	SA	2	4	F		-22	1347	1309	−2	+2	104	115
1967	03	25	PK	SA	2	2	F		-4	1343	1313	0	0	104	116
1967	03	29	PK	SA	1	1	F		-4	1339	1317	−1	+3	106	112
1967	12	10	SA	TN	4	0	F		28	1345	1581	+6	−9	106	54
1969	01	17	SA	TR	1	2	F		-6	1339	1597	0	+1	106	50
1970	03	17	SA	JO	1	0	F		3	1342	1106	0	0	106	149
1970	03	20	SA	JO	1	2	F		-17	1325	1123	−2	+3	108	146
1970	03	28	KW	SA	3	1	GLF	BH	34	1310	1291	+9	−9	111	117
1970	03	30	BH	SA	0	0	GLF		5	1115	1286	+1	−1	149	118
1970	04	02	QA	SA	1	1	GLF	BH	11	1083	1275	+1	−2	153	120
1972	03	16	SA	KW	2	2	GLF		-2	1273	1349	0	+1	120	106
1972	03	19	SA	AE	4	0	GLF		14	1287	1102	+5	−3	115	153
1972	03	24	SA	QA	4	0	GLF		7	1294	984	+2	−1	113	163
1972	03	28	SA	BH	2	1	GLF		9	1303	1178	+1	−1	112	140
1974	03	01	SA	MA	0	0	F		6	1309	1639	+1	−1	113	39
1974	03	16	SA	QA	2	0	GLF	KW	8	1317	963	+2	0	111	163
1974	03	21	SA	BH	4	1	GLF	KW	18	1335	1119	+3	−2	108	146
1974	03	23	SA	AE	2	0	GLF	KW	13	1348	1096	+2	−3	106	153
1974	03	26	SA	QA	3	1	GLF	KW	7	1355	981	0	0	106	163
1974	03	29	KW	SA	4	0	GLF		18	1469	1337	+6	−2	72	108
1975	08	22	SA	IQ	2	0	OQ	IR	49	1386	1554	+16	−6	94	54
1975	08	24	IR	SA	3	0	OQ		8	1657	1378	0	−5	40	99
1975	08	27	KW	SA	4	2	OQ	IR	15	1582	1363	+2	−5	49	104
1975	08	29	SA	BH	1	0	OQ	IR	7	1370	1075	+1	0	103	154
1975	11	21	SA	AF	2	0	SQ	IQ	4	1374	896	+2	0	100	171
1975	11	23	QA	SA	1	0	SQ	IQ	36	1022	1338	+5	−10	158	110
1975	11	25	IQ	SA	1	1	SQ		-14	1537	1352	−2	+3	57	107
1975	11	28	SA	AF	6	0	SQ	IQ	5	1357	877	+1	0	106	173
1975	11	30	SA	QA	2	1	SQ	IQ	5	1362	1028	+3	0	103	158
1975	12	02	IQ	SA	2	1	SQ		7	1547	1355	0	−3	58	106
1975	12	21	DY	SA	1	0	PAL	TN	28	1230	1327	+5	−5	128	111
1975	12	23	EG	SA	2	1	PAL	TN	5	1670	1322	+1	−2	35	113
1976	02	20	SA	MA	0	2	F		-4	1318	1733	0	0	111	27
1976	03	26	QA	SA	1	0	GLF		30	1050	1288	+2	−6	157	117
1976	03	29	SA	AE	2	0	GLF	QA	13	1301	1044	+3	−1	114	156
1976	04	01	IQ	SA	7	1	GLF	QA	14	1604	1287	+1	−3	48	117
1976	04	04	SA	OM	3	1	GLF	QA	4	1291	827	+1	0	116	177
1976	04	08	BH	SA	2	1	GLF	QA	30	1125	1261	+4	−7	148	123
1976	04	11	KW	SA	3	1	GLF	QA	8	1583	1253	0	−2	51	125
1976	09	05	SA	IQ	0	0	F		4	1257	1500	0	0	123	61
1976	09	12	SA	MA	4	1	F		32	1289	1746	+7	−3	116	26
1976	09	15	SA	MA	2	0	F		27	1316	1719	+4	−4	111	30
1976	09	30	SA	TN	0	1	F		-5	1311	1620	−1	+3	111	45
1976	10	08	SA	MR	4	1	PAR	SY	8	1319	953	+1	0	110	165
1976	10	10	MA	SA	0	0	PAR	SY	-16	1707	1335	0	+3	29	107
1976	10	12	SA	PS	3	1	PAR	SY	20	1355	1200	+4	−4	103	135
1976	10	16	DY	SA	1	0	PAR	SY	25	1283	1330	+6	−6	117	109
1976	10	18	JO	SA	1	0	PAR	SY	31	1154	1299	+6	−5	140	114
1976	10	21	SY	SA	0	2	PAR		-49	1412	1348	−14	+9	93	105
1976	11	12	SA	SY	2	0	WQ		27	1375	1385	+7	−3	98	95
1976	11	26	SY	SA	2	1	WQ		14	1399	1361	+3	−4	92	102
1977	01	07	SA	IR	0	3	WQ		-14	1347	1719	−2	+3	105	27
1977	04	22	IR	SA	2	0	WQ		4	1726	1343	+1	−1	28	104
1978	05	03	SA	PK	6	0	SAT		17	1360	1248	+5	−4	99	125
1978	05	06	SA	KE	2	1	SAT		10	1370	1340	+3	−4	96	105
1978	11	16	CY	SA	2	2	F		0	1263	1370	0	0	120	95
1978	12	10	CN	SA	1	0	ASG	TH	8	1612	1362	+2	−1	44	96
1978	12	12	QA	SA	2	2	ASG	TH	13	1106	1349	+1	−8	149	104
1978	12	14	IQ	SA	1	1	ASG	TH	-14	1622	1363	−2	+8	44	96
1979	03	24	SA	AE	2	1	GLF	IQ	5	1368	1022	+1	0	97	161
1979	03	27	SA	OM	4	0	GLF	IQ	3	1371	827	+2	0	95	178
1979	04	01	BH	SA	1	1	GLF	IQ	12	1148	1359	+3	−5	140	100
1979	04	03	SA	QA	7	0	GLF	IQ	23	1382	1147	+6	−2	94	140
1979	04	05	KW	SA	0	0	GLF	IQ	-12	1615	1394	0	0	45	94
1979	04	08	IQ	SA	2	0	GLF		6	1692	1388	0	0	33	94
1980	01	30	SA	KR	1	3	F		-4	1384	1829	0	0	96	17
1980	02	01	SA	KR	0	0	F		8	1392	1821	+3	0	93	17
1980	03	12	MY	SA	3	0	F		11	1437	1381	+3	−3	83	96
1980	09	30	SA	NS	2	0	ILG	TR	37	1418	1426	+6	−6	88	86
1980	10	03	TR	SA	3	0	ILG		12	1610	1406	+3	−2	46	90
1980	10	04	LY	SA	2	0	ILG	TR	22	1526	1384	+7	−4	62	94
1980	10	12	SA	ID	2	0	F	TR	9	1393	1228	+2	−3	92	127
1981	02	24	SG	SA	1	1	F		1	1275	1392	0	0	117	92
1981	03	08	SA	TN	1	2	F		-5	1387	1670	−2	0	94	36
1981	03	11	SA	JO	2	1	F		2	1389	1139	+1	0	93	145
1981	03	14	SA	JO	2	0	F		4	1393	1135	+1	0	92	145
1981	03	21	SA	IQ	1	0	WQ		32	1425	1693	+5	−4	87	31
1981	03	24	SA	SY	2	0	WQ		14	1439	1307	+4	−5	83	111
1981	03	28	SA	BH	1	0	WQ		4	1443	1166	0	0	83	141
1981	03	31	SA	QA	1	0	WQ		6	1449	1235	+1	0	82	125
1981	10	14	SA	KR	2	0	F		21	1470	1689	+3	−1	77	32
1981	10	28	SA	SE	1	2	F		-6	1464	1721	−1	0	79	31
1981	11	04	SA	KW	0	1	WQ		-16	1448	1653	−3	+1	82	41
1981	11	12	CN	SA	4	2	WQ	MY	16	1641	1432	0	−4	43	86
1981	11	19	CN	SA	2	0	WQ	MY	14	1655	1418	+2	−2	40	90
1981	11	28	NZ	SA	2	2	WQ		-12	1538	1430	−3	+1	61	89
1981	12	07	KW	SA	2	0	WQ		8	1676	1422	+1	−1	35	90
1981	12	19	SA	NZ	0	5	WQ		-37	1385	1587	−1	+9	91	49
1982	03	05	SA	HN	0	0	F		4	1389	1610	0	0	90	44
1982	03	21	AE	SA	1	0	GLF		27	1189	1362	+5	−6	138	96
1982	03	24	IQ	SA	1	1	GLF	AE	-16	1722	1378	0	+4	29	92
1982	03	26	KW	SA	1	0	GLF	AE	6	1674	1372	+1	−1	36	93
1982	03	29	SA	QA	1	0	GLF	AE	12	1384	1208	+2	−7	91	138
1982	03	31	SA	OM	3	0	GLF	AE	3	1387	829	+1	0	90	181
1982	04	02	BH	SA	2	2	GLF	AE	8	1238	1379	+3	−2	128	92
1982	10	03	SA	MA	2	1	F		13	1392	1579	+1	−3	90	51
1982	10	12	SA	CM	0	0	F		5	1397	1673	+1	0	89	37
1982	11	20	SA	TH	1	0	ASG	IN	16	1413	1319	+1	−1	87	103
1982	11	22	SA	SY	1	1	ASG	IN	-7	1406	1287	−1	0	88	115
1982	11	24	KP	SA	2	2	ASG	IN	-9	1569	1415	−1	+1	55	87
1982	11	27	IN	SA	0	1	ASG		-17	1244	1432	−5	+2	127	85
1982	12	01	IQ	SA	1	0	ASG	IN	7	1721	1425	+1	−2	29	87
1983	00	00	SA	CM	1	1	F		4	1429	1669	0	0	87	38
1983	10	01	IN	SA	1	2	OQ		-15	1229	1444	−4	+1	130	85
1983	10	06	ID	SA	1	1	OQ		7	1218	1437	+2	0	134	85
1983	10	10	MY	SA	3	1	OQ		36	1307	1401	+12	−4	109	89
1983	10	14	SG	SA	0	3	OQ		-32	1236	1433	−5	+4	127	85
1983	11	06	SA	IN	5	0	OQ		15	1448	1261	+1	−4	84	125
1983	11	11	SA	MY	2	0	OQ		16	1464	1349	+5	−2	79	97
1983	11	17	SA	SG	5	0	OQ		9	1473	1190	+2	−1	77	140
1983	11	23	SA	ID	3	0	OQ		6	1479	1144	+1	0	76	144
1983	12	02	SA	SO	1	0	ARQ		3	1482	1106	+1	−1	75	150
1983	12	05	SA	DY	1	0	ARQ		4	1486	1214	0	−1	75	134
1983	12	09	SA	SD	3	0	ARQ		20	1506	1404	+6	−2	69	90
1984	02	21	SA	DZ	4	2	F		16	1522	1610	+3	−1	67	42
1984	03	10	QA	SA	2	1	GLF	OM	30	1358	1492	+9	−4	94	71
1984	03	15	OM	SA	1	3	GLF		-2	817	1494	0	+1	181	70
1984	03	17	IQ	SA	4	0	GLF	OM	20	1692	1474	0	−6	34	76
1984	03	20	KW	SA	1	1	GLF	OM	-4	1532	1478	0	0	64	76
1984	03	23	SA	AE	2	0	GLF	OM	14	1492	1256	+5	−4	71	126
1984	03	26	SA	BH	2	0	GLF	OM	13	1505	1256	+3	−3	68	125
1984	04	15	SA	NZ	3	1	OQ	SG	40	1545	1586	+7	−8	62	49
1984	04	17	BH	SA	1	1	OQ	SG	14	1258	1531	+2	−2	124	64
1984	04	22	SA	KW	4	1	OQ	SG	37	1568	1518	+9	−8	56	67
1984	04	24	SA	KR	5	4	OQ	SG	25	1593	1630	+9	−3	47	40
1984	08	01	MA	SA	1	0	OG	US	26	1665	1567	+2	−8	37	55
1984	09	25	SA	IS	1	2	F		-15	1552	1502	−3	+8	59	68
1984	10	08	SA	TH	2	1	F		2	1554	1291	0	−1	59	115
1984	10	10	SA	TH	1	3	F		-27	1527	1318	−2	+7	61	108
1984	10	19	SA	NP	7	0	SQ		1	1528	910	+2	0	60	173
1984	10	22	SA	AE	1	0	SQ		4	1532	1252	0	0	60	125
1984	10	24	SA	LK	5	0	SQ		2	1534	949	0	0	60	168
1984	10	26	SA	OM	6	0	SQ		1	1535	842	0	0	60	180
1984	11	20	SA	FI	2	1	F		6	1541	1486	0	−4	58	76
1984	12	02	SA	KR	1	1	AC	SG	5	1546	1612	+1	0	58	43
1984	12	04	SA	SY	1	0	AC	SG	11	1557	1314	+1	−4	57	111
1984	12	08	QA	SA	1	1	AC	SG	6	1483	1551	+1	0	77	57
1984	12	11	SA	KW	1	0	AC	SG	26	1577	1540	+6	−4	51	59
1984	12	13	IR	SA	1	1	AC	SG	-10	1707	1587	0	+4	32	48
1984	12	16	SA	CN	2	0	AC	SG	44	1631	1604	+7	−7	41	45
1985	03	15	SA	SY	0	0	F		-8	1623	1345	−1	+1	44	97
1985	03	17	SA	SY	3	0	F		4	1627	1341	0	0	44	97
1985	04	12	SA	AE	0	0	WQ		-17	1610	1335	−1	+8	44	99
1985	04	19	AE	SA	1	0	WQ		29	1364	1581	+4	−8	95	53
1985	07	03	SA	JO	4	0	ARC		3	1584	1151	+1	0	50	145
1985	07	07	SA	QA	1	0	ARC		12	1596	1527	+2	−2	48	64
1985	07	10	SA	IQ	2	3	ARC		-25	1571	1641	−5	+5	53	41
1985	07	12	SA	QA	0	0	ARC		-8	1563	1527	−5	+2	58	64
1985	07	28	TN	SA	1	0	F		6	1627	1557	+2	−1	43	59
1985	08	05	SA	NY	2	0	PAR	MA	1	1558	822	+1	−1	58	182
1985	08	08	SA	AE	1	0	PAR	MA	11	1569	1388	+2	−1	56	89
1985	08	11	SA	DZ	3	1	PAR	MA	39	1608	1635	+9	−4	47	41
1985	08	14	IQ	SA	2	1	PAR	MA	16	1700	1592	+1	−3	34	50
1985	09	08	SA	IQ	3	1	F		16	1608	1710	+2	−1	47	33
1985	09	10	SA	IQ	2	0	F		15	1623	1695	+3	−1	44	34
1985	09	15	CM	SA	4	1	AAC		35	1627	1588	+7	−8	43	51
1985	10	04	SA	CM	2	1	AAC		21	1609	1606	+5	−5	47	48
1986	00	00	SA	ZM	1	0	F		7	1616	1593	+1	−2	44	49
1986	02	17	SA	DZ	0	0	F		-2	1614	1650	−1	+1	44	38
1986	02	21	SA	DZ	1	1	F		-2	1612	1652	0	0	44	38
1986	02	25	SA	WA	1	2	F		-8	1604	1799	−3	+2	47	24
1986	02	28	SA	FI	0	1	F		-15	1589	1549	−5	0	52	62
1986	03	12	SA	PY	0	0	F		3	1592	1799	+3	0	49	24
1986	03	23	KW	SA	3	1	GLF	BH	37	1546	1555	+7	−10	63	60
1986	03	25	BH	SA	2	1	GLF		26	1374	1529	+1	−5	96	65
1986	03	28	SA	OM	3	1	GLF	BH	2	1531	896	0	0	65	175
1986	03	30	SA	IQ	2	1	GLF	BH	26	1557	1614	+4	−7	61	47
1986	04	02	AE	SA	2	0	GLF	BH	44	1431	1513	+7	−9	83	70
1986	04	05	SA	QA	2	0	GLF	BH	29	1542	1469	+7	−6	63	79
1986	09	07	SG	SA	0	4	F		-8	1195	1550	−2	+1	137	63
1986	09	21	SA	MY	3	1	ASG	KR	16	1566	1356	+5	−3	58	97
1986	09	25	SA	ID	2	0	ASG	KR	6	1572	1167	+3	−1	56	144
1986	09	29	SA	QA	1	0	ASG	KR	14	1586	1453	+2	−2	54	80
1986	10	01	IQ	SA	1	1	ASG	KR	2	1549	1584	0	0	63	54
1986	10	03	KW	SA	2	2	ASG	KR	-3	1635	1587	0	0	39	54
1986	10	05	KR	SA	2	0	ASG		19	1639	1568	+5	−4	40	58
1987	03	08	SA	TN	1	2	F		-14	1554	1543	−4	+3	59	61
1987	04	18	SA	OM	1	0	OQ		1	1555	1003	0	0	59	165
1987	04	20	SA	BH	2	0	OQ		7	1562	1291	+2	−3	57	109
1987	04	24	SA	OM	3	0	OQ		2	1564	1035	−1	0	58	163
1987	04	26	SA	BH	2	1	OQ		4	1568	1253	+2	0	56	125
1987	12	04	SA	IQ	0	0	OQ		-4	1564	1603	−1	0	59	51
1987	12	11	KW	SA	1	0	OQ		11	1637	1553	0	−2	44	62
1987	12	18	SA	QA	1	1	OQ		-12	1541	1428	−2	+3	65	84
1988	01	01	IQ	SA	1	1	OQ	OM	-4	1610	1545	−1	0	49	64
1988	01	08	SA	KW	0	0	OQ		-1	1544	1621	0	−1	64	46
1988	01	15	QA	SA	1	0	OQ		21	1444	1523	+3	−3	79	67
1988	02	17	SA	SQ	2	2	F		5	1528	1792	0	−1	67	21
1988	03	02	SA	OM	2	0	GLF		2	1530	1043	+2	−1	65	160
1988	03	05	SA	QA	0	0	GLF		-10	1520	1459	−2	0	67	80
1988	03	09	SA	BH	1	0	GLF		5	1525	1260	0	−2	67	121
1988	03	13	SA	AE	2	2	GLF		-8	1517	1477	+1	0	65	76
1988	03	16	SA	IQ	0	2	GLF		-26	1491	1690	−8	+4	74	35
1988	03	18	SA	KW	0	0	GLF		-4	1487	1523	−1	0	75	65
1988	06	21	NZ	SA	2	0	F	AU	14	1517	1473	+3	−3	66	76
1988	06	23	NZ	SA	3	2	F	AU	9	1526	1464	0	−3	66	79
1988	06	29	SA	HK	3	0	F	AU	10	1474	1291	+3	−3	76	110
1988	07	01	SA	HK	1	0	F	AU	5	1479	1286	0	−2	76	112
1988	07	06	AR	SA	2	2	AGC	AU	-12	1868	1491	−2	+2	11	74
1988	07	09	AU	SA	3	0	AGC		9	1684	1482	+2	+2	35	72
1988	07	09	EG	SA	0	0	ARC	JO	-10	1654	1492	−2	+2	40	72
1988	07	11	SA	TN	1	1	ARC	JO	-1	1491	1473	−1	0	73	76
1988	07	13	BR	SA	4	1	AGC	AU	3	1968	1488	0	−6	4	79
1988	07	13	LB	SA	1	0	ARC	JO	32	1283	1456	+8	−6	114	79
1988	07	15	IQ	SA	2	0	ARC	JO	14	1679	1442	0	0	37	79
1988	07	16	AR	SA	2	0	AGC	AU	4	1843	1438	+2	−1	13	80
1988	11	13	SA	MY	6	0	F		7	1445	1236	+1	−3	79	126
1988	11	14	SA	EG	0	0	F		4	1449	1669	0	0	79	37
1988	11	16	SA	EN	1	1	F		8	1457	1884	0	−1	79	9
1988	11	23	SA	TN	1	0	F		8	1465	1474	+2	−2	77	74
1988	12	02	SA	SY	2	0	AC	QA	43	1508	1470	+13	−12	64	76
1988	12	05	KW	SA	0	0	AC	QA	1	1494	1507	0	0	67	64
1988	12	09	BH	SA	1	1	AC	QA	8	1392	1499	0	−1	95	65
1988	12	12	SA	CN	1	0	AC	QA	34	1533	1600	+1	−3	64	47
1988	12	15	SA	IR	1	0	AC	QA	32	1565	1605	+7	−4	57	46
1988	12	18	SA	KR	0	0	AC	QA	11	1576	1726	+6	−2	51	32
1989	03	15	SA	SY	5	4	WQ		10	1586	1484	+4	−1	48	69
1989	03	20	NY	SA	0	1	WQ		-2	924	1588	0	0	175	48
1989	03	30	SY	SA	0	0	WQ		0	1485	1588	0	0	70	50
1989	04	05	SA	NY	1	0	WQ		0	1588	923	0	0	50	175
1989	10	12	CN	SA	2	1	WQ	SG	21	1598	1567	+3	−6	49	56
1989	10	16	QA	SA	1	1	WQ	SG	5	1482	1562	0	−2	71	58
1989	10	21	SA	AE	0	0	WQ	SG	-3	1559	1515	−2	0	60	66
1989	10	25	KR	SA	2	0	WQ	SG	16	1755	1543	+3	−5	26	63
1989	10	28	SA	KP	2	0	WQ	SG	31	1574	1519	+12	−5	51	65
1990	09	24	SA	BD	4	0	ASG	CN	4	1578	1069	−1	0	52	164
1990	09	28	SA	JP	2	0	ASG	CN	16	1594	1379	+1	−4	51	96
1990	10	01	KP	SA	0	0	ASG	CN	6	1483	1588	+1	0	70	51
1992	09	09	SA	PS	2	1	PGC	SY	5	1593	1230	+3	−2	56	145
1992	09	11	SY	SA	1	1	PGC		3	1449	1590	0	−1	88	57
1992	09	14	SA	KW	2	0	PGC	SY	22	1612	1473	+3	−5	54	80
1992	09	18	EG	SA	3	2	PGC	SY	19	1645	1593	+4	−2	45	56
1992	10	06	SA	CM	2	1	F		9	1602	1651	+2	−4	53	42
1992	10	15	SA	US	3	0	IC		40	1642	1634	+10	−13	44	48
1992	10	20	SA	AR	1	3	IC		-13	1629	2025	−5	0	50	1
1992	10	29	CN	SA	1	1	AC	JP	12	1456	1617	+4	−1	88	51
1992	10	31	QA	SA	1	1	AC	JP	10	1480	1607	+1	−1	80	52
1992	11	02	SA	TH	4	0	AC	JP	20	1627	1364	+2	−3	50	110
1992	11	06	SA	AE	2	0	AC	JP	27	1654	1498	+8	−4	41	75
1992	11	08	JP	SA	1	0	AC		29	1528	1625	+5	−8	69	49
1992	11	28	BH	SA	2	1	GLF	QA	33	1382	1592	+10	−7	105	55
1992	12	01	AE	SA	1	0	GLF	QA	27	1493	1565	+4	−5	80	61
1992	12	04	SA	OM	2	0	GLF	QA	3	1568	1077	0	0	61	177
1992	12	06	SA	KW	2	1	GLF	QA	16	1584	1489	+3	−4	58	81
1992	12	10	QA	SA	0	1	GLF		-22	1495	1606	−5	+6	79	52
1993	03	06	SA	SY	0	0	F		-7	1599	1438	0	+1	54	92
1993	04	09	SA	US	0	2	F		-17	1582	1660	−5	+9	58	35
1993	04	18	SA	NZ	3	1	F	SG	13	1595	1525	+3	−4	55	71
1993	04	22	SG	SA	0	3	F		-8	1271	1603	−2	+1	134	54
1993	04	24	SA	NZ	1	0	F	SG	8	1611	1517	+1	−3	53	74
1993	05	01	SA	MO	6	0	WQ	MY	3	1614	1047	+1	0	52	182
1993	05	03	MY	SA	1	1	WQ		12	1286	1602	+1	−1	133	54
1993	05	05	KW	SA	0	0	WQ	MY	6	1496	1596	+3	−1	79	55
1993	05	14	SA	MO	8	0	WQ		2	1598	1025	0	0	55	183
1993	05	16	SA	MY	3	0	WQ		6	1604	1277	+1	0	54	134
1993	05	18	SA	KW	2	0	WQ		15	1619	1501	+5	−3	49	79
1993	09	17	SA	TH	4	0	F		5	1624	1407	+1	0	49	100
1993	09	20	SA	TH	3	0	F		5	1629	1402	+1	−2	48	102
1993	09	23	SA	CR	1	2	F		-13	1616	1619	−6	+4	53	51
1993	09	27	SA	CR	3	2	F		7	1623	1612	+4	−3	49	54
1993	10	06	SA	RU	4	2	F		22	1645	1863	+7	−1	41	15
1993	10	15	JP	SA	0	0	WQ	QA	2	1612	1643	+1	−1	55	41
1993	10	18	SA	KP	2	1	WQ	QA	17	1660	1575	+3	−2	38	63
1993	10	22	SA	KR	1	1	WQ	QA	0	1660	1667	0	0	38	35
1993	10	24	IQ	SA	1	1	WQ	QA	0	1657	1660	0	0	39	38
1993	10	28	SA	IR	4	3	WQ	QA	16	1676	1569	+3	−1	34	62
1994	01	23	SA	CN	1	0	F		4	1680	1511	0	−1	34	73
1994	01	26	SA	CN	1	1	F		-6	1674	1517	0	+1	34	72
1994	02	06	SA	CO	1	1	F		4	1678	1931	0	−1	34	6
1994	02	09	SA	CO	0	1	F		-6	1672	1937	−3	+1	37	5
1994	03	27	SA	CL	0	2	F		-16	1656	1755	−4	0	39	27
1994	03	29	SA	CL	2	2	F		0	1656	1755	+1	0	38	27
1994	04	13	PL	SA	1	0	F	FR	9	1712	1647	0	−3	32	43
1994	04	18	TN	SA	2	0	F		15	1551	1632	+4	−5	67	48
1994	04	20	SA	IS	2	0	F	FR	13	1645	1565	+3	−1	45	64
1994	04	27	GR	SA	5	1	F		9	1744	1636	+1	0	28	45
1994	05	04	BO	SA	1	0	F	FR	8	1717	1628	+1	−4	31	49
1994	05	25	US	SA	0	0	F		-2	1600	1630	0	0	56	49
1994	06	04	SA	TT	3	2	F	US	7	1637	1519	+2	0	47	72
1994	06	20	NL	SA	2	1	WC	US	7	1997	1630	0	−2	2	49
1994	06	25	SA	MA	2	1	WC	US	32	1662	1617	+10	−9	40	53
1994	06	29	SA	BE	1	0	WC	US	47	1709	1836	+7	−9	30	22
1994	07	03	SE	SA	3	1	WC	US	19	1953	1690	0	−2	6	32
1994	10	01	UZ	SA	4	1	ASG	JP	38	1697	1652	+9	−9	30	40
1994	10	05	SA	TH	4	2	ASG	JP	10	1662	1358	+2	−3	38	116
1994	10	07	SA	MY	2	1	ASG	JP	4	1666	1256	+1	−1	37	140
1994	10	09	SA	HK	2	1	ASG	JP	3	1669	1209	0	0	37	152
1994	10	11	CN	SA	2	0	ASG	JP	39	1604	1630	+10	−8	54	45
1994	10	19	SA	US	2	1	F		7	1637	1625	+5	−3	41	46
1994	10	26	SA	TT	1	0	F		4	1641	1515	+1	−2	40	74
1994	11	04	SA	OM	2	1	GLF	AE	5	1646	1300	0	−1	40	131
1994	11	06	AE	SA	1	1	GLF		2	1510	1644	+2	0	76	40
1994	11	10	SA	BH	3	1	GLF	AE	14	1658	1429	+2	−3	38	95
1994	11	12	SA	QA	2	1	GLF	AE	8	1666	1421	0	−3	38	98
1994	11	16	SA	KW	2	0	GLF	AE	17	1683	1485	+4	−2	33	81
1994	12	08	SA	PL	0	2	F		-19	1664	1705	−3	+1	36	30
1994	12	10	SA	PL	1	2	F		-12	1652	1717	−2	0	38	30
1994	12	17	SA	CR	1	3	F		-21	1631	1637	−8	+9	45	42
1994	12	29	SA	ZM	1	0	F		8	1639	1646	+4	−2	42	37
1995	01	06	SA	MX	0	2	IC		-24	1615	1895	−8	+4	50	13
1995	01	08	SA	DK	0	2	IC		-19	1596	1923	−6	+3	56	7
1995	10	08	US	SA	4	3	F		5	1715	1591	0	−4	31	57
1995	10	11	MX	SA	2	1	F	US	4	1835	1587	−1	−1	22	58
1995	10	24	JP	SA	2	1	ADC		10	1621	1577	+2	−3	47	61
1995	10	28	JP	SA	2	1	ADC		9	1630	1568	+3	−2	44	63
1995	10	31	KR	SA	1	1	F		-4	1617	1572	−1	+1	49	62
1995	12	29	SA	KZ	3	0	F		13	1585	1574	+5	−6	58	63
1996	01	05	SA	GH	1	1	F		-1	1584	1661	0	0	59	38
1996	01	24	SA	KG	3	0	SQ		4	1588	1187	0	−4	59	159
1996	01	28	SA	YE	4	0	SQ		5	1593	1212	+1	−1	57	152
1996	01	31	SA	KG	2	0	SQ		3	1596	1165	0	0	57	161
1996	02	04	SA	YE	1	0	SQ		2	1598	1176	+1	0	56	161
1996	09	22	SA	ZM	2	1	F		8	1606	1619	+1	−1	54	45
1996	09	25	SA	ZM	1	3	F		-19	1587	1638	−2	+2	56	43
1996	10	03	SA	NZ	3	0	F		9	1596	1483	+1	−1	55	82
1996	10	09	SA	AU	0	0	F		0	1596	1686	+1	+1	55	35
1996	10	15	OM	SA	0	1	GLF		-9	1281	1605	−2	+3	135	52
1996	10	19	QA	SA	2	2	GLF	OM	7	1494	1598	+1	−4	80	56
1996	10	21	SA	BH	3	1	GLF	OM	16	1614	1399	+5	−4	51	107
1996	10	24	KW	SA	1	0	GLF	OM	25	1549	1589	+4	−7	67	58
1996	10	27	SA	AE	2	2	GLF	OM	-3	1586	1544	−1	+1	59	67
1996	11	06	SA	BG	1	0	F		14	1600	1811	+5	−2	54	20
1996	11	16	SA	SY	3	1	F		7	1607	1486	+3	−2	54	82
1996	11	19	SA	ML	1	3	F		-27	1580	1362	−6	+8	60	117
1996	11	29	SA	ID	4	1	F		2	1582	1231	0	−1	59	144
1996	12	05	SA	TH	6	0	AC	AE	39	1621	1449	+12	−11	47	92
1996	12	08	SA	IQ	1	0	AC	AE	30	1651	1656	+4	−5	43	41
1996	12	11	IR	SA	3	0	AC	AE	53	1633	1598	+17	−15	44	57
1996	12	16	SA	CN	4	3	AC	AE	23	1621	1552	+10	−4	48	66
1996	12	18	IR	SA	0	0	AC	AE	-4	1671	1625	−1	0	38	48
1996	12	21	AE	SA	0	0	AC		-7	1620	1632	−2	+3	49	45
1997	03	02	SA	SY	3	0	F		7	1639	1469	0	−2	48	84
1997	03	05	SA	SY	1	1	F		-7	1632	1476	−1	+2	49	82
1997	03	09	SA	ID	4	0	F	SG	4	1636	1254	+1	−1	48	137
1997	03	12	ID	SA	1	1	F	SG	8	1262	1628	+1	−2	136	50
1997	03	16	SA	TW	2	0	WQ	MY	2	1630	1018	+1	0	49	186
1997	03	18	MY	SA	0	0	WQ		11	1320	1619	+1	−3	127	52
1997	03	20	SA	BD	4	1	WQ	MY	2	1621	997	0	0	52	189
1997	03	27	SA	BD	3	0	WQ		1	1622	996	0	0	52	189
1997	03	29	SA	MY	3	0	WQ		6	1628	1307	+2	0	50	128
1997	03	31	SA	TW	6	0	WQ		2	1630	1031	+1	0	49	184
1997	09	14	SA	KW	2	1	WQ		12	1642	1561	+2	−1	46	64
1997	09	19	IR	SA	1	1	WQ		-10	1716	1652	−3	0	35	46
1997	09	25	SA	ML	5	1	F		4	1656	1361	0	0	46	117
1997	10	03	CN	SA	1	0	WQ		16	1648	1640	+2	−1	46	47
1997	10	11	SA	QA	1	0	WQ		7	1647	1464	0	−5	47	87
1997	10	17	KW	SA	2	1	WQ		18	1597	1629	+4	−3	55	50
1997	10	24	SA	IR	1	0	WQ		21	1650	1724	+4	−4	46	32
1997	11	06	SA	CN	1	1	WQ		-7	1643	1625	0	0	46	50
1997	11	12	QA	SA	0	1	WQ		-21	1544	1664	−6	0	66	46
1997	12	07	SA	IS	0	0	F		-7	1657	1493	0	0	46	79
1997	12	12	SA	BR	0	3	CC		-8	1649	2162	0	0	46	1
1997	12	14	SA	MX	0	5	CC		-50	1599	1796	−8	+6	54	21
1997	12	16	SA	AU	1	0	CC		37	1636	1838	+5	−4	49	16
1998	02	22	SA	DE	0	3	F		-4	1632	2074	−2	0	50	2
1998	05	04	JM	SA	0	0	F	FR	0	1644	1632	0	0	48	51
1998	05	09	SA	TT	2	1	F	FR	6	1638	1476	+1	−1	50	80
1998	05	13	IS	SA	1	1	F	FR	4	1478	1634	+1	−1	80	51
1998	05	17	SA	NA	2	1	F	FR	3	1637	1327	+1	−1	50	126
1998	05	23	EN	SA	0	0	F		-9	1972	1646	0	+3	6	47
1998	05	27	NO	SA	6	0	F		5	1902	1641	0	−2	10	49
1998	06	03	MX	SA	0	0	F	FR	-5	1847	1646	0	+2	17	47
1998	06	12	DK	SA	1	0	WC	FR	12	1894	1634	+3	−3	9	50
1998	06	18	FR	SA	4	0	WC		7	2016	1627	0	−2	3	50
1998	06	24	SA	ZA	2	2	WC	FR	2	1629	1646	0	0	50	48
1998	09	11	SA	TZ	8	0	F		3	1632	1258	0	0	50	137
1998	09	14	SA	SD	2	1	F		3	1635	1396	0	−3	50	107
1998	09	17	SA	SN	3	2	F		3	1638	1440	0	0	50	93
1998	09	25	SA	DZ	3	0	ARC	QA	23	1661	1494	+4	−7	46	78
1998	09	27	SA	LB	4	1	ARC	QA	11	1672	1367	+1	0	45	115
1998	09	29	SA	KW	2	1	ARC	QA	19	1691	1628	+6	−2	39	51
1998	10	01	QA	SA	1	3	ARC		-28	1540	1719	−4	+8	65	31
1998	10	31	SA	KW	2	1	GLF	BH	16	1735	1634	+4	−2	29	51
1998	11	02	BH	SA	1	1	GLF		14	1347	1721	+2	−2	120	31
1998	11	05	SA	OM	1	0	GLF	BH	4	1725	1349	0	−1	31	119
1998	11	08	SA	AE	1	0	GLF	BH	11	1736	1555	+2	−4	29	65
1998	11	11	QA	SA	0	0	GLF	BH	12	1494	1724	+1	−2	80	31
1999	06	18	SA	JO	2	1	F		2	1726	1459	0	−2	33	88
1999	06	22	SA	JO	2	0	F		3	1729	1456	0	0	32	88
1999	06	24	SA	LT	0	1	F		-18	1711	1478	−4	+6	36	81
1999	07	09	SA	CA	2	0	F	US	8	1719	1533	+2	−3	34	72
1999	07	13	JM	SA	2	1	F	US	13	1618	1706	+3	−2	51	36
1999	07	15	SA	JM	4	0	F	US	14	1720	1604	+2	−4	34	55
1999	07	17	CR	SA	1	0	F	US	13	1618	1707	+3	−2	51	36
1999	07	25	MX	SA	5	1	CC		17	1890	1690	+2	−6	14	42
1999	07	27	BO	SA	0	0	CC	MX	3	1655	1687	0	0	47	42
1999	07	29	SA	EG	5	1	CC	MX	47	1734	1640	+10	−7	32	49
1999	08	01	BR	SA	8	2	CC	MX	9	2153	1725	0	0	1	32
1999	08	03	US	SA	2	0	CC	MX	31	1817	1694	+2	−7	19	39
1999	08	16	LB	SA	2	1	PAR	JO	34	1421	1660	+5	−5	104	44
1999	08	18	SA	AE	1	1	PAR	JO	-7	1653	1547	0	0	44	69
1999	09	08	SA	ZM	0	0	F	ZW	-1	1652	1621	0	0	44	51
1999	09	11	SA	ZM	2	1	F	ZW	9	1661	1612	0	−1	44	52
1999	09	18	ZA	SA	1	0	AAC		22	1618	1639	+4	−3	51	47
1999	09	30	SA	ZA	0	0	AAC		-8	1631	1626	−1	0	48	51
2000	05	21	LB	SA	0	0	F		3	1419	1628	0	−1	102	53
2000	05	24	SK	SA	1	1	F		-5	1693	1633	0	+1	40	52
2000	05	31	HU	SA	2	2	F		-2	1614	1635	−1	0	56	52
2000	06	03	SI	SA	2	0	F		11	1631	1624	+2	−2	52	54
2000	09	24	SA	SY	2	1	F		5	1629	1537	+1	−1	54	66
2000	09	26	SA	SY	3	0	F		9	1638	1528	+2	−4	52	70
2000	09	28	SA	AE	6	1	F		9	1647	1526	+1	−5	51	71
2000	10	02	JO	SA	1	0	F		13	1467	1634	+3	−3	83	54
2000	10	05	SA	CN	2	0	F	JO	18	1652	1692	+4	−4	50	39
2000	10	07	SA	KZ	1	0	F	JO	5	1657	1448	−1	−2	51	89
2000	10	14	JP	SA	4	1	AC	LB	43	1709	1614	+9	−6	38	57
2000	10	17	QA	SA	0	0	AC	LB	9	1499	1605	+4	0	77	58
2000	10	20	SA	UZ	5	0	AC	LB	35	1640	1459	+4	−3	54	84
2000	10	24	SA	KW	3	2	AC	LB	25	1665	1621	+7	−4	47	56
2000	10	26	SA	KR	2	1	AC	LB	32	1697	1738	+5	−7	42	30
2000	10	29	JP	SA	1	0	AC	LB	19	1799	1678	+1	−3	21	45
2001	01	30	SA	SY	1	0	F		4	1682	1513	0	−2	45	75
2001	02	03	SA	UG	3	1	F		4	1686	1427	0	−1	45	94
2001	02	08	SA	MN	6	0	WQ		0	1686	859	0	0	45	203
2001	02	10	SA	BD	3	0	WQ		1	1687	1031	+1	−1	44	186
2001	02	12	SA	VN	5	0	WQ		3	1690	1242	0	−1	44	143
2001	02	15	SA	MN	6	0	WQ		0	1690	836	0	0	44	205
2001	02	17	SA	BD	6	0	WQ		1	1691	1030	+1	0	43	186
2001	02	19	SA	VN	4	0	WQ		4	1695	1263	+2	+1	41	138
2001	07	10	SG	SA	0	3	F		-4	1242	1699	−1	0	146	36
2001	07	19	MY	SA	0	4	F		-5	1281	1704	−4	+1	137	38
2001	07	23	SA	KP	1	0	F	MY	4	1708	1457	+2	0	37	87
2001	08	01	SA	MK	1	1	F		-7	1701	1518	−1	+3	39	70
2001	08	05	SA	QA	1	2	F		-16	1685	1598	−4	+2	43	58
2001	08	08	SA	AE	1	0	F	QA	4	1689	1460	+2	−1	41	89
2001	08	17	SA	BH	1	1	WQ		-16	1673	1408	−4	+5	46	104
2001	08	24	IR	SA	2	0	WQ		17	1754	1656	+2	−4	28	50
2001	08	31	SA	IQ	1	0	WQ	BH	15	1671	1557	+3	−3	47	64
2001	09	07	SA	AE	0	2	F		-26	1645	1476	−5	+6	51	85
2001	09	15	TH	SA	1	3	WQ		-26	1477	1671	−7	+5	84	46
2001	09	21	BH	SA	0	4	WQ		-26	1435	1697	−6	+4	97	42
2001	09	28	SA	IR	2	2	WQ		-3	1694	1746	−1	0	43	30
2001	10	05	SA	IQ	2	1	WQ	JO	12	1706	1545	+2	−1	41	64
2001	10	21	SA	TH	4	1	WQ		8	1714	1437	+4	−2	38	97
2001	12	30	SA	ZW	0	2	F		-26	1688	1501	−3	+5	42	80
2002	01	10	SA	IS	1	0	F		5	1693	1597	0	−2	42	56
2002	01	16	SA	KW	1	1	GLF		-11	1682	1577	0	+3	42	61
2002	01	20	SA	BH	3	1	GLF		9	1691	1478	+1	−2	41	84
2002	01	24	SA	AE	1	0	GLF		5	1696	1466	+1	0	41	87
2002	01	27	SA	OM	2	0	GLF		7	1703	1428	+1	−2	40	99
2002	01	30	SA	QA	3	1	GLF		14	1717	1581	+1	−2	39	59
2002	02	06	SA	BR	0	1	F		-9	1708	1847	−1	0	39	15
2002	02	13	SA	DK	0	1	F		-9	1699	1857	−1	0	41	14
2002	03	14	EE	SA	2	0	F	IT	27	1373	1672	+8	−3	113	44
2002	03	20	SA	ZA	1	0	F	IT	8	1680	1597	0	−1	44	55
2002	03	27	SA	UY	3	2	F		10	1690	1783	+2	0	42	25
2002	05	14	SA	SN	3	2	F		7	1697	1686	+2	−1	41	43
2002	06	01	DE	SA	8	0	WC	JP	39	1908	1658	+3	−6	8	47
2002	06	06	CM	SA	1	0	WC	JP	18	1828	1640	+2	−3	21	50
2002	06	11	IE	SA	3	0	WC	JP	22	1893	1618	+4	−3	11	52
2002	12	13	SA	LB	1	1	F		-7	1611	1401	−3	+2	54	108
2002	12	17	SA	BH	2	1	ARC	KW	11	1622	1435	+3	−7	51	100
2002	12	19	SA	LB	1	0	ARC	KW	9	1631	1392	+1	−3	50	110
2002	12	24	SA	SY	3	0	ARC	KW	17	1648	1417	+1	−4	49	104
2002	12	26	SA	YE	2	2	ARC	KW	-18	1630	1188	−1	+2	50	156
2002	12	28	SA	MA	2	0	ARC	KW	26	1656	1554	+1	−3	49	64
2002	12	30	SA	BH	1	0	ARC	KW	11	1667	1483	+2	−4	47	83
2003	04	30	LI	SA	1	0	F		19	1087	1648	+4	−2	176	48
2003	09	30	SA	SY	1	1	F		-7	1641	1427	−4	+1	52	101
2003	10	06	SA	YE	7	0	SQ		3	1644	1179	+1	−1	51	160
2003	10	08	SA	BT	6	0	SQ		0	1644	587	0	0	51	224
2003	10	10	SA	ID	5	0	SQ		8	1652	1363	+3	−1	48	117
2003	10	13	SA	YE	3	1	SQ		2	1654	1161	+2	0	47	161
2003	10	15	SA	BT	4	0	SQ		0	1654	583	0	0	47	224
2003	10	17	SA	ID	6	0	SQ		8	1662	1345	+1	−2	46	124
2003	12	17	SA	EE	1	1	F		-8	1654	1422	−1	+5	48	102
2003	12	20	SA	AZ	1	0	F		2	1656	1347	0	0	48	122
2003	12	26	SA	AE	2	0	GLF	KW	14	1670	1433	+4	−4	44	96
2003	12	29	QA	SA	0	0	GLF	KW	8	1521	1662	+5	−3	72	47
2004	01	01	SA	BH	1	0	GLF	KW	12	1674	1511	+3	−6	44	78
2004	01	04	KW	SA	1	1	GLF		3	1528	1671	0	0	73	44
2004	01	06	SA	OM	2	1	GLF	KW	13	1684	1524	+2	−4	42	74
2004	01	08	SA	YE	2	0	GLF	KW	3	1687	1162	0	−1	42	162
2004	02	18	SA	ID	3	0	WQ		5	1692	1338	+2	0	40	126
2004	03	31	LK	SA	0	1	WQ		-1	960	1693	−1	+1	192	39
2004	06	09	SA	TM	3	0	WQ		9	1702	1453	+2	−4	38	91
2004	07	18	SA	TM	2	2	AC	CN	-15	1687	1468	−3	+9	36	88
2004	07	22	UZ	SA	1	0	AC	CN	35	1567	1652	+5	−12	66	48
2004	07	26	IQ	SA	2	1	AC	CN	34	1559	1618	+6	−9	69	57
2004	09	01	SA	KW	1	1	F		-6	1612	1461	−1	+1	59	91
2004	09	08	TM	SA	0	1	WQ		-15	1413	1627	−1	+2	102	56
2004	10	06	SA	SY	2	2	F		-6	1621	1473	−3	+3	59	88
2004	10	12	ID	SA	1	3	WQ		-13	1288	1634	−3	+3	133	52
2004	11	17	SA	LK	3	0	WQ		1	1635	984	0	0	52	191
2004	12	11	KW	SA	2	1	GLF	QA	26	1549	1609	+6	−8	69	60
2004	12	14	SA	YE	2	0	GLF	QA	6	1615	1209	+3	−2	57	152
2004	12	17	BH	SA	3	0	GLF	QA	42	1583	1573	+7	−11	64	67
2005	01	25	SA	TJ	3	0	F		5	1578	1361	0	−1	68	113
2005	01	29	SA	TM	1	0	F		3	1581	1364	0	−2	68	112
2005	01	30	SA	TM	1	2	F		-17	1564	1381	0	+6	68	106
2005	02	02	HU	SA	0	0	F	TR	-1	1607	1565	0	0	61	68
2005	02	09	UZ	SA	1	1	WQ		-8	1606	1573	−3	0	60	68
2005	03	14	SA	EG	0	1	F		-10	1563	1689	−1	+2	69	39
2005	03	18	SA	FI	1	4	F		-15	1548	1727	−1	+2	70	32
2005	03	25	SA	KR	2	0	WQ		35	1583	1676	+2	−9	68	44
2005	03	30	KW	SA	0	0	WQ		-3	1527	1586	−3	+1	74	66
2005	04	09	SA	YE	4	0	ILG		4	1590	1196	+2	−1	64	156
2005	04	11	SA	PS	3	0	ILG		6	1596	1281	0	0	64	136
2005	04	16	SA	OM	2	1	ILG		16	1612	1618	+9	−1	55	54
2005	05	27	SA	BH	1	1	F		-3	1609	1612	−1	+1	56	55
2005	06	03	SA	KW	3	0	WQ		18	1627	1501	+2	−6	54	81
2005	06	08	SA	UZ	3	0	WQ		21	1648	1556	+2	−3	52	70
2005	08	17	KR	SA	0	1	WQ		-27	1648	1675	−7	+7	54	47
2005	11	14	SA	GH	1	3	F		-23	1652	1602	−5	+4	52	60
2005	12	03	SA	PS	2	0	WAG	QA	6	1658	1260	0	−2	52	140
2005	12	05	IQ	SA	5	1	WAG	QA	50	1586	1608	+10	−3	62	55
2005	12	08	IQ	SA	2	0	WAG	QA	32	1618	1576	+7	−11	55	66
2005	12	10	IR	SA	2	1	WAG	QA	8	1827	1568	+2	0	19	66
2006	01	18	SA	SE	1	1	F		6	1574	1897	0	0	66	10
2006	01	21	SA	FI	1	1	LGC		-1	1573	1660	+1	+1	65	50
2006	01	25	SA	GR	1	1	LGC		5	1578	1800	+2	0	62	23
2006	01	27	SA	LB	1	2	F		-17	1561	1367	−6	+3	68	110
2006	02	14	SA	SY	1	1	F		-4	1557	1508	−1	+1	69	79
2006	02	22	YE	SA	0	4	SQ		-14	1182	1571	−5	+4	161	65
2006	03	01	PT	SA	3	0	F	DE	4	1914	1567	0	−1	9	66
2006	03	15	SA	IQ	2	2	F		-3	1564	1573	−1	0	67	65
2006	03	28	SA	PL	1	2	F		-5	1559	1843	−1	+1	68	16
2006	05	11	BE	SA	2	1	F	NL	6	1705	1553	+1	−2	42	71
2006	05	14	SA	TG	1	0	F	NL	8	1561	1484	+2	−2	69	87
2006	05	26	CZ	SA	2	0	F	AT	3	1967	1558	+1	−2	3	71
2006	05	31	TR	SA	1	0	F	DE	4	1825	1554	+1	0	18	71
2006	06	14	SA	TN	2	2	WC	DE	12	1566	1691	+5	−1	67	46
2006	06	19	UA	SA	4	0	WC	DE	28	1788	1538	+5	−5	24	73
2006	06	23	ES	SA	1	0	WC	DE	4	2011	1534	0	−1	3	74
2006	08	09	SA	BH	1	0	F		6	1540	1486	+1	0	73	86
2006	08	16	IN	SA	0	3	SQ		-7	1056	1547	−1	+1	181	72
2006	08	27	SA	AE	1	0	F		7	1554	1522	+2	0	70	77
2006	09	03	SA	JP	1	0	SQ		25	1579	1719	+4	−8	66	40
2006	09	06	SA	IN	7	1	SQ		2	1581	1054	0	0	66	180
2006	10	11	SA	YE	5	0	SQ		5	1586	1211	+3	0	61	153
2006	11	08	SA	JO	2	1	F		6	1592	1521	0	0	61	78
2006	11	15	JP	SA	3	1	SQ		13	1726	1579	+2	0	40	61
2007	01	08	SA	GM	3	0	F		4	1583	1342	0	−1	61	120
2007	01	11	SA	SY	2	1	F		5	1588	1469	+1	−2	60	92
2007	01	18	SA	BH	2	1	GLF	AE	15	1603	1475	+3	−3	57	89
2007	01	21	QA	SA	1	1	GLF	AE	4	1533	1599	+1	−1	77	58
2007	01	24	SA	IQ	1	0	GLF	AE	21	1620	1589	+4	−5	55	60
2007	01	27	AE	SA	1	0	GLF		22	1501	1598	+5	−3	85	58
2007	06	15	KO	SA	1	0	F	TR	16	1389	1582	+5	−4	108	61
2007	06	24	SA	AE	2	0	F	SG	13	1595	1515	+2	−4	60	79
2007	06	27	SG	SA	1	2	FT		-8	1311	1603	−2	+2	128	58
2007	07	01	OM	SA	1	1	FT	SG	0	1596	1603	0	0	60	58
2007	07	04	KP	SA	1	1	F	SG	4	1474	1599	+2	0	89	57
2007	07	11	SA	KR	1	1	AC	ID	6	1605	1681	+1	0	58	43
2007	07	14	ID	SA	1	2	AC		-14	1330	1619	−4	+2	124	56
2007	07	18	SA	BH	4	0	AC	ID	29	1648	1454	+8	−4	48	91
2007	07	22	SA	UZ	2	1	AC	ID	22	1670	1584	+5	−2	43	61
2007	07	25	SA	JP	3	2	AC	VN	31	1701	1722	+1	−6	42	39
2007	07	29	IQ	SA	1	0	AC	ID	29	1674	1672	+9	−2	43	44
2007	09	11	SA	GH	5	0	F		20	1692	1754	+1	−2	43	30
2007	11	02	SA	NA	1	0	F		1	1693	1279	0	0	40	135
2007	11	09	SA	EE	2	0	F		3	1696	1378	0	0	40	111
2007	11	14	SA	SD	2	0	PAR	EG	11	1707	1417	0	−1	40	100
2007	11	18	LY	SA	2	1	PAR	EG	33	1483	1674	+7	−1	87	41
2007	11	21	SA	AE	1	1	PAR	EG	-11	1663	1471	−6	−7	47	99
2007	11	25	EG	SA	2	1	PAR		13	1699	1650	+1	−3	40	50
2008	01	30	SA	LU	2	1	F		0	1650	1038	0	0	49	185
2008	02	06	SA	SG	2	0	WQ		6	1656	1364	+3	−1	46	114
2008	03	26	UZ	SA	3	0	WQ		33	1612	1623	+6	−7	55	53
2008	05	24	SA	SY	1	0	F		5	1628	1536	+2	0	51	75
2008	05	27	SA	KW	2	1	F		3	1631	1423	0	−1	51	103
2008	06	02	SA	LB	4	1	WQ		6	1637	1313	+1	−3	49	124
2008	06	07	SA	LB	2	1	WQ		3	1640	1310	0	−2	49	126
2008	06	14	SG	SA	0	2	WQ		-15	1337	1655	−1	+2	119	47
2008	06	22	SA	UZ	4	0	WQ		26	1681	1619	+4	−3	43	53
2008	08	20	PY	SA	1	1	F	CH	-3	1799	1684	−1	+1	20	42
2008	08	30	SA	QA	2	1	F		3	1687	1502	0	−1	42	87
2008	09	06	SA	IR	1	1	WQ		0	1687	1786	−1	+1	43	22
2008	09	10	AE	SA	1	2	WQ		-11	1403	1698	0	0	107	43
2008	11	08	SA	TH	1	0	F		2	1700	1419	+1	−3	42	103
2008	11	12	SA	BH	4	0	F		6	1706	1521	+2	−2	40	81
2008	11	19	SA	KR	0	2	WQ		-40	1666	1725	−7	+7	47	37
2008	12	23	BH	SA	1	0	F		12	1520	1654	+6	−2	81	49
2008	12	27	SA	SY	1	1	F		-6	1648	1535	−1	+4	50	74
2009	01	05	QA	SA	0	0	GLF	OM	8	1518	1640	+2	0	83	50
2009	01	08	SA	YE	6	0	GLF	OM	6	1646	1196	0	0	50	156
2009	01	11	SA	AE	3	0	GLF	OM	16	1662	1420	+3	−4	47	104
2009	01	14	SA	KW	1	0	GLF	OM	10	1672	1454	+2	−3	45	94
2009	01	17	OM	SA	0	0	GLF		-2	1607	1674	0	0	58	45
2009	02	05	SA	TH	2	1	F	JP	4	1678	1449	0	−2	45	94
2009	02	11	KP	SA	1	0	WQ		25	1521	1653	+6	−4	81	49
2009	03	22	SA	IQ	0	0	F		-6	1647	1533	0	+3	49	76
2009	03	28	IR	SA	1	2	WQ		-31	1736	1678	−4	+3	32	46
2009	04	01	SA	AE	3	2	WQ		4	1682	1405	0	−1	47	106
2009	05	26	QA	SA	2	1	F		13	1506	1669	+3	0	83	47
2009	06	04	CN	SA	1	4	F		-16	1532	1685	−6	+1	78	46
2009	06	10	KR	SA	0	0	WQ		-9	1734	1694	−2	+1	33	46
2009	06	17	SA	KP	0	0	WQ		-13	1681	1548	0	+6	46	71
2009	08	12	OM	SA	2	1	F		9	1611	1672	+1	0	57	46
2009	08	30	SA	MY	2	1	F		1	1673	1151	0	0	46	165
2009	09	05	BH	SA	0	0	WQ		-3	1626	1676	−1	0	54	46
2009	09	09	SA	BH	2	2	WQ		-8	1668	1634	−1	+2	47	51
2009	10	14	TN	SA	0	1	F		-13	1649	1681	−3	+1	51	45
2009	11	13	SA	BY	2	1	F		5	1686	1582	0	−1	45	63
2009	11	14	SA	BY	1	1	F		-5	1681	1587	+1	+2	44	61
2010	05	21	SA	CD	2	0	F	AT	5	1686	1414	+1	−2	42	109
2010	05	25	NG	SA	0	0	F	AT	-1	1703	1687	0	0	39	42
2010	05	29	ES	SA	3	2	F	AT	2	2107	1685	+1	0	1	42
2010	08	11	SA	TG	1	0	F		2	1687	1427	0	−1	42	105
2010	10	09	SA	UZ	4	0	F		6	1693	1487	+1	−2	41	91
2010	10	12	BG	SA	2	0	F	TR	15	1715	1678	+2	0	35	41
2010	10	12	SA	GA	1	0	F	TR	7	1685	1575	0	−1	41	67
2010	11	16	SA	UG	0	0	F	AE	-4	1681	1560	−2	+1	43	72
2010	11	17	GH	SA	0	0	F	AE	-2	1741	1683	0	+1	28	42
2010	11	22	YE	SA	0	4	GLF		-17	1350	1700	−1	+3	120	39
2010	11	25	KW	SA	0	0	GLF	YE	8	1571	1692	+3	−1	68	40
2010	11	28	QA	SA	1	1	GLF	YE	10	1507	1682	+4	−2	87	42
2010	12	02	SA	AE	1	0	GLF	YE	10	1692	1470	+2	−2	40	95
2010	12	05	KW	SA	1	0	GLF	YE	26	1618	1666	+5	−5	56	45
2010	12	28	SA	IQ	0	1	F		-15	1651	1589	−4	+5	49	62
2010	12	31	BH	SA	0	1	F		-8	1468	1659	−4	+3	97	46
2011	01	04	SA	AO	0	0	F		-7	1652	1461	−3	+4	49	97
2011	01	09	SY	SA	2	1	AC	QA	35	1543	1617	+7	−6	77	56
2011	01	13	JO	SA	1	0	AC	QA	34	1524	1583	+10	−7	83	63
2011	01	17	JP	SA	5	0	AC	QA	25	1803	1558	+3	−9	17	72
2011	07	13	JO	SA	1	1	FT		-3	1518	1561	−1	0	85	67
2011	07	16	KW	SA	1	0	FT	JO	14	1592	1547	+1	−4	60	71
2011	07	23	SA	HK	3	0	WQ		5	1552	1203	+1	−2	70	156
2011	07	28	HK	SA	0	5	WQ		-15	1188	1567	−2	+3	158	67
2011	09	02	OM	SA	0	0	WQ		-5	1551	1572	−1	+2	72	65
2011	09	06	SA	AU	1	3	WQ		-18	1554	1837	−7	+2	72	14
2011	10	07	ID	SA	0	0	F	MY	6	1303	1548	+1	0	131	72
2011	10	11	TH	SA	0	0	WQ		1	1430	1547	+1	−1	101	73
2011	11	11	SA	TH	3	0	WQ		14	1561	1393	+2	−4	71	108
2011	11	15	SA	OM	0	0	WQ		-7	1554	1547	−1	0	72	74
2011	12	11	OM	SA	0	0	PAR	QA	0	1547	1554	0	0	74	72
2011	12	17	KW	SA	2	0	PAR	QA	28	1606	1526	+7	−5	58	78
2012	02	29	AU	SA	4	2	WQ		6	1823	1520	0	−4	16	82
2012	06	22	SA	KW	4	0	ARC		33	1553	1545	+13	−10	72	75
2012	06	28	SA	PS	2	2	ARC		-16	1537	1293	−7	+5	80	135
2012	07	03	SA	LY	0	2	ARC		-36	1501	1599	−8	+10	88	61
2012	07	05	SA	IQ	0	1	ARC		-21	1480	1612	−4	+5	92	58
2012	09	07	ES	SA	5	0	F		0	2154	1480	0	−1	1	92
2012	09	11	GA	SA	1	0	F	FR	8	1559	1472	0	−1	71	92
2012	10	14	SA	CG	3	2	F		5	1477	1379	+1	−1	93	113
2012	11	14	SA	AR	0	0	F		8	1485	2000	+2	0	90	4
2012	12	05	SA	ZM	2	1	F		11	1496	1601	+2	−2	88	58
2012	12	09	IR	SA	0	0	WAH	KW	-9	1663	1505	−1	0	45	86
2012	12	12	SA	YE	1	0	WAH	KW	9	1514	1284	+4	0	82	140
2012	12	15	BH	SA	1	0	WAH	KW	22	1505	1492	+6	−6	86	88
2013	01	06	IQ	SA	2	0	GLF	BH	22	1613	1470	+6	−4	55	93
2013	01	09	SA	YE	2	0	GLF	BH	13	1483	1239	+1	−5	92	148
2013	01	12	KW	SA	1	0	GLF	BH	20	1510	1463	+6	−3	82	94
2013	02	06	SA	CN	2	1	SQ		23	1486	1593	+3	−6	91	60
2013	03	17	MY	SA	1	4	F		-9	1180	1495	−2	+2	161	89
2013	03	23	ID	SA	1	2	SQ		-11	1218	1506	−1	+1	150	88
2013	09	05	SA	NZ	0	1	OSN		-16	1490	1602	−1	+3	88	58
2013	09	09	SA	TT	1	3	OSN		-31	1459	1478	−6	+5	96	92
2013	10	15	SA	IQ	2	0	SQ	JO	37	1496	1509	+8	−9	86	83
2013	11	15	SA	IQ	2	1	SQ		16	1512	1502	+4	−5	82	85
2013	11	19	CN	SA	0	0	SQ		-10	1592	1522	−1	+5	58	76
2013	12	28	PS	SA	0	0	WAH	QA	11	1319	1511	+1	−5	129	81
2013	12	31	QA	SA	4	1	WAH		29	1501	1482	+7	−9	86	90
2014	03	05	SA	ID	1	0	SQ		5	1487	1225	+1	−1	89	151
2014	05	24	MD	SA	4	0	F	ES	21	1457	1466	+7	−6	97	95
2014	05	29	GE	SA	2	0	F	ES	14	1510	1452	+4	−5	83	99
2014	09	08	AU	SA	3	2	F	EN	5	1666	1447	−1	0	45	99
2014	10	10	SA	UY	1	1	F		8	1455	1890	+1	−2	96	12
2014	10	14	SA	LB	1	1	F		-4	1451	1414	−1	+3	98	106
2014	11	06	SA	PS	2	0	F		7	1458	1321	+1	−1	98	127
2014	11	13	SA	QA	1	1	GLF		1	1459	1576	0	0	99	64
2014	11	16	SA	BH	3	0	GLF		27	1486	1449	+5	−5	90	98
2014	11	19	SA	YE	1	0	GLF		4	1490	1203	+1	0	89	158
2014	11	23	SA	AE	3	2	GLF		23	1513	1617	+6	−8	83	59
2014	11	26	SA	QA	1	2	GLF		-21	1492	1609	−6	+5	89	60
2014	12	30	BH	SA	4	1	F	AU	19	1474	1473	+5	−5	93	94
2015	01	04	KR	SA	2	0	F	AU	9	1642	1464	+3	−3	51	97
2015	01	10	CN	SA	1	0	AC	AU	18	1589	1446	+1	−1	66	98
2015	01	14	SA	KP	4	1	AC	AU	52	1498	1463	+12	−17	86	97
2015	01	18	UZ	SA	3	1	AC	AU	23	1659	1475	+4	−5	50	92
2015	03	30	SA	JO	2	1	F		8	1483	1486	+1	−4	90	89
2015	06	11	SA	PS	3	2	WQS		6	1489	1283	+2	0	86	134
2015	09	03	SA	TL	7	0	WQS		1	1490	724	+1	−1	86	218
2015	09	08	MY	SA	1	2	WQS		-8	1138	1498	−2	+2	173	85
2015	10	08	SA	AE	2	1	WQS		23	1521	1621	+7	−4	79	55
2015	11	09	PS	SA	0	0	WQS	JO	10	1335	1511	+2	−2	126	79
2015	11	17	TL	SA	0	10	WQS		-2	734	1513	0	0	215	81
2016	03	24	SA	MY	2	0	WQS		3	1516	1120	0	0	81	176
2016	03	29	AE	SA	1	1	WQS		-11	1631	1527	−2	+3	50	76
2016	08	24	SA	LA	4	0	F	QA	1	1528	794	−1	−1	76	210
2016	09	01	SA	TH	1	0	WQ		10	1538	1419	+2	−4	74	106
2016	09	06	IQ	SA	1	2	WQ	MY	-17	1460	1555	−8	+5	95	71
2016	10	06	SA	AU	2	2	WQ		4	1559	1730	+3	−2	68	35
2016	10	11	SA	AE	3	0	WQ		28	1587	1562	+7	−8	61	67
2016	11	15	JP	SA	2	1	WQ		7	1754	1580	+3	−3	30	65
2017	01	14	SA	KH	7	2	F	AE	0	1580	808	0	0	65	209
2017	03	23	TH	SA	0	3	WQ		-29	1393	1609	−5	+7	109	59
2017	03	28	SA	IQ	1	0	WQ		9	1618	1495	+2	0	57	84
2017	06	08	AU	SA	3	2	WQ		10	1723	1608	+1	−2	35	58
2017	08	29	AE	SA	2	1	WQ		18	1564	1590	+3	−6	70	63
2017	09	05	SA	JP	1	0	WQ		25	1615	1756	+2	−6	59	31
2017	10	07	SA	JM	5	2	F		11	1626	1564	+5	−3	55	71
2017	10	10	SA	GH	0	3	F		-24	1602	1617	−7	+6	62	57
2017	11	07	SA	LV	2	0	F	PT	6	1608	1369	+1	−5	61	117
2017	11	10	PT	SA	3	0	F		2	2002	1606	0	−1	5	61
2017	11	13	BG	SA	1	0	F	PT	10	1620	1596	+3	−4	55	64
2017	12	22	KW	SA	1	2	GLF		-18	1449	1614	−6	+10	95	55
2017	12	25	SA	AE	0	0	GLF	KW	-3	1611	1565	−2	+2	57	68
2017	12	28	OM	SA	2	0	GLF	KW	41	1516	1570	+9	−10	78	67
2018	02	26	SA	MD	3	0	F		4	1574	1326	+1	−1	67	123
2018	02	28	IQ	SA	4	1	F		13	1584	1561	+2	−4	66	71
2018	03	23	SA	UA	1	1	F	ES	5	1566	1733	0	−1	68	33
2018	03	27	BE	SA	4	0	F		2	1928	1564	0	0	9	67
2018	05	09	SA	DZ	2	0	F	ES	14	1578	1521	+2	−4	66	76
2018	05	15	SA	GR	2	0	F	ES	19	1597	1644	+3	−1	63	50
2018	05	28	IT	SA	2	1	F	CH	3	1900	1594	0	−2	12	65
2018	06	03	PE	SA	3	0	F	CH	5	1916	1589	0	−1	10	64
2018	06	08	DE	SA	2	1	F		1	2076	1588	0	0	2	64
2018	06	14	RU	SA	5	0	WC		30	1706	1558	+2	−5	43	69
2018	06	20	UY	SA	1	0	WC	RU	7	1911	1551	+2	−1	9	70
2018	06	25	SA	EG	2	1	WC	RU	35	1586	1569	+7	−10	63	67
2018	09	10	SA	BO	2	2	F		-1	1585	1662	0	0	61	47
2018	10	12	SA	BR	0	2	FT		-3	1582	2123	−1	0	61	1
2018	10	15	SA	IQ	1	1	FT		-5	1577	1564	0	+2	61	65
2018	11	16	SA	YE	1	0	F		1	1578	1196	+1	0	62	166
2018	11	20	JO	SA	1	1	F		0	1468	1578	−1	0	88	62
2018	12	31	SA	KR	0	0	F	AE	5	1583	1778	+1	−1	62	23
2019	01	08	SA	KP	4	0	AC	AE	28	1611	1403	+7	−3	55	103
2019	01	12	SA	LB	2	0	AC	AE	19	1630	1405	+7	−4	49	102
2019	01	17	QA	SA	2	0	AC	AE	42	1626	1588	+13	−13	50	62
2019	01	21	JP	SA	1	0	AC	AE	13	1774	1575	+3	−1	24	63
2019	03	21	AE	SA	2	1	F		10	1487	1565	+1	−2	85	65
2019	03	25	SA	GQ	3	2	F		3	1568	1332	+1	−3	64	126
2019	08	04	KW	SA	2	1	WAH	IQ	28	1457	1540	+4	−4	93	72
2019	08	07	BH	SA	0	0	WAH	IQ	5	1448	1535	+2	0	95	72
2019	08	10	JO	SA	3	0	WAH	IQ	42	1510	1493	+10	−12	76	84
2019	09	05	SA	ML	1	1	F		-1	1492	1542	0	0	84	71
2019	09	10	SA	YE	2	2	WQS	BH	-14	1478	1208	−2	+1	87	157
2019	10	10	SA	SG	3	0	WQS		5	1483	1144	0	0	87	172
2019	10	15	PS	SA	0	0	WQS		-3	1426	1486	−1	+3	98	84
2019	11	14	UZ	SA	2	3	WQS		-31	1570	1517	−6	+9	63	75
2019	11	19	SA	PY	0	0	F		3	1520	1738	−1	−1	76	33
2019	11	27	KW	SA	3	1	GLF	QA	38	1464	1482	+11	−10	89	86
2019	11	30	SA	BH	2	0	GLF	QA	32	1514	1479	+9	−9	77	86
2019	12	02	SA	OM	3	1	GLF	QA	32	1546	1504	+8	−7	69	78
2019	12	05	QA	SA	0	1	GLF		-32	1668	1578	−3	+5	46	64
2019	12	08	BH	SA	1	0	GLF	QA	24	1537	1554	+5	−4	72	68
2020	11	14	SA	JM	3	0	F		14	1568	1570	+4	−2	66	64
2020	11	17	SA	JM	1	2	F		-13	1555	1583	−3	+1	69	63
2021	03	25	SA	KW	1	0	F		4	1559	1400	+2	0	68	102
2021	03	30	SA	PS	5	0	WQS		16	1575	1399	+6	−3	62	103
2021	06	05	SA	YE	3	0	WQS		5	1580	1205	0	−2	64	158
2021	06	11	SA	SG	3	0	WQS		3	1583	1136	+1	−2	63	175
2021	06	15	SA	UZ	3	0	WQS		24	1607	1550	+4	−4	58	70
2021	09	02	SA	VN	3	1	WQ		10	1617	1411	+2	0	56	99
2021	09	07	OM	SA	0	1	WQ		-21	1519	1638	−4	+2	78	52
2021	10	07	SA	JP	1	0	WQ		20	1658	1723	+4	−2	48	35
2021	10	12	SA	CN	3	2	WQ		7	1665	1491	+3	−3	46	83
2021	11	11	AU	SA	0	0	WQ		-10	1746	1675	−2	+1	34	45
2021	11	16	VN	SA	0	1	WQ		-9	1359	1684	−2	+1	112	44
2021	12	01	JO	SA	1	0	ARC	QA	29	1542	1655	+4	−5	73	49
2021	12	04	PS	SA	1	1	ARC	QA	12	1431	1643	+5	−2	93	52
2021	12	07	MA	SA	1	0	ARC	QA	14	1764	1629	+3	−1	30	53
2022	01	27	SA	OM	1	0	WQ		9	1638	1517	+1	−3	53	76
2022	02	01	JP	SA	2	0	WQ		13	1780	1625	+1	−5	29	59
2022	03	24	CN	SA	1	1	WQ	AE	9	1472	1616	+1	−1	85	58
2022	03	29	SA	AU	1	0	WQ		19	1635	1678	+3	−2	54	46
2022	06	05	CO	SA	1	0	F	ES	4	1900	1631	+1	−2	13	55
2022	06	09	VE	SA	1	0	F	ES	9	1685	1622	+2	−1	45	56
2022	09	23	EC	SA	0	0	F	ES	-6	1840	1628	−2	+1	19	57
2022	09	27	SA	US	0	0	F	ES	5	1633	1796	+1	−1	55	25
2022	10	22	SA	NM	1	0	F	AE	8	1641	1556	+1	0	54	68
2022	10	26	AL	SA	1	1	F	AE	3	1544	1638	+1	0	72	54
2022	10	30	HN	SA	0	0	F	AE	5	1471	1633	+3	−1	84	55
2022	11	06	SA	IS	1	0	F	AE	8	1641	1558	+1	0	54	67
2022	11	10	PA	SA	1	1	F	AE	0	1645	1641	0	0	52	54
2022	11	16	SA	HR	0	1	F		-5	1636	1926	0	0	54	13
2022	11	22	SA	AR	2	1	WC	QA	57	1693	2086	+11	0	43	2
2022	11	26	PL	SA	2	0	WC	QA	30	1843	1663	+3	−6	19	50
2022	11	30	MX	SA	2	1	WC	QA	19	1812	1644	0	−3	24	53
2023	01	06	SA	YE	2	0	GLF	IQ	2	1646	1097	+1	−1	53	177
2023	01	09	IQ	SA	2	0	GLF		28	1597	1618	+6	−3	62	56
2023	01	12	OM	SA	2	1	GLF	IQ	22	1597	1596	+4	−7	62	63
2023	03	24	SA	VE	1	2	F		-10	1586	1694	−1	+1	65	44
2023	03	28	SA	BO	1	2	F		-12	1574	1618	−1	+5	67	56
2023	09	08	CR	SA	3	1	F	EN	12	1649	1562	+1	0	50	67
2023	09	12	KR	SA	1	0	F	EN	5	1765	1557	+1	0	30	67
2023	10	13	NG	SA	2	2	F	PT	-2	1615	1559	−1	0	58	67
2023	10	17	ML	SA	3	1	F	PT	13	1629	1546	+7	−2	52	69
2023	11	16	SA	PK	4	0	WQS		1	1547	837	−1	0	70	207
2023	11	21	JO	SA	0	2	WQS		-39	1516	1586	−8	+7	75	63
2024	01	04	SA	LB	1	0	F	QA	3	1589	1309	+1	−2	62	136
2024	01	09	PS	SA	0	0	F	QA	5	1410	1584	+2	0	101	62
2024	01	10	SA	HK	2	0	F	QA	2	1586	1081	0	0	62	175
2024	01	16	SA	OM	2	1	AC	QA	24	1610	1544	+3	−3	59	68
2024	01	21	SA	KG	2	0	AC	QA	8	1618	1237	+3	−1	56	156
2024	01	25	SA	TH	0	0	AC	QA	-13	1605	1431	−4	+2	60	100
2024	01	30	SA	KR	1	1	AC	QA	11	1616	1761	+2	−3	58	30
2024	03	21	SA	TJ	1	0	WQS		5	1621	1381	+3	0	57	108
2024	03	26	TJ	SA	1	1	WQS		8	1389	1613	0	−2	109	59
2024	06	06	PK	SA	0	3	WQS		-1	828	1614	0	+1	206	59
2024	06	11	SA	JO	1	2	WQS		-26	1588	1635	−3	+9	63	53
2024	09	05	SA	ID	1	1	WQ		-15	1573	1348	−5	+4	66	123
2024	09	10	CN	SA	1	2	WQ		-16	1380	1589	−4	+6	110	61
2024	10	10	SA	JP	0	2	WQ		-15	1574	1889	−7	0	68	14
2024	10	15	SA	BH	0	0	WQ		-11	1563	1478	−1	+3	69	85
2024	11	14	AU	SA	0	0	WQ		-13	1728	1576	−5	+1	40	68
2024	11	19	ID	SA	2	0	WQ		40	1393	1536	+12	−11	110	77
2024	12	17	SA	TT	3	1	F		6	1542	1394	+3	−2	74	109
2024	12	22	BH	SA	3	2	GLF	KW	25	1483	1517	+3	−4	85	78
2024	12	25	SA	YE	3	2	GLF	KW	3	1520	1088	−1	0	79	176
2024	12	28	SA	IQ	3	1	GLF	KW	39	1559	1584	+9	−7	70	61
2024	12	31	OM	SA	2	1	GLF	KW	23	1534	1536	+3	−5	76	75
2025	03	20	SA	CN	1	0	WQ		9	1545	1416	+3	−2	72	99
2025	03	25	JP	SA	0	0	WQ		-17	1876	1562	0	+6	14	66
2025	05	30	SA	JO	2	0	F		14	1576	1619	+3	−1	65	55
2025	06	05	BH	SA	0	2	WQ		-32	1468	1608	−7	+6	88	58
2025	06	10	SA	AU	1	2	WQ		-17	1591	1775	−2	0	63	31
2025	06	15	SA	HT	1	0	CCH	US	18	1609	1480	+4	−2	59	84
2025	06	19	US	SA	1	0	CCH		12	1715	1597	+3	−4	41	63
2025	06	22	SA	TT	1	1	CCH	US	-13	1584	1407	−2	+6	65	99
2025	06	28	MX	SA	2	0	CCH	US	16	1827	1568	+2	−3	23	68
2025	09	04	SA	NM	2	1	F	CZ	12	1580	1622	+1	−4	67	57
2025	09	08	CZ	SA	1	1	F		-7	1761	1587	0	+2	33	65
2025	10	08	SA	ID	3	2	WQ		5	1592	1350	+1	−2	61	121
2025	10	14	SA	IQ	0	0	WQ		-7	1585	1580	−4	+1	67	68
2025	11	14	SA	CI	1	0	F		8	1593	1591	+2	−1	64	65
2025	11	18	SA	DZ	0	2	F		-15	1578	1718	−3	+3	67	40
2025	12	02	SA	OM	2	1	ARC	QA	14	1592	1460	+2	−2	65	88
2025	12	05	SA	KM	3	1	ARC	QA	14	1606	1374	+2	−2	63	111
2025	12	08	MA	SA	1	0	ARC	QA	9	1826	1597	+1	−1	22	65
2025	12	11	SA	PS	2	1	ARC	QA	14	1611	1469	+3	0	61	86
2025	12	15	JO	SA	1	0	ARC	QA	16	1701	1595	+5	−2	44	63
2025	12	18	SA	AE	0	0	ARC	QA	-3	1592	1540	0	0	64	76
2026	03	27	SA	EG	0	4	F		-21	1571	1680	−4	+2	68	51
2026	03	31	RS	SA	2	1	F		3	1769	1568	+1	−1	28	71
2026	05	30	EC	SA	2	1	F	US	2	1935	1566	0	0	9	71
2026	06	05	SA	PR	3	0	F	US	3	1569	1135	+1	+1	70	165
2026	06	09	SA	SN	0	0	F	US	7	1576	1860	+1	0	69	21
2026	06	15	SA	UY	1	1	WC	US	22	1598	1870	+3	−2	66	16